run_lock=/home/wt/git/achieve/llm_fpga_active_studies/quantized_layer_integration_20260927_110109_m1ZkO1/w4/pipeline/build/build.hw_emu.f200.xilinx_u50_gen3x16_xdma_5_202210_1/.quantized_layer_hwemu.lock
trace_pre_sha256=a5e221acd0df30638603f82dae1ed187e5295531ac806c0703e1e09b2d287ae8
trace_post_sha256=c5cc4bec7afc7fd20f8e9648ca934e6fb571568f37aa8f6ebe17e13ccd29b864
trace_profile_init_sha256=a01ccae3341d6de5b14f95cbaac1a3a144c5199e6556fe1b14e16ea4a61d4221
trace_projection_helpers_sha256=00b1692470b82ba2a2451bbf77cafdd834294e526323cd5946c203e6bdc8471b
started_at=2026-09-28T13:50:05+08:00
precision=w4
target=hw_emu
frequency=200
prefill=66
block_size=8
physical_blocks=9
decode_tokens=1
weight_mode=random
attention_variant=combined4
layer_profile=pipeline
profile_flags_sha256=0a2863edda420c4569819781354a104eba75d83de6f8e184dd8582bdd4437d8f
allow_parallel=0
rtl_handshake_trace=1
timeout_seconds=86400
host_sha256=f55ca0c39dd121ba31f97b6724e3465371960ecfdaf22a46ca4b969759a02abe
xclbin_sha256=6277dc3cf8c0e391d9553ceced6aa96d42a3abf37cf79c46c872b7ebb8c78320
emconfig_sha256=696c863021ad86e4740c840916408d9fdae97a9bbaadaefe1e43a1f0f79116ac
profile=pipeline attention_variant=combined4 synth_only=0
profile_source_sha256=84d87d0186a6a644b340693a19dd60abd09e739c6ed4add00e85ac94a4f46c89 profile_cflags_sha256=0a2863edda420c4569819781354a104eba75d83de6f8e184dd8582bdd4437d8f
phase=run target=hw_emu frequency=200 prefill=66 block_size=8 weights=random profile=pipeline attention_variant=combined4
build_dir=/home/wt/git/achieve/llm_fpga_active_studies/quantized_layer_integration_20260927_110109_m1ZkO1/w4/pipeline/build/build.hw_emu.f200.xilinx_u50_gen3x16_xdma_5_202210_1 temp_dir=/home/wt/git/achieve/llm_fpga_active_studies/quantized_layer_integration_20260927_110109_m1ZkO1/w4/pipeline/build/_x.hw_emu.f200.xilinx_u50_gen3x16_xdma_5_202210_1 run_tmp_dir=/home/wt/git/achieve/llm_fpga_active_studies/quantized_layer_integration_20260927_110109_m1ZkO1/w4/pipeline/build/run-tmp.hw_emu.f200.xilinx_u50_gen3x16_xdma_5_202210_1
Found Platform
Platform Name: Xilinx
INFO: Reading quantized_w4_layer.xclbin
Loading: 'quantized_w4_layer.xclbin'
INFO: [HW-EMU 05] Path of the simulation directory : /home/wt/git/achieve/llm_fpga_active_studies/quantized_layer_integration_20260927_110109_m1ZkO1/w4/pipeline/build/build.hw_emu.f200.xilinx_u50_gen3x16_xdma_5_202210_1/.run/2860677/hw_em/device0/binary_0/behav_waveform/xsim

 server socket name is	/tmp/wt/device0_0_2860677
INFO: [HW-EMU 01] Hardware emulation runs simulation underneath. Using a large data set will result in long simulation times. It is recommended that a small dataset is used for faster execution. The flow uses approximate models for Global memories and interconnect and hence the performance data generated is approximate.
trace_guard=all_hooks_ready
configuring dataflow mode with ert polling
scheduler config ert(1), dataflow(1), slots(16), cudma(0), cuisr(0), cdma(0), cus(5)
INFO::[ Vitis-EM 22 ] [Time elapsed: 5 minute(s) 27 seconds, Emulation time: 0.148285 ms]
Data transfer between kernel(s) and global memory(s)
q4_layer_ctrl:m_axi_scales-HBM[6]          RD = 0.047 KB               WR = 0.000 KB        
q4_layer_ctrl:m_axi_weight0a-HBM[8]          RD = 384.000 KB             WR = 0.000 KB        
q4_layer_ctrl:m_axi_weight0b-HBM[9]          RD = 384.000 KB             WR = 0.000 KB        
q4_layer_ctrl:m_axi_weight1a-HBM[10]          RD = 384.000 KB             WR = 0.000 KB        
q4_layer_ctrl:m_axi_weight1b-HBM[11]          RD = 384.000 KB             WR = 0.000 KB        
q4_layer_ctrl:m_axi_weight2a-HBM[12]          RD = 256.000 KB             WR = 0.000 KB        
q4_layer_ctrl:m_axi_weight2b-HBM[13]          RD = 256.000 KB             WR = 0.000 KB        
q4_layer_ctrl:m_axi_weight3a-HBM[14]          RD = 256.000 KB             WR = 0.000 KB        
q4_layer_ctrl:m_axi_weight3b-HBM[15]          RD = 256.000 KB             WR = 0.000 KB        
q4_layer_ctrl:m_axi_hidden_in-HBM[0]          RD = 32.000 KB              WR = 0.000 KB        
q4_layer_ctrl:m_axi_hidden_out-HBM[1]          RD = 0.000 KB               WR = 0.000 KB        
q4_layer_ctrl:m_axi_kv_k-HBM[2]          RD = 0.000 KB               WR = 0.000 KB        
q4_layer_ctrl:m_axi_kv_v-HBM[3]          RD = 0.000 KB               WR = 0.000 KB        
q4_layer_ctrl:m_axi_norm-HBM[4]          RD = 4.000 KB               WR = 0.000 KB        
q4_layer_ctrl:m_axi_rope-HBM[5]          RD = 4.000 KB               WR = 0.000 KB        

Data transfer on stream interfaces
q4_layer_ctrl:activation_stream0-->PIPE               48.000 KB       
q4_layer_ctrl:activation_stream1-->PIPE               48.000 KB       
PIPE-->q4_layer_ctrl:out_stream0               35.000 KB       
q4_layer_ctrl:activation_stream2-->PIPE               32.000 KB       
PIPE-->q4_layer_ctrl:out_stream1               35.000 KB       
PIPE-->q4_layer_ctrl:out_stream2               28.000 KB       
PIPE-->q4_layer_ctrl:out_stream3               28.000 KB       
q4_layer_ctrl:task_stream0-->PIPE               0.109 KB        
q4_layer_ctrl:task_stream1-->PIPE               0.109 KB        
q4_layer_ctrl:task_stream2-->PIPE               0.078 KB        
q4_layer_ctrl:task_stream3-->PIPE               0.078 KB        
q4_layer_ctrl:vector_stream0a-->PIPE               13.000 KB       
q4_layer_ctrl:vector_stream0b-->PIPE               6.500 KB        
q4_layer_ctrl:vector_stream1a-->PIPE               13.000 KB       
q4_layer_ctrl:activation_stream3-->PIPE               32.000 KB       
q4_layer_ctrl:vector_stream1b-->PIPE               6.500 KB        
q4_layer_ctrl:vector_stream2a-->PIPE               13.000 KB       

INFO::[ Vitis-EM 22 ] [Time elapsed: 5 minute(s) 41 seconds, Emulation time: 0.156396 ms]
Data transfer between kernel(s) and global memory(s)
q4_layer_ctrl:m_axi_scales-HBM[6]          RD = 0.047 KB               WR = 0.000 KB        
q4_layer_ctrl:m_axi_weight0a-HBM[8]          RD = 384.000 KB             WR = 0.000 KB        
q4_layer_ctrl:m_axi_weight0b-HBM[9]          RD = 384.000 KB             WR = 0.000 KB        
q4_layer_ctrl:m_axi_weight1a-HBM[10]          RD = 384.000 KB             WR = 0.000 KB        
q4_layer_ctrl:m_axi_weight1b-HBM[11]          RD = 384.000 KB             WR = 0.000 KB        
q4_layer_ctrl:m_axi_weight2a-HBM[12]          RD = 256.000 KB             WR = 0.000 KB        
q4_layer_ctrl:m_axi_weight2b-HBM[13]          RD = 256.000 KB             WR = 0.000 KB        
q4_layer_ctrl:m_axi_weight3a-HBM[14]          RD = 256.000 KB             WR = 0.000 KB        
q4_layer_ctrl:m_axi_weight3b-HBM[15]          RD = 256.000 KB             WR = 0.000 KB        
q4_layer_ctrl:m_axi_hidden_in-HBM[0]          RD = 32.000 KB              WR = 0.000 KB        
q4_layer_ctrl:m_axi_hidden_out-HBM[1]          RD = 0.000 KB               WR = 0.000 KB        
q4_layer_ctrl:m_axi_kv_k-HBM[2]          RD = 0.000 KB               WR = 0.000 KB        
q4_layer_ctrl:m_axi_kv_v-HBM[3]          RD = 0.000 KB               WR = 0.000 KB        
q4_layer_ctrl:m_axi_norm-HBM[4]          RD = 4.000 KB               WR = 0.000 KB        
q4_layer_ctrl:m_axi_rope-HBM[5]          RD = 12.000 KB              WR = 0.000 KB        

Data transfer on stream interfaces
q4_layer_ctrl:activation_stream0-->PIPE               48.000 KB       
q4_layer_ctrl:activation_stream1-->PIPE               48.000 KB       
PIPE-->q4_layer_ctrl:out_stream0               35.000 KB       
q4_layer_ctrl:activation_stream2-->PIPE               32.000 KB       
PIPE-->q4_layer_ctrl:out_stream1               35.000 KB       
PIPE-->q4_layer_ctrl:out_stream2               28.000 KB       
PIPE-->q4_layer_ctrl:out_stream3               28.000 KB       
q4_layer_ctrl:task_stream0-->PIPE               0.109 KB        
q4_layer_ctrl:task_stream1-->PIPE               0.109 KB        
q4_layer_ctrl:task_stream2-->PIPE               0.078 KB        
q4_layer_ctrl:task_stream3-->PIPE               0.078 KB        
q4_layer_ctrl:vector_stream0a-->PIPE               13.000 KB       
q4_layer_ctrl:vector_stream0b-->PIPE               6.500 KB        
q4_layer_ctrl:vector_stream1a-->PIPE               13.000 KB       
q4_layer_ctrl:activation_stream3-->PIPE               32.000 KB       
q4_layer_ctrl:vector_stream1b-->PIPE               6.500 KB        
q4_layer_ctrl:vector_stream2a-->PIPE               13.000 KB       

INFO::[ Vitis-EM 22 ] [Time elapsed: 6 minute(s) 4 seconds, Emulation time: 0.169579 ms]
Data transfer between kernel(s) and global memory(s)
q4_layer_ctrl:m_axi_scales-HBM[6]          RD = 0.047 KB               WR = 0.000 KB        
q4_layer_ctrl:m_axi_weight0a-HBM[8]          RD = 384.000 KB             WR = 0.000 KB        
q4_layer_ctrl:m_axi_weight0b-HBM[9]          RD = 384.000 KB             WR = 0.000 KB        
q4_layer_ctrl:m_axi_weight1a-HBM[10]          RD = 384.000 KB             WR = 0.000 KB        
q4_layer_ctrl:m_axi_weight1b-HBM[11]          RD = 384.000 KB             WR = 0.000 KB        
q4_layer_ctrl:m_axi_weight2a-HBM[12]          RD = 256.000 KB             WR = 0.000 KB        
q4_layer_ctrl:m_axi_weight2b-HBM[13]          RD = 256.000 KB             WR = 0.000 KB        
q4_layer_ctrl:m_axi_weight3a-HBM[14]          RD = 256.000 KB             WR = 0.000 KB        
q4_layer_ctrl:m_axi_weight3b-HBM[15]          RD = 256.000 KB             WR = 0.000 KB        
q4_layer_ctrl:m_axi_hidden_in-HBM[0]          RD = 32.000 KB              WR = 0.000 KB        
q4_layer_ctrl:m_axi_hidden_out-HBM[1]          RD = 0.000 KB               WR = 0.000 KB        
q4_layer_ctrl:m_axi_kv_k-HBM[2]          RD = 0.000 KB               WR = 0.000 KB        
q4_layer_ctrl:m_axi_kv_v-HBM[3]          RD = 0.000 KB               WR = 0.000 KB        
q4_layer_ctrl:m_axi_norm-HBM[4]          RD = 4.000 KB               WR = 0.000 KB        
q4_layer_ctrl:m_axi_rope-HBM[5]          RD = 16.000 KB              WR = 0.000 KB        

Data transfer on stream interfaces
q4_layer_ctrl:activation_stream0-->PIPE               48.000 KB       
q4_layer_ctrl:activation_stream1-->PIPE               48.000 KB       
PIPE-->q4_layer_ctrl:out_stream0               35.000 KB       
q4_layer_ctrl:activation_stream2-->PIPE               32.000 KB       
PIPE-->q4_layer_ctrl:out_stream1               35.000 KB       
PIPE-->q4_layer_ctrl:out_stream2               28.000 KB       
PIPE-->q4_layer_ctrl:out_stream3               28.000 KB       
q4_layer_ctrl:task_stream0-->PIPE               0.109 KB        
q4_layer_ctrl:task_stream1-->PIPE               0.109 KB        
q4_layer_ctrl:task_stream2-->PIPE               0.078 KB        
q4_layer_ctrl:task_stream3-->PIPE               0.078 KB        
q4_layer_ctrl:vector_stream0a-->PIPE               13.000 KB       
q4_layer_ctrl:vector_stream0b-->PIPE               6.500 KB        
q4_layer_ctrl:vector_stream1a-->PIPE               13.000 KB       
q4_layer_ctrl:activation_stream3-->PIPE               32.000 KB       
q4_layer_ctrl:vector_stream1b-->PIPE               6.500 KB        
q4_layer_ctrl:vector_stream2a-->PIPE               13.000 KB       

INFO::[ Vitis-EM 22 ] [Time elapsed: 7 minute(s) 12 seconds, Emulation time: 0.229588 ms]
Data transfer between kernel(s) and global memory(s)
q4_layer_ctrl:m_axi_scales-HBM[6]          RD = 0.047 KB               WR = 0.000 KB        
q4_layer_ctrl:m_axi_weight0a-HBM[8]          RD = 384.000 KB             WR = 0.000 KB        
q4_layer_ctrl:m_axi_weight0b-HBM[9]          RD = 384.000 KB             WR = 0.000 KB        
q4_layer_ctrl:m_axi_weight1a-HBM[10]          RD = 384.000 KB             WR = 0.000 KB        
q4_layer_ctrl:m_axi_weight1b-HBM[11]          RD = 384.000 KB             WR = 0.000 KB        
q4_layer_ctrl:m_axi_weight2a-HBM[12]          RD = 256.000 KB             WR = 0.000 KB        
q4_layer_ctrl:m_axi_weight2b-HBM[13]          RD = 256.000 KB             WR = 0.000 KB        
q4_layer_ctrl:m_axi_weight3a-HBM[14]          RD = 256.000 KB             WR = 0.000 KB        
q4_layer_ctrl:m_axi_weight3b-HBM[15]          RD = 256.000 KB             WR = 0.000 KB        
q4_layer_ctrl:m_axi_hidden_in-HBM[0]          RD = 32.000 KB              WR = 0.000 KB        
q4_layer_ctrl:m_axi_hidden_out-HBM[1]          RD = 0.000 KB               WR = 0.000 KB        
q4_layer_ctrl:m_axi_kv_k-HBM[2]          RD = 4.000 KB               WR = 4.000 KB        
q4_layer_ctrl:m_axi_kv_v-HBM[3]          RD = 4.000 KB               WR = 4.000 KB        
q4_layer_ctrl:m_axi_norm-HBM[4]          RD = 4.000 KB               WR = 0.000 KB        
q4_layer_ctrl:m_axi_rope-HBM[5]          RD = 32.000 KB              WR = 0.000 KB        

Data transfer on stream interfaces
q4_layer_ctrl:activation_stream0-->PIPE               48.000 KB       
q4_layer_ctrl:activation_stream1-->PIPE               48.000 KB       
PIPE-->q4_layer_ctrl:out_stream0               35.000 KB       
q4_layer_ctrl:activation_stream2-->PIPE               32.000 KB       
PIPE-->q4_layer_ctrl:out_stream1               35.000 KB       
PIPE-->q4_layer_ctrl:out_stream2               28.000 KB       
PIPE-->q4_layer_ctrl:out_stream3               28.000 KB       
q4_layer_ctrl:task_stream0-->PIPE               0.109 KB        
q4_layer_ctrl:task_stream1-->PIPE               0.109 KB        
q4_layer_ctrl:task_stream2-->PIPE               0.078 KB        
q4_layer_ctrl:task_stream3-->PIPE               0.078 KB        
q4_layer_ctrl:vector_stream0a-->PIPE               13.000 KB       
q4_layer_ctrl:vector_stream0b-->PIPE               6.500 KB        
q4_layer_ctrl:vector_stream1a-->PIPE               13.000 KB       
q4_layer_ctrl:activation_stream3-->PIPE               32.000 KB       
q4_layer_ctrl:vector_stream1b-->PIPE               6.500 KB        
q4_layer_ctrl:vector_stream2a-->PIPE               13.000 KB       

INFO::[ Vitis-EM 22 ] [Time elapsed: 8 minute(s) 16 seconds, Emulation time: 0.285529 ms]
Data transfer between kernel(s) and global memory(s)
q4_layer_ctrl:m_axi_scales-HBM[6]          RD = 0.047 KB               WR = 0.000 KB        
q4_layer_ctrl:m_axi_weight0a-HBM[8]          RD = 384.000 KB             WR = 0.000 KB        
q4_layer_ctrl:m_axi_weight0b-HBM[9]          RD = 384.000 KB             WR = 0.000 KB        
q4_layer_ctrl:m_axi_weight1a-HBM[10]          RD = 384.000 KB             WR = 0.000 KB        
q4_layer_ctrl:m_axi_weight1b-HBM[11]          RD = 384.000 KB             WR = 0.000 KB        
q4_layer_ctrl:m_axi_weight2a-HBM[12]          RD = 256.000 KB             WR = 0.000 KB        
q4_layer_ctrl:m_axi_weight2b-HBM[13]          RD = 256.000 KB             WR = 0.000 KB        
q4_layer_ctrl:m_axi_weight3a-HBM[14]          RD = 256.000 KB             WR = 0.000 KB        
q4_layer_ctrl:m_axi_weight3b-HBM[15]          RD = 256.000 KB             WR = 0.000 KB        
q4_layer_ctrl:m_axi_hidden_in-HBM[0]          RD = 32.000 KB              WR = 0.000 KB        
q4_layer_ctrl:m_axi_hidden_out-HBM[1]          RD = 0.000 KB               WR = 0.000 KB        
q4_layer_ctrl:m_axi_kv_k-HBM[2]          RD = 4.000 KB               WR = 4.000 KB        
q4_layer_ctrl:m_axi_kv_v-HBM[3]          RD = 4.000 KB               WR = 4.000 KB        
q4_layer_ctrl:m_axi_norm-HBM[4]          RD = 4.000 KB               WR = 0.000 KB        
q4_layer_ctrl:m_axi_rope-HBM[5]          RD = 32.000 KB              WR = 0.000 KB        

Data transfer on stream interfaces
q4_layer_ctrl:activation_stream0-->PIPE               48.000 KB       
q4_layer_ctrl:activation_stream1-->PIPE               48.000 KB       
PIPE-->q4_layer_ctrl:out_stream0               35.000 KB       
q4_layer_ctrl:activation_stream2-->PIPE               32.000 KB       
PIPE-->q4_layer_ctrl:out_stream1               35.000 KB       
PIPE-->q4_layer_ctrl:out_stream2               28.000 KB       
PIPE-->q4_layer_ctrl:out_stream3               28.000 KB       
q4_layer_ctrl:task_stream0-->PIPE               0.109 KB        
q4_layer_ctrl:task_stream1-->PIPE               0.109 KB        
q4_layer_ctrl:task_stream2-->PIPE               0.078 KB        
q4_layer_ctrl:task_stream3-->PIPE               0.078 KB        
q4_layer_ctrl:vector_stream0a-->PIPE               13.000 KB       
q4_layer_ctrl:vector_stream0b-->PIPE               6.500 KB        
q4_layer_ctrl:vector_stream1a-->PIPE               13.000 KB       
q4_layer_ctrl:activation_stream3-->PIPE               32.000 KB       
q4_layer_ctrl:vector_stream1b-->PIPE               6.500 KB        
q4_layer_ctrl:vector_stream2a-->PIPE               13.000 KB       

INFO::[ Vitis-EM 22 ] [Time elapsed: 8 minute(s) 37 seconds, Emulation time: 0.300752 ms]
Data transfer between kernel(s) and global memory(s)
q4_layer_ctrl:m_axi_scales-HBM[6]          RD = 0.047 KB               WR = 0.000 KB        
q4_layer_ctrl:m_axi_weight0a-HBM[8]          RD = 384.000 KB             WR = 0.000 KB        
q4_layer_ctrl:m_axi_weight0b-HBM[9]          RD = 384.000 KB             WR = 0.000 KB        
q4_layer_ctrl:m_axi_weight1a-HBM[10]          RD = 384.000 KB             WR = 0.000 KB        
q4_layer_ctrl:m_axi_weight1b-HBM[11]          RD = 384.000 KB             WR = 0.000 KB        
q4_layer_ctrl:m_axi_weight2a-HBM[12]          RD = 256.000 KB             WR = 0.000 KB        
q4_layer_ctrl:m_axi_weight2b-HBM[13]          RD = 256.000 KB             WR = 0.000 KB        
q4_layer_ctrl:m_axi_weight3a-HBM[14]          RD = 256.000 KB             WR = 0.000 KB        
q4_layer_ctrl:m_axi_weight3b-HBM[15]          RD = 256.000 KB             WR = 0.000 KB        
q4_layer_ctrl:m_axi_hidden_in-HBM[0]          RD = 32.000 KB              WR = 0.000 KB        
q4_layer_ctrl:m_axi_hidden_out-HBM[1]          RD = 0.000 KB               WR = 0.000 KB        
q4_layer_ctrl:m_axi_kv_k-HBM[2]          RD = 4.000 KB               WR = 4.000 KB        
q4_layer_ctrl:m_axi_kv_v-HBM[3]          RD = 4.000 KB               WR = 4.000 KB        
q4_layer_ctrl:m_axi_norm-HBM[4]          RD = 4.000 KB               WR = 0.000 KB        
q4_layer_ctrl:m_axi_rope-HBM[5]          RD = 32.000 KB              WR = 0.000 KB        

Data transfer on stream interfaces
q4_layer_ctrl:activation_stream0-->PIPE               48.000 KB       
q4_layer_ctrl:activation_stream1-->PIPE               48.000 KB       
PIPE-->q4_layer_ctrl:out_stream0               35.000 KB       
q4_layer_ctrl:activation_stream2-->PIPE               32.000 KB       
PIPE-->q4_layer_ctrl:out_stream1               35.000 KB       
PIPE-->q4_layer_ctrl:out_stream2               28.000 KB       
PIPE-->q4_layer_ctrl:out_stream3               28.000 KB       
q4_layer_ctrl:task_stream0-->PIPE               0.109 KB        
q4_layer_ctrl:task_stream1-->PIPE               0.109 KB        
q4_layer_ctrl:task_stream2-->PIPE               0.078 KB        
q4_layer_ctrl:task_stream3-->PIPE               0.078 KB        
q4_layer_ctrl:vector_stream0a-->PIPE               13.000 KB       
q4_layer_ctrl:vector_stream0b-->PIPE               6.500 KB        
q4_layer_ctrl:vector_stream1a-->PIPE               13.000 KB       
q4_layer_ctrl:activation_stream3-->PIPE               32.000 KB       
q4_layer_ctrl:vector_stream1b-->PIPE               6.500 KB        
q4_layer_ctrl:vector_stream2a-->PIPE               13.000 KB       

INFO::[ Vitis-EM 22 ] [Time elapsed: 9 minute(s) 29 seconds, Emulation time: 0.335192 ms]
Data transfer between kernel(s) and global memory(s)
q4_layer_ctrl:m_axi_scales-HBM[6]          RD = 0.047 KB               WR = 0.000 KB        
q4_layer_ctrl:m_axi_weight0a-HBM[8]          RD = 384.000 KB             WR = 0.000 KB        
q4_layer_ctrl:m_axi_weight0b-HBM[9]          RD = 384.000 KB             WR = 0.000 KB        
q4_layer_ctrl:m_axi_weight1a-HBM[10]          RD = 384.000 KB             WR = 0.000 KB        
q4_layer_ctrl:m_axi_weight1b-HBM[11]          RD = 384.000 KB             WR = 0.000 KB        
q4_layer_ctrl:m_axi_weight2a-HBM[12]          RD = 256.000 KB             WR = 0.000 KB        
q4_layer_ctrl:m_axi_weight2b-HBM[13]          RD = 256.000 KB             WR = 0.000 KB        
q4_layer_ctrl:m_axi_weight3a-HBM[14]          RD = 256.000 KB             WR = 0.000 KB        
q4_layer_ctrl:m_axi_weight3b-HBM[15]          RD = 256.000 KB             WR = 0.000 KB        
q4_layer_ctrl:m_axi_hidden_in-HBM[0]          RD = 32.000 KB              WR = 0.000 KB        
q4_layer_ctrl:m_axi_hidden_out-HBM[1]          RD = 0.000 KB               WR = 0.000 KB        
q4_layer_ctrl:m_axi_kv_k-HBM[2]          RD = 4.000 KB               WR = 4.000 KB        
q4_layer_ctrl:m_axi_kv_v-HBM[3]          RD = 4.000 KB               WR = 4.000 KB        
q4_layer_ctrl:m_axi_norm-HBM[4]          RD = 4.000 KB               WR = 0.000 KB        
q4_layer_ctrl:m_axi_rope-HBM[5]          RD = 32.000 KB              WR = 0.000 KB        

Data transfer on stream interfaces
q4_layer_ctrl:activation_stream0-->PIPE               49.562 KB       
q4_layer_ctrl:activation_stream1-->PIPE               49.562 KB       
PIPE-->q4_layer_ctrl:out_stream0               49.000 KB       
q4_layer_ctrl:activation_stream2-->PIPE               33.562 KB       
PIPE-->q4_layer_ctrl:out_stream1               49.000 KB       
PIPE-->q4_layer_ctrl:out_stream2               42.000 KB       
PIPE-->q4_layer_ctrl:out_stream3               42.000 KB       
q4_layer_ctrl:task_stream0-->PIPE               0.188 KB        
q4_layer_ctrl:task_stream1-->PIPE               0.188 KB        
q4_layer_ctrl:task_stream2-->PIPE               0.156 KB        
q4_layer_ctrl:task_stream3-->PIPE               0.156 KB        
q4_layer_ctrl:vector_stream0a-->PIPE               13.000 KB       
q4_layer_ctrl:vector_stream0b-->PIPE               6.500 KB        
q4_layer_ctrl:vector_stream1a-->PIPE               13.000 KB       
q4_layer_ctrl:activation_stream3-->PIPE               33.562 KB       
q4_layer_ctrl:vector_stream1b-->PIPE               6.500 KB        
q4_layer_ctrl:vector_stream2a-->PIPE               13.000 KB       

INFO::[ Vitis-EM 22 ] [Time elapsed: 12 minute(s) 17 seconds, Emulation time: 0.378531 ms]
Data transfer between kernel(s) and global memory(s)
q4_layer_ctrl:m_axi_scales-HBM[6]          RD = 0.062 KB               WR = 0.000 KB        
q4_layer_ctrl:m_axi_weight0a-HBM[8]          RD = 607.000 KB             WR = 0.000 KB        
q4_layer_ctrl:m_axi_weight0b-HBM[9]          RD = 607.000 KB             WR = 0.000 KB        
q4_layer_ctrl:m_axi_weight1a-HBM[10]          RD = 607.000 KB             WR = 0.000 KB        
q4_layer_ctrl:m_axi_weight1b-HBM[11]          RD = 607.000 KB             WR = 0.000 KB        
q4_layer_ctrl:m_axi_weight2a-HBM[12]          RD = 479.000 KB             WR = 0.000 KB        
q4_layer_ctrl:m_axi_weight2b-HBM[13]          RD = 479.000 KB             WR = 0.000 KB        
q4_layer_ctrl:m_axi_weight3a-HBM[14]          RD = 479.000 KB             WR = 0.000 KB        
q4_layer_ctrl:m_axi_weight3b-HBM[15]          RD = 479.000 KB             WR = 0.000 KB        
q4_layer_ctrl:m_axi_hidden_in-HBM[0]          RD = 32.000 KB              WR = 0.000 KB        
q4_layer_ctrl:m_axi_hidden_out-HBM[1]          RD = 0.000 KB               WR = 0.000 KB        
q4_layer_ctrl:m_axi_kv_k-HBM[2]          RD = 4.000 KB               WR = 4.000 KB        
q4_layer_ctrl:m_axi_kv_v-HBM[3]          RD = 4.000 KB               WR = 4.000 KB        
q4_layer_ctrl:m_axi_norm-HBM[4]          RD = 4.000 KB               WR = 0.000 KB        
q4_layer_ctrl:m_axi_rope-HBM[5]          RD = 32.000 KB              WR = 0.000 KB        

Data transfer on stream interfaces
q4_layer_ctrl:activation_stream0-->PIPE               77.512 KB       
q4_layer_ctrl:activation_stream1-->PIPE               77.512 KB       
PIPE-->q4_layer_ctrl:out_stream0               73.500 KB       
q4_layer_ctrl:activation_stream2-->PIPE               61.512 KB       
PIPE-->q4_layer_ctrl:out_stream1               73.500 KB       
PIPE-->q4_layer_ctrl:out_stream2               66.500 KB       
PIPE-->q4_layer_ctrl:out_stream3               66.500 KB       
q4_layer_ctrl:task_stream0-->PIPE               0.297 KB        
q4_layer_ctrl:task_stream1-->PIPE               0.297 KB        
q4_layer_ctrl:task_stream2-->PIPE               0.266 KB        
q4_layer_ctrl:task_stream3-->PIPE               0.266 KB        
q4_layer_ctrl:vector_stream0a-->PIPE               13.000 KB       
q4_layer_ctrl:vector_stream0b-->PIPE               6.500 KB        
q4_layer_ctrl:vector_stream1a-->PIPE               13.000 KB       
q4_layer_ctrl:activation_stream3-->PIPE               61.512 KB       
q4_layer_ctrl:vector_stream1b-->PIPE               6.500 KB        
q4_layer_ctrl:vector_stream2a-->PIPE               13.000 KB       

INFO::[ Vitis-EM 22 ] [Time elapsed: 14 minute(s) 4 seconds, Emulation time: 0.453719 ms]
Data transfer between kernel(s) and global memory(s)
q4_layer_ctrl:m_axi_scales-HBM[6]          RD = 0.062 KB               WR = 0.000 KB        
q4_layer_ctrl:m_axi_weight0a-HBM[8]          RD = 640.000 KB             WR = 0.000 KB        
q4_layer_ctrl:m_axi_weight0b-HBM[9]          RD = 640.000 KB             WR = 0.000 KB        
q4_layer_ctrl:m_axi_weight1a-HBM[10]          RD = 640.000 KB             WR = 0.000 KB        
q4_layer_ctrl:m_axi_weight1b-HBM[11]          RD = 640.000 KB             WR = 0.000 KB        
q4_layer_ctrl:m_axi_weight2a-HBM[12]          RD = 512.000 KB             WR = 0.000 KB        
q4_layer_ctrl:m_axi_weight2b-HBM[13]          RD = 512.000 KB             WR = 0.000 KB        
q4_layer_ctrl:m_axi_weight3a-HBM[14]          RD = 512.000 KB             WR = 0.000 KB        
q4_layer_ctrl:m_axi_weight3b-HBM[15]          RD = 512.000 KB             WR = 0.000 KB        
q4_layer_ctrl:m_axi_hidden_in-HBM[0]          RD = 32.000 KB              WR = 0.000 KB        
q4_layer_ctrl:m_axi_hidden_out-HBM[1]          RD = 0.000 KB               WR = 0.000 KB        
q4_layer_ctrl:m_axi_kv_k-HBM[2]          RD = 4.000 KB               WR = 4.000 KB        
q4_layer_ctrl:m_axi_kv_v-HBM[3]          RD = 4.000 KB               WR = 4.000 KB        
q4_layer_ctrl:m_axi_norm-HBM[4]          RD = 8.000 KB               WR = 0.000 KB        
q4_layer_ctrl:m_axi_rope-HBM[5]          RD = 32.000 KB              WR = 0.000 KB        

Data transfer on stream interfaces
q4_layer_ctrl:activation_stream0-->PIPE               82.125 KB       
q4_layer_ctrl:activation_stream1-->PIPE               82.125 KB       
PIPE-->q4_layer_ctrl:out_stream0               98.492 KB       
q4_layer_ctrl:activation_stream2-->PIPE               66.125 KB       
PIPE-->q4_layer_ctrl:out_stream1               98.492 KB       
PIPE-->q4_layer_ctrl:out_stream2               91.492 KB       
PIPE-->q4_layer_ctrl:out_stream3               91.492 KB       
q4_layer_ctrl:task_stream0-->PIPE               0.328 KB        
q4_layer_ctrl:task_stream1-->PIPE               0.328 KB        
q4_layer_ctrl:task_stream2-->PIPE               0.297 KB        
q4_layer_ctrl:task_stream3-->PIPE               0.297 KB        
q4_layer_ctrl:vector_stream0a-->PIPE               39.000 KB       
q4_layer_ctrl:vector_stream0b-->PIPE               26.000 KB       
q4_layer_ctrl:vector_stream1a-->PIPE               39.000 KB       
q4_layer_ctrl:activation_stream3-->PIPE               66.125 KB       
q4_layer_ctrl:vector_stream1b-->PIPE               26.000 KB       
q4_layer_ctrl:vector_stream2a-->PIPE               39.000 KB       

INFO::[ Vitis-EM 22 ] [Time elapsed: 15 minute(s) 6 seconds, Emulation time: 0.478031 ms]
Data transfer between kernel(s) and global memory(s)
q4_layer_ctrl:m_axi_scales-HBM[6]          RD = 0.078 KB               WR = 0.000 KB        
q4_layer_ctrl:m_axi_weight0a-HBM[8]          RD = 711.000 KB             WR = 0.000 KB        
q4_layer_ctrl:m_axi_weight0b-HBM[9]          RD = 711.000 KB             WR = 0.000 KB        
q4_layer_ctrl:m_axi_weight1a-HBM[10]          RD = 711.000 KB             WR = 0.000 KB        
q4_layer_ctrl:m_axi_weight1b-HBM[11]          RD = 711.000 KB             WR = 0.000 KB        
q4_layer_ctrl:m_axi_weight2a-HBM[12]          RD = 583.000 KB             WR = 0.000 KB        
q4_layer_ctrl:m_axi_weight2b-HBM[13]          RD = 583.000 KB             WR = 0.000 KB        
q4_layer_ctrl:m_axi_weight3a-HBM[14]          RD = 583.000 KB             WR = 0.000 KB        
q4_layer_ctrl:m_axi_weight3b-HBM[15]          RD = 583.000 KB             WR = 0.000 KB        
q4_layer_ctrl:m_axi_hidden_in-HBM[0]          RD = 32.000 KB              WR = 0.000 KB        
q4_layer_ctrl:m_axi_hidden_out-HBM[1]          RD = 0.000 KB               WR = 0.000 KB        
q4_layer_ctrl:m_axi_kv_k-HBM[2]          RD = 4.000 KB               WR = 4.000 KB        
q4_layer_ctrl:m_axi_kv_v-HBM[3]          RD = 4.000 KB               WR = 4.000 KB        
q4_layer_ctrl:m_axi_norm-HBM[4]          RD = 8.000 KB               WR = 0.000 KB        
q4_layer_ctrl:m_axi_rope-HBM[5]          RD = 32.000 KB              WR = 0.000 KB        

Data transfer on stream interfaces
q4_layer_ctrl:activation_stream0-->PIPE               90.527 KB       
q4_layer_ctrl:activation_stream1-->PIPE               90.527 KB       
PIPE-->q4_layer_ctrl:out_stream0               108.500 KB      
q4_layer_ctrl:activation_stream2-->PIPE               74.527 KB       
PIPE-->q4_layer_ctrl:out_stream1               108.500 KB      
PIPE-->q4_layer_ctrl:out_stream2               101.500 KB      
PIPE-->q4_layer_ctrl:out_stream3               101.500 KB      
q4_layer_ctrl:task_stream0-->PIPE               0.359 KB        
q4_layer_ctrl:task_stream1-->PIPE               0.359 KB        
q4_layer_ctrl:task_stream2-->PIPE               0.328 KB        
q4_layer_ctrl:task_stream3-->PIPE               0.328 KB        
q4_layer_ctrl:vector_stream0a-->PIPE               39.000 KB       
q4_layer_ctrl:vector_stream0b-->PIPE               26.000 KB       
q4_layer_ctrl:vector_stream1a-->PIPE               39.000 KB       
q4_layer_ctrl:activation_stream3-->PIPE               74.527 KB       
q4_layer_ctrl:vector_stream1b-->PIPE               26.000 KB       
q4_layer_ctrl:vector_stream2a-->PIPE               39.000 KB       

INFO::[ Vitis-EM 22 ] [Time elapsed: 15 minute(s) 36 seconds, Emulation time: 0.483052 ms]
Data transfer between kernel(s) and global memory(s)
q4_layer_ctrl:m_axi_scales-HBM[6]          RD = 0.078 KB               WR = 0.000 KB        
q4_layer_ctrl:m_axi_weight0a-HBM[8]          RD = 758.000 KB             WR = 0.000 KB        
q4_layer_ctrl:m_axi_weight0b-HBM[9]          RD = 758.000 KB             WR = 0.000 KB        
q4_layer_ctrl:m_axi_weight1a-HBM[10]          RD = 758.000 KB             WR = 0.000 KB        
q4_layer_ctrl:m_axi_weight1b-HBM[11]          RD = 758.000 KB             WR = 0.000 KB        
q4_layer_ctrl:m_axi_weight2a-HBM[12]          RD = 630.000 KB             WR = 0.000 KB        
q4_layer_ctrl:m_axi_weight2b-HBM[13]          RD = 630.000 KB             WR = 0.000 KB        
q4_layer_ctrl:m_axi_weight3a-HBM[14]          RD = 630.000 KB             WR = 0.000 KB        
q4_layer_ctrl:m_axi_weight3b-HBM[15]          RD = 630.000 KB             WR = 0.000 KB        
q4_layer_ctrl:m_axi_hidden_in-HBM[0]          RD = 32.000 KB              WR = 0.000 KB        
q4_layer_ctrl:m_axi_hidden_out-HBM[1]          RD = 0.000 KB               WR = 0.000 KB        
q4_layer_ctrl:m_axi_kv_k-HBM[2]          RD = 4.000 KB               WR = 4.000 KB        
q4_layer_ctrl:m_axi_kv_v-HBM[3]          RD = 4.000 KB               WR = 4.000 KB        
q4_layer_ctrl:m_axi_norm-HBM[4]          RD = 8.000 KB               WR = 0.000 KB        
q4_layer_ctrl:m_axi_rope-HBM[5]          RD = 32.000 KB              WR = 0.000 KB        

Data transfer on stream interfaces
q4_layer_ctrl:activation_stream0-->PIPE               96.410 KB       
q4_layer_ctrl:activation_stream1-->PIPE               96.410 KB       
PIPE-->q4_layer_ctrl:out_stream0               108.500 KB      
q4_layer_ctrl:activation_stream2-->PIPE               80.410 KB       
PIPE-->q4_layer_ctrl:out_stream1               108.500 KB      
PIPE-->q4_layer_ctrl:out_stream2               101.500 KB      
PIPE-->q4_layer_ctrl:out_stream3               101.500 KB      
q4_layer_ctrl:task_stream0-->PIPE               0.359 KB        
q4_layer_ctrl:task_stream1-->PIPE               0.359 KB        
q4_layer_ctrl:task_stream2-->PIPE               0.328 KB        
q4_layer_ctrl:task_stream3-->PIPE               0.328 KB        
q4_layer_ctrl:vector_stream0a-->PIPE               39.000 KB       
q4_layer_ctrl:vector_stream0b-->PIPE               26.000 KB       
q4_layer_ctrl:vector_stream1a-->PIPE               39.000 KB       
q4_layer_ctrl:activation_stream3-->PIPE               80.410 KB       
q4_layer_ctrl:vector_stream1b-->PIPE               26.000 KB       
q4_layer_ctrl:vector_stream2a-->PIPE               39.000 KB       

INFO::[ Vitis-EM 22 ] [Time elapsed: 17 minute(s) 38 seconds, Emulation time: 0.505146 ms]
Data transfer between kernel(s) and global memory(s)
q4_layer_ctrl:m_axi_scales-HBM[6]          RD = 0.078 KB               WR = 0.000 KB        
q4_layer_ctrl:m_axi_weight0a-HBM[8]          RD = 958.000 KB             WR = 0.000 KB        
q4_layer_ctrl:m_axi_weight0b-HBM[9]          RD = 958.000 KB             WR = 0.000 KB        
q4_layer_ctrl:m_axi_weight1a-HBM[10]          RD = 958.000 KB             WR = 0.000 KB        
q4_layer_ctrl:m_axi_weight1b-HBM[11]          RD = 958.000 KB             WR = 0.000 KB        
q4_layer_ctrl:m_axi_weight2a-HBM[12]          RD = 830.000 KB             WR = 0.000 KB        
q4_layer_ctrl:m_axi_weight2b-HBM[13]          RD = 830.000 KB             WR = 0.000 KB        
q4_layer_ctrl:m_axi_weight3a-HBM[14]          RD = 830.000 KB             WR = 0.000 KB        
q4_layer_ctrl:m_axi_weight3b-HBM[15]          RD = 830.000 KB             WR = 0.000 KB        
q4_layer_ctrl:m_axi_hidden_in-HBM[0]          RD = 32.000 KB              WR = 0.000 KB        
q4_layer_ctrl:m_axi_hidden_out-HBM[1]          RD = 0.000 KB               WR = 0.000 KB        
q4_layer_ctrl:m_axi_kv_k-HBM[2]          RD = 4.000 KB               WR = 4.000 KB        
q4_layer_ctrl:m_axi_kv_v-HBM[3]          RD = 4.000 KB               WR = 4.000 KB        
q4_layer_ctrl:m_axi_norm-HBM[4]          RD = 8.000 KB               WR = 0.000 KB        
q4_layer_ctrl:m_axi_rope-HBM[5]          RD = 32.000 KB              WR = 0.000 KB        

Data transfer on stream interfaces
q4_layer_ctrl:activation_stream0-->PIPE               121.297 KB      
q4_layer_ctrl:activation_stream1-->PIPE               121.297 KB      
PIPE-->q4_layer_ctrl:out_stream0               119.000 KB      
q4_layer_ctrl:activation_stream2-->PIPE               105.297 KB      
PIPE-->q4_layer_ctrl:out_stream1               119.000 KB      
PIPE-->q4_layer_ctrl:out_stream2               112.000 KB      
PIPE-->q4_layer_ctrl:out_stream3               112.000 KB      
q4_layer_ctrl:task_stream0-->PIPE               0.406 KB        
q4_layer_ctrl:task_stream1-->PIPE               0.406 KB        
q4_layer_ctrl:task_stream2-->PIPE               0.375 KB        
q4_layer_ctrl:task_stream3-->PIPE               0.375 KB        
q4_layer_ctrl:vector_stream0a-->PIPE               39.000 KB       
q4_layer_ctrl:vector_stream0b-->PIPE               26.000 KB       
q4_layer_ctrl:vector_stream1a-->PIPE               39.000 KB       
q4_layer_ctrl:activation_stream3-->PIPE               105.297 KB      
q4_layer_ctrl:vector_stream1b-->PIPE               26.000 KB       
q4_layer_ctrl:vector_stream2a-->PIPE               39.000 KB       

INFO::[ Vitis-EM 22 ] [Time elapsed: 18 minute(s) 12 seconds, Emulation time: 0.511171 ms]
Data transfer between kernel(s) and global memory(s)
q4_layer_ctrl:m_axi_scales-HBM[6]          RD = 0.078 KB               WR = 0.000 KB        
q4_layer_ctrl:m_axi_weight0a-HBM[8]          RD = 1011.500 KB            WR = 0.000 KB        
q4_layer_ctrl:m_axi_weight0b-HBM[9]          RD = 1011.500 KB            WR = 0.000 KB        
q4_layer_ctrl:m_axi_weight1a-HBM[10]          RD = 1011.500 KB            WR = 0.000 KB        
q4_layer_ctrl:m_axi_weight1b-HBM[11]          RD = 1011.500 KB            WR = 0.000 KB        
q4_layer_ctrl:m_axi_weight2a-HBM[12]          RD = 883.500 KB             WR = 0.000 KB        
q4_layer_ctrl:m_axi_weight2b-HBM[13]          RD = 883.500 KB             WR = 0.000 KB        
q4_layer_ctrl:m_axi_weight3a-HBM[14]          RD = 883.500 KB             WR = 0.000 KB        
q4_layer_ctrl:m_axi_weight3b-HBM[15]          RD = 883.500 KB             WR = 0.000 KB        
q4_layer_ctrl:m_axi_hidden_in-HBM[0]          RD = 32.000 KB              WR = 0.000 KB        
q4_layer_ctrl:m_axi_hidden_out-HBM[1]          RD = 0.000 KB               WR = 0.000 KB        
q4_layer_ctrl:m_axi_kv_k-HBM[2]          RD = 4.000 KB               WR = 4.000 KB        
q4_layer_ctrl:m_axi_kv_v-HBM[3]          RD = 4.000 KB               WR = 4.000 KB        
q4_layer_ctrl:m_axi_norm-HBM[4]          RD = 8.000 KB               WR = 0.000 KB        
q4_layer_ctrl:m_axi_rope-HBM[5]          RD = 32.000 KB              WR = 0.000 KB        

Data transfer on stream interfaces
q4_layer_ctrl:activation_stream0-->PIPE               127.910 KB      
q4_layer_ctrl:activation_stream1-->PIPE               127.910 KB      
PIPE-->q4_layer_ctrl:out_stream0               122.500 KB      
q4_layer_ctrl:activation_stream2-->PIPE               111.910 KB      
PIPE-->q4_layer_ctrl:out_stream1               122.500 KB      
PIPE-->q4_layer_ctrl:out_stream2               115.500 KB      
PIPE-->q4_layer_ctrl:out_stream3               115.500 KB      
q4_layer_ctrl:task_stream0-->PIPE               0.422 KB        
q4_layer_ctrl:task_stream1-->PIPE               0.422 KB        
q4_layer_ctrl:task_stream2-->PIPE               0.391 KB        
q4_layer_ctrl:task_stream3-->PIPE               0.391 KB        
q4_layer_ctrl:vector_stream0a-->PIPE               39.000 KB       
q4_layer_ctrl:vector_stream0b-->PIPE               26.000 KB       
q4_layer_ctrl:vector_stream1a-->PIPE               39.000 KB       
q4_layer_ctrl:activation_stream3-->PIPE               111.910 KB      
q4_layer_ctrl:vector_stream1b-->PIPE               26.000 KB       
q4_layer_ctrl:vector_stream2a-->PIPE               39.000 KB       

INFO::[ Vitis-EM 22 ] [Time elapsed: 18 minute(s) 24 seconds, Emulation time: 0.513181 ms]
Data transfer between kernel(s) and global memory(s)
q4_layer_ctrl:m_axi_scales-HBM[6]          RD = 0.078 KB               WR = 0.000 KB        
q4_layer_ctrl:m_axi_weight0a-HBM[8]          RD = 1027.000 KB            WR = 0.000 KB        
q4_layer_ctrl:m_axi_weight0b-HBM[9]          RD = 1027.000 KB            WR = 0.000 KB        
q4_layer_ctrl:m_axi_weight1a-HBM[10]          RD = 1027.000 KB            WR = 0.000 KB        
q4_layer_ctrl:m_axi_weight1b-HBM[11]          RD = 1027.000 KB            WR = 0.000 KB        
q4_layer_ctrl:m_axi_weight2a-HBM[12]          RD = 899.000 KB             WR = 0.000 KB        
q4_layer_ctrl:m_axi_weight2b-HBM[13]          RD = 899.000 KB             WR = 0.000 KB        
q4_layer_ctrl:m_axi_weight3a-HBM[14]          RD = 899.000 KB             WR = 0.000 KB        
q4_layer_ctrl:m_axi_weight3b-HBM[15]          RD = 899.000 KB             WR = 0.000 KB        
q4_layer_ctrl:m_axi_hidden_in-HBM[0]          RD = 32.000 KB              WR = 0.000 KB        
q4_layer_ctrl:m_axi_hidden_out-HBM[1]          RD = 0.000 KB               WR = 0.000 KB        
q4_layer_ctrl:m_axi_kv_k-HBM[2]          RD = 4.000 KB               WR = 4.000 KB        
q4_layer_ctrl:m_axi_kv_v-HBM[3]          RD = 4.000 KB               WR = 4.000 KB        
q4_layer_ctrl:m_axi_norm-HBM[4]          RD = 8.000 KB               WR = 0.000 KB        
q4_layer_ctrl:m_axi_rope-HBM[5]          RD = 32.000 KB              WR = 0.000 KB        

Data transfer on stream interfaces
q4_layer_ctrl:activation_stream0-->PIPE               130.125 KB      
q4_layer_ctrl:activation_stream1-->PIPE               130.125 KB      
PIPE-->q4_layer_ctrl:out_stream0               122.500 KB      
q4_layer_ctrl:activation_stream2-->PIPE               114.125 KB      
PIPE-->q4_layer_ctrl:out_stream1               122.500 KB      
PIPE-->q4_layer_ctrl:out_stream2               115.500 KB      
PIPE-->q4_layer_ctrl:out_stream3               115.500 KB      
q4_layer_ctrl:task_stream0-->PIPE               0.438 KB        
q4_layer_ctrl:task_stream1-->PIPE               0.438 KB        
q4_layer_ctrl:task_stream2-->PIPE               0.406 KB        
q4_layer_ctrl:task_stream3-->PIPE               0.406 KB        
q4_layer_ctrl:vector_stream0a-->PIPE               39.000 KB       
q4_layer_ctrl:vector_stream0b-->PIPE               26.000 KB       
q4_layer_ctrl:vector_stream1a-->PIPE               39.000 KB       
q4_layer_ctrl:activation_stream3-->PIPE               114.125 KB      
q4_layer_ctrl:vector_stream1b-->PIPE               26.000 KB       
q4_layer_ctrl:vector_stream2a-->PIPE               39.000 KB       

INFO::[ Vitis-EM 22 ] [Time elapsed: 19 minute(s) 2 seconds, Emulation time: 0.520209 ms]
Data transfer between kernel(s) and global memory(s)
q4_layer_ctrl:m_axi_scales-HBM[6]          RD = 0.078 KB               WR = 0.000 KB        
q4_layer_ctrl:m_axi_weight0a-HBM[8]          RD = 1088.000 KB            WR = 0.000 KB        
q4_layer_ctrl:m_axi_weight0b-HBM[9]          RD = 1088.000 KB            WR = 0.000 KB        
q4_layer_ctrl:m_axi_weight1a-HBM[10]          RD = 1088.000 KB            WR = 0.000 KB        
q4_layer_ctrl:m_axi_weight1b-HBM[11]          RD = 1088.000 KB            WR = 0.000 KB        
q4_layer_ctrl:m_axi_weight2a-HBM[12]          RD = 960.000 KB             WR = 0.000 KB        
q4_layer_ctrl:m_axi_weight2b-HBM[13]          RD = 960.000 KB             WR = 0.000 KB        
q4_layer_ctrl:m_axi_weight3a-HBM[14]          RD = 960.000 KB             WR = 0.000 KB        
q4_layer_ctrl:m_axi_weight3b-HBM[15]          RD = 960.000 KB             WR = 0.000 KB        
q4_layer_ctrl:m_axi_hidden_in-HBM[0]          RD = 32.000 KB              WR = 0.000 KB        
q4_layer_ctrl:m_axi_hidden_out-HBM[1]          RD = 0.000 KB               WR = 0.000 KB        
q4_layer_ctrl:m_axi_kv_k-HBM[2]          RD = 4.000 KB               WR = 4.000 KB        
q4_layer_ctrl:m_axi_kv_v-HBM[3]          RD = 4.000 KB               WR = 4.000 KB        
q4_layer_ctrl:m_axi_norm-HBM[4]          RD = 8.000 KB               WR = 0.000 KB        
q4_layer_ctrl:m_axi_rope-HBM[5]          RD = 32.000 KB              WR = 0.000 KB        

Data transfer on stream interfaces
q4_layer_ctrl:activation_stream0-->PIPE               138.055 KB      
q4_layer_ctrl:activation_stream1-->PIPE               138.055 KB      
PIPE-->q4_layer_ctrl:out_stream0               126.000 KB      
q4_layer_ctrl:activation_stream2-->PIPE               122.055 KB      
PIPE-->q4_layer_ctrl:out_stream1               126.000 KB      
PIPE-->q4_layer_ctrl:out_stream2               119.000 KB      
PIPE-->q4_layer_ctrl:out_stream3               119.000 KB      
q4_layer_ctrl:task_stream0-->PIPE               0.438 KB        
q4_layer_ctrl:task_stream1-->PIPE               0.438 KB        
q4_layer_ctrl:task_stream2-->PIPE               0.406 KB        
q4_layer_ctrl:task_stream3-->PIPE               0.406 KB        
q4_layer_ctrl:vector_stream0a-->PIPE               39.000 KB       
q4_layer_ctrl:vector_stream0b-->PIPE               26.000 KB       
q4_layer_ctrl:vector_stream1a-->PIPE               39.000 KB       
q4_layer_ctrl:activation_stream3-->PIPE               122.055 KB      
q4_layer_ctrl:vector_stream1b-->PIPE               26.000 KB       
q4_layer_ctrl:vector_stream2a-->PIPE               39.000 KB       

INFO::[ Vitis-EM 22 ] [Time elapsed: 20 minute(s) 9 seconds, Emulation time: 0.532258 ms]
Data transfer between kernel(s) and global memory(s)
q4_layer_ctrl:m_axi_scales-HBM[6]          RD = 0.078 KB               WR = 0.000 KB        
q4_layer_ctrl:m_axi_weight0a-HBM[8]          RD = 1198.500 KB            WR = 0.000 KB        
q4_layer_ctrl:m_axi_weight0b-HBM[9]          RD = 1198.500 KB            WR = 0.000 KB        
q4_layer_ctrl:m_axi_weight1a-HBM[10]          RD = 1198.500 KB            WR = 0.000 KB        
q4_layer_ctrl:m_axi_weight1b-HBM[11]          RD = 1198.500 KB            WR = 0.000 KB        
q4_layer_ctrl:m_axi_weight2a-HBM[12]          RD = 1070.500 KB            WR = 0.000 KB        
q4_layer_ctrl:m_axi_weight2b-HBM[13]          RD = 1070.500 KB            WR = 0.000 KB        
q4_layer_ctrl:m_axi_weight3a-HBM[14]          RD = 1070.500 KB            WR = 0.000 KB        
q4_layer_ctrl:m_axi_weight3b-HBM[15]          RD = 1070.500 KB            WR = 0.000 KB        
q4_layer_ctrl:m_axi_hidden_in-HBM[0]          RD = 32.000 KB              WR = 0.000 KB        
q4_layer_ctrl:m_axi_hidden_out-HBM[1]          RD = 0.000 KB               WR = 0.000 KB        
q4_layer_ctrl:m_axi_kv_k-HBM[2]          RD = 4.000 KB               WR = 4.000 KB        
q4_layer_ctrl:m_axi_kv_v-HBM[3]          RD = 4.000 KB               WR = 4.000 KB        
q4_layer_ctrl:m_axi_norm-HBM[4]          RD = 8.000 KB               WR = 0.000 KB        
q4_layer_ctrl:m_axi_rope-HBM[5]          RD = 32.000 KB              WR = 0.000 KB        

Data transfer on stream interfaces
q4_layer_ctrl:activation_stream0-->PIPE               151.281 KB      
q4_layer_ctrl:activation_stream1-->PIPE               151.281 KB      
PIPE-->q4_layer_ctrl:out_stream0               133.000 KB      
q4_layer_ctrl:activation_stream2-->PIPE               135.281 KB      
PIPE-->q4_layer_ctrl:out_stream1               133.000 KB      
PIPE-->q4_layer_ctrl:out_stream2               126.000 KB      
PIPE-->q4_layer_ctrl:out_stream3               126.000 KB      
q4_layer_ctrl:task_stream0-->PIPE               0.469 KB        
q4_layer_ctrl:task_stream1-->PIPE               0.469 KB        
q4_layer_ctrl:task_stream2-->PIPE               0.438 KB        
q4_layer_ctrl:task_stream3-->PIPE               0.438 KB        
q4_layer_ctrl:vector_stream0a-->PIPE               39.000 KB       
q4_layer_ctrl:vector_stream0b-->PIPE               26.000 KB       
q4_layer_ctrl:vector_stream1a-->PIPE               39.000 KB       
q4_layer_ctrl:activation_stream3-->PIPE               135.281 KB      
q4_layer_ctrl:vector_stream1b-->PIPE               26.000 KB       
q4_layer_ctrl:vector_stream2a-->PIPE               39.000 KB       

INFO::[ Vitis-EM 22 ] [Time elapsed: 20 minute(s) 20 seconds, Emulation time: 0.534268 ms]
Data transfer between kernel(s) and global memory(s)
q4_layer_ctrl:m_axi_scales-HBM[6]          RD = 0.078 KB               WR = 0.000 KB        
q4_layer_ctrl:m_axi_weight0a-HBM[8]          RD = 1216.000 KB            WR = 0.000 KB        
q4_layer_ctrl:m_axi_weight0b-HBM[9]          RD = 1216.000 KB            WR = 0.000 KB        
q4_layer_ctrl:m_axi_weight1a-HBM[10]          RD = 1216.000 KB            WR = 0.000 KB        
q4_layer_ctrl:m_axi_weight1b-HBM[11]          RD = 1216.000 KB            WR = 0.000 KB        
q4_layer_ctrl:m_axi_weight2a-HBM[12]          RD = 1088.000 KB            WR = 0.000 KB        
q4_layer_ctrl:m_axi_weight2b-HBM[13]          RD = 1088.000 KB            WR = 0.000 KB        
q4_layer_ctrl:m_axi_weight3a-HBM[14]          RD = 1088.000 KB            WR = 0.000 KB        
q4_layer_ctrl:m_axi_weight3b-HBM[15]          RD = 1088.000 KB            WR = 0.000 KB        
q4_layer_ctrl:m_axi_hidden_in-HBM[0]          RD = 32.000 KB              WR = 0.000 KB        
q4_layer_ctrl:m_axi_hidden_out-HBM[1]          RD = 0.000 KB               WR = 0.000 KB        
q4_layer_ctrl:m_axi_kv_k-HBM[2]          RD = 4.000 KB               WR = 4.000 KB        
q4_layer_ctrl:m_axi_kv_v-HBM[3]          RD = 4.000 KB               WR = 4.000 KB        
q4_layer_ctrl:m_axi_norm-HBM[4]          RD = 8.000 KB               WR = 0.000 KB        
q4_layer_ctrl:m_axi_rope-HBM[5]          RD = 32.000 KB              WR = 0.000 KB        

Data transfer on stream interfaces
q4_layer_ctrl:activation_stream0-->PIPE               153.637 KB      
q4_layer_ctrl:activation_stream1-->PIPE               153.637 KB      
PIPE-->q4_layer_ctrl:out_stream0               133.000 KB      
q4_layer_ctrl:activation_stream2-->PIPE               137.637 KB      
PIPE-->q4_layer_ctrl:out_stream1               133.000 KB      
PIPE-->q4_layer_ctrl:out_stream2               126.000 KB      
PIPE-->q4_layer_ctrl:out_stream3               126.000 KB      
q4_layer_ctrl:task_stream0-->PIPE               0.469 KB        
q4_layer_ctrl:task_stream1-->PIPE               0.469 KB        
q4_layer_ctrl:task_stream2-->PIPE               0.438 KB        
q4_layer_ctrl:task_stream3-->PIPE               0.438 KB        
q4_layer_ctrl:vector_stream0a-->PIPE               39.000 KB       
q4_layer_ctrl:vector_stream0b-->PIPE               26.000 KB       
q4_layer_ctrl:vector_stream1a-->PIPE               39.000 KB       
q4_layer_ctrl:activation_stream3-->PIPE               137.637 KB      
q4_layer_ctrl:vector_stream1b-->PIPE               26.000 KB       
q4_layer_ctrl:vector_stream2a-->PIPE               39.000 KB       

INFO::[ Vitis-EM 22 ] [Time elapsed: 20 minute(s) 30 seconds, Emulation time: 0.536286 ms]
Data transfer between kernel(s) and global memory(s)
q4_layer_ctrl:m_axi_scales-HBM[6]          RD = 0.078 KB               WR = 0.000 KB        
q4_layer_ctrl:m_axi_weight0a-HBM[8]          RD = 1233.000 KB            WR = 0.000 KB        
q4_layer_ctrl:m_axi_weight0b-HBM[9]          RD = 1233.000 KB            WR = 0.000 KB        
q4_layer_ctrl:m_axi_weight1a-HBM[10]          RD = 1233.000 KB            WR = 0.000 KB        
q4_layer_ctrl:m_axi_weight1b-HBM[11]          RD = 1233.000 KB            WR = 0.000 KB        
q4_layer_ctrl:m_axi_weight2a-HBM[12]          RD = 1105.000 KB            WR = 0.000 KB        
q4_layer_ctrl:m_axi_weight2b-HBM[13]          RD = 1105.000 KB            WR = 0.000 KB        
q4_layer_ctrl:m_axi_weight3a-HBM[14]          RD = 1105.000 KB            WR = 0.000 KB        
q4_layer_ctrl:m_axi_weight3b-HBM[15]          RD = 1105.000 KB            WR = 0.000 KB        
q4_layer_ctrl:m_axi_hidden_in-HBM[0]          RD = 32.000 KB              WR = 0.000 KB        
q4_layer_ctrl:m_axi_hidden_out-HBM[1]          RD = 0.000 KB               WR = 0.000 KB        
q4_layer_ctrl:m_axi_kv_k-HBM[2]          RD = 4.000 KB               WR = 4.000 KB        
q4_layer_ctrl:m_axi_kv_v-HBM[3]          RD = 4.000 KB               WR = 4.000 KB        
q4_layer_ctrl:m_axi_norm-HBM[4]          RD = 8.000 KB               WR = 0.000 KB        
q4_layer_ctrl:m_axi_rope-HBM[5]          RD = 32.000 KB              WR = 0.000 KB        

Data transfer on stream interfaces
q4_layer_ctrl:activation_stream0-->PIPE               155.555 KB      
q4_layer_ctrl:activation_stream1-->PIPE               155.555 KB      
PIPE-->q4_layer_ctrl:out_stream0               136.500 KB      
q4_layer_ctrl:activation_stream2-->PIPE               139.555 KB      
PIPE-->q4_layer_ctrl:out_stream1               136.500 KB      
PIPE-->q4_layer_ctrl:out_stream2               129.500 KB      
PIPE-->q4_layer_ctrl:out_stream3               129.500 KB      
q4_layer_ctrl:task_stream0-->PIPE               0.484 KB        
q4_layer_ctrl:task_stream1-->PIPE               0.484 KB        
q4_layer_ctrl:task_stream2-->PIPE               0.453 KB        
q4_layer_ctrl:task_stream3-->PIPE               0.453 KB        
q4_layer_ctrl:vector_stream0a-->PIPE               39.000 KB       
q4_layer_ctrl:vector_stream0b-->PIPE               26.000 KB       
q4_layer_ctrl:vector_stream1a-->PIPE               39.000 KB       
q4_layer_ctrl:activation_stream3-->PIPE               139.555 KB      
q4_layer_ctrl:vector_stream1b-->PIPE               26.000 KB       
q4_layer_ctrl:vector_stream2a-->PIPE               39.000 KB       

INFO::[ Vitis-EM 22 ] [Time elapsed: 20 minute(s) 42 seconds, Emulation time: 0.538296 ms]
Data transfer between kernel(s) and global memory(s)
q4_layer_ctrl:m_axi_scales-HBM[6]          RD = 0.078 KB               WR = 0.000 KB        
q4_layer_ctrl:m_axi_weight0a-HBM[8]          RD = 1251.500 KB            WR = 0.000 KB        
q4_layer_ctrl:m_axi_weight0b-HBM[9]          RD = 1251.500 KB            WR = 0.000 KB        
q4_layer_ctrl:m_axi_weight1a-HBM[10]          RD = 1251.500 KB            WR = 0.000 KB        
q4_layer_ctrl:m_axi_weight1b-HBM[11]          RD = 1251.500 KB            WR = 0.000 KB        
q4_layer_ctrl:m_axi_weight2a-HBM[12]          RD = 1123.500 KB            WR = 0.000 KB        
q4_layer_ctrl:m_axi_weight2b-HBM[13]          RD = 1123.500 KB            WR = 0.000 KB        
q4_layer_ctrl:m_axi_weight3a-HBM[14]          RD = 1123.500 KB            WR = 0.000 KB        
q4_layer_ctrl:m_axi_weight3b-HBM[15]          RD = 1123.500 KB            WR = 0.000 KB        
q4_layer_ctrl:m_axi_hidden_in-HBM[0]          RD = 32.000 KB              WR = 0.000 KB        
q4_layer_ctrl:m_axi_hidden_out-HBM[1]          RD = 0.000 KB               WR = 0.000 KB        
q4_layer_ctrl:m_axi_kv_k-HBM[2]          RD = 4.000 KB               WR = 4.000 KB        
q4_layer_ctrl:m_axi_kv_v-HBM[3]          RD = 4.000 KB               WR = 4.000 KB        
q4_layer_ctrl:m_axi_norm-HBM[4]          RD = 8.000 KB               WR = 0.000 KB        
q4_layer_ctrl:m_axi_rope-HBM[5]          RD = 32.000 KB              WR = 0.000 KB        

Data transfer on stream interfaces
q4_layer_ctrl:activation_stream0-->PIPE               157.910 KB      
q4_layer_ctrl:activation_stream1-->PIPE               157.910 KB      
PIPE-->q4_layer_ctrl:out_stream0               136.500 KB      
q4_layer_ctrl:activation_stream2-->PIPE               141.910 KB      
PIPE-->q4_layer_ctrl:out_stream1               136.500 KB      
PIPE-->q4_layer_ctrl:out_stream2               129.500 KB      
PIPE-->q4_layer_ctrl:out_stream3               129.500 KB      
q4_layer_ctrl:task_stream0-->PIPE               0.484 KB        
q4_layer_ctrl:task_stream1-->PIPE               0.484 KB        
q4_layer_ctrl:task_stream2-->PIPE               0.453 KB        
q4_layer_ctrl:task_stream3-->PIPE               0.453 KB        
q4_layer_ctrl:vector_stream0a-->PIPE               39.000 KB       
q4_layer_ctrl:vector_stream0b-->PIPE               26.000 KB       
q4_layer_ctrl:vector_stream1a-->PIPE               39.000 KB       
q4_layer_ctrl:activation_stream3-->PIPE               141.910 KB      
q4_layer_ctrl:vector_stream1b-->PIPE               26.000 KB       
q4_layer_ctrl:vector_stream2a-->PIPE               39.000 KB       

INFO::[ Vitis-EM 22 ] [Time elapsed: 20 minute(s) 54 seconds, Emulation time: 0.540306 ms]
Data transfer between kernel(s) and global memory(s)
q4_layer_ctrl:m_axi_scales-HBM[6]          RD = 0.078 KB               WR = 0.000 KB        
q4_layer_ctrl:m_axi_weight0a-HBM[8]          RD = 1270.500 KB            WR = 0.000 KB        
q4_layer_ctrl:m_axi_weight0b-HBM[9]          RD = 1270.500 KB            WR = 0.000 KB        
q4_layer_ctrl:m_axi_weight1a-HBM[10]          RD = 1270.500 KB            WR = 0.000 KB        
q4_layer_ctrl:m_axi_weight1b-HBM[11]          RD = 1270.500 KB            WR = 0.000 KB        
q4_layer_ctrl:m_axi_weight2a-HBM[12]          RD = 1142.500 KB            WR = 0.000 KB        
q4_layer_ctrl:m_axi_weight2b-HBM[13]          RD = 1142.500 KB            WR = 0.000 KB        
q4_layer_ctrl:m_axi_weight3a-HBM[14]          RD = 1142.500 KB            WR = 0.000 KB        
q4_layer_ctrl:m_axi_weight3b-HBM[15]          RD = 1142.500 KB            WR = 0.000 KB        
q4_layer_ctrl:m_axi_hidden_in-HBM[0]          RD = 32.000 KB              WR = 0.000 KB        
q4_layer_ctrl:m_axi_hidden_out-HBM[1]          RD = 0.000 KB               WR = 0.000 KB        
q4_layer_ctrl:m_axi_kv_k-HBM[2]          RD = 4.000 KB               WR = 4.000 KB        
q4_layer_ctrl:m_axi_kv_v-HBM[3]          RD = 4.000 KB               WR = 4.000 KB        
q4_layer_ctrl:m_axi_norm-HBM[4]          RD = 8.000 KB               WR = 0.000 KB        
q4_layer_ctrl:m_axi_rope-HBM[5]          RD = 32.000 KB              WR = 0.000 KB        

Data transfer on stream interfaces
q4_layer_ctrl:activation_stream0-->PIPE               160.266 KB      
q4_layer_ctrl:activation_stream1-->PIPE               160.266 KB      
PIPE-->q4_layer_ctrl:out_stream0               136.500 KB      
q4_layer_ctrl:activation_stream2-->PIPE               144.266 KB      
PIPE-->q4_layer_ctrl:out_stream1               136.500 KB      
PIPE-->q4_layer_ctrl:out_stream2               129.500 KB      
PIPE-->q4_layer_ctrl:out_stream3               129.500 KB      
q4_layer_ctrl:task_stream0-->PIPE               0.484 KB        
q4_layer_ctrl:task_stream1-->PIPE               0.484 KB        
q4_layer_ctrl:task_stream2-->PIPE               0.453 KB        
q4_layer_ctrl:task_stream3-->PIPE               0.453 KB        
q4_layer_ctrl:vector_stream0a-->PIPE               39.000 KB       
q4_layer_ctrl:vector_stream0b-->PIPE               26.000 KB       
q4_layer_ctrl:vector_stream1a-->PIPE               39.000 KB       
q4_layer_ctrl:activation_stream3-->PIPE               144.266 KB      
q4_layer_ctrl:vector_stream1b-->PIPE               26.000 KB       
q4_layer_ctrl:vector_stream2a-->PIPE               39.000 KB       

INFO::[ Vitis-EM 22 ] [Time elapsed: 21 minute(s) 5 seconds, Emulation time: 0.542317 ms]
Data transfer between kernel(s) and global memory(s)
q4_layer_ctrl:m_axi_scales-HBM[6]          RD = 0.078 KB               WR = 0.000 KB        
q4_layer_ctrl:m_axi_weight0a-HBM[8]          RD = 1286.000 KB            WR = 0.000 KB        
q4_layer_ctrl:m_axi_weight0b-HBM[9]          RD = 1286.000 KB            WR = 0.000 KB        
q4_layer_ctrl:m_axi_weight1a-HBM[10]          RD = 1286.000 KB            WR = 0.000 KB        
q4_layer_ctrl:m_axi_weight1b-HBM[11]          RD = 1286.000 KB            WR = 0.000 KB        
q4_layer_ctrl:m_axi_weight2a-HBM[12]          RD = 1158.000 KB            WR = 0.000 KB        
q4_layer_ctrl:m_axi_weight2b-HBM[13]          RD = 1158.000 KB            WR = 0.000 KB        
q4_layer_ctrl:m_axi_weight3a-HBM[14]          RD = 1158.000 KB            WR = 0.000 KB        
q4_layer_ctrl:m_axi_weight3b-HBM[15]          RD = 1158.000 KB            WR = 0.000 KB        
q4_layer_ctrl:m_axi_hidden_in-HBM[0]          RD = 32.000 KB              WR = 0.000 KB        
q4_layer_ctrl:m_axi_hidden_out-HBM[1]          RD = 0.000 KB               WR = 0.000 KB        
q4_layer_ctrl:m_axi_kv_k-HBM[2]          RD = 4.000 KB               WR = 4.000 KB        
q4_layer_ctrl:m_axi_kv_v-HBM[3]          RD = 4.000 KB               WR = 4.000 KB        
q4_layer_ctrl:m_axi_norm-HBM[4]          RD = 8.000 KB               WR = 0.000 KB        
q4_layer_ctrl:m_axi_rope-HBM[5]          RD = 32.000 KB              WR = 0.000 KB        

Data transfer on stream interfaces
q4_layer_ctrl:activation_stream0-->PIPE               162.383 KB      
q4_layer_ctrl:activation_stream1-->PIPE               162.383 KB      
PIPE-->q4_layer_ctrl:out_stream0               136.500 KB      
q4_layer_ctrl:activation_stream2-->PIPE               146.383 KB      
PIPE-->q4_layer_ctrl:out_stream1               136.500 KB      
PIPE-->q4_layer_ctrl:out_stream2               129.500 KB      
PIPE-->q4_layer_ctrl:out_stream3               129.500 KB      
q4_layer_ctrl:task_stream0-->PIPE               0.500 KB        
q4_layer_ctrl:task_stream1-->PIPE               0.500 KB        
q4_layer_ctrl:task_stream2-->PIPE               0.469 KB        
q4_layer_ctrl:task_stream3-->PIPE               0.469 KB        
q4_layer_ctrl:vector_stream0a-->PIPE               39.000 KB       
q4_layer_ctrl:vector_stream0b-->PIPE               26.000 KB       
q4_layer_ctrl:vector_stream1a-->PIPE               39.000 KB       
q4_layer_ctrl:activation_stream3-->PIPE               146.383 KB      
q4_layer_ctrl:vector_stream1b-->PIPE               26.000 KB       
q4_layer_ctrl:vector_stream2a-->PIPE               39.000 KB       

INFO::[ Vitis-EM 22 ] [Time elapsed: 21 minute(s) 21 seconds, Emulation time: 0.545331 ms]
Data transfer between kernel(s) and global memory(s)
q4_layer_ctrl:m_axi_scales-HBM[6]          RD = 0.078 KB               WR = 0.000 KB        
q4_layer_ctrl:m_axi_weight0a-HBM[8]          RD = 1314.000 KB            WR = 0.000 KB        
q4_layer_ctrl:m_axi_weight0b-HBM[9]          RD = 1314.000 KB            WR = 0.000 KB        
q4_layer_ctrl:m_axi_weight1a-HBM[10]          RD = 1314.000 KB            WR = 0.000 KB        
q4_layer_ctrl:m_axi_weight1b-HBM[11]          RD = 1314.000 KB            WR = 0.000 KB        
q4_layer_ctrl:m_axi_weight2a-HBM[12]          RD = 1186.000 KB            WR = 0.000 KB        
q4_layer_ctrl:m_axi_weight2b-HBM[13]          RD = 1186.000 KB            WR = 0.000 KB        
q4_layer_ctrl:m_axi_weight3a-HBM[14]          RD = 1186.000 KB            WR = 0.000 KB        
q4_layer_ctrl:m_axi_weight3b-HBM[15]          RD = 1186.000 KB            WR = 0.000 KB        
q4_layer_ctrl:m_axi_hidden_in-HBM[0]          RD = 32.000 KB              WR = 0.000 KB        
q4_layer_ctrl:m_axi_hidden_out-HBM[1]          RD = 0.000 KB               WR = 0.000 KB        
q4_layer_ctrl:m_axi_kv_k-HBM[2]          RD = 4.000 KB               WR = 4.000 KB        
q4_layer_ctrl:m_axi_kv_v-HBM[3]          RD = 4.000 KB               WR = 4.000 KB        
q4_layer_ctrl:m_axi_norm-HBM[4]          RD = 8.000 KB               WR = 0.000 KB        
q4_layer_ctrl:m_axi_rope-HBM[5]          RD = 32.000 KB              WR = 0.000 KB        

Data transfer on stream interfaces
q4_layer_ctrl:activation_stream0-->PIPE               165.707 KB      
q4_layer_ctrl:activation_stream1-->PIPE               165.707 KB      
PIPE-->q4_layer_ctrl:out_stream0               140.000 KB      
q4_layer_ctrl:activation_stream2-->PIPE               149.707 KB      
PIPE-->q4_layer_ctrl:out_stream1               140.000 KB      
PIPE-->q4_layer_ctrl:out_stream2               133.000 KB      
PIPE-->q4_layer_ctrl:out_stream3               133.000 KB      
q4_layer_ctrl:task_stream0-->PIPE               0.500 KB        
q4_layer_ctrl:task_stream1-->PIPE               0.500 KB        
q4_layer_ctrl:task_stream2-->PIPE               0.469 KB        
q4_layer_ctrl:task_stream3-->PIPE               0.469 KB        
q4_layer_ctrl:vector_stream0a-->PIPE               39.000 KB       
q4_layer_ctrl:vector_stream0b-->PIPE               26.000 KB       
q4_layer_ctrl:vector_stream1a-->PIPE               39.000 KB       
q4_layer_ctrl:activation_stream3-->PIPE               149.707 KB      
q4_layer_ctrl:vector_stream1b-->PIPE               26.000 KB       
q4_layer_ctrl:vector_stream2a-->PIPE               39.000 KB       

INFO::[ Vitis-EM 22 ] [Time elapsed: 23 minute(s) 1 seconds, Emulation time: 0.563398 ms]
Data transfer between kernel(s) and global memory(s)
q4_layer_ctrl:m_axi_scales-HBM[6]          RD = 0.078 KB               WR = 0.000 KB        
q4_layer_ctrl:m_axi_weight0a-HBM[8]          RD = 1472.000 KB            WR = 0.000 KB        
q4_layer_ctrl:m_axi_weight0b-HBM[9]          RD = 1472.000 KB            WR = 0.000 KB        
q4_layer_ctrl:m_axi_weight1a-HBM[10]          RD = 1472.000 KB            WR = 0.000 KB        
q4_layer_ctrl:m_axi_weight1b-HBM[11]          RD = 1472.000 KB            WR = 0.000 KB        
q4_layer_ctrl:m_axi_weight2a-HBM[12]          RD = 1344.000 KB            WR = 0.000 KB        
q4_layer_ctrl:m_axi_weight2b-HBM[13]          RD = 1344.000 KB            WR = 0.000 KB        
q4_layer_ctrl:m_axi_weight3a-HBM[14]          RD = 1344.000 KB            WR = 0.000 KB        
q4_layer_ctrl:m_axi_weight3b-HBM[15]          RD = 1344.000 KB            WR = 0.000 KB        
q4_layer_ctrl:m_axi_hidden_in-HBM[0]          RD = 32.000 KB              WR = 0.000 KB        
q4_layer_ctrl:m_axi_hidden_out-HBM[1]          RD = 0.000 KB               WR = 0.000 KB        
q4_layer_ctrl:m_axi_kv_k-HBM[2]          RD = 4.000 KB               WR = 4.000 KB        
q4_layer_ctrl:m_axi_kv_v-HBM[3]          RD = 4.000 KB               WR = 4.000 KB        
q4_layer_ctrl:m_axi_norm-HBM[4]          RD = 8.000 KB               WR = 0.000 KB        
q4_layer_ctrl:m_axi_rope-HBM[5]          RD = 32.000 KB              WR = 0.000 KB        

Data transfer on stream interfaces
q4_layer_ctrl:activation_stream0-->PIPE               185.984 KB      
q4_layer_ctrl:activation_stream1-->PIPE               185.984 KB      
PIPE-->q4_layer_ctrl:out_stream0               147.000 KB      
q4_layer_ctrl:activation_stream2-->PIPE               169.984 KB      
PIPE-->q4_layer_ctrl:out_stream1               147.000 KB      
PIPE-->q4_layer_ctrl:out_stream2               140.000 KB      
PIPE-->q4_layer_ctrl:out_stream3               140.000 KB      
q4_layer_ctrl:task_stream0-->PIPE               0.531 KB        
q4_layer_ctrl:task_stream1-->PIPE               0.531 KB        
q4_layer_ctrl:task_stream2-->PIPE               0.500 KB        
q4_layer_ctrl:task_stream3-->PIPE               0.500 KB        
q4_layer_ctrl:vector_stream0a-->PIPE               39.000 KB       
q4_layer_ctrl:vector_stream0b-->PIPE               26.000 KB       
q4_layer_ctrl:vector_stream1a-->PIPE               39.000 KB       
q4_layer_ctrl:activation_stream3-->PIPE               169.984 KB      
q4_layer_ctrl:vector_stream1b-->PIPE               26.000 KB       
q4_layer_ctrl:vector_stream2a-->PIPE               39.000 KB       

INFO::[ Vitis-EM 22 ] [Time elapsed: 26 minute(s) 8 seconds, Emulation time: 0.597534 ms]
Data transfer between kernel(s) and global memory(s)
q4_layer_ctrl:m_axi_scales-HBM[6]          RD = 0.078 KB               WR = 0.000 KB        
q4_layer_ctrl:m_axi_weight0a-HBM[8]          RD = 1778.500 KB            WR = 0.000 KB        
q4_layer_ctrl:m_axi_weight0b-HBM[9]          RD = 1778.500 KB            WR = 0.000 KB        
q4_layer_ctrl:m_axi_weight1a-HBM[10]          RD = 1778.500 KB            WR = 0.000 KB        
q4_layer_ctrl:m_axi_weight1b-HBM[11]          RD = 1778.500 KB            WR = 0.000 KB        
q4_layer_ctrl:m_axi_weight2a-HBM[12]          RD = 1650.500 KB            WR = 0.000 KB        
q4_layer_ctrl:m_axi_weight2b-HBM[13]          RD = 1650.500 KB            WR = 0.000 KB        
q4_layer_ctrl:m_axi_weight3a-HBM[14]          RD = 1650.500 KB            WR = 0.000 KB        
q4_layer_ctrl:m_axi_weight3b-HBM[15]          RD = 1650.500 KB            WR = 0.000 KB        
q4_layer_ctrl:m_axi_hidden_in-HBM[0]          RD = 32.000 KB              WR = 0.000 KB        
q4_layer_ctrl:m_axi_hidden_out-HBM[1]          RD = 0.000 KB               WR = 0.000 KB        
q4_layer_ctrl:m_axi_kv_k-HBM[2]          RD = 4.000 KB               WR = 4.000 KB        
q4_layer_ctrl:m_axi_kv_v-HBM[3]          RD = 4.000 KB               WR = 4.000 KB        
q4_layer_ctrl:m_axi_norm-HBM[4]          RD = 8.000 KB               WR = 0.000 KB        
q4_layer_ctrl:m_axi_rope-HBM[5]          RD = 32.000 KB              WR = 0.000 KB        

Data transfer on stream interfaces
q4_layer_ctrl:activation_stream0-->PIPE               223.754 KB      
q4_layer_ctrl:activation_stream1-->PIPE               223.754 KB      
PIPE-->q4_layer_ctrl:out_stream0               164.500 KB      
q4_layer_ctrl:activation_stream2-->PIPE               207.754 KB      
PIPE-->q4_layer_ctrl:out_stream1               164.500 KB      
PIPE-->q4_layer_ctrl:out_stream2               157.500 KB      
PIPE-->q4_layer_ctrl:out_stream3               157.500 KB      
q4_layer_ctrl:task_stream0-->PIPE               0.609 KB        
q4_layer_ctrl:task_stream1-->PIPE               0.609 KB        
q4_layer_ctrl:task_stream2-->PIPE               0.578 KB        
q4_layer_ctrl:task_stream3-->PIPE               0.578 KB        
q4_layer_ctrl:vector_stream0a-->PIPE               39.000 KB       
q4_layer_ctrl:vector_stream0b-->PIPE               26.000 KB       
q4_layer_ctrl:vector_stream1a-->PIPE               39.000 KB       
q4_layer_ctrl:activation_stream3-->PIPE               207.754 KB      
q4_layer_ctrl:vector_stream1b-->PIPE               26.000 KB       
q4_layer_ctrl:vector_stream2a-->PIPE               39.000 KB       

INFO::[ Vitis-EM 22 ] [Time elapsed: 26 minute(s) 41 seconds, Emulation time: 0.603559 ms]
Data transfer between kernel(s) and global memory(s)
q4_layer_ctrl:m_axi_scales-HBM[6]          RD = 0.078 KB               WR = 0.000 KB        
q4_layer_ctrl:m_axi_weight0a-HBM[8]          RD = 1831.500 KB            WR = 0.000 KB        
q4_layer_ctrl:m_axi_weight0b-HBM[9]          RD = 1831.500 KB            WR = 0.000 KB        
q4_layer_ctrl:m_axi_weight1a-HBM[10]          RD = 1831.500 KB            WR = 0.000 KB        
q4_layer_ctrl:m_axi_weight1b-HBM[11]          RD = 1831.500 KB            WR = 0.000 KB        
q4_layer_ctrl:m_axi_weight2a-HBM[12]          RD = 1703.500 KB            WR = 0.000 KB        
q4_layer_ctrl:m_axi_weight2b-HBM[13]          RD = 1703.500 KB            WR = 0.000 KB        
q4_layer_ctrl:m_axi_weight3a-HBM[14]          RD = 1703.500 KB            WR = 0.000 KB        
q4_layer_ctrl:m_axi_weight3b-HBM[15]          RD = 1703.500 KB            WR = 0.000 KB        
q4_layer_ctrl:m_axi_hidden_in-HBM[0]          RD = 32.000 KB              WR = 0.000 KB        
q4_layer_ctrl:m_axi_hidden_out-HBM[1]          RD = 0.000 KB               WR = 0.000 KB        
q4_layer_ctrl:m_axi_kv_k-HBM[2]          RD = 4.000 KB               WR = 4.000 KB        
q4_layer_ctrl:m_axi_kv_v-HBM[3]          RD = 4.000 KB               WR = 4.000 KB        
q4_layer_ctrl:m_axi_norm-HBM[4]          RD = 8.000 KB               WR = 0.000 KB        
q4_layer_ctrl:m_axi_rope-HBM[5]          RD = 32.000 KB              WR = 0.000 KB        

Data transfer on stream interfaces
q4_layer_ctrl:activation_stream0-->PIPE               230.367 KB      
q4_layer_ctrl:activation_stream1-->PIPE               230.367 KB      
PIPE-->q4_layer_ctrl:out_stream0               168.000 KB      
q4_layer_ctrl:activation_stream2-->PIPE               214.367 KB      
PIPE-->q4_layer_ctrl:out_stream1               168.000 KB      
PIPE-->q4_layer_ctrl:out_stream2               161.000 KB      
PIPE-->q4_layer_ctrl:out_stream3               161.000 KB      
q4_layer_ctrl:task_stream0-->PIPE               0.625 KB        
q4_layer_ctrl:task_stream1-->PIPE               0.625 KB        
q4_layer_ctrl:task_stream2-->PIPE               0.594 KB        
q4_layer_ctrl:task_stream3-->PIPE               0.594 KB        
q4_layer_ctrl:vector_stream0a-->PIPE               39.000 KB       
q4_layer_ctrl:vector_stream0b-->PIPE               26.000 KB       
q4_layer_ctrl:vector_stream1a-->PIPE               39.000 KB       
q4_layer_ctrl:activation_stream3-->PIPE               214.367 KB      
q4_layer_ctrl:vector_stream1b-->PIPE               26.000 KB       
q4_layer_ctrl:vector_stream2a-->PIPE               39.000 KB       

INFO::[ Vitis-EM 22 ] [Time elapsed: 27 minute(s) 55 seconds, Emulation time: 0.616622 ms]
Data transfer between kernel(s) and global memory(s)
q4_layer_ctrl:m_axi_scales-HBM[6]          RD = 0.078 KB               WR = 0.000 KB        
q4_layer_ctrl:m_axi_weight0a-HBM[8]          RD = 1946.500 KB            WR = 0.000 KB        
q4_layer_ctrl:m_axi_weight0b-HBM[9]          RD = 1946.500 KB            WR = 0.000 KB        
q4_layer_ctrl:m_axi_weight1a-HBM[10]          RD = 1946.500 KB            WR = 0.000 KB        
q4_layer_ctrl:m_axi_weight1b-HBM[11]          RD = 1946.500 KB            WR = 0.000 KB        
q4_layer_ctrl:m_axi_weight2a-HBM[12]          RD = 1818.500 KB            WR = 0.000 KB        
q4_layer_ctrl:m_axi_weight2b-HBM[13]          RD = 1818.500 KB            WR = 0.000 KB        
q4_layer_ctrl:m_axi_weight3a-HBM[14]          RD = 1818.500 KB            WR = 0.000 KB        
q4_layer_ctrl:m_axi_weight3b-HBM[15]          RD = 1818.500 KB            WR = 0.000 KB        
q4_layer_ctrl:m_axi_hidden_in-HBM[0]          RD = 32.000 KB              WR = 0.000 KB        
q4_layer_ctrl:m_axi_hidden_out-HBM[1]          RD = 0.000 KB               WR = 0.000 KB        
q4_layer_ctrl:m_axi_kv_k-HBM[2]          RD = 4.000 KB               WR = 4.000 KB        
q4_layer_ctrl:m_axi_kv_v-HBM[3]          RD = 4.000 KB               WR = 4.000 KB        
q4_layer_ctrl:m_axi_norm-HBM[4]          RD = 8.000 KB               WR = 0.000 KB        
q4_layer_ctrl:m_axi_rope-HBM[5]          RD = 32.000 KB              WR = 0.000 KB        

Data transfer on stream interfaces
q4_layer_ctrl:activation_stream0-->PIPE               244.781 KB      
q4_layer_ctrl:activation_stream1-->PIPE               244.781 KB      
PIPE-->q4_layer_ctrl:out_stream0               175.000 KB      
q4_layer_ctrl:activation_stream2-->PIPE               228.781 KB      
PIPE-->q4_layer_ctrl:out_stream1               175.000 KB      
PIPE-->q4_layer_ctrl:out_stream2               168.000 KB      
PIPE-->q4_layer_ctrl:out_stream3               168.000 KB      
q4_layer_ctrl:task_stream0-->PIPE               0.656 KB        
q4_layer_ctrl:task_stream1-->PIPE               0.656 KB        
q4_layer_ctrl:task_stream2-->PIPE               0.625 KB        
q4_layer_ctrl:task_stream3-->PIPE               0.625 KB        
q4_layer_ctrl:vector_stream0a-->PIPE               39.000 KB       
q4_layer_ctrl:vector_stream0b-->PIPE               26.000 KB       
q4_layer_ctrl:vector_stream1a-->PIPE               39.000 KB       
q4_layer_ctrl:activation_stream3-->PIPE               228.781 KB      
q4_layer_ctrl:vector_stream1b-->PIPE               26.000 KB       
q4_layer_ctrl:vector_stream2a-->PIPE               39.000 KB       

INFO::[ Vitis-EM 22 ] [Time elapsed: 28 minute(s) 8 seconds, Emulation time: 0.617625 ms]
Data transfer between kernel(s) and global memory(s)
q4_layer_ctrl:m_axi_scales-HBM[6]          RD = 0.078 KB               WR = 0.000 KB        
q4_layer_ctrl:m_axi_weight0a-HBM[8]          RD = 1956.000 KB            WR = 0.000 KB        
q4_layer_ctrl:m_axi_weight0b-HBM[9]          RD = 1956.000 KB            WR = 0.000 KB        
q4_layer_ctrl:m_axi_weight1a-HBM[10]          RD = 1956.000 KB            WR = 0.000 KB        
q4_layer_ctrl:m_axi_weight1b-HBM[11]          RD = 1956.000 KB            WR = 0.000 KB        
q4_layer_ctrl:m_axi_weight2a-HBM[12]          RD = 1828.000 KB            WR = 0.000 KB        
q4_layer_ctrl:m_axi_weight2b-HBM[13]          RD = 1828.000 KB            WR = 0.000 KB        
q4_layer_ctrl:m_axi_weight3a-HBM[14]          RD = 1828.000 KB            WR = 0.000 KB        
q4_layer_ctrl:m_axi_weight3b-HBM[15]          RD = 1828.000 KB            WR = 0.000 KB        
q4_layer_ctrl:m_axi_hidden_in-HBM[0]          RD = 32.000 KB              WR = 0.000 KB        
q4_layer_ctrl:m_axi_hidden_out-HBM[1]          RD = 0.000 KB               WR = 0.000 KB        
q4_layer_ctrl:m_axi_kv_k-HBM[2]          RD = 4.000 KB               WR = 4.000 KB        
q4_layer_ctrl:m_axi_kv_v-HBM[3]          RD = 4.000 KB               WR = 4.000 KB        
q4_layer_ctrl:m_axi_norm-HBM[4]          RD = 8.000 KB               WR = 0.000 KB        
q4_layer_ctrl:m_axi_rope-HBM[5]          RD = 32.000 KB              WR = 0.000 KB        

Data transfer on stream interfaces
q4_layer_ctrl:activation_stream0-->PIPE               245.957 KB      
q4_layer_ctrl:activation_stream1-->PIPE               245.957 KB      
PIPE-->q4_layer_ctrl:out_stream0               175.000 KB      
q4_layer_ctrl:activation_stream2-->PIPE               229.957 KB      
PIPE-->q4_layer_ctrl:out_stream1               175.000 KB      
PIPE-->q4_layer_ctrl:out_stream2               168.000 KB      
PIPE-->q4_layer_ctrl:out_stream3               168.000 KB      
q4_layer_ctrl:task_stream0-->PIPE               0.656 KB        
q4_layer_ctrl:task_stream1-->PIPE               0.656 KB        
q4_layer_ctrl:task_stream2-->PIPE               0.625 KB        
q4_layer_ctrl:task_stream3-->PIPE               0.625 KB        
q4_layer_ctrl:vector_stream0a-->PIPE               39.000 KB       
q4_layer_ctrl:vector_stream0b-->PIPE               26.000 KB       
q4_layer_ctrl:vector_stream1a-->PIPE               39.000 KB       
q4_layer_ctrl:activation_stream3-->PIPE               229.957 KB      
q4_layer_ctrl:vector_stream1b-->PIPE               26.000 KB       
q4_layer_ctrl:vector_stream2a-->PIPE               39.000 KB       

INFO::[ Vitis-EM 22 ] [Time elapsed: 28 minute(s) 22 seconds, Emulation time: 0.618629 ms]
Data transfer between kernel(s) and global memory(s)
q4_layer_ctrl:m_axi_scales-HBM[6]          RD = 0.078 KB               WR = 0.000 KB        
q4_layer_ctrl:m_axi_weight0a-HBM[8]          RD = 1965.500 KB            WR = 0.000 KB        
q4_layer_ctrl:m_axi_weight0b-HBM[9]          RD = 1965.500 KB            WR = 0.000 KB        
q4_layer_ctrl:m_axi_weight1a-HBM[10]          RD = 1965.500 KB            WR = 0.000 KB        
q4_layer_ctrl:m_axi_weight1b-HBM[11]          RD = 1965.500 KB            WR = 0.000 KB        
q4_layer_ctrl:m_axi_weight2a-HBM[12]          RD = 1837.500 KB            WR = 0.000 KB        
q4_layer_ctrl:m_axi_weight2b-HBM[13]          RD = 1837.500 KB            WR = 0.000 KB        
q4_layer_ctrl:m_axi_weight3a-HBM[14]          RD = 1837.500 KB            WR = 0.000 KB        
q4_layer_ctrl:m_axi_weight3b-HBM[15]          RD = 1837.500 KB            WR = 0.000 KB        
q4_layer_ctrl:m_axi_hidden_in-HBM[0]          RD = 32.000 KB              WR = 0.000 KB        
q4_layer_ctrl:m_axi_hidden_out-HBM[1]          RD = 0.000 KB               WR = 0.000 KB        
q4_layer_ctrl:m_axi_kv_k-HBM[2]          RD = 4.000 KB               WR = 4.000 KB        
q4_layer_ctrl:m_axi_kv_v-HBM[3]          RD = 4.000 KB               WR = 4.000 KB        
q4_layer_ctrl:m_axi_norm-HBM[4]          RD = 8.000 KB               WR = 0.000 KB        
q4_layer_ctrl:m_axi_rope-HBM[5]          RD = 32.000 KB              WR = 0.000 KB        

Data transfer on stream interfaces
q4_layer_ctrl:activation_stream0-->PIPE               247.133 KB      
q4_layer_ctrl:activation_stream1-->PIPE               247.133 KB      
PIPE-->q4_layer_ctrl:out_stream0               175.000 KB      
q4_layer_ctrl:activation_stream2-->PIPE               231.133 KB      
PIPE-->q4_layer_ctrl:out_stream1               175.000 KB      
PIPE-->q4_layer_ctrl:out_stream2               168.000 KB      
PIPE-->q4_layer_ctrl:out_stream3               168.000 KB      
q4_layer_ctrl:task_stream0-->PIPE               0.656 KB        
q4_layer_ctrl:task_stream1-->PIPE               0.656 KB        
q4_layer_ctrl:task_stream2-->PIPE               0.625 KB        
q4_layer_ctrl:task_stream3-->PIPE               0.625 KB        
q4_layer_ctrl:vector_stream0a-->PIPE               39.000 KB       
q4_layer_ctrl:vector_stream0b-->PIPE               26.000 KB       
q4_layer_ctrl:vector_stream1a-->PIPE               39.000 KB       
q4_layer_ctrl:activation_stream3-->PIPE               231.133 KB      
q4_layer_ctrl:vector_stream1b-->PIPE               26.000 KB       
q4_layer_ctrl:vector_stream2a-->PIPE               39.000 KB       

INFO::[ Vitis-EM 22 ] [Time elapsed: 28 minute(s) 35 seconds, Emulation time: 0.619632 ms]
Data transfer between kernel(s) and global memory(s)
q4_layer_ctrl:m_axi_scales-HBM[6]          RD = 0.078 KB               WR = 0.000 KB        
q4_layer_ctrl:m_axi_weight0a-HBM[8]          RD = 1975.000 KB            WR = 0.000 KB        
q4_layer_ctrl:m_axi_weight0b-HBM[9]          RD = 1975.000 KB            WR = 0.000 KB        
q4_layer_ctrl:m_axi_weight1a-HBM[10]          RD = 1975.000 KB            WR = 0.000 KB        
q4_layer_ctrl:m_axi_weight1b-HBM[11]          RD = 1975.000 KB            WR = 0.000 KB        
q4_layer_ctrl:m_axi_weight2a-HBM[12]          RD = 1847.000 KB            WR = 0.000 KB        
q4_layer_ctrl:m_axi_weight2b-HBM[13]          RD = 1847.000 KB            WR = 0.000 KB        
q4_layer_ctrl:m_axi_weight3a-HBM[14]          RD = 1847.000 KB            WR = 0.000 KB        
q4_layer_ctrl:m_axi_weight3b-HBM[15]          RD = 1847.000 KB            WR = 0.000 KB        
q4_layer_ctrl:m_axi_hidden_in-HBM[0]          RD = 32.000 KB              WR = 0.000 KB        
q4_layer_ctrl:m_axi_hidden_out-HBM[1]          RD = 0.000 KB               WR = 0.000 KB        
q4_layer_ctrl:m_axi_kv_k-HBM[2]          RD = 4.000 KB               WR = 4.000 KB        
q4_layer_ctrl:m_axi_kv_v-HBM[3]          RD = 4.000 KB               WR = 4.000 KB        
q4_layer_ctrl:m_axi_norm-HBM[4]          RD = 8.000 KB               WR = 0.000 KB        
q4_layer_ctrl:m_axi_rope-HBM[5]          RD = 32.000 KB              WR = 0.000 KB        

Data transfer on stream interfaces
q4_layer_ctrl:activation_stream0-->PIPE               248.309 KB      
q4_layer_ctrl:activation_stream1-->PIPE               248.309 KB      
PIPE-->q4_layer_ctrl:out_stream0               175.000 KB      
q4_layer_ctrl:activation_stream2-->PIPE               232.309 KB      
PIPE-->q4_layer_ctrl:out_stream1               175.000 KB      
PIPE-->q4_layer_ctrl:out_stream2               168.000 KB      
PIPE-->q4_layer_ctrl:out_stream3               168.000 KB      
q4_layer_ctrl:task_stream0-->PIPE               0.656 KB        
q4_layer_ctrl:task_stream1-->PIPE               0.656 KB        
q4_layer_ctrl:task_stream2-->PIPE               0.625 KB        
q4_layer_ctrl:task_stream3-->PIPE               0.625 KB        
q4_layer_ctrl:vector_stream0a-->PIPE               39.000 KB       
q4_layer_ctrl:vector_stream0b-->PIPE               26.000 KB       
q4_layer_ctrl:vector_stream1a-->PIPE               39.000 KB       
q4_layer_ctrl:activation_stream3-->PIPE               232.309 KB      
q4_layer_ctrl:vector_stream1b-->PIPE               26.000 KB       
q4_layer_ctrl:vector_stream2a-->PIPE               39.000 KB       

INFO::[ Vitis-EM 22 ] [Time elapsed: 28 minute(s) 49 seconds, Emulation time: 0.620636 ms]
Data transfer between kernel(s) and global memory(s)
q4_layer_ctrl:m_axi_scales-HBM[6]          RD = 0.078 KB               WR = 0.000 KB        
q4_layer_ctrl:m_axi_weight0a-HBM[8]          RD = 1984.000 KB            WR = 0.000 KB        
q4_layer_ctrl:m_axi_weight0b-HBM[9]          RD = 1984.000 KB            WR = 0.000 KB        
q4_layer_ctrl:m_axi_weight1a-HBM[10]          RD = 1984.000 KB            WR = 0.000 KB        
q4_layer_ctrl:m_axi_weight1b-HBM[11]          RD = 1984.000 KB            WR = 0.000 KB        
q4_layer_ctrl:m_axi_weight2a-HBM[12]          RD = 1856.000 KB            WR = 0.000 KB        
q4_layer_ctrl:m_axi_weight2b-HBM[13]          RD = 1856.000 KB            WR = 0.000 KB        
q4_layer_ctrl:m_axi_weight3a-HBM[14]          RD = 1856.000 KB            WR = 0.000 KB        
q4_layer_ctrl:m_axi_weight3b-HBM[15]          RD = 1856.000 KB            WR = 0.000 KB        
q4_layer_ctrl:m_axi_hidden_in-HBM[0]          RD = 32.000 KB              WR = 0.000 KB        
q4_layer_ctrl:m_axi_hidden_out-HBM[1]          RD = 0.000 KB               WR = 0.000 KB        
q4_layer_ctrl:m_axi_kv_k-HBM[2]          RD = 4.000 KB               WR = 4.000 KB        
q4_layer_ctrl:m_axi_kv_v-HBM[3]          RD = 4.000 KB               WR = 4.000 KB        
q4_layer_ctrl:m_axi_norm-HBM[4]          RD = 8.000 KB               WR = 0.000 KB        
q4_layer_ctrl:m_axi_rope-HBM[5]          RD = 32.000 KB              WR = 0.000 KB        

Data transfer on stream interfaces
q4_layer_ctrl:activation_stream0-->PIPE               249.484 KB      
q4_layer_ctrl:activation_stream1-->PIPE               249.484 KB      
PIPE-->q4_layer_ctrl:out_stream0               175.000 KB      
q4_layer_ctrl:activation_stream2-->PIPE               233.484 KB      
PIPE-->q4_layer_ctrl:out_stream1               175.000 KB      
PIPE-->q4_layer_ctrl:out_stream2               168.000 KB      
PIPE-->q4_layer_ctrl:out_stream3               168.000 KB      
q4_layer_ctrl:task_stream0-->PIPE               0.656 KB        
q4_layer_ctrl:task_stream1-->PIPE               0.656 KB        
q4_layer_ctrl:task_stream2-->PIPE               0.625 KB        
q4_layer_ctrl:task_stream3-->PIPE               0.625 KB        
q4_layer_ctrl:vector_stream0a-->PIPE               39.000 KB       
q4_layer_ctrl:vector_stream0b-->PIPE               26.000 KB       
q4_layer_ctrl:vector_stream1a-->PIPE               39.000 KB       
q4_layer_ctrl:activation_stream3-->PIPE               233.484 KB      
q4_layer_ctrl:vector_stream1b-->PIPE               26.000 KB       
q4_layer_ctrl:vector_stream2a-->PIPE               39.000 KB       

INFO::[ Vitis-EM 22 ] [Time elapsed: 29 minute(s) 2 seconds, Emulation time: 0.621643 ms]
Data transfer between kernel(s) and global memory(s)
q4_layer_ctrl:m_axi_scales-HBM[6]          RD = 0.078 KB               WR = 0.000 KB        
q4_layer_ctrl:m_axi_weight0a-HBM[8]          RD = 1990.000 KB            WR = 0.000 KB        
q4_layer_ctrl:m_axi_weight0b-HBM[9]          RD = 1990.000 KB            WR = 0.000 KB        
q4_layer_ctrl:m_axi_weight1a-HBM[10]          RD = 1990.000 KB            WR = 0.000 KB        
q4_layer_ctrl:m_axi_weight1b-HBM[11]          RD = 1990.000 KB            WR = 0.000 KB        
q4_layer_ctrl:m_axi_weight2a-HBM[12]          RD = 1856.000 KB            WR = 0.000 KB        
q4_layer_ctrl:m_axi_weight2b-HBM[13]          RD = 1856.000 KB            WR = 0.000 KB        
q4_layer_ctrl:m_axi_weight3a-HBM[14]          RD = 1856.000 KB            WR = 0.000 KB        
q4_layer_ctrl:m_axi_weight3b-HBM[15]          RD = 1856.000 KB            WR = 0.000 KB        
q4_layer_ctrl:m_axi_hidden_in-HBM[0]          RD = 32.000 KB              WR = 0.000 KB        
q4_layer_ctrl:m_axi_hidden_out-HBM[1]          RD = 0.000 KB               WR = 0.000 KB        
q4_layer_ctrl:m_axi_kv_k-HBM[2]          RD = 4.000 KB               WR = 4.000 KB        
q4_layer_ctrl:m_axi_kv_v-HBM[3]          RD = 4.000 KB               WR = 4.000 KB        
q4_layer_ctrl:m_axi_norm-HBM[4]          RD = 8.000 KB               WR = 0.000 KB        
q4_layer_ctrl:m_axi_rope-HBM[5]          RD = 32.000 KB              WR = 0.000 KB        

Data transfer on stream interfaces
q4_layer_ctrl:activation_stream0-->PIPE               250.426 KB      
q4_layer_ctrl:activation_stream1-->PIPE               250.426 KB      
PIPE-->q4_layer_ctrl:out_stream0               175.000 KB      
q4_layer_ctrl:activation_stream2-->PIPE               234.125 KB      
PIPE-->q4_layer_ctrl:out_stream1               175.000 KB      
PIPE-->q4_layer_ctrl:out_stream2               168.000 KB      
PIPE-->q4_layer_ctrl:out_stream3               168.000 KB      
q4_layer_ctrl:task_stream0-->PIPE               0.672 KB        
q4_layer_ctrl:task_stream1-->PIPE               0.672 KB        
q4_layer_ctrl:task_stream2-->PIPE               0.625 KB        
q4_layer_ctrl:task_stream3-->PIPE               0.625 KB        
q4_layer_ctrl:vector_stream0a-->PIPE               39.000 KB       
q4_layer_ctrl:vector_stream0b-->PIPE               26.000 KB       
q4_layer_ctrl:vector_stream1a-->PIPE               39.000 KB       
q4_layer_ctrl:activation_stream3-->PIPE               234.125 KB      
q4_layer_ctrl:vector_stream1b-->PIPE               26.000 KB       
q4_layer_ctrl:vector_stream2a-->PIPE               39.000 KB       

INFO::[ Vitis-EM 22 ] [Time elapsed: 29 minute(s) 17 seconds, Emulation time: 0.62365 ms]
Data transfer between kernel(s) and global memory(s)
q4_layer_ctrl:m_axi_scales-HBM[6]          RD = 0.078 KB               WR = 0.000 KB        
q4_layer_ctrl:m_axi_weight0a-HBM[8]          RD = 2009.000 KB            WR = 0.000 KB        
q4_layer_ctrl:m_axi_weight0b-HBM[9]          RD = 2009.000 KB            WR = 0.000 KB        
q4_layer_ctrl:m_axi_weight1a-HBM[10]          RD = 2009.000 KB            WR = 0.000 KB        
q4_layer_ctrl:m_axi_weight1b-HBM[11]          RD = 2009.000 KB            WR = 0.000 KB        
q4_layer_ctrl:m_axi_weight2a-HBM[12]          RD = 1856.000 KB            WR = 0.000 KB        
q4_layer_ctrl:m_axi_weight2b-HBM[13]          RD = 1856.000 KB            WR = 0.000 KB        
q4_layer_ctrl:m_axi_weight3a-HBM[14]          RD = 1856.000 KB            WR = 0.000 KB        
q4_layer_ctrl:m_axi_weight3b-HBM[15]          RD = 1856.000 KB            WR = 0.000 KB        
q4_layer_ctrl:m_axi_hidden_in-HBM[0]          RD = 32.000 KB              WR = 0.000 KB        
q4_layer_ctrl:m_axi_hidden_out-HBM[1]          RD = 0.000 KB               WR = 0.000 KB        
q4_layer_ctrl:m_axi_kv_k-HBM[2]          RD = 4.000 KB               WR = 4.000 KB        
q4_layer_ctrl:m_axi_kv_v-HBM[3]          RD = 4.000 KB               WR = 4.000 KB        
q4_layer_ctrl:m_axi_norm-HBM[4]          RD = 8.000 KB               WR = 0.000 KB        
q4_layer_ctrl:m_axi_rope-HBM[5]          RD = 32.000 KB              WR = 0.000 KB        

Data transfer on stream interfaces
q4_layer_ctrl:activation_stream0-->PIPE               252.570 KB      
q4_layer_ctrl:activation_stream1-->PIPE               252.570 KB      
PIPE-->q4_layer_ctrl:out_stream0               178.500 KB      
q4_layer_ctrl:activation_stream2-->PIPE               234.125 KB      
PIPE-->q4_layer_ctrl:out_stream1               178.500 KB      
PIPE-->q4_layer_ctrl:out_stream2               171.500 KB      
PIPE-->q4_layer_ctrl:out_stream3               171.500 KB      
q4_layer_ctrl:task_stream0-->PIPE               0.672 KB        
q4_layer_ctrl:task_stream1-->PIPE               0.672 KB        
q4_layer_ctrl:task_stream2-->PIPE               0.625 KB        
q4_layer_ctrl:task_stream3-->PIPE               0.625 KB        
q4_layer_ctrl:vector_stream0a-->PIPE               39.000 KB       
q4_layer_ctrl:vector_stream0b-->PIPE               26.000 KB       
q4_layer_ctrl:vector_stream1a-->PIPE               39.000 KB       
q4_layer_ctrl:activation_stream3-->PIPE               234.125 KB      
q4_layer_ctrl:vector_stream1b-->PIPE               26.000 KB       
q4_layer_ctrl:vector_stream2a-->PIPE               39.000 KB       

INFO::[ Vitis-EM 22 ] [Time elapsed: 29 minute(s) 33 seconds, Emulation time: 0.625653 ms]
Data transfer between kernel(s) and global memory(s)
q4_layer_ctrl:m_axi_scales-HBM[6]          RD = 0.078 KB               WR = 0.000 KB        
q4_layer_ctrl:m_axi_weight0a-HBM[8]          RD = 2028.000 KB            WR = 0.000 KB        
q4_layer_ctrl:m_axi_weight0b-HBM[9]          RD = 2028.000 KB            WR = 0.000 KB        
q4_layer_ctrl:m_axi_weight1a-HBM[10]          RD = 2028.000 KB            WR = 0.000 KB        
q4_layer_ctrl:m_axi_weight1b-HBM[11]          RD = 2028.000 KB            WR = 0.000 KB        
q4_layer_ctrl:m_axi_weight2a-HBM[12]          RD = 1856.000 KB            WR = 0.000 KB        
q4_layer_ctrl:m_axi_weight2b-HBM[13]          RD = 1856.000 KB            WR = 0.000 KB        
q4_layer_ctrl:m_axi_weight3a-HBM[14]          RD = 1856.000 KB            WR = 0.000 KB        
q4_layer_ctrl:m_axi_weight3b-HBM[15]          RD = 1856.000 KB            WR = 0.000 KB        
q4_layer_ctrl:m_axi_hidden_in-HBM[0]          RD = 32.000 KB              WR = 0.000 KB        
q4_layer_ctrl:m_axi_hidden_out-HBM[1]          RD = 0.000 KB               WR = 0.000 KB        
q4_layer_ctrl:m_axi_kv_k-HBM[2]          RD = 4.000 KB               WR = 4.000 KB        
q4_layer_ctrl:m_axi_kv_v-HBM[3]          RD = 4.000 KB               WR = 4.000 KB        
q4_layer_ctrl:m_axi_norm-HBM[4]          RD = 8.000 KB               WR = 0.000 KB        
q4_layer_ctrl:m_axi_rope-HBM[5]          RD = 32.000 KB              WR = 0.000 KB        

Data transfer on stream interfaces
q4_layer_ctrl:activation_stream0-->PIPE               254.918 KB      
q4_layer_ctrl:activation_stream1-->PIPE               254.918 KB      
PIPE-->q4_layer_ctrl:out_stream0               178.500 KB      
q4_layer_ctrl:activation_stream2-->PIPE               234.125 KB      
PIPE-->q4_layer_ctrl:out_stream1               178.500 KB      
PIPE-->q4_layer_ctrl:out_stream2               171.500 KB      
PIPE-->q4_layer_ctrl:out_stream3               171.500 KB      
q4_layer_ctrl:task_stream0-->PIPE               0.672 KB        
q4_layer_ctrl:task_stream1-->PIPE               0.672 KB        
q4_layer_ctrl:task_stream2-->PIPE               0.625 KB        
q4_layer_ctrl:task_stream3-->PIPE               0.625 KB        
q4_layer_ctrl:vector_stream0a-->PIPE               39.000 KB       
q4_layer_ctrl:vector_stream0b-->PIPE               26.000 KB       
q4_layer_ctrl:vector_stream1a-->PIPE               39.000 KB       
q4_layer_ctrl:activation_stream3-->PIPE               234.125 KB      
q4_layer_ctrl:vector_stream1b-->PIPE               26.000 KB       
q4_layer_ctrl:vector_stream2a-->PIPE               39.000 KB       

INFO::[ Vitis-EM 22 ] [Time elapsed: 29 minute(s) 52 seconds, Emulation time: 0.628664 ms]
Data transfer between kernel(s) and global memory(s)
q4_layer_ctrl:m_axi_scales-HBM[6]          RD = 0.078 KB               WR = 0.000 KB        
q4_layer_ctrl:m_axi_weight0a-HBM[8]          RD = 2048.000 KB            WR = 0.000 KB        
q4_layer_ctrl:m_axi_weight0b-HBM[9]          RD = 2048.000 KB            WR = 0.000 KB        
q4_layer_ctrl:m_axi_weight1a-HBM[10]          RD = 2048.000 KB            WR = 0.000 KB        
q4_layer_ctrl:m_axi_weight1b-HBM[11]          RD = 2048.000 KB            WR = 0.000 KB        
q4_layer_ctrl:m_axi_weight2a-HBM[12]          RD = 1856.000 KB            WR = 0.000 KB        
q4_layer_ctrl:m_axi_weight2b-HBM[13]          RD = 1856.000 KB            WR = 0.000 KB        
q4_layer_ctrl:m_axi_weight3a-HBM[14]          RD = 1856.000 KB            WR = 0.000 KB        
q4_layer_ctrl:m_axi_weight3b-HBM[15]          RD = 1856.000 KB            WR = 0.000 KB        
q4_layer_ctrl:m_axi_hidden_in-HBM[0]          RD = 32.000 KB              WR = 0.000 KB        
q4_layer_ctrl:m_axi_hidden_out-HBM[1]          RD = 0.000 KB               WR = 0.000 KB        
q4_layer_ctrl:m_axi_kv_k-HBM[2]          RD = 4.000 KB               WR = 4.000 KB        
q4_layer_ctrl:m_axi_kv_v-HBM[3]          RD = 4.000 KB               WR = 4.000 KB        
q4_layer_ctrl:m_axi_norm-HBM[4]          RD = 8.000 KB               WR = 0.000 KB        
q4_layer_ctrl:m_axi_rope-HBM[5]          RD = 32.000 KB              WR = 0.000 KB        

Data transfer on stream interfaces
q4_layer_ctrl:activation_stream0-->PIPE               258.125 KB      
q4_layer_ctrl:activation_stream1-->PIPE               258.125 KB      
PIPE-->q4_layer_ctrl:out_stream0               178.500 KB      
q4_layer_ctrl:activation_stream2-->PIPE               234.125 KB      
PIPE-->q4_layer_ctrl:out_stream1               178.500 KB      
PIPE-->q4_layer_ctrl:out_stream2               171.500 KB      
PIPE-->q4_layer_ctrl:out_stream3               171.500 KB      
q4_layer_ctrl:task_stream0-->PIPE               0.672 KB        
q4_layer_ctrl:task_stream1-->PIPE               0.672 KB        
q4_layer_ctrl:task_stream2-->PIPE               0.625 KB        
q4_layer_ctrl:task_stream3-->PIPE               0.625 KB        
q4_layer_ctrl:vector_stream0a-->PIPE               39.000 KB       
q4_layer_ctrl:vector_stream0b-->PIPE               26.000 KB       
q4_layer_ctrl:vector_stream1a-->PIPE               39.000 KB       
q4_layer_ctrl:activation_stream3-->PIPE               234.125 KB      
q4_layer_ctrl:vector_stream1b-->PIPE               26.000 KB       
q4_layer_ctrl:vector_stream2a-->PIPE               39.000 KB       

INFO::[ Vitis-EM 22 ] [Time elapsed: 31 minute(s) 2 seconds, Emulation time: 0.65702 ms]
Data transfer between kernel(s) and global memory(s)
q4_layer_ctrl:m_axi_scales-HBM[6]          RD = 0.094 KB               WR = 0.000 KB        
q4_layer_ctrl:m_axi_weight0a-HBM[8]          RD = 2128.000 KB            WR = 0.000 KB        
q4_layer_ctrl:m_axi_weight0b-HBM[9]          RD = 2128.000 KB            WR = 0.000 KB        
q4_layer_ctrl:m_axi_weight1a-HBM[10]          RD = 2128.000 KB            WR = 0.000 KB        
q4_layer_ctrl:m_axi_weight1b-HBM[11]          RD = 2128.000 KB            WR = 0.000 KB        
q4_layer_ctrl:m_axi_weight2a-HBM[12]          RD = 1936.000 KB            WR = 0.000 KB        
q4_layer_ctrl:m_axi_weight2b-HBM[13]          RD = 1936.000 KB            WR = 0.000 KB        
q4_layer_ctrl:m_axi_weight3a-HBM[14]          RD = 1936.000 KB            WR = 0.000 KB        
q4_layer_ctrl:m_axi_weight3b-HBM[15]          RD = 1936.000 KB            WR = 0.000 KB        
q4_layer_ctrl:m_axi_hidden_in-HBM[0]          RD = 32.000 KB              WR = 0.000 KB        
q4_layer_ctrl:m_axi_hidden_out-HBM[1]          RD = 0.000 KB               WR = 0.000 KB        
q4_layer_ctrl:m_axi_kv_k-HBM[2]          RD = 4.000 KB               WR = 4.000 KB        
q4_layer_ctrl:m_axi_kv_v-HBM[3]          RD = 4.000 KB               WR = 4.000 KB        
q4_layer_ctrl:m_axi_norm-HBM[4]          RD = 8.000 KB               WR = 0.000 KB        
q4_layer_ctrl:m_axi_rope-HBM[5]          RD = 32.000 KB              WR = 0.000 KB        

Data transfer on stream interfaces
q4_layer_ctrl:activation_stream0-->PIPE               267.672 KB      
q4_layer_ctrl:activation_stream1-->PIPE               267.672 KB      
PIPE-->q4_layer_ctrl:out_stream0               185.500 KB      
q4_layer_ctrl:activation_stream2-->PIPE               243.672 KB      
PIPE-->q4_layer_ctrl:out_stream1               185.500 KB      
PIPE-->q4_layer_ctrl:out_stream2               175.000 KB      
PIPE-->q4_layer_ctrl:out_stream3               175.000 KB      
q4_layer_ctrl:task_stream0-->PIPE               0.703 KB        
q4_layer_ctrl:task_stream1-->PIPE               0.703 KB        
q4_layer_ctrl:task_stream2-->PIPE               0.656 KB        
q4_layer_ctrl:task_stream3-->PIPE               0.656 KB        
q4_layer_ctrl:vector_stream0a-->PIPE               39.000 KB       
q4_layer_ctrl:vector_stream0b-->PIPE               26.000 KB       
q4_layer_ctrl:vector_stream1a-->PIPE               39.000 KB       
q4_layer_ctrl:activation_stream3-->PIPE               243.672 KB      
q4_layer_ctrl:vector_stream1b-->PIPE               26.000 KB       
q4_layer_ctrl:vector_stream2a-->PIPE               39.000 KB       

INFO::[ Vitis-EM 22 ] [Time elapsed: 31 minute(s) 16 seconds, Emulation time: 0.659027 ms]
Data transfer between kernel(s) and global memory(s)
q4_layer_ctrl:m_axi_scales-HBM[6]          RD = 0.094 KB               WR = 0.000 KB        
q4_layer_ctrl:m_axi_weight0a-HBM[8]          RD = 2147.000 KB            WR = 0.000 KB        
q4_layer_ctrl:m_axi_weight0b-HBM[9]          RD = 2147.000 KB            WR = 0.000 KB        
q4_layer_ctrl:m_axi_weight1a-HBM[10]          RD = 2147.000 KB            WR = 0.000 KB        
q4_layer_ctrl:m_axi_weight1b-HBM[11]          RD = 2147.000 KB            WR = 0.000 KB        
q4_layer_ctrl:m_axi_weight2a-HBM[12]          RD = 1955.000 KB            WR = 0.000 KB        
q4_layer_ctrl:m_axi_weight2b-HBM[13]          RD = 1955.000 KB            WR = 0.000 KB        
q4_layer_ctrl:m_axi_weight3a-HBM[14]          RD = 1955.000 KB            WR = 0.000 KB        
q4_layer_ctrl:m_axi_weight3b-HBM[15]          RD = 1955.000 KB            WR = 0.000 KB        
q4_layer_ctrl:m_axi_hidden_in-HBM[0]          RD = 32.000 KB              WR = 0.000 KB        
q4_layer_ctrl:m_axi_hidden_out-HBM[1]          RD = 0.000 KB               WR = 0.000 KB        
q4_layer_ctrl:m_axi_kv_k-HBM[2]          RD = 4.000 KB               WR = 4.000 KB        
q4_layer_ctrl:m_axi_kv_v-HBM[3]          RD = 4.000 KB               WR = 4.000 KB        
q4_layer_ctrl:m_axi_norm-HBM[4]          RD = 8.000 KB               WR = 0.000 KB        
q4_layer_ctrl:m_axi_rope-HBM[5]          RD = 32.000 KB              WR = 0.000 KB        

Data transfer on stream interfaces
q4_layer_ctrl:activation_stream0-->PIPE               270.023 KB      
q4_layer_ctrl:activation_stream1-->PIPE               270.023 KB      
PIPE-->q4_layer_ctrl:out_stream0               185.500 KB      
q4_layer_ctrl:activation_stream2-->PIPE               246.023 KB      
PIPE-->q4_layer_ctrl:out_stream1               185.500 KB      
PIPE-->q4_layer_ctrl:out_stream2               175.000 KB      
PIPE-->q4_layer_ctrl:out_stream3               175.000 KB      
q4_layer_ctrl:task_stream0-->PIPE               0.703 KB        
q4_layer_ctrl:task_stream1-->PIPE               0.703 KB        
q4_layer_ctrl:task_stream2-->PIPE               0.656 KB        
q4_layer_ctrl:task_stream3-->PIPE               0.656 KB        
q4_layer_ctrl:vector_stream0a-->PIPE               39.000 KB       
q4_layer_ctrl:vector_stream0b-->PIPE               26.000 KB       
q4_layer_ctrl:vector_stream1a-->PIPE               39.000 KB       
q4_layer_ctrl:activation_stream3-->PIPE               246.023 KB      
q4_layer_ctrl:vector_stream1b-->PIPE               26.000 KB       
q4_layer_ctrl:vector_stream2a-->PIPE               39.000 KB       

INFO::[ Vitis-EM 22 ] [Time elapsed: 31 minute(s) 51 seconds, Emulation time: 0.665055 ms]
Data transfer between kernel(s) and global memory(s)
q4_layer_ctrl:m_axi_scales-HBM[6]          RD = 0.094 KB               WR = 0.000 KB        
q4_layer_ctrl:m_axi_weight0a-HBM[8]          RD = 2201.000 KB            WR = 0.000 KB        
q4_layer_ctrl:m_axi_weight0b-HBM[9]          RD = 2201.000 KB            WR = 0.000 KB        
q4_layer_ctrl:m_axi_weight1a-HBM[10]          RD = 2201.000 KB            WR = 0.000 KB        
q4_layer_ctrl:m_axi_weight1b-HBM[11]          RD = 2201.000 KB            WR = 0.000 KB        
q4_layer_ctrl:m_axi_weight2a-HBM[12]          RD = 2009.000 KB            WR = 0.000 KB        
q4_layer_ctrl:m_axi_weight2b-HBM[13]          RD = 2009.000 KB            WR = 0.000 KB        
q4_layer_ctrl:m_axi_weight3a-HBM[14]          RD = 2009.000 KB            WR = 0.000 KB        
q4_layer_ctrl:m_axi_weight3b-HBM[15]          RD = 2009.000 KB            WR = 0.000 KB        
q4_layer_ctrl:m_axi_hidden_in-HBM[0]          RD = 32.000 KB              WR = 0.000 KB        
q4_layer_ctrl:m_axi_hidden_out-HBM[1]          RD = 0.000 KB               WR = 0.000 KB        
q4_layer_ctrl:m_axi_kv_k-HBM[2]          RD = 4.000 KB               WR = 4.000 KB        
q4_layer_ctrl:m_axi_kv_v-HBM[3]          RD = 4.000 KB               WR = 4.000 KB        
q4_layer_ctrl:m_axi_norm-HBM[4]          RD = 8.000 KB               WR = 0.000 KB        
q4_layer_ctrl:m_axi_rope-HBM[5]          RD = 32.000 KB              WR = 0.000 KB        

Data transfer on stream interfaces
q4_layer_ctrl:activation_stream0-->PIPE               276.797 KB      
q4_layer_ctrl:activation_stream1-->PIPE               276.797 KB      
PIPE-->q4_layer_ctrl:out_stream0               189.000 KB      
q4_layer_ctrl:activation_stream2-->PIPE               252.797 KB      
PIPE-->q4_layer_ctrl:out_stream1               189.000 KB      
PIPE-->q4_layer_ctrl:out_stream2               178.500 KB      
PIPE-->q4_layer_ctrl:out_stream3               178.500 KB      
q4_layer_ctrl:task_stream0-->PIPE               0.719 KB        
q4_layer_ctrl:task_stream1-->PIPE               0.719 KB        
q4_layer_ctrl:task_stream2-->PIPE               0.672 KB        
q4_layer_ctrl:task_stream3-->PIPE               0.672 KB        
q4_layer_ctrl:vector_stream0a-->PIPE               39.000 KB       
q4_layer_ctrl:vector_stream0b-->PIPE               26.000 KB       
q4_layer_ctrl:vector_stream1a-->PIPE               39.000 KB       
q4_layer_ctrl:activation_stream3-->PIPE               252.797 KB      
q4_layer_ctrl:vector_stream1b-->PIPE               26.000 KB       
q4_layer_ctrl:vector_stream2a-->PIPE               39.000 KB       

INFO::[ Vitis-EM 22 ] [Time elapsed: 32 minute(s) 4 seconds, Emulation time: 0.667062 ms]
Data transfer between kernel(s) and global memory(s)
q4_layer_ctrl:m_axi_scales-HBM[6]          RD = 0.094 KB               WR = 0.000 KB        
q4_layer_ctrl:m_axi_weight0a-HBM[8]          RD = 2220.000 KB            WR = 0.000 KB        
q4_layer_ctrl:m_axi_weight0b-HBM[9]          RD = 2220.000 KB            WR = 0.000 KB        
q4_layer_ctrl:m_axi_weight1a-HBM[10]          RD = 2220.000 KB            WR = 0.000 KB        
q4_layer_ctrl:m_axi_weight1b-HBM[11]          RD = 2220.000 KB            WR = 0.000 KB        
q4_layer_ctrl:m_axi_weight2a-HBM[12]          RD = 2028.000 KB            WR = 0.000 KB        
q4_layer_ctrl:m_axi_weight2b-HBM[13]          RD = 2028.000 KB            WR = 0.000 KB        
q4_layer_ctrl:m_axi_weight3a-HBM[14]          RD = 2028.000 KB            WR = 0.000 KB        
q4_layer_ctrl:m_axi_weight3b-HBM[15]          RD = 2028.000 KB            WR = 0.000 KB        
q4_layer_ctrl:m_axi_hidden_in-HBM[0]          RD = 32.000 KB              WR = 0.000 KB        
q4_layer_ctrl:m_axi_hidden_out-HBM[1]          RD = 0.000 KB               WR = 0.000 KB        
q4_layer_ctrl:m_axi_kv_k-HBM[2]          RD = 4.000 KB               WR = 4.000 KB        
q4_layer_ctrl:m_axi_kv_v-HBM[3]          RD = 4.000 KB               WR = 4.000 KB        
q4_layer_ctrl:m_axi_norm-HBM[4]          RD = 8.000 KB               WR = 0.000 KB        
q4_layer_ctrl:m_axi_rope-HBM[5]          RD = 32.000 KB              WR = 0.000 KB        

Data transfer on stream interfaces
q4_layer_ctrl:activation_stream0-->PIPE               279.148 KB      
q4_layer_ctrl:activation_stream1-->PIPE               279.148 KB      
PIPE-->q4_layer_ctrl:out_stream0               189.000 KB      
q4_layer_ctrl:activation_stream2-->PIPE               255.148 KB      
PIPE-->q4_layer_ctrl:out_stream1               189.000 KB      
PIPE-->q4_layer_ctrl:out_stream2               178.500 KB      
PIPE-->q4_layer_ctrl:out_stream3               178.500 KB      
q4_layer_ctrl:task_stream0-->PIPE               0.719 KB        
q4_layer_ctrl:task_stream1-->PIPE               0.719 KB        
q4_layer_ctrl:task_stream2-->PIPE               0.672 KB        
q4_layer_ctrl:task_stream3-->PIPE               0.672 KB        
q4_layer_ctrl:vector_stream0a-->PIPE               39.000 KB       
q4_layer_ctrl:vector_stream0b-->PIPE               26.000 KB       
q4_layer_ctrl:vector_stream1a-->PIPE               39.000 KB       
q4_layer_ctrl:activation_stream3-->PIPE               255.148 KB      
q4_layer_ctrl:vector_stream1b-->PIPE               26.000 KB       
q4_layer_ctrl:vector_stream2a-->PIPE               39.000 KB       

INFO::[ Vitis-EM 22 ] [Time elapsed: 32 minute(s) 16 seconds, Emulation time: 0.669069 ms]
Data transfer between kernel(s) and global memory(s)
q4_layer_ctrl:m_axi_scales-HBM[6]          RD = 0.094 KB               WR = 0.000 KB        
q4_layer_ctrl:m_axi_weight0a-HBM[8]          RD = 2239.000 KB            WR = 0.000 KB        
q4_layer_ctrl:m_axi_weight0b-HBM[9]          RD = 2239.000 KB            WR = 0.000 KB        
q4_layer_ctrl:m_axi_weight1a-HBM[10]          RD = 2239.000 KB            WR = 0.000 KB        
q4_layer_ctrl:m_axi_weight1b-HBM[11]          RD = 2239.000 KB            WR = 0.000 KB        
q4_layer_ctrl:m_axi_weight2a-HBM[12]          RD = 2047.000 KB            WR = 0.000 KB        
q4_layer_ctrl:m_axi_weight2b-HBM[13]          RD = 2047.000 KB            WR = 0.000 KB        
q4_layer_ctrl:m_axi_weight3a-HBM[14]          RD = 2047.000 KB            WR = 0.000 KB        
q4_layer_ctrl:m_axi_weight3b-HBM[15]          RD = 2047.000 KB            WR = 0.000 KB        
q4_layer_ctrl:m_axi_hidden_in-HBM[0]          RD = 32.000 KB              WR = 0.000 KB        
q4_layer_ctrl:m_axi_hidden_out-HBM[1]          RD = 0.000 KB               WR = 0.000 KB        
q4_layer_ctrl:m_axi_kv_k-HBM[2]          RD = 4.000 KB               WR = 4.000 KB        
q4_layer_ctrl:m_axi_kv_v-HBM[3]          RD = 4.000 KB               WR = 4.000 KB        
q4_layer_ctrl:m_axi_norm-HBM[4]          RD = 8.000 KB               WR = 0.000 KB        
q4_layer_ctrl:m_axi_rope-HBM[5]          RD = 32.000 KB              WR = 0.000 KB        

Data transfer on stream interfaces
q4_layer_ctrl:activation_stream0-->PIPE               281.500 KB      
q4_layer_ctrl:activation_stream1-->PIPE               281.500 KB      
PIPE-->q4_layer_ctrl:out_stream0               189.000 KB      
q4_layer_ctrl:activation_stream2-->PIPE               257.500 KB      
PIPE-->q4_layer_ctrl:out_stream1               189.000 KB      
PIPE-->q4_layer_ctrl:out_stream2               178.500 KB      
PIPE-->q4_layer_ctrl:out_stream3               178.500 KB      
q4_layer_ctrl:task_stream0-->PIPE               0.719 KB        
q4_layer_ctrl:task_stream1-->PIPE               0.719 KB        
q4_layer_ctrl:task_stream2-->PIPE               0.672 KB        
q4_layer_ctrl:task_stream3-->PIPE               0.672 KB        
q4_layer_ctrl:vector_stream0a-->PIPE               39.000 KB       
q4_layer_ctrl:vector_stream0b-->PIPE               26.000 KB       
q4_layer_ctrl:vector_stream1a-->PIPE               39.000 KB       
q4_layer_ctrl:activation_stream3-->PIPE               257.500 KB      
q4_layer_ctrl:vector_stream1b-->PIPE               26.000 KB       
q4_layer_ctrl:vector_stream2a-->PIPE               39.000 KB       

INFO::[ Vitis-EM 22 ] [Time elapsed: 32 minute(s) 28 seconds, Emulation time: 0.671083 ms]
Data transfer between kernel(s) and global memory(s)
q4_layer_ctrl:m_axi_scales-HBM[6]          RD = 0.094 KB               WR = 0.000 KB        
q4_layer_ctrl:m_axi_weight0a-HBM[8]          RD = 2255.500 KB            WR = 0.000 KB        
q4_layer_ctrl:m_axi_weight0b-HBM[9]          RD = 2255.500 KB            WR = 0.000 KB        
q4_layer_ctrl:m_axi_weight1a-HBM[10]          RD = 2255.500 KB            WR = 0.000 KB        
q4_layer_ctrl:m_axi_weight1b-HBM[11]          RD = 2255.500 KB            WR = 0.000 KB        
q4_layer_ctrl:m_axi_weight2a-HBM[12]          RD = 2063.500 KB            WR = 0.000 KB        
q4_layer_ctrl:m_axi_weight2b-HBM[13]          RD = 2063.500 KB            WR = 0.000 KB        
q4_layer_ctrl:m_axi_weight3a-HBM[14]          RD = 2063.500 KB            WR = 0.000 KB        
q4_layer_ctrl:m_axi_weight3b-HBM[15]          RD = 2063.500 KB            WR = 0.000 KB        
q4_layer_ctrl:m_axi_hidden_in-HBM[0]          RD = 32.000 KB              WR = 0.000 KB        
q4_layer_ctrl:m_axi_hidden_out-HBM[1]          RD = 0.000 KB               WR = 0.000 KB        
q4_layer_ctrl:m_axi_kv_k-HBM[2]          RD = 4.000 KB               WR = 4.000 KB        
q4_layer_ctrl:m_axi_kv_v-HBM[3]          RD = 4.000 KB               WR = 4.000 KB        
q4_layer_ctrl:m_axi_norm-HBM[4]          RD = 8.000 KB               WR = 0.000 KB        
q4_layer_ctrl:m_axi_rope-HBM[5]          RD = 32.000 KB              WR = 0.000 KB        

Data transfer on stream interfaces
q4_layer_ctrl:activation_stream0-->PIPE               283.570 KB      
q4_layer_ctrl:activation_stream1-->PIPE               283.570 KB      
PIPE-->q4_layer_ctrl:out_stream0               192.500 KB      
q4_layer_ctrl:activation_stream2-->PIPE               259.570 KB      
PIPE-->q4_layer_ctrl:out_stream1               192.500 KB      
PIPE-->q4_layer_ctrl:out_stream2               182.000 KB      
PIPE-->q4_layer_ctrl:out_stream3               182.000 KB      
q4_layer_ctrl:task_stream0-->PIPE               0.734 KB        
q4_layer_ctrl:task_stream1-->PIPE               0.734 KB        
q4_layer_ctrl:task_stream2-->PIPE               0.688 KB        
q4_layer_ctrl:task_stream3-->PIPE               0.688 KB        
q4_layer_ctrl:vector_stream0a-->PIPE               39.000 KB       
q4_layer_ctrl:vector_stream0b-->PIPE               26.000 KB       
q4_layer_ctrl:vector_stream1a-->PIPE               39.000 KB       
q4_layer_ctrl:activation_stream3-->PIPE               259.570 KB      
q4_layer_ctrl:vector_stream1b-->PIPE               26.000 KB       
q4_layer_ctrl:vector_stream2a-->PIPE               39.000 KB       

INFO::[ Vitis-EM 22 ] [Time elapsed: 32 minute(s) 46 seconds, Emulation time: 0.674096 ms]
Data transfer between kernel(s) and global memory(s)
q4_layer_ctrl:m_axi_scales-HBM[6]          RD = 0.094 KB               WR = 0.000 KB        
q4_layer_ctrl:m_axi_weight0a-HBM[8]          RD = 2283.500 KB            WR = 0.000 KB        
q4_layer_ctrl:m_axi_weight0b-HBM[9]          RD = 2283.500 KB            WR = 0.000 KB        
q4_layer_ctrl:m_axi_weight1a-HBM[10]          RD = 2283.500 KB            WR = 0.000 KB        
q4_layer_ctrl:m_axi_weight1b-HBM[11]          RD = 2283.500 KB            WR = 0.000 KB        
q4_layer_ctrl:m_axi_weight2a-HBM[12]          RD = 2091.500 KB            WR = 0.000 KB        
q4_layer_ctrl:m_axi_weight2b-HBM[13]          RD = 2091.500 KB            WR = 0.000 KB        
q4_layer_ctrl:m_axi_weight3a-HBM[14]          RD = 2091.500 KB            WR = 0.000 KB        
q4_layer_ctrl:m_axi_weight3b-HBM[15]          RD = 2091.500 KB            WR = 0.000 KB        
q4_layer_ctrl:m_axi_hidden_in-HBM[0]          RD = 32.000 KB              WR = 0.000 KB        
q4_layer_ctrl:m_axi_hidden_out-HBM[1]          RD = 0.000 KB               WR = 0.000 KB        
q4_layer_ctrl:m_axi_kv_k-HBM[2]          RD = 4.000 KB               WR = 4.000 KB        
q4_layer_ctrl:m_axi_kv_v-HBM[3]          RD = 4.000 KB               WR = 4.000 KB        
q4_layer_ctrl:m_axi_norm-HBM[4]          RD = 8.000 KB               WR = 0.000 KB        
q4_layer_ctrl:m_axi_rope-HBM[5]          RD = 32.000 KB              WR = 0.000 KB        

Data transfer on stream interfaces
q4_layer_ctrl:activation_stream0-->PIPE               287.102 KB      
q4_layer_ctrl:activation_stream1-->PIPE               287.102 KB      
PIPE-->q4_layer_ctrl:out_stream0               192.500 KB      
q4_layer_ctrl:activation_stream2-->PIPE               263.102 KB      
PIPE-->q4_layer_ctrl:out_stream1               192.500 KB      
PIPE-->q4_layer_ctrl:out_stream2               182.000 KB      
PIPE-->q4_layer_ctrl:out_stream3               182.000 KB      
q4_layer_ctrl:task_stream0-->PIPE               0.734 KB        
q4_layer_ctrl:task_stream1-->PIPE               0.734 KB        
q4_layer_ctrl:task_stream2-->PIPE               0.688 KB        
q4_layer_ctrl:task_stream3-->PIPE               0.688 KB        
q4_layer_ctrl:vector_stream0a-->PIPE               39.000 KB       
q4_layer_ctrl:vector_stream0b-->PIPE               26.000 KB       
q4_layer_ctrl:vector_stream1a-->PIPE               39.000 KB       
q4_layer_ctrl:activation_stream3-->PIPE               263.102 KB      
q4_layer_ctrl:vector_stream1b-->PIPE               26.000 KB       
q4_layer_ctrl:vector_stream2a-->PIPE               39.000 KB       

INFO::[ Vitis-EM 22 ] [Time elapsed: 33 minute(s) 28 seconds, Emulation time: 0.68113 ms]
Data transfer between kernel(s) and global memory(s)
q4_layer_ctrl:m_axi_scales-HBM[6]          RD = 0.094 KB               WR = 0.000 KB        
q4_layer_ctrl:m_axi_weight0a-HBM[8]          RD = 2347.000 KB            WR = 0.000 KB        
q4_layer_ctrl:m_axi_weight0b-HBM[9]          RD = 2347.000 KB            WR = 0.000 KB        
q4_layer_ctrl:m_axi_weight1a-HBM[10]          RD = 2347.000 KB            WR = 0.000 KB        
q4_layer_ctrl:m_axi_weight1b-HBM[11]          RD = 2347.000 KB            WR = 0.000 KB        
q4_layer_ctrl:m_axi_weight2a-HBM[12]          RD = 2155.000 KB            WR = 0.000 KB        
q4_layer_ctrl:m_axi_weight2b-HBM[13]          RD = 2155.000 KB            WR = 0.000 KB        
q4_layer_ctrl:m_axi_weight3a-HBM[14]          RD = 2155.000 KB            WR = 0.000 KB        
q4_layer_ctrl:m_axi_weight3b-HBM[15]          RD = 2155.000 KB            WR = 0.000 KB        
q4_layer_ctrl:m_axi_hidden_in-HBM[0]          RD = 32.000 KB              WR = 0.000 KB        
q4_layer_ctrl:m_axi_hidden_out-HBM[1]          RD = 0.000 KB               WR = 0.000 KB        
q4_layer_ctrl:m_axi_kv_k-HBM[2]          RD = 4.000 KB               WR = 4.000 KB        
q4_layer_ctrl:m_axi_kv_v-HBM[3]          RD = 4.000 KB               WR = 4.000 KB        
q4_layer_ctrl:m_axi_norm-HBM[4]          RD = 8.000 KB               WR = 0.000 KB        
q4_layer_ctrl:m_axi_rope-HBM[5]          RD = 32.000 KB              WR = 0.000 KB        

Data transfer on stream interfaces
q4_layer_ctrl:activation_stream0-->PIPE               294.918 KB      
q4_layer_ctrl:activation_stream1-->PIPE               294.918 KB      
PIPE-->q4_layer_ctrl:out_stream0               196.000 KB      
q4_layer_ctrl:activation_stream2-->PIPE               270.918 KB      
PIPE-->q4_layer_ctrl:out_stream1               196.000 KB      
PIPE-->q4_layer_ctrl:out_stream2               185.500 KB      
PIPE-->q4_layer_ctrl:out_stream3               185.500 KB      
q4_layer_ctrl:task_stream0-->PIPE               0.750 KB        
q4_layer_ctrl:task_stream1-->PIPE               0.750 KB        
q4_layer_ctrl:task_stream2-->PIPE               0.703 KB        
q4_layer_ctrl:task_stream3-->PIPE               0.703 KB        
q4_layer_ctrl:vector_stream0a-->PIPE               39.000 KB       
q4_layer_ctrl:vector_stream0b-->PIPE               26.000 KB       
q4_layer_ctrl:vector_stream1a-->PIPE               39.000 KB       
q4_layer_ctrl:activation_stream3-->PIPE               270.918 KB      
q4_layer_ctrl:vector_stream1b-->PIPE               26.000 KB       
q4_layer_ctrl:vector_stream2a-->PIPE               39.000 KB       

INFO::[ Vitis-EM 22 ] [Time elapsed: 33 minute(s) 42 seconds, Emulation time: 0.683135 ms]
Data transfer between kernel(s) and global memory(s)
q4_layer_ctrl:m_axi_scales-HBM[6]          RD = 0.094 KB               WR = 0.000 KB        
q4_layer_ctrl:m_axi_weight0a-HBM[8]          RD = 2366.000 KB            WR = 0.000 KB        
q4_layer_ctrl:m_axi_weight0b-HBM[9]          RD = 2366.000 KB            WR = 0.000 KB        
q4_layer_ctrl:m_axi_weight1a-HBM[10]          RD = 2366.000 KB            WR = 0.000 KB        
q4_layer_ctrl:m_axi_weight1b-HBM[11]          RD = 2366.000 KB            WR = 0.000 KB        
q4_layer_ctrl:m_axi_weight2a-HBM[12]          RD = 2174.000 KB            WR = 0.000 KB        
q4_layer_ctrl:m_axi_weight2b-HBM[13]          RD = 2174.000 KB            WR = 0.000 KB        
q4_layer_ctrl:m_axi_weight3a-HBM[14]          RD = 2174.000 KB            WR = 0.000 KB        
q4_layer_ctrl:m_axi_weight3b-HBM[15]          RD = 2174.000 KB            WR = 0.000 KB        
q4_layer_ctrl:m_axi_hidden_in-HBM[0]          RD = 32.000 KB              WR = 0.000 KB        
q4_layer_ctrl:m_axi_hidden_out-HBM[1]          RD = 0.000 KB               WR = 0.000 KB        
q4_layer_ctrl:m_axi_kv_k-HBM[2]          RD = 4.000 KB               WR = 4.000 KB        
q4_layer_ctrl:m_axi_kv_v-HBM[3]          RD = 4.000 KB               WR = 4.000 KB        
q4_layer_ctrl:m_axi_norm-HBM[4]          RD = 8.000 KB               WR = 0.000 KB        
q4_layer_ctrl:m_axi_rope-HBM[5]          RD = 32.000 KB              WR = 0.000 KB        

Data transfer on stream interfaces
q4_layer_ctrl:activation_stream0-->PIPE               297.270 KB      
q4_layer_ctrl:activation_stream1-->PIPE               297.270 KB      
PIPE-->q4_layer_ctrl:out_stream0               196.000 KB      
q4_layer_ctrl:activation_stream2-->PIPE               273.270 KB      
PIPE-->q4_layer_ctrl:out_stream1               196.000 KB      
PIPE-->q4_layer_ctrl:out_stream2               185.500 KB      
PIPE-->q4_layer_ctrl:out_stream3               185.500 KB      
q4_layer_ctrl:task_stream0-->PIPE               0.750 KB        
q4_layer_ctrl:task_stream1-->PIPE               0.750 KB        
q4_layer_ctrl:task_stream2-->PIPE               0.703 KB        
q4_layer_ctrl:task_stream3-->PIPE               0.703 KB        
q4_layer_ctrl:vector_stream0a-->PIPE               39.000 KB       
q4_layer_ctrl:vector_stream0b-->PIPE               26.000 KB       
q4_layer_ctrl:vector_stream1a-->PIPE               39.000 KB       
q4_layer_ctrl:activation_stream3-->PIPE               273.270 KB      
q4_layer_ctrl:vector_stream1b-->PIPE               26.000 KB       
q4_layer_ctrl:vector_stream2a-->PIPE               39.000 KB       

INFO::[ Vitis-EM 22 ] [Time elapsed: 33 minute(s) 53 seconds, Emulation time: 0.685142 ms]
Data transfer between kernel(s) and global memory(s)
q4_layer_ctrl:m_axi_scales-HBM[6]          RD = 0.094 KB               WR = 0.000 KB        
q4_layer_ctrl:m_axi_weight0a-HBM[8]          RD = 2382.000 KB            WR = 0.000 KB        
q4_layer_ctrl:m_axi_weight0b-HBM[9]          RD = 2382.000 KB            WR = 0.000 KB        
q4_layer_ctrl:m_axi_weight1a-HBM[10]          RD = 2382.000 KB            WR = 0.000 KB        
q4_layer_ctrl:m_axi_weight1b-HBM[11]          RD = 2382.000 KB            WR = 0.000 KB        
q4_layer_ctrl:m_axi_weight2a-HBM[12]          RD = 2190.000 KB            WR = 0.000 KB        
q4_layer_ctrl:m_axi_weight2b-HBM[13]          RD = 2190.000 KB            WR = 0.000 KB        
q4_layer_ctrl:m_axi_weight3a-HBM[14]          RD = 2190.000 KB            WR = 0.000 KB        
q4_layer_ctrl:m_axi_weight3b-HBM[15]          RD = 2190.000 KB            WR = 0.000 KB        
q4_layer_ctrl:m_axi_hidden_in-HBM[0]          RD = 32.000 KB              WR = 0.000 KB        
q4_layer_ctrl:m_axi_hidden_out-HBM[1]          RD = 0.000 KB               WR = 0.000 KB        
q4_layer_ctrl:m_axi_kv_k-HBM[2]          RD = 4.000 KB               WR = 4.000 KB        
q4_layer_ctrl:m_axi_kv_v-HBM[3]          RD = 4.000 KB               WR = 4.000 KB        
q4_layer_ctrl:m_axi_norm-HBM[4]          RD = 8.000 KB               WR = 0.000 KB        
q4_layer_ctrl:m_axi_rope-HBM[5]          RD = 32.000 KB              WR = 0.000 KB        

Data transfer on stream interfaces
q4_layer_ctrl:activation_stream0-->PIPE               299.176 KB      
q4_layer_ctrl:activation_stream1-->PIPE               299.176 KB      
PIPE-->q4_layer_ctrl:out_stream0               199.500 KB      
q4_layer_ctrl:activation_stream2-->PIPE               275.176 KB      
PIPE-->q4_layer_ctrl:out_stream1               199.500 KB      
PIPE-->q4_layer_ctrl:out_stream2               189.000 KB      
PIPE-->q4_layer_ctrl:out_stream3               189.000 KB      
q4_layer_ctrl:task_stream0-->PIPE               0.766 KB        
q4_layer_ctrl:task_stream1-->PIPE               0.766 KB        
q4_layer_ctrl:task_stream2-->PIPE               0.719 KB        
q4_layer_ctrl:task_stream3-->PIPE               0.719 KB        
q4_layer_ctrl:vector_stream0a-->PIPE               39.000 KB       
q4_layer_ctrl:vector_stream0b-->PIPE               26.000 KB       
q4_layer_ctrl:vector_stream1a-->PIPE               39.000 KB       
q4_layer_ctrl:activation_stream3-->PIPE               275.176 KB      
q4_layer_ctrl:vector_stream1b-->PIPE               26.000 KB       
q4_layer_ctrl:vector_stream2a-->PIPE               39.000 KB       

INFO::[ Vitis-EM 22 ] [Time elapsed: 34 minute(s) 4 seconds, Emulation time: 0.687149 ms]
Data transfer between kernel(s) and global memory(s)
q4_layer_ctrl:m_axi_scales-HBM[6]          RD = 0.094 KB               WR = 0.000 KB        
q4_layer_ctrl:m_axi_weight0a-HBM[8]          RD = 2400.500 KB            WR = 0.000 KB        
q4_layer_ctrl:m_axi_weight0b-HBM[9]          RD = 2400.500 KB            WR = 0.000 KB        
q4_layer_ctrl:m_axi_weight1a-HBM[10]          RD = 2400.500 KB            WR = 0.000 KB        
q4_layer_ctrl:m_axi_weight1b-HBM[11]          RD = 2400.500 KB            WR = 0.000 KB        
q4_layer_ctrl:m_axi_weight2a-HBM[12]          RD = 2208.500 KB            WR = 0.000 KB        
q4_layer_ctrl:m_axi_weight2b-HBM[13]          RD = 2208.500 KB            WR = 0.000 KB        
q4_layer_ctrl:m_axi_weight3a-HBM[14]          RD = 2208.500 KB            WR = 0.000 KB        
q4_layer_ctrl:m_axi_weight3b-HBM[15]          RD = 2208.500 KB            WR = 0.000 KB        
q4_layer_ctrl:m_axi_hidden_in-HBM[0]          RD = 32.000 KB              WR = 0.000 KB        
q4_layer_ctrl:m_axi_hidden_out-HBM[1]          RD = 0.000 KB               WR = 0.000 KB        
q4_layer_ctrl:m_axi_kv_k-HBM[2]          RD = 4.000 KB               WR = 4.000 KB        
q4_layer_ctrl:m_axi_kv_v-HBM[3]          RD = 4.000 KB               WR = 4.000 KB        
q4_layer_ctrl:m_axi_norm-HBM[4]          RD = 8.000 KB               WR = 0.000 KB        
q4_layer_ctrl:m_axi_rope-HBM[5]          RD = 32.000 KB              WR = 0.000 KB        

Data transfer on stream interfaces
q4_layer_ctrl:activation_stream0-->PIPE               301.527 KB      
q4_layer_ctrl:activation_stream1-->PIPE               301.527 KB      
PIPE-->q4_layer_ctrl:out_stream0               199.500 KB      
q4_layer_ctrl:activation_stream2-->PIPE               277.527 KB      
PIPE-->q4_layer_ctrl:out_stream1               199.500 KB      
PIPE-->q4_layer_ctrl:out_stream2               189.000 KB      
PIPE-->q4_layer_ctrl:out_stream3               189.000 KB      
q4_layer_ctrl:task_stream0-->PIPE               0.766 KB        
q4_layer_ctrl:task_stream1-->PIPE               0.766 KB        
q4_layer_ctrl:task_stream2-->PIPE               0.719 KB        
q4_layer_ctrl:task_stream3-->PIPE               0.719 KB        
q4_layer_ctrl:vector_stream0a-->PIPE               39.000 KB       
q4_layer_ctrl:vector_stream0b-->PIPE               26.000 KB       
q4_layer_ctrl:vector_stream1a-->PIPE               39.000 KB       
q4_layer_ctrl:activation_stream3-->PIPE               277.527 KB      
q4_layer_ctrl:vector_stream1b-->PIPE               26.000 KB       
q4_layer_ctrl:vector_stream2a-->PIPE               39.000 KB       

INFO::[ Vitis-EM 22 ] [Time elapsed: 34 minute(s) 16 seconds, Emulation time: 0.689159 ms]
Data transfer between kernel(s) and global memory(s)
q4_layer_ctrl:m_axi_scales-HBM[6]          RD = 0.094 KB               WR = 0.000 KB        
q4_layer_ctrl:m_axi_weight0a-HBM[8]          RD = 2419.500 KB            WR = 0.000 KB        
q4_layer_ctrl:m_axi_weight0b-HBM[9]          RD = 2419.500 KB            WR = 0.000 KB        
q4_layer_ctrl:m_axi_weight1a-HBM[10]          RD = 2419.500 KB            WR = 0.000 KB        
q4_layer_ctrl:m_axi_weight1b-HBM[11]          RD = 2419.500 KB            WR = 0.000 KB        
q4_layer_ctrl:m_axi_weight2a-HBM[12]          RD = 2227.500 KB            WR = 0.000 KB        
q4_layer_ctrl:m_axi_weight2b-HBM[13]          RD = 2227.500 KB            WR = 0.000 KB        
q4_layer_ctrl:m_axi_weight3a-HBM[14]          RD = 2227.500 KB            WR = 0.000 KB        
q4_layer_ctrl:m_axi_weight3b-HBM[15]          RD = 2227.500 KB            WR = 0.000 KB        
q4_layer_ctrl:m_axi_hidden_in-HBM[0]          RD = 32.000 KB              WR = 0.000 KB        
q4_layer_ctrl:m_axi_hidden_out-HBM[1]          RD = 0.000 KB               WR = 0.000 KB        
q4_layer_ctrl:m_axi_kv_k-HBM[2]          RD = 4.000 KB               WR = 4.000 KB        
q4_layer_ctrl:m_axi_kv_v-HBM[3]          RD = 4.000 KB               WR = 4.000 KB        
q4_layer_ctrl:m_axi_norm-HBM[4]          RD = 8.000 KB               WR = 0.000 KB        
q4_layer_ctrl:m_axi_rope-HBM[5]          RD = 32.000 KB              WR = 0.000 KB        

Data transfer on stream interfaces
q4_layer_ctrl:activation_stream0-->PIPE               303.883 KB      
q4_layer_ctrl:activation_stream1-->PIPE               303.883 KB      
PIPE-->q4_layer_ctrl:out_stream0               199.500 KB      
q4_layer_ctrl:activation_stream2-->PIPE               279.883 KB      
PIPE-->q4_layer_ctrl:out_stream1               199.500 KB      
PIPE-->q4_layer_ctrl:out_stream2               189.000 KB      
PIPE-->q4_layer_ctrl:out_stream3               189.000 KB      
q4_layer_ctrl:task_stream0-->PIPE               0.766 KB        
q4_layer_ctrl:task_stream1-->PIPE               0.766 KB        
q4_layer_ctrl:task_stream2-->PIPE               0.719 KB        
q4_layer_ctrl:task_stream3-->PIPE               0.719 KB        
q4_layer_ctrl:vector_stream0a-->PIPE               39.000 KB       
q4_layer_ctrl:vector_stream0b-->PIPE               26.000 KB       
q4_layer_ctrl:vector_stream1a-->PIPE               39.000 KB       
q4_layer_ctrl:activation_stream3-->PIPE               279.883 KB      
q4_layer_ctrl:vector_stream1b-->PIPE               26.000 KB       
q4_layer_ctrl:vector_stream2a-->PIPE               39.000 KB       

INFO::[ Vitis-EM 22 ] [Time elapsed: 35 minute(s) 39 seconds, Emulation time: 0.704216 ms]
Data transfer between kernel(s) and global memory(s)
q4_layer_ctrl:m_axi_scales-HBM[6]          RD = 0.094 KB               WR = 0.000 KB        
q4_layer_ctrl:m_axi_weight0a-HBM[8]          RD = 2553.500 KB            WR = 0.000 KB        
q4_layer_ctrl:m_axi_weight0b-HBM[9]          RD = 2553.500 KB            WR = 0.000 KB        
q4_layer_ctrl:m_axi_weight1a-HBM[10]          RD = 2553.500 KB            WR = 0.000 KB        
q4_layer_ctrl:m_axi_weight1b-HBM[11]          RD = 2553.500 KB            WR = 0.000 KB        
q4_layer_ctrl:m_axi_weight2a-HBM[12]          RD = 2361.500 KB            WR = 0.000 KB        
q4_layer_ctrl:m_axi_weight2b-HBM[13]          RD = 2361.500 KB            WR = 0.000 KB        
q4_layer_ctrl:m_axi_weight3a-HBM[14]          RD = 2361.500 KB            WR = 0.000 KB        
q4_layer_ctrl:m_axi_weight3b-HBM[15]          RD = 2361.500 KB            WR = 0.000 KB        
q4_layer_ctrl:m_axi_hidden_in-HBM[0]          RD = 32.000 KB              WR = 0.000 KB        
q4_layer_ctrl:m_axi_hidden_out-HBM[1]          RD = 0.000 KB               WR = 0.000 KB        
q4_layer_ctrl:m_axi_kv_k-HBM[2]          RD = 4.000 KB               WR = 4.000 KB        
q4_layer_ctrl:m_axi_kv_v-HBM[3]          RD = 4.000 KB               WR = 4.000 KB        
q4_layer_ctrl:m_axi_norm-HBM[4]          RD = 8.000 KB               WR = 0.000 KB        
q4_layer_ctrl:m_axi_rope-HBM[5]          RD = 32.000 KB              WR = 0.000 KB        

Data transfer on stream interfaces
q4_layer_ctrl:activation_stream0-->PIPE               320.633 KB      
q4_layer_ctrl:activation_stream1-->PIPE               320.633 KB      
PIPE-->q4_layer_ctrl:out_stream0               206.500 KB      
q4_layer_ctrl:activation_stream2-->PIPE               296.633 KB      
PIPE-->q4_layer_ctrl:out_stream1               206.500 KB      
PIPE-->q4_layer_ctrl:out_stream2               196.000 KB      
PIPE-->q4_layer_ctrl:out_stream3               196.000 KB      
q4_layer_ctrl:task_stream0-->PIPE               0.797 KB        
q4_layer_ctrl:task_stream1-->PIPE               0.797 KB        
q4_layer_ctrl:task_stream2-->PIPE               0.750 KB        
q4_layer_ctrl:task_stream3-->PIPE               0.750 KB        
q4_layer_ctrl:vector_stream0a-->PIPE               39.000 KB       
q4_layer_ctrl:vector_stream0b-->PIPE               26.000 KB       
q4_layer_ctrl:vector_stream1a-->PIPE               39.000 KB       
q4_layer_ctrl:activation_stream3-->PIPE               296.633 KB      
q4_layer_ctrl:vector_stream1b-->PIPE               26.000 KB       
q4_layer_ctrl:vector_stream2a-->PIPE               39.000 KB       

INFO::[ Vitis-EM 22 ] [Time elapsed: 35 minute(s) 49 seconds, Emulation time: 0.706235 ms]
Data transfer between kernel(s) and global memory(s)
q4_layer_ctrl:m_axi_scales-HBM[6]          RD = 0.094 KB               WR = 0.000 KB        
q4_layer_ctrl:m_axi_weight0a-HBM[8]          RD = 2569.000 KB            WR = 0.000 KB        
q4_layer_ctrl:m_axi_weight0b-HBM[9]          RD = 2569.000 KB            WR = 0.000 KB        
q4_layer_ctrl:m_axi_weight1a-HBM[10]          RD = 2569.000 KB            WR = 0.000 KB        
q4_layer_ctrl:m_axi_weight1b-HBM[11]          RD = 2569.000 KB            WR = 0.000 KB        
q4_layer_ctrl:m_axi_weight2a-HBM[12]          RD = 2377.000 KB            WR = 0.000 KB        
q4_layer_ctrl:m_axi_weight2b-HBM[13]          RD = 2377.000 KB            WR = 0.000 KB        
q4_layer_ctrl:m_axi_weight3a-HBM[14]          RD = 2377.000 KB            WR = 0.000 KB        
q4_layer_ctrl:m_axi_weight3b-HBM[15]          RD = 2377.000 KB            WR = 0.000 KB        
q4_layer_ctrl:m_axi_hidden_in-HBM[0]          RD = 32.000 KB              WR = 0.000 KB        
q4_layer_ctrl:m_axi_hidden_out-HBM[1]          RD = 0.000 KB               WR = 0.000 KB        
q4_layer_ctrl:m_axi_kv_k-HBM[2]          RD = 4.000 KB               WR = 4.000 KB        
q4_layer_ctrl:m_axi_kv_v-HBM[3]          RD = 4.000 KB               WR = 4.000 KB        
q4_layer_ctrl:m_axi_norm-HBM[4]          RD = 8.000 KB               WR = 0.000 KB        
q4_layer_ctrl:m_axi_rope-HBM[5]          RD = 32.000 KB              WR = 0.000 KB        

Data transfer on stream interfaces
q4_layer_ctrl:activation_stream0-->PIPE               322.641 KB      
q4_layer_ctrl:activation_stream1-->PIPE               322.641 KB      
PIPE-->q4_layer_ctrl:out_stream0               209.289 KB      
q4_layer_ctrl:activation_stream2-->PIPE               298.641 KB      
PIPE-->q4_layer_ctrl:out_stream1               209.289 KB      
PIPE-->q4_layer_ctrl:out_stream2               198.789 KB      
PIPE-->q4_layer_ctrl:out_stream3               198.789 KB      
q4_layer_ctrl:task_stream0-->PIPE               0.812 KB        
q4_layer_ctrl:task_stream1-->PIPE               0.812 KB        
q4_layer_ctrl:task_stream2-->PIPE               0.766 KB        
q4_layer_ctrl:task_stream3-->PIPE               0.766 KB        
q4_layer_ctrl:vector_stream0a-->PIPE               39.000 KB       
q4_layer_ctrl:vector_stream0b-->PIPE               26.000 KB       
q4_layer_ctrl:vector_stream1a-->PIPE               39.000 KB       
q4_layer_ctrl:activation_stream3-->PIPE               298.641 KB      
q4_layer_ctrl:vector_stream1b-->PIPE               26.000 KB       
q4_layer_ctrl:vector_stream2a-->PIPE               39.000 KB       

INFO::[ Vitis-EM 22 ] [Time elapsed: 36 minute(s) 8 seconds, Emulation time: 0.709252 ms]
Data transfer between kernel(s) and global memory(s)
q4_layer_ctrl:m_axi_scales-HBM[6]          RD = 0.094 KB               WR = 0.000 KB        
q4_layer_ctrl:m_axi_weight0a-HBM[8]          RD = 2597.000 KB            WR = 0.000 KB        
q4_layer_ctrl:m_axi_weight0b-HBM[9]          RD = 2597.000 KB            WR = 0.000 KB        
q4_layer_ctrl:m_axi_weight1a-HBM[10]          RD = 2597.000 KB            WR = 0.000 KB        
q4_layer_ctrl:m_axi_weight1b-HBM[11]          RD = 2597.000 KB            WR = 0.000 KB        
q4_layer_ctrl:m_axi_weight2a-HBM[12]          RD = 2405.000 KB            WR = 0.000 KB        
q4_layer_ctrl:m_axi_weight2b-HBM[13]          RD = 2405.000 KB            WR = 0.000 KB        
q4_layer_ctrl:m_axi_weight3a-HBM[14]          RD = 2405.000 KB            WR = 0.000 KB        
q4_layer_ctrl:m_axi_weight3b-HBM[15]          RD = 2405.000 KB            WR = 0.000 KB        
q4_layer_ctrl:m_axi_hidden_in-HBM[0]          RD = 32.000 KB              WR = 0.000 KB        
q4_layer_ctrl:m_axi_hidden_out-HBM[1]          RD = 0.000 KB               WR = 0.000 KB        
q4_layer_ctrl:m_axi_kv_k-HBM[2]          RD = 4.000 KB               WR = 4.000 KB        
q4_layer_ctrl:m_axi_kv_v-HBM[3]          RD = 4.000 KB               WR = 4.000 KB        
q4_layer_ctrl:m_axi_norm-HBM[4]          RD = 8.000 KB               WR = 0.000 KB        
q4_layer_ctrl:m_axi_rope-HBM[5]          RD = 32.000 KB              WR = 0.000 KB        

Data transfer on stream interfaces
q4_layer_ctrl:activation_stream0-->PIPE               326.086 KB      
q4_layer_ctrl:activation_stream1-->PIPE               326.086 KB      
PIPE-->q4_layer_ctrl:out_stream0               210.000 KB      
q4_layer_ctrl:activation_stream2-->PIPE               302.086 KB      
PIPE-->q4_layer_ctrl:out_stream1               210.000 KB      
PIPE-->q4_layer_ctrl:out_stream2               199.500 KB      
PIPE-->q4_layer_ctrl:out_stream3               199.500 KB      
q4_layer_ctrl:task_stream0-->PIPE               0.812 KB        
q4_layer_ctrl:task_stream1-->PIPE               0.812 KB        
q4_layer_ctrl:task_stream2-->PIPE               0.766 KB        
q4_layer_ctrl:task_stream3-->PIPE               0.766 KB        
q4_layer_ctrl:vector_stream0a-->PIPE               39.000 KB       
q4_layer_ctrl:vector_stream0b-->PIPE               26.000 KB       
q4_layer_ctrl:vector_stream1a-->PIPE               39.000 KB       
q4_layer_ctrl:activation_stream3-->PIPE               302.086 KB      
q4_layer_ctrl:vector_stream1b-->PIPE               26.000 KB       
q4_layer_ctrl:vector_stream2a-->PIPE               39.000 KB       

INFO::[ Vitis-EM 22 ] [Time elapsed: 36 minute(s) 20 seconds, Emulation time: 0.711261 ms]
Data transfer between kernel(s) and global memory(s)
q4_layer_ctrl:m_axi_scales-HBM[6]          RD = 0.094 KB               WR = 0.000 KB        
q4_layer_ctrl:m_axi_weight0a-HBM[8]          RD = 2616.000 KB            WR = 0.000 KB        
q4_layer_ctrl:m_axi_weight0b-HBM[9]          RD = 2616.000 KB            WR = 0.000 KB        
q4_layer_ctrl:m_axi_weight1a-HBM[10]          RD = 2616.000 KB            WR = 0.000 KB        
q4_layer_ctrl:m_axi_weight1b-HBM[11]          RD = 2616.000 KB            WR = 0.000 KB        
q4_layer_ctrl:m_axi_weight2a-HBM[12]          RD = 2424.000 KB            WR = 0.000 KB        
q4_layer_ctrl:m_axi_weight2b-HBM[13]          RD = 2424.000 KB            WR = 0.000 KB        
q4_layer_ctrl:m_axi_weight3a-HBM[14]          RD = 2424.000 KB            WR = 0.000 KB        
q4_layer_ctrl:m_axi_weight3b-HBM[15]          RD = 2424.000 KB            WR = 0.000 KB        
q4_layer_ctrl:m_axi_hidden_in-HBM[0]          RD = 32.000 KB              WR = 0.000 KB        
q4_layer_ctrl:m_axi_hidden_out-HBM[1]          RD = 0.000 KB               WR = 0.000 KB        
q4_layer_ctrl:m_axi_kv_k-HBM[2]          RD = 4.000 KB               WR = 4.000 KB        
q4_layer_ctrl:m_axi_kv_v-HBM[3]          RD = 4.000 KB               WR = 4.000 KB        
q4_layer_ctrl:m_axi_norm-HBM[4]          RD = 8.000 KB               WR = 0.000 KB        
q4_layer_ctrl:m_axi_rope-HBM[5]          RD = 32.000 KB              WR = 0.000 KB        

Data transfer on stream interfaces
q4_layer_ctrl:activation_stream0-->PIPE               328.441 KB      
q4_layer_ctrl:activation_stream1-->PIPE               328.441 KB      
PIPE-->q4_layer_ctrl:out_stream0               210.000 KB      
q4_layer_ctrl:activation_stream2-->PIPE               304.441 KB      
PIPE-->q4_layer_ctrl:out_stream1               210.000 KB      
PIPE-->q4_layer_ctrl:out_stream2               199.500 KB      
PIPE-->q4_layer_ctrl:out_stream3               199.500 KB      
q4_layer_ctrl:task_stream0-->PIPE               0.812 KB        
q4_layer_ctrl:task_stream1-->PIPE               0.812 KB        
q4_layer_ctrl:task_stream2-->PIPE               0.766 KB        
q4_layer_ctrl:task_stream3-->PIPE               0.766 KB        
q4_layer_ctrl:vector_stream0a-->PIPE               39.000 KB       
q4_layer_ctrl:vector_stream0b-->PIPE               26.000 KB       
q4_layer_ctrl:vector_stream1a-->PIPE               39.000 KB       
q4_layer_ctrl:activation_stream3-->PIPE               304.441 KB      
q4_layer_ctrl:vector_stream1b-->PIPE               26.000 KB       
q4_layer_ctrl:vector_stream2a-->PIPE               39.000 KB       

INFO::[ Vitis-EM 22 ] [Time elapsed: 36 minute(s) 32 seconds, Emulation time: 0.713274 ms]
Data transfer between kernel(s) and global memory(s)
q4_layer_ctrl:m_axi_scales-HBM[6]          RD = 0.094 KB               WR = 0.000 KB        
q4_layer_ctrl:m_axi_weight0a-HBM[8]          RD = 2631.500 KB            WR = 0.000 KB        
q4_layer_ctrl:m_axi_weight0b-HBM[9]          RD = 2631.500 KB            WR = 0.000 KB        
q4_layer_ctrl:m_axi_weight1a-HBM[10]          RD = 2631.500 KB            WR = 0.000 KB        
q4_layer_ctrl:m_axi_weight1b-HBM[11]          RD = 2631.500 KB            WR = 0.000 KB        
q4_layer_ctrl:m_axi_weight2a-HBM[12]          RD = 2439.500 KB            WR = 0.000 KB        
q4_layer_ctrl:m_axi_weight2b-HBM[13]          RD = 2439.500 KB            WR = 0.000 KB        
q4_layer_ctrl:m_axi_weight3a-HBM[14]          RD = 2439.500 KB            WR = 0.000 KB        
q4_layer_ctrl:m_axi_weight3b-HBM[15]          RD = 2439.500 KB            WR = 0.000 KB        
q4_layer_ctrl:m_axi_hidden_in-HBM[0]          RD = 32.000 KB              WR = 0.000 KB        
q4_layer_ctrl:m_axi_hidden_out-HBM[1]          RD = 0.000 KB               WR = 0.000 KB        
q4_layer_ctrl:m_axi_kv_k-HBM[2]          RD = 4.000 KB               WR = 4.000 KB        
q4_layer_ctrl:m_axi_kv_v-HBM[3]          RD = 4.000 KB               WR = 4.000 KB        
q4_layer_ctrl:m_axi_norm-HBM[4]          RD = 8.000 KB               WR = 0.000 KB        
q4_layer_ctrl:m_axi_rope-HBM[5]          RD = 32.000 KB              WR = 0.000 KB        

Data transfer on stream interfaces
q4_layer_ctrl:activation_stream0-->PIPE               330.562 KB      
q4_layer_ctrl:activation_stream1-->PIPE               330.562 KB      
PIPE-->q4_layer_ctrl:out_stream0               211.094 KB      
q4_layer_ctrl:activation_stream2-->PIPE               306.562 KB      
PIPE-->q4_layer_ctrl:out_stream1               211.094 KB      
PIPE-->q4_layer_ctrl:out_stream2               200.594 KB      
PIPE-->q4_layer_ctrl:out_stream3               200.594 KB      
q4_layer_ctrl:task_stream0-->PIPE               0.828 KB        
q4_layer_ctrl:task_stream1-->PIPE               0.828 KB        
q4_layer_ctrl:task_stream2-->PIPE               0.781 KB        
q4_layer_ctrl:task_stream3-->PIPE               0.781 KB        
q4_layer_ctrl:vector_stream0a-->PIPE               39.000 KB       
q4_layer_ctrl:vector_stream0b-->PIPE               26.000 KB       
q4_layer_ctrl:vector_stream1a-->PIPE               39.000 KB       
q4_layer_ctrl:activation_stream3-->PIPE               306.562 KB      
q4_layer_ctrl:vector_stream1b-->PIPE               26.000 KB       
q4_layer_ctrl:vector_stream2a-->PIPE               39.000 KB       

INFO::[ Vitis-EM 22 ] [Time elapsed: 37 minute(s) 6 seconds, Emulation time: 0.718292 ms]
Data transfer between kernel(s) and global memory(s)
q4_layer_ctrl:m_axi_scales-HBM[6]          RD = 0.094 KB               WR = 0.000 KB        
q4_layer_ctrl:m_axi_weight0a-HBM[8]          RD = 2678.500 KB            WR = 0.000 KB        
q4_layer_ctrl:m_axi_weight0b-HBM[9]          RD = 2678.500 KB            WR = 0.000 KB        
q4_layer_ctrl:m_axi_weight1a-HBM[10]          RD = 2678.500 KB            WR = 0.000 KB        
q4_layer_ctrl:m_axi_weight1b-HBM[11]          RD = 2678.500 KB            WR = 0.000 KB        
q4_layer_ctrl:m_axi_weight2a-HBM[12]          RD = 2486.500 KB            WR = 0.000 KB        
q4_layer_ctrl:m_axi_weight2b-HBM[13]          RD = 2486.500 KB            WR = 0.000 KB        
q4_layer_ctrl:m_axi_weight3a-HBM[14]          RD = 2486.500 KB            WR = 0.000 KB        
q4_layer_ctrl:m_axi_weight3b-HBM[15]          RD = 2486.500 KB            WR = 0.000 KB        
q4_layer_ctrl:m_axi_hidden_in-HBM[0]          RD = 32.000 KB              WR = 0.000 KB        
q4_layer_ctrl:m_axi_hidden_out-HBM[1]          RD = 0.000 KB               WR = 0.000 KB        
q4_layer_ctrl:m_axi_kv_k-HBM[2]          RD = 4.000 KB               WR = 4.000 KB        
q4_layer_ctrl:m_axi_kv_v-HBM[3]          RD = 4.000 KB               WR = 4.000 KB        
q4_layer_ctrl:m_axi_norm-HBM[4]          RD = 8.000 KB               WR = 0.000 KB        
q4_layer_ctrl:m_axi_rope-HBM[5]          RD = 32.000 KB              WR = 0.000 KB        

Data transfer on stream interfaces
q4_layer_ctrl:activation_stream0-->PIPE               336.234 KB      
q4_layer_ctrl:activation_stream1-->PIPE               336.234 KB      
PIPE-->q4_layer_ctrl:out_stream0               213.500 KB      
q4_layer_ctrl:activation_stream2-->PIPE               312.234 KB      
PIPE-->q4_layer_ctrl:out_stream1               213.500 KB      
PIPE-->q4_layer_ctrl:out_stream2               203.000 KB      
PIPE-->q4_layer_ctrl:out_stream3               203.000 KB      
q4_layer_ctrl:task_stream0-->PIPE               0.828 KB        
q4_layer_ctrl:task_stream1-->PIPE               0.828 KB        
q4_layer_ctrl:task_stream2-->PIPE               0.781 KB        
q4_layer_ctrl:task_stream3-->PIPE               0.781 KB        
q4_layer_ctrl:vector_stream0a-->PIPE               39.000 KB       
q4_layer_ctrl:vector_stream0b-->PIPE               26.000 KB       
q4_layer_ctrl:vector_stream1a-->PIPE               39.000 KB       
q4_layer_ctrl:activation_stream3-->PIPE               312.234 KB      
q4_layer_ctrl:vector_stream1b-->PIPE               26.000 KB       
q4_layer_ctrl:vector_stream2a-->PIPE               39.000 KB       

INFO::[ Vitis-EM 22 ] [Time elapsed: 39 minute(s) 35 seconds, Emulation time: 0.744382 ms]
Data transfer between kernel(s) and global memory(s)
q4_layer_ctrl:m_axi_scales-HBM[6]          RD = 0.094 KB               WR = 0.000 KB        
q4_layer_ctrl:m_axi_weight0a-HBM[8]          RD = 2908.500 KB            WR = 0.000 KB        
q4_layer_ctrl:m_axi_weight0b-HBM[9]          RD = 2908.500 KB            WR = 0.000 KB        
q4_layer_ctrl:m_axi_weight1a-HBM[10]          RD = 2908.500 KB            WR = 0.000 KB        
q4_layer_ctrl:m_axi_weight1b-HBM[11]          RD = 2908.500 KB            WR = 0.000 KB        
q4_layer_ctrl:m_axi_weight2a-HBM[12]          RD = 2716.500 KB            WR = 0.000 KB        
q4_layer_ctrl:m_axi_weight2b-HBM[13]          RD = 2716.500 KB            WR = 0.000 KB        
q4_layer_ctrl:m_axi_weight3a-HBM[14]          RD = 2716.500 KB            WR = 0.000 KB        
q4_layer_ctrl:m_axi_weight3b-HBM[15]          RD = 2716.500 KB            WR = 0.000 KB        
q4_layer_ctrl:m_axi_hidden_in-HBM[0]          RD = 32.000 KB              WR = 0.000 KB        
q4_layer_ctrl:m_axi_hidden_out-HBM[1]          RD = 0.000 KB               WR = 0.000 KB        
q4_layer_ctrl:m_axi_kv_k-HBM[2]          RD = 4.000 KB               WR = 4.000 KB        
q4_layer_ctrl:m_axi_kv_v-HBM[3]          RD = 4.000 KB               WR = 4.000 KB        
q4_layer_ctrl:m_axi_norm-HBM[4]          RD = 8.000 KB               WR = 0.000 KB        
q4_layer_ctrl:m_axi_rope-HBM[5]          RD = 32.000 KB              WR = 0.000 KB        

Data transfer on stream interfaces
q4_layer_ctrl:activation_stream0-->PIPE               365.020 KB      
q4_layer_ctrl:activation_stream1-->PIPE               365.020 KB      
PIPE-->q4_layer_ctrl:out_stream0               227.500 KB      
q4_layer_ctrl:activation_stream2-->PIPE               341.020 KB      
PIPE-->q4_layer_ctrl:out_stream1               227.500 KB      
PIPE-->q4_layer_ctrl:out_stream2               217.000 KB      
PIPE-->q4_layer_ctrl:out_stream3               217.000 KB      
q4_layer_ctrl:task_stream0-->PIPE               0.891 KB        
q4_layer_ctrl:task_stream1-->PIPE               0.891 KB        
q4_layer_ctrl:task_stream2-->PIPE               0.844 KB        
q4_layer_ctrl:task_stream3-->PIPE               0.844 KB        
q4_layer_ctrl:vector_stream0a-->PIPE               39.000 KB       
q4_layer_ctrl:vector_stream0b-->PIPE               26.000 KB       
q4_layer_ctrl:vector_stream1a-->PIPE               39.000 KB       
q4_layer_ctrl:activation_stream3-->PIPE               341.020 KB      
q4_layer_ctrl:vector_stream1b-->PIPE               26.000 KB       
q4_layer_ctrl:vector_stream2a-->PIPE               39.000 KB       

INFO::[ Vitis-EM 22 ] [Time elapsed: 40 minute(s) 43 seconds, Emulation time: 0.756443 ms]
Data transfer between kernel(s) and global memory(s)
q4_layer_ctrl:m_axi_scales-HBM[6]          RD = 0.094 KB               WR = 0.000 KB        
q4_layer_ctrl:m_axi_weight0a-HBM[8]          RD = 3014.500 KB            WR = 0.000 KB        
q4_layer_ctrl:m_axi_weight0b-HBM[9]          RD = 3014.500 KB            WR = 0.000 KB        
q4_layer_ctrl:m_axi_weight1a-HBM[10]          RD = 3014.500 KB            WR = 0.000 KB        
q4_layer_ctrl:m_axi_weight1b-HBM[11]          RD = 3014.500 KB            WR = 0.000 KB        
q4_layer_ctrl:m_axi_weight2a-HBM[12]          RD = 2822.500 KB            WR = 0.000 KB        
q4_layer_ctrl:m_axi_weight2b-HBM[13]          RD = 2822.500 KB            WR = 0.000 KB        
q4_layer_ctrl:m_axi_weight3a-HBM[14]          RD = 2822.500 KB            WR = 0.000 KB        
q4_layer_ctrl:m_axi_weight3b-HBM[15]          RD = 2822.500 KB            WR = 0.000 KB        
q4_layer_ctrl:m_axi_hidden_in-HBM[0]          RD = 32.000 KB              WR = 0.000 KB        
q4_layer_ctrl:m_axi_hidden_out-HBM[1]          RD = 0.000 KB               WR = 0.000 KB        
q4_layer_ctrl:m_axi_kv_k-HBM[2]          RD = 4.000 KB               WR = 4.000 KB        
q4_layer_ctrl:m_axi_kv_v-HBM[3]          RD = 4.000 KB               WR = 4.000 KB        
q4_layer_ctrl:m_axi_norm-HBM[4]          RD = 8.000 KB               WR = 0.000 KB        
q4_layer_ctrl:m_axi_rope-HBM[5]          RD = 32.000 KB              WR = 0.000 KB        

Data transfer on stream interfaces
q4_layer_ctrl:activation_stream0-->PIPE               378.469 KB      
q4_layer_ctrl:activation_stream1-->PIPE               378.469 KB      
PIPE-->q4_layer_ctrl:out_stream0               231.219 KB      
q4_layer_ctrl:activation_stream2-->PIPE               354.469 KB      
PIPE-->q4_layer_ctrl:out_stream1               231.219 KB      
PIPE-->q4_layer_ctrl:out_stream2               220.719 KB      
PIPE-->q4_layer_ctrl:out_stream3               220.719 KB      
q4_layer_ctrl:task_stream0-->PIPE               0.922 KB        
q4_layer_ctrl:task_stream1-->PIPE               0.922 KB        
q4_layer_ctrl:task_stream2-->PIPE               0.875 KB        
q4_layer_ctrl:task_stream3-->PIPE               0.875 KB        
q4_layer_ctrl:vector_stream0a-->PIPE               39.000 KB       
q4_layer_ctrl:vector_stream0b-->PIPE               26.000 KB       
q4_layer_ctrl:vector_stream1a-->PIPE               39.000 KB       
q4_layer_ctrl:activation_stream3-->PIPE               354.469 KB      
q4_layer_ctrl:vector_stream1b-->PIPE               26.000 KB       
q4_layer_ctrl:vector_stream2a-->PIPE               39.000 KB       

INFO::[ Vitis-EM 22 ] [Time elapsed: 41 minute(s) 22 seconds, Emulation time: 0.763478 ms]
Data transfer between kernel(s) and global memory(s)
q4_layer_ctrl:m_axi_scales-HBM[6]          RD = 0.094 KB               WR = 0.000 KB        
q4_layer_ctrl:m_axi_weight0a-HBM[8]          RD = 3077.000 KB            WR = 0.000 KB        
q4_layer_ctrl:m_axi_weight0b-HBM[9]          RD = 3077.000 KB            WR = 0.000 KB        
q4_layer_ctrl:m_axi_weight1a-HBM[10]          RD = 3077.000 KB            WR = 0.000 KB        
q4_layer_ctrl:m_axi_weight1b-HBM[11]          RD = 3077.000 KB            WR = 0.000 KB        
q4_layer_ctrl:m_axi_weight2a-HBM[12]          RD = 2885.000 KB            WR = 0.000 KB        
q4_layer_ctrl:m_axi_weight2b-HBM[13]          RD = 2885.000 KB            WR = 0.000 KB        
q4_layer_ctrl:m_axi_weight3a-HBM[14]          RD = 2885.000 KB            WR = 0.000 KB        
q4_layer_ctrl:m_axi_weight3b-HBM[15]          RD = 2885.000 KB            WR = 0.000 KB        
q4_layer_ctrl:m_axi_hidden_in-HBM[0]          RD = 32.000 KB              WR = 0.000 KB        
q4_layer_ctrl:m_axi_hidden_out-HBM[1]          RD = 0.000 KB               WR = 0.000 KB        
q4_layer_ctrl:m_axi_kv_k-HBM[2]          RD = 4.000 KB               WR = 4.000 KB        
q4_layer_ctrl:m_axi_kv_v-HBM[3]          RD = 4.000 KB               WR = 4.000 KB        
q4_layer_ctrl:m_axi_norm-HBM[4]          RD = 8.000 KB               WR = 0.000 KB        
q4_layer_ctrl:m_axi_rope-HBM[5]          RD = 32.000 KB              WR = 0.000 KB        

Data transfer on stream interfaces
q4_layer_ctrl:activation_stream0-->PIPE               386.266 KB      
q4_layer_ctrl:activation_stream1-->PIPE               386.266 KB      
PIPE-->q4_layer_ctrl:out_stream0               234.500 KB      
q4_layer_ctrl:activation_stream2-->PIPE               362.266 KB      
PIPE-->q4_layer_ctrl:out_stream1               234.500 KB      
PIPE-->q4_layer_ctrl:out_stream2               224.000 KB      
PIPE-->q4_layer_ctrl:out_stream3               224.000 KB      
q4_layer_ctrl:task_stream0-->PIPE               0.938 KB        
q4_layer_ctrl:task_stream1-->PIPE               0.938 KB        
q4_layer_ctrl:task_stream2-->PIPE               0.891 KB        
q4_layer_ctrl:task_stream3-->PIPE               0.891 KB        
q4_layer_ctrl:vector_stream0a-->PIPE               39.000 KB       
q4_layer_ctrl:vector_stream0b-->PIPE               26.000 KB       
q4_layer_ctrl:vector_stream1a-->PIPE               39.000 KB       
q4_layer_ctrl:activation_stream3-->PIPE               362.266 KB      
q4_layer_ctrl:vector_stream1b-->PIPE               26.000 KB       
q4_layer_ctrl:vector_stream2a-->PIPE               39.000 KB       

INFO::[ Vitis-EM 22 ] [Time elapsed: 41 minute(s) 44 seconds, Emulation time: 0.767495 ms]
Data transfer between kernel(s) and global memory(s)
q4_layer_ctrl:m_axi_scales-HBM[6]          RD = 0.094 KB               WR = 0.000 KB        
q4_layer_ctrl:m_axi_weight0a-HBM[8]          RD = 3114.500 KB            WR = 0.000 KB        
q4_layer_ctrl:m_axi_weight0b-HBM[9]          RD = 3114.500 KB            WR = 0.000 KB        
q4_layer_ctrl:m_axi_weight1a-HBM[10]          RD = 3114.500 KB            WR = 0.000 KB        
q4_layer_ctrl:m_axi_weight1b-HBM[11]          RD = 3114.500 KB            WR = 0.000 KB        
q4_layer_ctrl:m_axi_weight2a-HBM[12]          RD = 2922.500 KB            WR = 0.000 KB        
q4_layer_ctrl:m_axi_weight2b-HBM[13]          RD = 2922.500 KB            WR = 0.000 KB        
q4_layer_ctrl:m_axi_weight3a-HBM[14]          RD = 2922.500 KB            WR = 0.000 KB        
q4_layer_ctrl:m_axi_weight3b-HBM[15]          RD = 2922.500 KB            WR = 0.000 KB        
q4_layer_ctrl:m_axi_hidden_in-HBM[0]          RD = 32.000 KB              WR = 0.000 KB        
q4_layer_ctrl:m_axi_hidden_out-HBM[1]          RD = 0.000 KB               WR = 0.000 KB        
q4_layer_ctrl:m_axi_kv_k-HBM[2]          RD = 4.000 KB               WR = 4.000 KB        
q4_layer_ctrl:m_axi_kv_v-HBM[3]          RD = 4.000 KB               WR = 4.000 KB        
q4_layer_ctrl:m_axi_norm-HBM[4]          RD = 8.000 KB               WR = 0.000 KB        
q4_layer_ctrl:m_axi_rope-HBM[5]          RD = 32.000 KB              WR = 0.000 KB        

Data transfer on stream interfaces
q4_layer_ctrl:activation_stream0-->PIPE               390.766 KB      
q4_layer_ctrl:activation_stream1-->PIPE               390.766 KB      
PIPE-->q4_layer_ctrl:out_stream0               238.000 KB      
q4_layer_ctrl:activation_stream2-->PIPE               366.766 KB      
PIPE-->q4_layer_ctrl:out_stream1               238.000 KB      
PIPE-->q4_layer_ctrl:out_stream2               227.500 KB      
PIPE-->q4_layer_ctrl:out_stream3               227.500 KB      
q4_layer_ctrl:task_stream0-->PIPE               0.938 KB        
q4_layer_ctrl:task_stream1-->PIPE               0.938 KB        
q4_layer_ctrl:task_stream2-->PIPE               0.891 KB        
q4_layer_ctrl:task_stream3-->PIPE               0.891 KB        
q4_layer_ctrl:vector_stream0a-->PIPE               39.000 KB       
q4_layer_ctrl:vector_stream0b-->PIPE               26.000 KB       
q4_layer_ctrl:vector_stream1a-->PIPE               39.000 KB       
q4_layer_ctrl:activation_stream3-->PIPE               366.766 KB      
q4_layer_ctrl:vector_stream1b-->PIPE               26.000 KB       
q4_layer_ctrl:vector_stream2a-->PIPE               39.000 KB       

INFO::[ Vitis-EM 22 ] [Time elapsed: 43 minute(s) 19 seconds, Emulation time: 0.784559 ms]
Data transfer between kernel(s) and global memory(s)
q4_layer_ctrl:m_axi_scales-HBM[6]          RD = 0.094 KB               WR = 0.000 KB        
q4_layer_ctrl:m_axi_weight0a-HBM[8]          RD = 3264.000 KB            WR = 0.000 KB        
q4_layer_ctrl:m_axi_weight0b-HBM[9]          RD = 3264.000 KB            WR = 0.000 KB        
q4_layer_ctrl:m_axi_weight1a-HBM[10]          RD = 3264.000 KB            WR = 0.000 KB        
q4_layer_ctrl:m_axi_weight1b-HBM[11]          RD = 3264.000 KB            WR = 0.000 KB        
q4_layer_ctrl:m_axi_weight2a-HBM[12]          RD = 3072.000 KB            WR = 0.000 KB        
q4_layer_ctrl:m_axi_weight2b-HBM[13]          RD = 3072.000 KB            WR = 0.000 KB        
q4_layer_ctrl:m_axi_weight3a-HBM[14]          RD = 3072.000 KB            WR = 0.000 KB        
q4_layer_ctrl:m_axi_weight3b-HBM[15]          RD = 3072.000 KB            WR = 0.000 KB        
q4_layer_ctrl:m_axi_hidden_in-HBM[0]          RD = 32.000 KB              WR = 0.000 KB        
q4_layer_ctrl:m_axi_hidden_out-HBM[1]          RD = 0.000 KB               WR = 0.000 KB        
q4_layer_ctrl:m_axi_kv_k-HBM[2]          RD = 4.000 KB               WR = 4.000 KB        
q4_layer_ctrl:m_axi_kv_v-HBM[3]          RD = 4.000 KB               WR = 4.000 KB        
q4_layer_ctrl:m_axi_norm-HBM[4]          RD = 8.000 KB               WR = 0.000 KB        
q4_layer_ctrl:m_axi_rope-HBM[5]          RD = 32.000 KB              WR = 0.000 KB        

Data transfer on stream interfaces
q4_layer_ctrl:activation_stream0-->PIPE               409.867 KB      
q4_layer_ctrl:activation_stream1-->PIPE               409.867 KB      
PIPE-->q4_layer_ctrl:out_stream0               245.000 KB      
q4_layer_ctrl:activation_stream2-->PIPE               385.867 KB      
PIPE-->q4_layer_ctrl:out_stream1               245.000 KB      
PIPE-->q4_layer_ctrl:out_stream2               234.500 KB      
PIPE-->q4_layer_ctrl:out_stream3               234.500 KB      
q4_layer_ctrl:task_stream0-->PIPE               0.969 KB        
q4_layer_ctrl:task_stream1-->PIPE               0.969 KB        
q4_layer_ctrl:task_stream2-->PIPE               0.922 KB        
q4_layer_ctrl:task_stream3-->PIPE               0.922 KB        
q4_layer_ctrl:vector_stream0a-->PIPE               39.000 KB       
q4_layer_ctrl:vector_stream0b-->PIPE               26.000 KB       
q4_layer_ctrl:vector_stream1a-->PIPE               39.000 KB       
q4_layer_ctrl:activation_stream3-->PIPE               385.867 KB      
q4_layer_ctrl:vector_stream1b-->PIPE               26.000 KB       
q4_layer_ctrl:vector_stream2a-->PIPE               39.000 KB       

INFO::[ Vitis-EM 22 ] [Time elapsed: 44 minute(s) 59 seconds, Emulation time: 0.804646 ms]
Data transfer between kernel(s) and global memory(s)
q4_layer_ctrl:m_axi_scales-HBM[6]          RD = 0.094 KB               WR = 0.000 KB        
q4_layer_ctrl:m_axi_weight0a-HBM[8]          RD = 3445.000 KB            WR = 0.000 KB        
q4_layer_ctrl:m_axi_weight0b-HBM[9]          RD = 3445.000 KB            WR = 0.000 KB        
q4_layer_ctrl:m_axi_weight1a-HBM[10]          RD = 3445.000 KB            WR = 0.000 KB        
q4_layer_ctrl:m_axi_weight1b-HBM[11]          RD = 3445.000 KB            WR = 0.000 KB        
q4_layer_ctrl:m_axi_weight2a-HBM[12]          RD = 3200.000 KB            WR = 0.000 KB        
q4_layer_ctrl:m_axi_weight2b-HBM[13]          RD = 3200.000 KB            WR = 0.000 KB        
q4_layer_ctrl:m_axi_weight3a-HBM[14]          RD = 3200.000 KB            WR = 0.000 KB        
q4_layer_ctrl:m_axi_weight3b-HBM[15]          RD = 3200.000 KB            WR = 0.000 KB        
q4_layer_ctrl:m_axi_hidden_in-HBM[0]          RD = 32.000 KB              WR = 0.000 KB        
q4_layer_ctrl:m_axi_hidden_out-HBM[1]          RD = 0.000 KB               WR = 0.000 KB        
q4_layer_ctrl:m_axi_kv_k-HBM[2]          RD = 4.000 KB               WR = 4.000 KB        
q4_layer_ctrl:m_axi_kv_v-HBM[3]          RD = 4.000 KB               WR = 4.000 KB        
q4_layer_ctrl:m_axi_norm-HBM[4]          RD = 8.000 KB               WR = 0.000 KB        
q4_layer_ctrl:m_axi_rope-HBM[5]          RD = 32.000 KB              WR = 0.000 KB        

Data transfer on stream interfaces
q4_layer_ctrl:activation_stream0-->PIPE               432.066 KB      
q4_layer_ctrl:activation_stream1-->PIPE               432.066 KB      
PIPE-->q4_layer_ctrl:out_stream0               255.500 KB      
q4_layer_ctrl:activation_stream2-->PIPE               402.125 KB      
PIPE-->q4_layer_ctrl:out_stream1               255.500 KB      
PIPE-->q4_layer_ctrl:out_stream2               245.000 KB      
PIPE-->q4_layer_ctrl:out_stream3               245.000 KB      
q4_layer_ctrl:task_stream0-->PIPE               1.016 KB        
q4_layer_ctrl:task_stream1-->PIPE               1.016 KB        
q4_layer_ctrl:task_stream2-->PIPE               0.953 KB        
q4_layer_ctrl:task_stream3-->PIPE               0.953 KB        
q4_layer_ctrl:vector_stream0a-->PIPE               39.000 KB       
q4_layer_ctrl:vector_stream0b-->PIPE               26.000 KB       
q4_layer_ctrl:vector_stream1a-->PIPE               39.000 KB       
q4_layer_ctrl:activation_stream3-->PIPE               402.125 KB      
q4_layer_ctrl:vector_stream1b-->PIPE               26.000 KB       
q4_layer_ctrl:vector_stream2a-->PIPE               39.000 KB       

INFO::[ Vitis-EM 22 ] [Time elapsed: 45 minute(s) 18 seconds, Emulation time: 0.816828 ms]
Data transfer between kernel(s) and global memory(s)
q4_layer_ctrl:m_axi_scales-HBM[6]          RD = 0.094 KB               WR = 0.000 KB        
q4_layer_ctrl:m_axi_weight0a-HBM[8]          RD = 3456.000 KB            WR = 0.000 KB        
q4_layer_ctrl:m_axi_weight0b-HBM[9]          RD = 3456.000 KB            WR = 0.000 KB        
q4_layer_ctrl:m_axi_weight1a-HBM[10]          RD = 3456.000 KB            WR = 0.000 KB        
q4_layer_ctrl:m_axi_weight1b-HBM[11]          RD = 3456.000 KB            WR = 0.000 KB        
q4_layer_ctrl:m_axi_weight2a-HBM[12]          RD = 3200.000 KB            WR = 0.000 KB        
q4_layer_ctrl:m_axi_weight2b-HBM[13]          RD = 3200.000 KB            WR = 0.000 KB        
q4_layer_ctrl:m_axi_weight3a-HBM[14]          RD = 3200.000 KB            WR = 0.000 KB        
q4_layer_ctrl:m_axi_weight3b-HBM[15]          RD = 3200.000 KB            WR = 0.000 KB        
q4_layer_ctrl:m_axi_hidden_in-HBM[0]          RD = 32.000 KB              WR = 0.000 KB        
q4_layer_ctrl:m_axi_hidden_out-HBM[1]          RD = 0.000 KB               WR = 0.000 KB        
q4_layer_ctrl:m_axi_kv_k-HBM[2]          RD = 4.000 KB               WR = 4.000 KB        
q4_layer_ctrl:m_axi_kv_v-HBM[3]          RD = 4.000 KB               WR = 4.000 KB        
q4_layer_ctrl:m_axi_norm-HBM[4]          RD = 8.000 KB               WR = 0.000 KB        
q4_layer_ctrl:m_axi_rope-HBM[5]          RD = 32.000 KB              WR = 0.000 KB        

Data transfer on stream interfaces
q4_layer_ctrl:activation_stream0-->PIPE               434.125 KB      
q4_layer_ctrl:activation_stream1-->PIPE               434.125 KB      
PIPE-->q4_layer_ctrl:out_stream0               259.000 KB      
q4_layer_ctrl:activation_stream2-->PIPE               402.125 KB      
PIPE-->q4_layer_ctrl:out_stream1               259.000 KB      
PIPE-->q4_layer_ctrl:out_stream2               245.000 KB      
PIPE-->q4_layer_ctrl:out_stream3               245.000 KB      
q4_layer_ctrl:task_stream0-->PIPE               1.016 KB        
q4_layer_ctrl:task_stream1-->PIPE               1.016 KB        
q4_layer_ctrl:task_stream2-->PIPE               0.953 KB        
q4_layer_ctrl:task_stream3-->PIPE               0.953 KB        
q4_layer_ctrl:vector_stream0a-->PIPE               39.000 KB       
q4_layer_ctrl:vector_stream0b-->PIPE               26.000 KB       
q4_layer_ctrl:vector_stream1a-->PIPE               39.000 KB       
q4_layer_ctrl:activation_stream3-->PIPE               402.125 KB      
q4_layer_ctrl:vector_stream1b-->PIPE               26.000 KB       
q4_layer_ctrl:vector_stream2a-->PIPE               39.000 KB       

INFO::[ Vitis-EM 22 ] [Time elapsed: 46 minute(s) 35 seconds, Emulation time: 0.876677 ms]
Data transfer between kernel(s) and global memory(s)
q4_layer_ctrl:m_axi_scales-HBM[6]          RD = 0.094 KB               WR = 0.000 KB        
q4_layer_ctrl:m_axi_weight0a-HBM[8]          RD = 3456.000 KB            WR = 0.000 KB        
q4_layer_ctrl:m_axi_weight0b-HBM[9]          RD = 3456.000 KB            WR = 0.000 KB        
q4_layer_ctrl:m_axi_weight1a-HBM[10]          RD = 3456.000 KB            WR = 0.000 KB        
q4_layer_ctrl:m_axi_weight1b-HBM[11]          RD = 3456.000 KB            WR = 0.000 KB        
q4_layer_ctrl:m_axi_weight2a-HBM[12]          RD = 3200.000 KB            WR = 0.000 KB        
q4_layer_ctrl:m_axi_weight2b-HBM[13]          RD = 3200.000 KB            WR = 0.000 KB        
q4_layer_ctrl:m_axi_weight3a-HBM[14]          RD = 3200.000 KB            WR = 0.000 KB        
q4_layer_ctrl:m_axi_weight3b-HBM[15]          RD = 3200.000 KB            WR = 0.000 KB        
q4_layer_ctrl:m_axi_hidden_in-HBM[0]          RD = 32.000 KB              WR = 0.000 KB        
q4_layer_ctrl:m_axi_hidden_out-HBM[1]          RD = 0.000 KB               WR = 0.000 KB        
q4_layer_ctrl:m_axi_kv_k-HBM[2]          RD = 4.000 KB               WR = 4.000 KB        
q4_layer_ctrl:m_axi_kv_v-HBM[3]          RD = 4.000 KB               WR = 4.000 KB        
q4_layer_ctrl:m_axi_norm-HBM[4]          RD = 8.000 KB               WR = 0.000 KB        
q4_layer_ctrl:m_axi_rope-HBM[5]          RD = 32.000 KB              WR = 0.000 KB        

Data transfer on stream interfaces
q4_layer_ctrl:activation_stream0-->PIPE               434.125 KB      
q4_layer_ctrl:activation_stream1-->PIPE               434.125 KB      
PIPE-->q4_layer_ctrl:out_stream0               310.570 KB      
q4_layer_ctrl:activation_stream2-->PIPE               402.125 KB      
PIPE-->q4_layer_ctrl:out_stream1               310.570 KB      
PIPE-->q4_layer_ctrl:out_stream2               296.570 KB      
PIPE-->q4_layer_ctrl:out_stream3               296.570 KB      
q4_layer_ctrl:task_stream0-->PIPE               1.031 KB        
q4_layer_ctrl:task_stream1-->PIPE               1.031 KB        
q4_layer_ctrl:task_stream2-->PIPE               0.969 KB        
q4_layer_ctrl:task_stream3-->PIPE               0.969 KB        
q4_layer_ctrl:vector_stream0a-->PIPE               88.969 KB       
q4_layer_ctrl:vector_stream0b-->PIPE               75.969 KB       
q4_layer_ctrl:vector_stream1a-->PIPE               88.969 KB       
q4_layer_ctrl:activation_stream3-->PIPE               402.125 KB      
q4_layer_ctrl:vector_stream1b-->PIPE               75.969 KB       
q4_layer_ctrl:vector_stream2a-->PIPE               88.969 KB       

INFO::[ Vitis-EM 22 ] [Time elapsed: 46 minute(s) 50 seconds, Emulation time: 0.887843 ms]
Data transfer between kernel(s) and global memory(s)
q4_layer_ctrl:m_axi_scales-HBM[6]          RD = 0.094 KB               WR = 0.000 KB        
q4_layer_ctrl:m_axi_weight0a-HBM[8]          RD = 3456.000 KB            WR = 0.000 KB        
q4_layer_ctrl:m_axi_weight0b-HBM[9]          RD = 3456.000 KB            WR = 0.000 KB        
q4_layer_ctrl:m_axi_weight1a-HBM[10]          RD = 3456.000 KB            WR = 0.000 KB        
q4_layer_ctrl:m_axi_weight1b-HBM[11]          RD = 3456.000 KB            WR = 0.000 KB        
q4_layer_ctrl:m_axi_weight2a-HBM[12]          RD = 3200.000 KB            WR = 0.000 KB        
q4_layer_ctrl:m_axi_weight2b-HBM[13]          RD = 3200.000 KB            WR = 0.000 KB        
q4_layer_ctrl:m_axi_weight3a-HBM[14]          RD = 3200.000 KB            WR = 0.000 KB        
q4_layer_ctrl:m_axi_weight3b-HBM[15]          RD = 3200.000 KB            WR = 0.000 KB        
q4_layer_ctrl:m_axi_hidden_in-HBM[0]          RD = 32.000 KB              WR = 0.000 KB        
q4_layer_ctrl:m_axi_hidden_out-HBM[1]          RD = 0.000 KB               WR = 0.000 KB        
q4_layer_ctrl:m_axi_kv_k-HBM[2]          RD = 4.000 KB               WR = 4.000 KB        
q4_layer_ctrl:m_axi_kv_v-HBM[3]          RD = 4.000 KB               WR = 4.000 KB        
q4_layer_ctrl:m_axi_norm-HBM[4]          RD = 8.000 KB               WR = 0.000 KB        
q4_layer_ctrl:m_axi_rope-HBM[5]          RD = 32.000 KB              WR = 0.000 KB        

Data transfer on stream interfaces
q4_layer_ctrl:activation_stream0-->PIPE               434.125 KB      
q4_layer_ctrl:activation_stream1-->PIPE               434.125 KB      
PIPE-->q4_layer_ctrl:out_stream0               322.055 KB      
q4_layer_ctrl:activation_stream2-->PIPE               402.125 KB      
PIPE-->q4_layer_ctrl:out_stream1               322.055 KB      
PIPE-->q4_layer_ctrl:out_stream2               308.055 KB      
PIPE-->q4_layer_ctrl:out_stream3               308.055 KB      
q4_layer_ctrl:task_stream0-->PIPE               1.031 KB        
q4_layer_ctrl:task_stream1-->PIPE               1.031 KB        
q4_layer_ctrl:task_stream2-->PIPE               0.969 KB        
q4_layer_ctrl:task_stream3-->PIPE               0.969 KB        
q4_layer_ctrl:vector_stream0a-->PIPE               99.582 KB       
q4_layer_ctrl:vector_stream0b-->PIPE               86.582 KB       
q4_layer_ctrl:vector_stream1a-->PIPE               99.582 KB       
q4_layer_ctrl:activation_stream3-->PIPE               402.125 KB      
q4_layer_ctrl:vector_stream1b-->PIPE               86.582 KB       
q4_layer_ctrl:vector_stream2a-->PIPE               99.582 KB       

INFO::[ Vitis-EM 22 ] [Time elapsed: 47 minute(s) 10 seconds, Emulation time: 0.904099 ms]
Data transfer between kernel(s) and global memory(s)
q4_layer_ctrl:m_axi_scales-HBM[6]          RD = 0.094 KB               WR = 0.000 KB        
q4_layer_ctrl:m_axi_weight0a-HBM[8]          RD = 3456.000 KB            WR = 0.000 KB        
q4_layer_ctrl:m_axi_weight0b-HBM[9]          RD = 3456.000 KB            WR = 0.000 KB        
q4_layer_ctrl:m_axi_weight1a-HBM[10]          RD = 3456.000 KB            WR = 0.000 KB        
q4_layer_ctrl:m_axi_weight1b-HBM[11]          RD = 3456.000 KB            WR = 0.000 KB        
q4_layer_ctrl:m_axi_weight2a-HBM[12]          RD = 3200.000 KB            WR = 0.000 KB        
q4_layer_ctrl:m_axi_weight2b-HBM[13]          RD = 3200.000 KB            WR = 0.000 KB        
q4_layer_ctrl:m_axi_weight3a-HBM[14]          RD = 3200.000 KB            WR = 0.000 KB        
q4_layer_ctrl:m_axi_weight3b-HBM[15]          RD = 3200.000 KB            WR = 0.000 KB        
q4_layer_ctrl:m_axi_hidden_in-HBM[0]          RD = 32.000 KB              WR = 0.000 KB        
q4_layer_ctrl:m_axi_hidden_out-HBM[1]          RD = 0.000 KB               WR = 0.000 KB        
q4_layer_ctrl:m_axi_kv_k-HBM[2]          RD = 4.000 KB               WR = 4.000 KB        
q4_layer_ctrl:m_axi_kv_v-HBM[3]          RD = 4.000 KB               WR = 4.000 KB        
q4_layer_ctrl:m_axi_norm-HBM[4]          RD = 8.000 KB               WR = 0.000 KB        
q4_layer_ctrl:m_axi_rope-HBM[5]          RD = 32.000 KB              WR = 0.000 KB        

Data transfer on stream interfaces
q4_layer_ctrl:activation_stream0-->PIPE               434.125 KB      
q4_layer_ctrl:activation_stream1-->PIPE               434.125 KB      
PIPE-->q4_layer_ctrl:out_stream0               334.250 KB      
q4_layer_ctrl:activation_stream2-->PIPE               402.125 KB      
PIPE-->q4_layer_ctrl:out_stream1               334.250 KB      
PIPE-->q4_layer_ctrl:out_stream2               320.250 KB      
PIPE-->q4_layer_ctrl:out_stream3               320.250 KB      
q4_layer_ctrl:task_stream0-->PIPE               1.031 KB        
q4_layer_ctrl:task_stream1-->PIPE               1.031 KB        
q4_layer_ctrl:task_stream2-->PIPE               0.969 KB        
q4_layer_ctrl:task_stream3-->PIPE               0.969 KB        
q4_layer_ctrl:vector_stream0a-->PIPE               108.875 KB      
q4_layer_ctrl:vector_stream0b-->PIPE               95.875 KB       
q4_layer_ctrl:vector_stream1a-->PIPE               108.875 KB      
q4_layer_ctrl:activation_stream3-->PIPE               402.125 KB      
q4_layer_ctrl:vector_stream1b-->PIPE               95.875 KB       
q4_layer_ctrl:vector_stream2a-->PIPE               108.875 KB      

INFO::[ Vitis-EM 22 ] [Time elapsed: 47 minute(s) 24 seconds, Emulation time: 0.916318 ms]
Data transfer between kernel(s) and global memory(s)
q4_layer_ctrl:m_axi_scales-HBM[6]          RD = 0.094 KB               WR = 0.000 KB        
q4_layer_ctrl:m_axi_weight0a-HBM[8]          RD = 3456.000 KB            WR = 0.000 KB        
q4_layer_ctrl:m_axi_weight0b-HBM[9]          RD = 3456.000 KB            WR = 0.000 KB        
q4_layer_ctrl:m_axi_weight1a-HBM[10]          RD = 3456.000 KB            WR = 0.000 KB        
q4_layer_ctrl:m_axi_weight1b-HBM[11]          RD = 3456.000 KB            WR = 0.000 KB        
q4_layer_ctrl:m_axi_weight2a-HBM[12]          RD = 3200.000 KB            WR = 0.000 KB        
q4_layer_ctrl:m_axi_weight2b-HBM[13]          RD = 3200.000 KB            WR = 0.000 KB        
q4_layer_ctrl:m_axi_weight3a-HBM[14]          RD = 3200.000 KB            WR = 0.000 KB        
q4_layer_ctrl:m_axi_weight3b-HBM[15]          RD = 3200.000 KB            WR = 0.000 KB        
q4_layer_ctrl:m_axi_hidden_in-HBM[0]          RD = 32.000 KB              WR = 0.000 KB        
q4_layer_ctrl:m_axi_hidden_out-HBM[1]          RD = 0.000 KB               WR = 0.000 KB        
q4_layer_ctrl:m_axi_kv_k-HBM[2]          RD = 4.000 KB               WR = 4.000 KB        
q4_layer_ctrl:m_axi_kv_v-HBM[3]          RD = 4.000 KB               WR = 4.000 KB        
q4_layer_ctrl:m_axi_norm-HBM[4]          RD = 8.000 KB               WR = 0.000 KB        
q4_layer_ctrl:m_axi_rope-HBM[5]          RD = 32.000 KB              WR = 0.000 KB        

Data transfer on stream interfaces
q4_layer_ctrl:activation_stream0-->PIPE               434.125 KB      
q4_layer_ctrl:activation_stream1-->PIPE               434.125 KB      
PIPE-->q4_layer_ctrl:out_stream0               334.250 KB      
q4_layer_ctrl:activation_stream2-->PIPE               402.125 KB      
PIPE-->q4_layer_ctrl:out_stream1               334.250 KB      
PIPE-->q4_layer_ctrl:out_stream2               320.250 KB      
PIPE-->q4_layer_ctrl:out_stream3               320.250 KB      
q4_layer_ctrl:task_stream0-->PIPE               1.031 KB        
q4_layer_ctrl:task_stream1-->PIPE               1.031 KB        
q4_layer_ctrl:task_stream2-->PIPE               0.969 KB        
q4_layer_ctrl:task_stream3-->PIPE               0.969 KB        
q4_layer_ctrl:vector_stream0a-->PIPE               108.875 KB      
q4_layer_ctrl:vector_stream0b-->PIPE               95.875 KB       
q4_layer_ctrl:vector_stream1a-->PIPE               108.875 KB      
q4_layer_ctrl:activation_stream3-->PIPE               402.125 KB      
q4_layer_ctrl:vector_stream1b-->PIPE               95.875 KB       
q4_layer_ctrl:vector_stream2a-->PIPE               108.875 KB      

INFO::[ Vitis-EM 22 ] [Time elapsed: 49 minute(s) 10 seconds, Emulation time: 0.944537 ms]
Data transfer between kernel(s) and global memory(s)
q4_layer_ctrl:m_axi_scales-HBM[6]          RD = 0.109 KB               WR = 0.000 KB        
q4_layer_ctrl:m_axi_weight0a-HBM[8]          RD = 3646.000 KB            WR = 0.000 KB        
q4_layer_ctrl:m_axi_weight0b-HBM[9]          RD = 3646.000 KB            WR = 0.000 KB        
q4_layer_ctrl:m_axi_weight1a-HBM[10]          RD = 3646.000 KB            WR = 0.000 KB        
q4_layer_ctrl:m_axi_weight1b-HBM[11]          RD = 3646.000 KB            WR = 0.000 KB        
q4_layer_ctrl:m_axi_weight2a-HBM[12]          RD = 3390.000 KB            WR = 0.000 KB        
q4_layer_ctrl:m_axi_weight2b-HBM[13]          RD = 3390.000 KB            WR = 0.000 KB        
q4_layer_ctrl:m_axi_weight3a-HBM[14]          RD = 3390.000 KB            WR = 0.000 KB        
q4_layer_ctrl:m_axi_weight3b-HBM[15]          RD = 3390.000 KB            WR = 0.000 KB        
q4_layer_ctrl:m_axi_hidden_in-HBM[0]          RD = 64.000 KB              WR = 0.000 KB        
q4_layer_ctrl:m_axi_hidden_out-HBM[1]          RD = 0.000 KB               WR = 0.000 KB        
q4_layer_ctrl:m_axi_kv_k-HBM[2]          RD = 4.000 KB               WR = 4.000 KB        
q4_layer_ctrl:m_axi_kv_v-HBM[3]          RD = 4.000 KB               WR = 4.000 KB        
q4_layer_ctrl:m_axi_norm-HBM[4]          RD = 12.000 KB              WR = 0.000 KB        
q4_layer_ctrl:m_axi_rope-HBM[5]          RD = 32.000 KB              WR = 0.000 KB        

Data transfer on stream interfaces
q4_layer_ctrl:activation_stream0-->PIPE               457.406 KB      
q4_layer_ctrl:activation_stream1-->PIPE               457.406 KB      
PIPE-->q4_layer_ctrl:out_stream0               334.250 KB      
q4_layer_ctrl:activation_stream2-->PIPE               425.406 KB      
PIPE-->q4_layer_ctrl:out_stream1               334.250 KB      
PIPE-->q4_layer_ctrl:out_stream2               320.250 KB      
PIPE-->q4_layer_ctrl:out_stream3               320.250 KB      
q4_layer_ctrl:task_stream0-->PIPE               1.062 KB        
q4_layer_ctrl:task_stream1-->PIPE               1.062 KB        
q4_layer_ctrl:task_stream2-->PIPE               1.000 KB        
q4_layer_ctrl:task_stream3-->PIPE               1.000 KB        
q4_layer_ctrl:vector_stream0a-->PIPE               113.750 KB      
q4_layer_ctrl:vector_stream0b-->PIPE               102.375 KB      
q4_layer_ctrl:vector_stream1a-->PIPE               113.750 KB      
q4_layer_ctrl:activation_stream3-->PIPE               425.406 KB      
q4_layer_ctrl:vector_stream1b-->PIPE               102.375 KB      
q4_layer_ctrl:vector_stream2a-->PIPE               113.750 KB      

INFO::[ Vitis-EM 22 ] [Time elapsed: 51 minute(s) 22 seconds, Emulation time: 0.971646 ms]
Data transfer between kernel(s) and global memory(s)
q4_layer_ctrl:m_axi_scales-HBM[6]          RD = 0.109 KB               WR = 0.000 KB        
q4_layer_ctrl:m_axi_weight0a-HBM[8]          RD = 3898.000 KB            WR = 0.000 KB        
q4_layer_ctrl:m_axi_weight0b-HBM[9]          RD = 3898.000 KB            WR = 0.000 KB        
q4_layer_ctrl:m_axi_weight1a-HBM[10]          RD = 3898.000 KB            WR = 0.000 KB        
q4_layer_ctrl:m_axi_weight1b-HBM[11]          RD = 3898.000 KB            WR = 0.000 KB        
q4_layer_ctrl:m_axi_weight2a-HBM[12]          RD = 3642.000 KB            WR = 0.000 KB        
q4_layer_ctrl:m_axi_weight2b-HBM[13]          RD = 3642.000 KB            WR = 0.000 KB        
q4_layer_ctrl:m_axi_weight3a-HBM[14]          RD = 3642.000 KB            WR = 0.000 KB        
q4_layer_ctrl:m_axi_weight3b-HBM[15]          RD = 3642.000 KB            WR = 0.000 KB        
q4_layer_ctrl:m_axi_hidden_in-HBM[0]          RD = 64.000 KB              WR = 0.000 KB        
q4_layer_ctrl:m_axi_hidden_out-HBM[1]          RD = 0.000 KB               WR = 0.000 KB        
q4_layer_ctrl:m_axi_kv_k-HBM[2]          RD = 4.000 KB               WR = 4.000 KB        
q4_layer_ctrl:m_axi_kv_v-HBM[3]          RD = 4.000 KB               WR = 4.000 KB        
q4_layer_ctrl:m_axi_norm-HBM[4]          RD = 12.000 KB              WR = 0.000 KB        
q4_layer_ctrl:m_axi_rope-HBM[5]          RD = 32.000 KB              WR = 0.000 KB        

Data transfer on stream interfaces
q4_layer_ctrl:activation_stream0-->PIPE               488.879 KB      
q4_layer_ctrl:activation_stream1-->PIPE               488.879 KB      
PIPE-->q4_layer_ctrl:out_stream0               341.250 KB      
q4_layer_ctrl:activation_stream2-->PIPE               456.879 KB      
PIPE-->q4_layer_ctrl:out_stream1               341.250 KB      
PIPE-->q4_layer_ctrl:out_stream2               327.250 KB      
PIPE-->q4_layer_ctrl:out_stream3               327.250 KB      
q4_layer_ctrl:task_stream0-->PIPE               1.078 KB        
q4_layer_ctrl:task_stream1-->PIPE               1.078 KB        
q4_layer_ctrl:task_stream2-->PIPE               1.016 KB        
q4_layer_ctrl:task_stream3-->PIPE               1.016 KB        
q4_layer_ctrl:vector_stream0a-->PIPE               117.254 KB      
q4_layer_ctrl:vector_stream0b-->PIPE               102.375 KB      
q4_layer_ctrl:vector_stream1a-->PIPE               117.254 KB      
q4_layer_ctrl:activation_stream3-->PIPE               456.879 KB      
q4_layer_ctrl:vector_stream1b-->PIPE               102.375 KB      
q4_layer_ctrl:vector_stream2a-->PIPE               117.254 KB      

INFO::[ Vitis-EM 22 ] [Time elapsed: 53 minute(s) 28 seconds, Emulation time: 0.997741 ms]
Data transfer between kernel(s) and global memory(s)
q4_layer_ctrl:m_axi_scales-HBM[6]          RD = 0.109 KB               WR = 0.000 KB        
q4_layer_ctrl:m_axi_weight0a-HBM[8]          RD = 4142.500 KB            WR = 0.000 KB        
q4_layer_ctrl:m_axi_weight0b-HBM[9]          RD = 4142.500 KB            WR = 0.000 KB        
q4_layer_ctrl:m_axi_weight1a-HBM[10]          RD = 4142.500 KB            WR = 0.000 KB        
q4_layer_ctrl:m_axi_weight1b-HBM[11]          RD = 4142.500 KB            WR = 0.000 KB        
q4_layer_ctrl:m_axi_weight2a-HBM[12]          RD = 3886.500 KB            WR = 0.000 KB        
q4_layer_ctrl:m_axi_weight2b-HBM[13]          RD = 3886.500 KB            WR = 0.000 KB        
q4_layer_ctrl:m_axi_weight3a-HBM[14]          RD = 3886.500 KB            WR = 0.000 KB        
q4_layer_ctrl:m_axi_weight3b-HBM[15]          RD = 3886.500 KB            WR = 0.000 KB        
q4_layer_ctrl:m_axi_hidden_in-HBM[0]          RD = 64.000 KB              WR = 0.000 KB        
q4_layer_ctrl:m_axi_hidden_out-HBM[1]          RD = 0.000 KB               WR = 0.000 KB        
q4_layer_ctrl:m_axi_kv_k-HBM[2]          RD = 4.000 KB               WR = 4.000 KB        
q4_layer_ctrl:m_axi_kv_v-HBM[3]          RD = 4.000 KB               WR = 4.000 KB        
q4_layer_ctrl:m_axi_norm-HBM[4]          RD = 12.000 KB              WR = 0.000 KB        
q4_layer_ctrl:m_axi_rope-HBM[5]          RD = 32.000 KB              WR = 0.000 KB        

Data transfer on stream interfaces
q4_layer_ctrl:activation_stream0-->PIPE               519.453 KB      
q4_layer_ctrl:activation_stream1-->PIPE               519.453 KB      
PIPE-->q4_layer_ctrl:out_stream0               346.008 KB      
q4_layer_ctrl:activation_stream2-->PIPE               487.453 KB      
PIPE-->q4_layer_ctrl:out_stream1               346.008 KB      
PIPE-->q4_layer_ctrl:out_stream2               332.008 KB      
PIPE-->q4_layer_ctrl:out_stream3               332.008 KB      
q4_layer_ctrl:task_stream0-->PIPE               1.078 KB        
q4_layer_ctrl:task_stream1-->PIPE               1.078 KB        
q4_layer_ctrl:task_stream2-->PIPE               1.016 KB        
q4_layer_ctrl:task_stream3-->PIPE               1.016 KB        
q4_layer_ctrl:vector_stream0a-->PIPE               121.875 KB      
q4_layer_ctrl:vector_stream0b-->PIPE               102.375 KB      
q4_layer_ctrl:vector_stream1a-->PIPE               121.875 KB      
q4_layer_ctrl:activation_stream3-->PIPE               487.453 KB      
q4_layer_ctrl:vector_stream1b-->PIPE               102.375 KB      
q4_layer_ctrl:vector_stream2a-->PIPE               121.875 KB      

INFO::[ Vitis-EM 22 ] [Time elapsed: 54 minute(s) 50 seconds, Emulation time: 1.01482 ms]
Data transfer between kernel(s) and global memory(s)
q4_layer_ctrl:m_axi_scales-HBM[6]          RD = 0.109 KB               WR = 0.000 KB        
q4_layer_ctrl:m_axi_weight0a-HBM[8]          RD = 4300.000 KB            WR = 0.000 KB        
q4_layer_ctrl:m_axi_weight0b-HBM[9]          RD = 4300.000 KB            WR = 0.000 KB        
q4_layer_ctrl:m_axi_weight1a-HBM[10]          RD = 4300.000 KB            WR = 0.000 KB        
q4_layer_ctrl:m_axi_weight1b-HBM[11]          RD = 4300.000 KB            WR = 0.000 KB        
q4_layer_ctrl:m_axi_weight2a-HBM[12]          RD = 4044.000 KB            WR = 0.000 KB        
q4_layer_ctrl:m_axi_weight2b-HBM[13]          RD = 4044.000 KB            WR = 0.000 KB        
q4_layer_ctrl:m_axi_weight3a-HBM[14]          RD = 4044.000 KB            WR = 0.000 KB        
q4_layer_ctrl:m_axi_weight3b-HBM[15]          RD = 4044.000 KB            WR = 0.000 KB        
q4_layer_ctrl:m_axi_hidden_in-HBM[0]          RD = 64.000 KB              WR = 0.000 KB        
q4_layer_ctrl:m_axi_hidden_out-HBM[1]          RD = 0.000 KB               WR = 0.000 KB        
q4_layer_ctrl:m_axi_kv_k-HBM[2]          RD = 4.000 KB               WR = 4.000 KB        
q4_layer_ctrl:m_axi_kv_v-HBM[3]          RD = 4.000 KB               WR = 4.000 KB        
q4_layer_ctrl:m_axi_norm-HBM[4]          RD = 12.000 KB              WR = 0.000 KB        
q4_layer_ctrl:m_axi_rope-HBM[5]          RD = 32.000 KB              WR = 0.000 KB        

Data transfer on stream interfaces
q4_layer_ctrl:activation_stream0-->PIPE               539.172 KB      
q4_layer_ctrl:activation_stream1-->PIPE               539.172 KB      
PIPE-->q4_layer_ctrl:out_stream0               355.250 KB      
q4_layer_ctrl:activation_stream2-->PIPE               507.172 KB      
PIPE-->q4_layer_ctrl:out_stream1               355.250 KB      
PIPE-->q4_layer_ctrl:out_stream2               341.250 KB      
PIPE-->q4_layer_ctrl:out_stream3               341.250 KB      
q4_layer_ctrl:task_stream0-->PIPE               1.094 KB        
q4_layer_ctrl:task_stream1-->PIPE               1.094 KB        
q4_layer_ctrl:task_stream2-->PIPE               1.031 KB        
q4_layer_ctrl:task_stream3-->PIPE               1.031 KB        
q4_layer_ctrl:vector_stream0a-->PIPE               121.875 KB      
q4_layer_ctrl:vector_stream0b-->PIPE               102.375 KB      
q4_layer_ctrl:vector_stream1a-->PIPE               121.875 KB      
q4_layer_ctrl:activation_stream3-->PIPE               507.172 KB      
q4_layer_ctrl:vector_stream1b-->PIPE               102.375 KB      
q4_layer_ctrl:vector_stream2a-->PIPE               121.875 KB      

INFO::[ Vitis-EM 22 ] [Time elapsed: 58 minute(s) 54 seconds, Emulation time: 1.06601 ms]
Data transfer between kernel(s) and global memory(s)
q4_layer_ctrl:m_axi_scales-HBM[6]          RD = 0.109 KB               WR = 0.000 KB        
q4_layer_ctrl:m_axi_weight0a-HBM[8]          RD = 4777.500 KB            WR = 0.000 KB        
q4_layer_ctrl:m_axi_weight0b-HBM[9]          RD = 4777.500 KB            WR = 0.000 KB        
q4_layer_ctrl:m_axi_weight1a-HBM[10]          RD = 4777.500 KB            WR = 0.000 KB        
q4_layer_ctrl:m_axi_weight1b-HBM[11]          RD = 4777.500 KB            WR = 0.000 KB        
q4_layer_ctrl:m_axi_weight2a-HBM[12]          RD = 4521.500 KB            WR = 0.000 KB        
q4_layer_ctrl:m_axi_weight2b-HBM[13]          RD = 4521.500 KB            WR = 0.000 KB        
q4_layer_ctrl:m_axi_weight3a-HBM[14]          RD = 4521.500 KB            WR = 0.000 KB        
q4_layer_ctrl:m_axi_weight3b-HBM[15]          RD = 4521.500 KB            WR = 0.000 KB        
q4_layer_ctrl:m_axi_hidden_in-HBM[0]          RD = 64.000 KB              WR = 0.000 KB        
q4_layer_ctrl:m_axi_hidden_out-HBM[1]          RD = 0.000 KB               WR = 0.000 KB        
q4_layer_ctrl:m_axi_kv_k-HBM[2]          RD = 4.000 KB               WR = 4.000 KB        
q4_layer_ctrl:m_axi_kv_v-HBM[3]          RD = 4.000 KB               WR = 4.000 KB        
q4_layer_ctrl:m_axi_norm-HBM[4]          RD = 12.000 KB              WR = 0.000 KB        
q4_layer_ctrl:m_axi_rope-HBM[5]          RD = 32.000 KB              WR = 0.000 KB        

Data transfer on stream interfaces
q4_layer_ctrl:activation_stream0-->PIPE               598.867 KB      
q4_layer_ctrl:activation_stream1-->PIPE               598.867 KB      
PIPE-->q4_layer_ctrl:out_stream0               358.750 KB      
q4_layer_ctrl:activation_stream2-->PIPE               566.867 KB      
PIPE-->q4_layer_ctrl:out_stream1               358.750 KB      
PIPE-->q4_layer_ctrl:out_stream2               344.750 KB      
PIPE-->q4_layer_ctrl:out_stream3               344.750 KB      
q4_layer_ctrl:task_stream0-->PIPE               1.109 KB        
q4_layer_ctrl:task_stream1-->PIPE               1.109 KB        
q4_layer_ctrl:task_stream2-->PIPE               1.047 KB        
q4_layer_ctrl:task_stream3-->PIPE               1.047 KB        
q4_layer_ctrl:vector_stream0a-->PIPE               121.875 KB      
q4_layer_ctrl:vector_stream0b-->PIPE               102.375 KB      
q4_layer_ctrl:vector_stream1a-->PIPE               121.875 KB      
q4_layer_ctrl:activation_stream3-->PIPE               566.867 KB      
q4_layer_ctrl:vector_stream1b-->PIPE               102.375 KB      
q4_layer_ctrl:vector_stream2a-->PIPE               121.875 KB      

INFO::[ Vitis-EM 22 ] [Time elapsed: 63 minute(s) 36 seconds, Emulation time: 1.15792 ms]
Data transfer between kernel(s) and global memory(s)
q4_layer_ctrl:m_axi_scales-HBM[6]          RD = 0.156 KB               WR = 0.000 KB        
q4_layer_ctrl:m_axi_weight0a-HBM[8]          RD = 5216.000 KB            WR = 0.000 KB        
q4_layer_ctrl:m_axi_weight0b-HBM[9]          RD = 5216.000 KB            WR = 0.000 KB        
q4_layer_ctrl:m_axi_weight1a-HBM[10]          RD = 5216.000 KB            WR = 0.000 KB        
q4_layer_ctrl:m_axi_weight1b-HBM[11]          RD = 5216.000 KB            WR = 0.000 KB        
q4_layer_ctrl:m_axi_weight2a-HBM[12]          RD = 4832.000 KB            WR = 0.000 KB        
q4_layer_ctrl:m_axi_weight2b-HBM[13]          RD = 4832.000 KB            WR = 0.000 KB        
q4_layer_ctrl:m_axi_weight3a-HBM[14]          RD = 4832.000 KB            WR = 0.000 KB        
q4_layer_ctrl:m_axi_weight3b-HBM[15]          RD = 4832.000 KB            WR = 0.000 KB        
q4_layer_ctrl:m_axi_hidden_in-HBM[0]          RD = 64.000 KB              WR = 0.000 KB        
q4_layer_ctrl:m_axi_hidden_out-HBM[1]          RD = 0.000 KB               WR = 32.000 KB       
q4_layer_ctrl:m_axi_kv_k-HBM[2]          RD = 4.000 KB               WR = 4.000 KB        
q4_layer_ctrl:m_axi_kv_v-HBM[3]          RD = 4.000 KB               WR = 4.000 KB        
q4_layer_ctrl:m_axi_norm-HBM[4]          RD = 12.000 KB              WR = 0.000 KB        
q4_layer_ctrl:m_axi_rope-HBM[5]          RD = 44.000 KB              WR = 0.000 KB        

Data transfer on stream interfaces
q4_layer_ctrl:activation_stream0-->PIPE               654.125 KB      
q4_layer_ctrl:activation_stream1-->PIPE               654.125 KB      
PIPE-->q4_layer_ctrl:out_stream0               397.250 KB      
q4_layer_ctrl:activation_stream2-->PIPE               606.125 KB      
PIPE-->q4_layer_ctrl:out_stream1               397.250 KB      
PIPE-->q4_layer_ctrl:out_stream2               376.250 KB      
PIPE-->q4_layer_ctrl:out_stream3               376.250 KB      
q4_layer_ctrl:task_stream0-->PIPE               1.219 KB        
q4_layer_ctrl:task_stream1-->PIPE               1.219 KB        
q4_layer_ctrl:task_stream2-->PIPE               1.125 KB        
q4_layer_ctrl:task_stream3-->PIPE               1.125 KB        
q4_layer_ctrl:vector_stream0a-->PIPE               134.875 KB      
q4_layer_ctrl:vector_stream0b-->PIPE               115.375 KB      
q4_layer_ctrl:vector_stream1a-->PIPE               134.875 KB      
q4_layer_ctrl:activation_stream3-->PIPE               606.125 KB      
q4_layer_ctrl:vector_stream1b-->PIPE               115.375 KB      
q4_layer_ctrl:vector_stream2a-->PIPE               134.875 KB      

INFO::[ Vitis-EM 22 ] [Time elapsed: 64 minute(s) 8 seconds, Emulation time: 1.18332 ms]
Data transfer between kernel(s) and global memory(s)
q4_layer_ctrl:m_axi_scales-HBM[6]          RD = 0.156 KB               WR = 0.000 KB        
q4_layer_ctrl:m_axi_weight0a-HBM[8]          RD = 5216.000 KB            WR = 0.000 KB        
q4_layer_ctrl:m_axi_weight0b-HBM[9]          RD = 5216.000 KB            WR = 0.000 KB        
q4_layer_ctrl:m_axi_weight1a-HBM[10]          RD = 5216.000 KB            WR = 0.000 KB        
q4_layer_ctrl:m_axi_weight1b-HBM[11]          RD = 5216.000 KB            WR = 0.000 KB        
q4_layer_ctrl:m_axi_weight2a-HBM[12]          RD = 4832.000 KB            WR = 0.000 KB        
q4_layer_ctrl:m_axi_weight2b-HBM[13]          RD = 4832.000 KB            WR = 0.000 KB        
q4_layer_ctrl:m_axi_weight3a-HBM[14]          RD = 4832.000 KB            WR = 0.000 KB        
q4_layer_ctrl:m_axi_weight3b-HBM[15]          RD = 4832.000 KB            WR = 0.000 KB        
q4_layer_ctrl:m_axi_hidden_in-HBM[0]          RD = 64.000 KB              WR = 0.000 KB        
q4_layer_ctrl:m_axi_hidden_out-HBM[1]          RD = 0.000 KB               WR = 32.000 KB       
q4_layer_ctrl:m_axi_kv_k-HBM[2]          RD = 4.000 KB               WR = 4.000 KB        
q4_layer_ctrl:m_axi_kv_v-HBM[3]          RD = 4.000 KB               WR = 4.000 KB        
q4_layer_ctrl:m_axi_norm-HBM[4]          RD = 12.000 KB              WR = 0.000 KB        
q4_layer_ctrl:m_axi_rope-HBM[5]          RD = 60.000 KB              WR = 0.000 KB        

Data transfer on stream interfaces
q4_layer_ctrl:activation_stream0-->PIPE               654.125 KB      
q4_layer_ctrl:activation_stream1-->PIPE               654.125 KB      
PIPE-->q4_layer_ctrl:out_stream0               397.250 KB      
q4_layer_ctrl:activation_stream2-->PIPE               606.125 KB      
PIPE-->q4_layer_ctrl:out_stream1               397.250 KB      
PIPE-->q4_layer_ctrl:out_stream2               376.250 KB      
PIPE-->q4_layer_ctrl:out_stream3               376.250 KB      
q4_layer_ctrl:task_stream0-->PIPE               1.219 KB        
q4_layer_ctrl:task_stream1-->PIPE               1.219 KB        
q4_layer_ctrl:task_stream2-->PIPE               1.125 KB        
q4_layer_ctrl:task_stream3-->PIPE               1.125 KB        
q4_layer_ctrl:vector_stream0a-->PIPE               134.875 KB      
q4_layer_ctrl:vector_stream0b-->PIPE               115.375 KB      
q4_layer_ctrl:vector_stream1a-->PIPE               134.875 KB      
q4_layer_ctrl:activation_stream3-->PIPE               606.125 KB      
q4_layer_ctrl:vector_stream1b-->PIPE               115.375 KB      
q4_layer_ctrl:vector_stream2a-->PIPE               134.875 KB      

INFO::[ Vitis-EM 22 ] [Time elapsed: 64 minute(s) 21 seconds, Emulation time: 1.19246 ms]
Data transfer between kernel(s) and global memory(s)
q4_layer_ctrl:m_axi_scales-HBM[6]          RD = 0.156 KB               WR = 0.000 KB        
q4_layer_ctrl:m_axi_weight0a-HBM[8]          RD = 5216.000 KB            WR = 0.000 KB        
q4_layer_ctrl:m_axi_weight0b-HBM[9]          RD = 5216.000 KB            WR = 0.000 KB        
q4_layer_ctrl:m_axi_weight1a-HBM[10]          RD = 5216.000 KB            WR = 0.000 KB        
q4_layer_ctrl:m_axi_weight1b-HBM[11]          RD = 5216.000 KB            WR = 0.000 KB        
q4_layer_ctrl:m_axi_weight2a-HBM[12]          RD = 4832.000 KB            WR = 0.000 KB        
q4_layer_ctrl:m_axi_weight2b-HBM[13]          RD = 4832.000 KB            WR = 0.000 KB        
q4_layer_ctrl:m_axi_weight3a-HBM[14]          RD = 4832.000 KB            WR = 0.000 KB        
q4_layer_ctrl:m_axi_weight3b-HBM[15]          RD = 4832.000 KB            WR = 0.000 KB        
q4_layer_ctrl:m_axi_hidden_in-HBM[0]          RD = 64.000 KB              WR = 0.000 KB        
q4_layer_ctrl:m_axi_hidden_out-HBM[1]          RD = 0.000 KB               WR = 32.000 KB       
q4_layer_ctrl:m_axi_kv_k-HBM[2]          RD = 4.000 KB               WR = 4.000 KB        
q4_layer_ctrl:m_axi_kv_v-HBM[3]          RD = 4.000 KB               WR = 4.000 KB        
q4_layer_ctrl:m_axi_norm-HBM[4]          RD = 12.000 KB              WR = 0.000 KB        
q4_layer_ctrl:m_axi_rope-HBM[5]          RD = 64.000 KB              WR = 0.000 KB        

Data transfer on stream interfaces
q4_layer_ctrl:activation_stream0-->PIPE               654.125 KB      
q4_layer_ctrl:activation_stream1-->PIPE               654.125 KB      
PIPE-->q4_layer_ctrl:out_stream0               397.250 KB      
q4_layer_ctrl:activation_stream2-->PIPE               606.125 KB      
PIPE-->q4_layer_ctrl:out_stream1               397.250 KB      
PIPE-->q4_layer_ctrl:out_stream2               376.250 KB      
PIPE-->q4_layer_ctrl:out_stream3               376.250 KB      
q4_layer_ctrl:task_stream0-->PIPE               1.219 KB        
q4_layer_ctrl:task_stream1-->PIPE               1.219 KB        
q4_layer_ctrl:task_stream2-->PIPE               1.125 KB        
q4_layer_ctrl:task_stream3-->PIPE               1.125 KB        
q4_layer_ctrl:vector_stream0a-->PIPE               134.875 KB      
q4_layer_ctrl:vector_stream0b-->PIPE               115.375 KB      
q4_layer_ctrl:vector_stream1a-->PIPE               134.875 KB      
q4_layer_ctrl:activation_stream3-->PIPE               606.125 KB      
q4_layer_ctrl:vector_stream1b-->PIPE               115.375 KB      
q4_layer_ctrl:vector_stream2a-->PIPE               134.875 KB      

INFO::[ Vitis-EM 22 ] [Time elapsed: 64 minute(s) 37 seconds, Emulation time: 1.20362 ms]
Data transfer between kernel(s) and global memory(s)
q4_layer_ctrl:m_axi_scales-HBM[6]          RD = 0.156 KB               WR = 0.000 KB        
q4_layer_ctrl:m_axi_weight0a-HBM[8]          RD = 5216.000 KB            WR = 0.000 KB        
q4_layer_ctrl:m_axi_weight0b-HBM[9]          RD = 5216.000 KB            WR = 0.000 KB        
q4_layer_ctrl:m_axi_weight1a-HBM[10]          RD = 5216.000 KB            WR = 0.000 KB        
q4_layer_ctrl:m_axi_weight1b-HBM[11]          RD = 5216.000 KB            WR = 0.000 KB        
q4_layer_ctrl:m_axi_weight2a-HBM[12]          RD = 4832.000 KB            WR = 0.000 KB        
q4_layer_ctrl:m_axi_weight2b-HBM[13]          RD = 4832.000 KB            WR = 0.000 KB        
q4_layer_ctrl:m_axi_weight3a-HBM[14]          RD = 4832.000 KB            WR = 0.000 KB        
q4_layer_ctrl:m_axi_weight3b-HBM[15]          RD = 4832.000 KB            WR = 0.000 KB        
q4_layer_ctrl:m_axi_hidden_in-HBM[0]          RD = 64.000 KB              WR = 0.000 KB        
q4_layer_ctrl:m_axi_hidden_out-HBM[1]          RD = 0.000 KB               WR = 32.000 KB       
q4_layer_ctrl:m_axi_kv_k-HBM[2]          RD = 12.000 KB              WR = 8.000 KB        
q4_layer_ctrl:m_axi_kv_v-HBM[3]          RD = 8.000 KB               WR = 8.000 KB        
q4_layer_ctrl:m_axi_norm-HBM[4]          RD = 12.000 KB              WR = 0.000 KB        
q4_layer_ctrl:m_axi_rope-HBM[5]          RD = 64.000 KB              WR = 0.000 KB        

Data transfer on stream interfaces
q4_layer_ctrl:activation_stream0-->PIPE               654.125 KB      
q4_layer_ctrl:activation_stream1-->PIPE               654.125 KB      
PIPE-->q4_layer_ctrl:out_stream0               397.250 KB      
q4_layer_ctrl:activation_stream2-->PIPE               606.125 KB      
PIPE-->q4_layer_ctrl:out_stream1               397.250 KB      
PIPE-->q4_layer_ctrl:out_stream2               376.250 KB      
PIPE-->q4_layer_ctrl:out_stream3               376.250 KB      
q4_layer_ctrl:task_stream0-->PIPE               1.219 KB        
q4_layer_ctrl:task_stream1-->PIPE               1.219 KB        
q4_layer_ctrl:task_stream2-->PIPE               1.125 KB        
q4_layer_ctrl:task_stream3-->PIPE               1.125 KB        
q4_layer_ctrl:vector_stream0a-->PIPE               134.875 KB      
q4_layer_ctrl:vector_stream0b-->PIPE               115.375 KB      
q4_layer_ctrl:vector_stream1a-->PIPE               134.875 KB      
q4_layer_ctrl:activation_stream3-->PIPE               606.125 KB      
q4_layer_ctrl:vector_stream1b-->PIPE               115.375 KB      
q4_layer_ctrl:vector_stream2a-->PIPE               134.875 KB      

INFO::[ Vitis-EM 22 ] [Time elapsed: 64 minute(s) 50 seconds, Emulation time: 1.21277 ms]
Data transfer between kernel(s) and global memory(s)
q4_layer_ctrl:m_axi_scales-HBM[6]          RD = 0.156 KB               WR = 0.000 KB        
q4_layer_ctrl:m_axi_weight0a-HBM[8]          RD = 5216.000 KB            WR = 0.000 KB        
q4_layer_ctrl:m_axi_weight0b-HBM[9]          RD = 5216.000 KB            WR = 0.000 KB        
q4_layer_ctrl:m_axi_weight1a-HBM[10]          RD = 5216.000 KB            WR = 0.000 KB        
q4_layer_ctrl:m_axi_weight1b-HBM[11]          RD = 5216.000 KB            WR = 0.000 KB        
q4_layer_ctrl:m_axi_weight2a-HBM[12]          RD = 4832.000 KB            WR = 0.000 KB        
q4_layer_ctrl:m_axi_weight2b-HBM[13]          RD = 4832.000 KB            WR = 0.000 KB        
q4_layer_ctrl:m_axi_weight3a-HBM[14]          RD = 4832.000 KB            WR = 0.000 KB        
q4_layer_ctrl:m_axi_weight3b-HBM[15]          RD = 4832.000 KB            WR = 0.000 KB        
q4_layer_ctrl:m_axi_hidden_in-HBM[0]          RD = 64.000 KB              WR = 0.000 KB        
q4_layer_ctrl:m_axi_hidden_out-HBM[1]          RD = 0.000 KB               WR = 32.000 KB       
q4_layer_ctrl:m_axi_kv_k-HBM[2]          RD = 12.000 KB              WR = 8.000 KB        
q4_layer_ctrl:m_axi_kv_v-HBM[3]          RD = 12.000 KB              WR = 8.000 KB        
q4_layer_ctrl:m_axi_norm-HBM[4]          RD = 12.000 KB              WR = 0.000 KB        
q4_layer_ctrl:m_axi_rope-HBM[5]          RD = 64.000 KB              WR = 0.000 KB        

Data transfer on stream interfaces
q4_layer_ctrl:activation_stream0-->PIPE               654.125 KB      
q4_layer_ctrl:activation_stream1-->PIPE               654.125 KB      
PIPE-->q4_layer_ctrl:out_stream0               397.250 KB      
q4_layer_ctrl:activation_stream2-->PIPE               606.125 KB      
PIPE-->q4_layer_ctrl:out_stream1               397.250 KB      
PIPE-->q4_layer_ctrl:out_stream2               376.250 KB      
PIPE-->q4_layer_ctrl:out_stream3               376.250 KB      
q4_layer_ctrl:task_stream0-->PIPE               1.219 KB        
q4_layer_ctrl:task_stream1-->PIPE               1.219 KB        
q4_layer_ctrl:task_stream2-->PIPE               1.125 KB        
q4_layer_ctrl:task_stream3-->PIPE               1.125 KB        
q4_layer_ctrl:vector_stream0a-->PIPE               134.875 KB      
q4_layer_ctrl:vector_stream0b-->PIPE               115.375 KB      
q4_layer_ctrl:vector_stream1a-->PIPE               134.875 KB      
q4_layer_ctrl:activation_stream3-->PIPE               606.125 KB      
q4_layer_ctrl:vector_stream1b-->PIPE               115.375 KB      
q4_layer_ctrl:vector_stream2a-->PIPE               134.875 KB      

INFO::[ Vitis-EM 22 ] [Time elapsed: 65 minute(s) 7 seconds, Emulation time: 1.22494 ms]
Data transfer between kernel(s) and global memory(s)
q4_layer_ctrl:m_axi_scales-HBM[6]          RD = 0.156 KB               WR = 0.000 KB        
q4_layer_ctrl:m_axi_weight0a-HBM[8]          RD = 5216.000 KB            WR = 0.000 KB        
q4_layer_ctrl:m_axi_weight0b-HBM[9]          RD = 5216.000 KB            WR = 0.000 KB        
q4_layer_ctrl:m_axi_weight1a-HBM[10]          RD = 5216.000 KB            WR = 0.000 KB        
q4_layer_ctrl:m_axi_weight1b-HBM[11]          RD = 5216.000 KB            WR = 0.000 KB        
q4_layer_ctrl:m_axi_weight2a-HBM[12]          RD = 4832.000 KB            WR = 0.000 KB        
q4_layer_ctrl:m_axi_weight2b-HBM[13]          RD = 4832.000 KB            WR = 0.000 KB        
q4_layer_ctrl:m_axi_weight3a-HBM[14]          RD = 4832.000 KB            WR = 0.000 KB        
q4_layer_ctrl:m_axi_weight3b-HBM[15]          RD = 4832.000 KB            WR = 0.000 KB        
q4_layer_ctrl:m_axi_hidden_in-HBM[0]          RD = 64.000 KB              WR = 0.000 KB        
q4_layer_ctrl:m_axi_hidden_out-HBM[1]          RD = 0.000 KB               WR = 32.000 KB       
q4_layer_ctrl:m_axi_kv_k-HBM[2]          RD = 12.000 KB              WR = 8.000 KB        
q4_layer_ctrl:m_axi_kv_v-HBM[3]          RD = 12.000 KB              WR = 8.000 KB        
q4_layer_ctrl:m_axi_norm-HBM[4]          RD = 12.000 KB              WR = 0.000 KB        
q4_layer_ctrl:m_axi_rope-HBM[5]          RD = 64.000 KB              WR = 0.000 KB        

Data transfer on stream interfaces
q4_layer_ctrl:activation_stream0-->PIPE               654.125 KB      
q4_layer_ctrl:activation_stream1-->PIPE               654.125 KB      
PIPE-->q4_layer_ctrl:out_stream0               397.250 KB      
q4_layer_ctrl:activation_stream2-->PIPE               606.125 KB      
PIPE-->q4_layer_ctrl:out_stream1               397.250 KB      
PIPE-->q4_layer_ctrl:out_stream2               376.250 KB      
PIPE-->q4_layer_ctrl:out_stream3               376.250 KB      
q4_layer_ctrl:task_stream0-->PIPE               1.219 KB        
q4_layer_ctrl:task_stream1-->PIPE               1.219 KB        
q4_layer_ctrl:task_stream2-->PIPE               1.125 KB        
q4_layer_ctrl:task_stream3-->PIPE               1.125 KB        
q4_layer_ctrl:vector_stream0a-->PIPE               134.875 KB      
q4_layer_ctrl:vector_stream0b-->PIPE               115.375 KB      
q4_layer_ctrl:vector_stream1a-->PIPE               134.875 KB      
q4_layer_ctrl:activation_stream3-->PIPE               606.125 KB      
q4_layer_ctrl:vector_stream1b-->PIPE               115.375 KB      
q4_layer_ctrl:vector_stream2a-->PIPE               134.875 KB      

INFO::[ Vitis-EM 22 ] [Time elapsed: 65 minute(s) 18 seconds, Emulation time: 1.23204 ms]
Data transfer between kernel(s) and global memory(s)
q4_layer_ctrl:m_axi_scales-HBM[6]          RD = 0.156 KB               WR = 0.000 KB        
q4_layer_ctrl:m_axi_weight0a-HBM[8]          RD = 5216.000 KB            WR = 0.000 KB        
q4_layer_ctrl:m_axi_weight0b-HBM[9]          RD = 5216.000 KB            WR = 0.000 KB        
q4_layer_ctrl:m_axi_weight1a-HBM[10]          RD = 5216.000 KB            WR = 0.000 KB        
q4_layer_ctrl:m_axi_weight1b-HBM[11]          RD = 5216.000 KB            WR = 0.000 KB        
q4_layer_ctrl:m_axi_weight2a-HBM[12]          RD = 4832.000 KB            WR = 0.000 KB        
q4_layer_ctrl:m_axi_weight2b-HBM[13]          RD = 4832.000 KB            WR = 0.000 KB        
q4_layer_ctrl:m_axi_weight3a-HBM[14]          RD = 4832.000 KB            WR = 0.000 KB        
q4_layer_ctrl:m_axi_weight3b-HBM[15]          RD = 4832.000 KB            WR = 0.000 KB        
q4_layer_ctrl:m_axi_hidden_in-HBM[0]          RD = 64.000 KB              WR = 0.000 KB        
q4_layer_ctrl:m_axi_hidden_out-HBM[1]          RD = 0.000 KB               WR = 32.000 KB       
q4_layer_ctrl:m_axi_kv_k-HBM[2]          RD = 12.000 KB              WR = 8.000 KB        
q4_layer_ctrl:m_axi_kv_v-HBM[3]          RD = 12.000 KB              WR = 8.000 KB        
q4_layer_ctrl:m_axi_norm-HBM[4]          RD = 12.000 KB              WR = 0.000 KB        
q4_layer_ctrl:m_axi_rope-HBM[5]          RD = 64.000 KB              WR = 0.000 KB        

Data transfer on stream interfaces
q4_layer_ctrl:activation_stream0-->PIPE               654.125 KB      
q4_layer_ctrl:activation_stream1-->PIPE               654.125 KB      
PIPE-->q4_layer_ctrl:out_stream0               397.250 KB      
q4_layer_ctrl:activation_stream2-->PIPE               606.125 KB      
PIPE-->q4_layer_ctrl:out_stream1               397.250 KB      
PIPE-->q4_layer_ctrl:out_stream2               376.250 KB      
PIPE-->q4_layer_ctrl:out_stream3               376.250 KB      
q4_layer_ctrl:task_stream0-->PIPE               1.219 KB        
q4_layer_ctrl:task_stream1-->PIPE               1.219 KB        
q4_layer_ctrl:task_stream2-->PIPE               1.125 KB        
q4_layer_ctrl:task_stream3-->PIPE               1.125 KB        
q4_layer_ctrl:vector_stream0a-->PIPE               134.875 KB      
q4_layer_ctrl:vector_stream0b-->PIPE               115.375 KB      
q4_layer_ctrl:vector_stream1a-->PIPE               134.875 KB      
q4_layer_ctrl:activation_stream3-->PIPE               606.125 KB      
q4_layer_ctrl:vector_stream1b-->PIPE               115.375 KB      
q4_layer_ctrl:vector_stream2a-->PIPE               134.875 KB      

INFO::[ Vitis-EM 22 ] [Time elapsed: 65 minute(s) 36 seconds, Emulation time: 1.24422 ms]
Data transfer between kernel(s) and global memory(s)
q4_layer_ctrl:m_axi_scales-HBM[6]          RD = 0.156 KB               WR = 0.000 KB        
q4_layer_ctrl:m_axi_weight0a-HBM[8]          RD = 5216.000 KB            WR = 0.000 KB        
q4_layer_ctrl:m_axi_weight0b-HBM[9]          RD = 5216.000 KB            WR = 0.000 KB        
q4_layer_ctrl:m_axi_weight1a-HBM[10]          RD = 5216.000 KB            WR = 0.000 KB        
q4_layer_ctrl:m_axi_weight1b-HBM[11]          RD = 5216.000 KB            WR = 0.000 KB        
q4_layer_ctrl:m_axi_weight2a-HBM[12]          RD = 4832.000 KB            WR = 0.000 KB        
q4_layer_ctrl:m_axi_weight2b-HBM[13]          RD = 4832.000 KB            WR = 0.000 KB        
q4_layer_ctrl:m_axi_weight3a-HBM[14]          RD = 4832.000 KB            WR = 0.000 KB        
q4_layer_ctrl:m_axi_weight3b-HBM[15]          RD = 4832.000 KB            WR = 0.000 KB        
q4_layer_ctrl:m_axi_hidden_in-HBM[0]          RD = 64.000 KB              WR = 0.000 KB        
q4_layer_ctrl:m_axi_hidden_out-HBM[1]          RD = 0.000 KB               WR = 32.000 KB       
q4_layer_ctrl:m_axi_kv_k-HBM[2]          RD = 12.000 KB              WR = 8.000 KB        
q4_layer_ctrl:m_axi_kv_v-HBM[3]          RD = 12.000 KB              WR = 8.000 KB        
q4_layer_ctrl:m_axi_norm-HBM[4]          RD = 12.000 KB              WR = 0.000 KB        
q4_layer_ctrl:m_axi_rope-HBM[5]          RD = 64.000 KB              WR = 0.000 KB        

Data transfer on stream interfaces
q4_layer_ctrl:activation_stream0-->PIPE               654.125 KB      
q4_layer_ctrl:activation_stream1-->PIPE               654.125 KB      
PIPE-->q4_layer_ctrl:out_stream0               397.250 KB      
q4_layer_ctrl:activation_stream2-->PIPE               606.125 KB      
PIPE-->q4_layer_ctrl:out_stream1               397.250 KB      
PIPE-->q4_layer_ctrl:out_stream2               376.250 KB      
PIPE-->q4_layer_ctrl:out_stream3               376.250 KB      
q4_layer_ctrl:task_stream0-->PIPE               1.219 KB        
q4_layer_ctrl:task_stream1-->PIPE               1.219 KB        
q4_layer_ctrl:task_stream2-->PIPE               1.125 KB        
q4_layer_ctrl:task_stream3-->PIPE               1.125 KB        
q4_layer_ctrl:vector_stream0a-->PIPE               134.875 KB      
q4_layer_ctrl:vector_stream0b-->PIPE               115.375 KB      
q4_layer_ctrl:vector_stream1a-->PIPE               134.875 KB      
q4_layer_ctrl:activation_stream3-->PIPE               606.125 KB      
q4_layer_ctrl:vector_stream1b-->PIPE               115.375 KB      
q4_layer_ctrl:vector_stream2a-->PIPE               134.875 KB      

INFO::[ Vitis-EM 22 ] [Time elapsed: 66 minute(s) 3 seconds, Emulation time: 1.26451 ms]
Data transfer between kernel(s) and global memory(s)
q4_layer_ctrl:m_axi_scales-HBM[6]          RD = 0.156 KB               WR = 0.000 KB        
q4_layer_ctrl:m_axi_weight0a-HBM[8]          RD = 5216.000 KB            WR = 0.000 KB        
q4_layer_ctrl:m_axi_weight0b-HBM[9]          RD = 5216.000 KB            WR = 0.000 KB        
q4_layer_ctrl:m_axi_weight1a-HBM[10]          RD = 5216.000 KB            WR = 0.000 KB        
q4_layer_ctrl:m_axi_weight1b-HBM[11]          RD = 5216.000 KB            WR = 0.000 KB        
q4_layer_ctrl:m_axi_weight2a-HBM[12]          RD = 4832.000 KB            WR = 0.000 KB        
q4_layer_ctrl:m_axi_weight2b-HBM[13]          RD = 4832.000 KB            WR = 0.000 KB        
q4_layer_ctrl:m_axi_weight3a-HBM[14]          RD = 4832.000 KB            WR = 0.000 KB        
q4_layer_ctrl:m_axi_weight3b-HBM[15]          RD = 4832.000 KB            WR = 0.000 KB        
q4_layer_ctrl:m_axi_hidden_in-HBM[0]          RD = 64.000 KB              WR = 0.000 KB        
q4_layer_ctrl:m_axi_hidden_out-HBM[1]          RD = 0.000 KB               WR = 32.000 KB       
q4_layer_ctrl:m_axi_kv_k-HBM[2]          RD = 12.000 KB              WR = 8.000 KB        
q4_layer_ctrl:m_axi_kv_v-HBM[3]          RD = 12.000 KB              WR = 8.000 KB        
q4_layer_ctrl:m_axi_norm-HBM[4]          RD = 12.000 KB              WR = 0.000 KB        
q4_layer_ctrl:m_axi_rope-HBM[5]          RD = 64.000 KB              WR = 0.000 KB        

Data transfer on stream interfaces
q4_layer_ctrl:activation_stream0-->PIPE               654.125 KB      
q4_layer_ctrl:activation_stream1-->PIPE               654.125 KB      
PIPE-->q4_layer_ctrl:out_stream0               397.250 KB      
q4_layer_ctrl:activation_stream2-->PIPE               606.125 KB      
PIPE-->q4_layer_ctrl:out_stream1               397.250 KB      
PIPE-->q4_layer_ctrl:out_stream2               376.250 KB      
PIPE-->q4_layer_ctrl:out_stream3               376.250 KB      
q4_layer_ctrl:task_stream0-->PIPE               1.219 KB        
q4_layer_ctrl:task_stream1-->PIPE               1.219 KB        
q4_layer_ctrl:task_stream2-->PIPE               1.125 KB        
q4_layer_ctrl:task_stream3-->PIPE               1.125 KB        
q4_layer_ctrl:vector_stream0a-->PIPE               134.875 KB      
q4_layer_ctrl:vector_stream0b-->PIPE               115.375 KB      
q4_layer_ctrl:vector_stream1a-->PIPE               134.875 KB      
q4_layer_ctrl:activation_stream3-->PIPE               606.125 KB      
q4_layer_ctrl:vector_stream1b-->PIPE               115.375 KB      
q4_layer_ctrl:vector_stream2a-->PIPE               134.875 KB      

INFO::[ Vitis-EM 22 ] [Time elapsed: 66 minute(s) 15 seconds, Emulation time: 1.27469 ms]
Data transfer between kernel(s) and global memory(s)
q4_layer_ctrl:m_axi_scales-HBM[6]          RD = 0.156 KB               WR = 0.000 KB        
q4_layer_ctrl:m_axi_weight0a-HBM[8]          RD = 5216.000 KB            WR = 0.000 KB        
q4_layer_ctrl:m_axi_weight0b-HBM[9]          RD = 5216.000 KB            WR = 0.000 KB        
q4_layer_ctrl:m_axi_weight1a-HBM[10]          RD = 5216.000 KB            WR = 0.000 KB        
q4_layer_ctrl:m_axi_weight1b-HBM[11]          RD = 5216.000 KB            WR = 0.000 KB        
q4_layer_ctrl:m_axi_weight2a-HBM[12]          RD = 4832.000 KB            WR = 0.000 KB        
q4_layer_ctrl:m_axi_weight2b-HBM[13]          RD = 4832.000 KB            WR = 0.000 KB        
q4_layer_ctrl:m_axi_weight3a-HBM[14]          RD = 4832.000 KB            WR = 0.000 KB        
q4_layer_ctrl:m_axi_weight3b-HBM[15]          RD = 4832.000 KB            WR = 0.000 KB        
q4_layer_ctrl:m_axi_hidden_in-HBM[0]          RD = 64.000 KB              WR = 0.000 KB        
q4_layer_ctrl:m_axi_hidden_out-HBM[1]          RD = 0.000 KB               WR = 32.000 KB       
q4_layer_ctrl:m_axi_kv_k-HBM[2]          RD = 12.000 KB              WR = 8.000 KB        
q4_layer_ctrl:m_axi_kv_v-HBM[3]          RD = 12.000 KB              WR = 8.000 KB        
q4_layer_ctrl:m_axi_norm-HBM[4]          RD = 12.000 KB              WR = 0.000 KB        
q4_layer_ctrl:m_axi_rope-HBM[5]          RD = 64.000 KB              WR = 0.000 KB        

Data transfer on stream interfaces
q4_layer_ctrl:activation_stream0-->PIPE               654.125 KB      
q4_layer_ctrl:activation_stream1-->PIPE               654.125 KB      
PIPE-->q4_layer_ctrl:out_stream0               397.250 KB      
q4_layer_ctrl:activation_stream2-->PIPE               606.125 KB      
PIPE-->q4_layer_ctrl:out_stream1               397.250 KB      
PIPE-->q4_layer_ctrl:out_stream2               376.250 KB      
PIPE-->q4_layer_ctrl:out_stream3               376.250 KB      
q4_layer_ctrl:task_stream0-->PIPE               1.219 KB        
q4_layer_ctrl:task_stream1-->PIPE               1.219 KB        
q4_layer_ctrl:task_stream2-->PIPE               1.125 KB        
q4_layer_ctrl:task_stream3-->PIPE               1.125 KB        
q4_layer_ctrl:vector_stream0a-->PIPE               134.875 KB      
q4_layer_ctrl:vector_stream0b-->PIPE               115.375 KB      
q4_layer_ctrl:vector_stream1a-->PIPE               134.875 KB      
q4_layer_ctrl:activation_stream3-->PIPE               606.125 KB      
q4_layer_ctrl:vector_stream1b-->PIPE               115.375 KB      
q4_layer_ctrl:vector_stream2a-->PIPE               134.875 KB      

INFO::[ Vitis-EM 22 ] [Time elapsed: 67 minute(s) 34 seconds, Emulation time: 1.33872 ms]
Data transfer between kernel(s) and global memory(s)
q4_layer_ctrl:m_axi_scales-HBM[6]          RD = 0.156 KB               WR = 0.000 KB        
q4_layer_ctrl:m_axi_weight0a-HBM[8]          RD = 5216.000 KB            WR = 0.000 KB        
q4_layer_ctrl:m_axi_weight0b-HBM[9]          RD = 5216.000 KB            WR = 0.000 KB        
q4_layer_ctrl:m_axi_weight1a-HBM[10]          RD = 5216.000 KB            WR = 0.000 KB        
q4_layer_ctrl:m_axi_weight1b-HBM[11]          RD = 5216.000 KB            WR = 0.000 KB        
q4_layer_ctrl:m_axi_weight2a-HBM[12]          RD = 4832.000 KB            WR = 0.000 KB        
q4_layer_ctrl:m_axi_weight2b-HBM[13]          RD = 4832.000 KB            WR = 0.000 KB        
q4_layer_ctrl:m_axi_weight3a-HBM[14]          RD = 4832.000 KB            WR = 0.000 KB        
q4_layer_ctrl:m_axi_weight3b-HBM[15]          RD = 4832.000 KB            WR = 0.000 KB        
q4_layer_ctrl:m_axi_hidden_in-HBM[0]          RD = 64.000 KB              WR = 0.000 KB        
q4_layer_ctrl:m_axi_hidden_out-HBM[1]          RD = 0.000 KB               WR = 32.000 KB       
q4_layer_ctrl:m_axi_kv_k-HBM[2]          RD = 12.000 KB              WR = 8.000 KB        
q4_layer_ctrl:m_axi_kv_v-HBM[3]          RD = 12.000 KB              WR = 8.000 KB        
q4_layer_ctrl:m_axi_norm-HBM[4]          RD = 12.000 KB              WR = 0.000 KB        
q4_layer_ctrl:m_axi_rope-HBM[5]          RD = 64.000 KB              WR = 0.000 KB        

Data transfer on stream interfaces
q4_layer_ctrl:activation_stream0-->PIPE               655.812 KB      
q4_layer_ctrl:activation_stream1-->PIPE               655.812 KB      
PIPE-->q4_layer_ctrl:out_stream0               418.250 KB      
q4_layer_ctrl:activation_stream2-->PIPE               607.812 KB      
PIPE-->q4_layer_ctrl:out_stream1               418.250 KB      
PIPE-->q4_layer_ctrl:out_stream2               397.250 KB      
PIPE-->q4_layer_ctrl:out_stream3               397.250 KB      
q4_layer_ctrl:task_stream0-->PIPE               1.312 KB        
q4_layer_ctrl:task_stream1-->PIPE               1.312 KB        
q4_layer_ctrl:task_stream2-->PIPE               1.219 KB        
q4_layer_ctrl:task_stream3-->PIPE               1.219 KB        
q4_layer_ctrl:vector_stream0a-->PIPE               134.875 KB      
q4_layer_ctrl:vector_stream0b-->PIPE               115.375 KB      
q4_layer_ctrl:vector_stream1a-->PIPE               134.875 KB      
q4_layer_ctrl:activation_stream3-->PIPE               607.812 KB      
q4_layer_ctrl:vector_stream1b-->PIPE               115.375 KB      
q4_layer_ctrl:vector_stream2a-->PIPE               134.875 KB      

INFO::[ Vitis-EM 22 ] [Time elapsed: 68 minute(s) 30 seconds, Emulation time: 1.36101 ms]
Data transfer between kernel(s) and global memory(s)
q4_layer_ctrl:m_axi_scales-HBM[6]          RD = 0.172 KB               WR = 0.000 KB        
q4_layer_ctrl:m_axi_weight0a-HBM[8]          RD = 5283.000 KB            WR = 0.000 KB        
q4_layer_ctrl:m_axi_weight0b-HBM[9]          RD = 5283.000 KB            WR = 0.000 KB        
q4_layer_ctrl:m_axi_weight1a-HBM[10]          RD = 5283.000 KB            WR = 0.000 KB        
q4_layer_ctrl:m_axi_weight1b-HBM[11]          RD = 5283.000 KB            WR = 0.000 KB        
q4_layer_ctrl:m_axi_weight2a-HBM[12]          RD = 4899.000 KB            WR = 0.000 KB        
q4_layer_ctrl:m_axi_weight2b-HBM[13]          RD = 4899.000 KB            WR = 0.000 KB        
q4_layer_ctrl:m_axi_weight3a-HBM[14]          RD = 4899.000 KB            WR = 0.000 KB        
q4_layer_ctrl:m_axi_weight3b-HBM[15]          RD = 4899.000 KB            WR = 0.000 KB        
q4_layer_ctrl:m_axi_hidden_in-HBM[0]          RD = 64.000 KB              WR = 0.000 KB        
q4_layer_ctrl:m_axi_hidden_out-HBM[1]          RD = 0.000 KB               WR = 32.000 KB       
q4_layer_ctrl:m_axi_kv_k-HBM[2]          RD = 12.000 KB              WR = 8.000 KB        
q4_layer_ctrl:m_axi_kv_v-HBM[3]          RD = 12.000 KB              WR = 8.000 KB        
q4_layer_ctrl:m_axi_norm-HBM[4]          RD = 12.000 KB              WR = 0.000 KB        
q4_layer_ctrl:m_axi_rope-HBM[5]          RD = 64.000 KB              WR = 0.000 KB        

Data transfer on stream interfaces
q4_layer_ctrl:activation_stream0-->PIPE               664.375 KB      
q4_layer_ctrl:activation_stream1-->PIPE               664.375 KB      
PIPE-->q4_layer_ctrl:out_stream0               426.125 KB      
q4_layer_ctrl:activation_stream2-->PIPE               616.375 KB      
PIPE-->q4_layer_ctrl:out_stream1               426.125 KB      
PIPE-->q4_layer_ctrl:out_stream2               405.125 KB      
PIPE-->q4_layer_ctrl:out_stream3               405.125 KB      
q4_layer_ctrl:task_stream0-->PIPE               1.375 KB        
q4_layer_ctrl:task_stream1-->PIPE               1.375 KB        
q4_layer_ctrl:task_stream2-->PIPE               1.281 KB        
q4_layer_ctrl:task_stream3-->PIPE               1.281 KB        
q4_layer_ctrl:vector_stream0a-->PIPE               134.875 KB      
q4_layer_ctrl:vector_stream0b-->PIPE               115.375 KB      
q4_layer_ctrl:vector_stream1a-->PIPE               134.875 KB      
q4_layer_ctrl:activation_stream3-->PIPE               616.375 KB      
q4_layer_ctrl:vector_stream1b-->PIPE               115.375 KB      
q4_layer_ctrl:vector_stream2a-->PIPE               134.875 KB      

INFO::[ Vitis-EM 22 ] [Time elapsed: 70 minute(s) 47 seconds, Emulation time: 1.40345 ms]
Data transfer between kernel(s) and global memory(s)
q4_layer_ctrl:m_axi_scales-HBM[6]          RD = 0.172 KB               WR = 0.000 KB        
q4_layer_ctrl:m_axi_weight0a-HBM[8]          RD = 5472.000 KB            WR = 0.000 KB        
q4_layer_ctrl:m_axi_weight0b-HBM[9]          RD = 5472.000 KB            WR = 0.000 KB        
q4_layer_ctrl:m_axi_weight1a-HBM[10]          RD = 5472.000 KB            WR = 0.000 KB        
q4_layer_ctrl:m_axi_weight1b-HBM[11]          RD = 5472.000 KB            WR = 0.000 KB        
q4_layer_ctrl:m_axi_weight2a-HBM[12]          RD = 5088.000 KB            WR = 0.000 KB        
q4_layer_ctrl:m_axi_weight2b-HBM[13]          RD = 5088.000 KB            WR = 0.000 KB        
q4_layer_ctrl:m_axi_weight3a-HBM[14]          RD = 5088.000 KB            WR = 0.000 KB        
q4_layer_ctrl:m_axi_weight3b-HBM[15]          RD = 5088.000 KB            WR = 0.000 KB        
q4_layer_ctrl:m_axi_hidden_in-HBM[0]          RD = 64.000 KB              WR = 0.000 KB        
q4_layer_ctrl:m_axi_hidden_out-HBM[1]          RD = 0.000 KB               WR = 32.000 KB       
q4_layer_ctrl:m_axi_kv_k-HBM[2]          RD = 12.000 KB              WR = 8.000 KB        
q4_layer_ctrl:m_axi_kv_v-HBM[3]          RD = 12.000 KB              WR = 8.000 KB        
q4_layer_ctrl:m_axi_norm-HBM[4]          RD = 16.000 KB              WR = 0.000 KB        
q4_layer_ctrl:m_axi_rope-HBM[5]          RD = 64.000 KB              WR = 0.000 KB        

Data transfer on stream interfaces
q4_layer_ctrl:activation_stream0-->PIPE               688.375 KB      
q4_layer_ctrl:activation_stream1-->PIPE               688.375 KB      
PIPE-->q4_layer_ctrl:out_stream0               453.250 KB      
q4_layer_ctrl:activation_stream2-->PIPE               640.375 KB      
PIPE-->q4_layer_ctrl:out_stream1               453.250 KB      
PIPE-->q4_layer_ctrl:out_stream2               432.250 KB      
PIPE-->q4_layer_ctrl:out_stream3               432.250 KB      
q4_layer_ctrl:task_stream0-->PIPE               1.438 KB        
q4_layer_ctrl:task_stream1-->PIPE               1.438 KB        
q4_layer_ctrl:task_stream2-->PIPE               1.344 KB        
q4_layer_ctrl:task_stream3-->PIPE               1.344 KB        
q4_layer_ctrl:vector_stream0a-->PIPE               149.906 KB      
q4_layer_ctrl:vector_stream0b-->PIPE               134.875 KB      
q4_layer_ctrl:vector_stream1a-->PIPE               149.906 KB      
q4_layer_ctrl:activation_stream3-->PIPE               640.375 KB      
q4_layer_ctrl:vector_stream1b-->PIPE               134.875 KB      
q4_layer_ctrl:vector_stream2a-->PIPE               149.906 KB      

INFO::[ Vitis-EM 22 ] [Time elapsed: 75 minute(s) 5 seconds, Emulation time: 1.50268 ms]
Data transfer between kernel(s) and global memory(s)
q4_layer_ctrl:m_axi_scales-HBM[6]          RD = 0.188 KB               WR = 0.000 KB        
q4_layer_ctrl:m_axi_weight0a-HBM[8]          RD = 5770.500 KB            WR = 0.000 KB        
q4_layer_ctrl:m_axi_weight0b-HBM[9]          RD = 5770.500 KB            WR = 0.000 KB        
q4_layer_ctrl:m_axi_weight1a-HBM[10]          RD = 5770.500 KB            WR = 0.000 KB        
q4_layer_ctrl:m_axi_weight1b-HBM[11]          RD = 5770.500 KB            WR = 0.000 KB        
q4_layer_ctrl:m_axi_weight2a-HBM[12]          RD = 5386.500 KB            WR = 0.000 KB        
q4_layer_ctrl:m_axi_weight2b-HBM[13]          RD = 5386.500 KB            WR = 0.000 KB        
q4_layer_ctrl:m_axi_weight3a-HBM[14]          RD = 5386.500 KB            WR = 0.000 KB        
q4_layer_ctrl:m_axi_weight3b-HBM[15]          RD = 5386.500 KB            WR = 0.000 KB        
q4_layer_ctrl:m_axi_hidden_in-HBM[0]          RD = 64.000 KB              WR = 0.000 KB        
q4_layer_ctrl:m_axi_hidden_out-HBM[1]          RD = 0.000 KB               WR = 32.000 KB       
q4_layer_ctrl:m_axi_kv_k-HBM[2]          RD = 12.000 KB              WR = 8.000 KB        
q4_layer_ctrl:m_axi_kv_v-HBM[3]          RD = 12.000 KB              WR = 8.000 KB        
q4_layer_ctrl:m_axi_norm-HBM[4]          RD = 16.000 KB              WR = 0.000 KB        
q4_layer_ctrl:m_axi_rope-HBM[5]          RD = 64.000 KB              WR = 0.000 KB        

Data transfer on stream interfaces
q4_layer_ctrl:activation_stream0-->PIPE               725.094 KB      
q4_layer_ctrl:activation_stream1-->PIPE               725.094 KB      
PIPE-->q4_layer_ctrl:out_stream0               481.250 KB      
q4_layer_ctrl:activation_stream2-->PIPE               677.094 KB      
PIPE-->q4_layer_ctrl:out_stream1               481.250 KB      
PIPE-->q4_layer_ctrl:out_stream2               460.250 KB      
PIPE-->q4_layer_ctrl:out_stream3               460.250 KB      
q4_layer_ctrl:task_stream0-->PIPE               1.516 KB        
q4_layer_ctrl:task_stream1-->PIPE               1.516 KB        
q4_layer_ctrl:task_stream2-->PIPE               1.422 KB        
q4_layer_ctrl:task_stream3-->PIPE               1.422 KB        
q4_layer_ctrl:vector_stream0a-->PIPE               160.875 KB      
q4_layer_ctrl:vector_stream0b-->PIPE               134.875 KB      
q4_layer_ctrl:vector_stream1a-->PIPE               160.875 KB      
q4_layer_ctrl:activation_stream3-->PIPE               677.094 KB      
q4_layer_ctrl:vector_stream1b-->PIPE               134.875 KB      
q4_layer_ctrl:vector_stream2a-->PIPE               160.875 KB      

INFO::[ Vitis-EM 22 ] [Time elapsed: 77 minute(s) 58 seconds, Emulation time: 1.5338 ms]
Data transfer between kernel(s) and global memory(s)
q4_layer_ctrl:m_axi_scales-HBM[6]          RD = 0.188 KB               WR = 0.000 KB        
q4_layer_ctrl:m_axi_weight0a-HBM[8]          RD = 6048.000 KB            WR = 0.000 KB        
q4_layer_ctrl:m_axi_weight0b-HBM[9]          RD = 6048.000 KB            WR = 0.000 KB        
q4_layer_ctrl:m_axi_weight1a-HBM[10]          RD = 6048.000 KB            WR = 0.000 KB        
q4_layer_ctrl:m_axi_weight1b-HBM[11]          RD = 6048.000 KB            WR = 0.000 KB        
q4_layer_ctrl:m_axi_weight2a-HBM[12]          RD = 5664.000 KB            WR = 0.000 KB        
q4_layer_ctrl:m_axi_weight2b-HBM[13]          RD = 5664.000 KB            WR = 0.000 KB        
q4_layer_ctrl:m_axi_weight3a-HBM[14]          RD = 5664.000 KB            WR = 0.000 KB        
q4_layer_ctrl:m_axi_weight3b-HBM[15]          RD = 5664.000 KB            WR = 0.000 KB        
q4_layer_ctrl:m_axi_hidden_in-HBM[0]          RD = 64.000 KB              WR = 0.000 KB        
q4_layer_ctrl:m_axi_hidden_out-HBM[1]          RD = 0.000 KB               WR = 32.000 KB       
q4_layer_ctrl:m_axi_kv_k-HBM[2]          RD = 12.000 KB              WR = 8.000 KB        
q4_layer_ctrl:m_axi_kv_v-HBM[3]          RD = 12.000 KB              WR = 8.000 KB        
q4_layer_ctrl:m_axi_norm-HBM[4]          RD = 16.000 KB              WR = 0.000 KB        
q4_layer_ctrl:m_axi_rope-HBM[5]          RD = 64.000 KB              WR = 0.000 KB        

Data transfer on stream interfaces
q4_layer_ctrl:activation_stream0-->PIPE               759.773 KB      
q4_layer_ctrl:activation_stream1-->PIPE               759.773 KB      
PIPE-->q4_layer_ctrl:out_stream0               495.250 KB      
q4_layer_ctrl:activation_stream2-->PIPE               711.773 KB      
PIPE-->q4_layer_ctrl:out_stream1               495.250 KB      
PIPE-->q4_layer_ctrl:out_stream2               474.250 KB      
PIPE-->q4_layer_ctrl:out_stream3               474.250 KB      
q4_layer_ctrl:task_stream0-->PIPE               1.578 KB        
q4_layer_ctrl:task_stream1-->PIPE               1.578 KB        
q4_layer_ctrl:task_stream2-->PIPE               1.484 KB        
q4_layer_ctrl:task_stream3-->PIPE               1.484 KB        
q4_layer_ctrl:vector_stream0a-->PIPE               160.875 KB      
q4_layer_ctrl:vector_stream0b-->PIPE               134.875 KB      
q4_layer_ctrl:vector_stream1a-->PIPE               160.875 KB      
q4_layer_ctrl:activation_stream3-->PIPE               711.773 KB      
q4_layer_ctrl:vector_stream1b-->PIPE               134.875 KB      
q4_layer_ctrl:vector_stream2a-->PIPE               160.875 KB      

INFO::[ Vitis-EM 22 ] [Time elapsed: 86 minute(s) 1 seconds, Emulation time: 1.62013 ms]
Data transfer between kernel(s) and global memory(s)
q4_layer_ctrl:m_axi_scales-HBM[6]          RD = 0.188 KB               WR = 0.000 KB        
q4_layer_ctrl:m_axi_weight0a-HBM[8]          RD = 6815.000 KB            WR = 0.000 KB        
q4_layer_ctrl:m_axi_weight0b-HBM[9]          RD = 6815.000 KB            WR = 0.000 KB        
q4_layer_ctrl:m_axi_weight1a-HBM[10]          RD = 6815.000 KB            WR = 0.000 KB        
q4_layer_ctrl:m_axi_weight1b-HBM[11]          RD = 6815.000 KB            WR = 0.000 KB        
q4_layer_ctrl:m_axi_weight2a-HBM[12]          RD = 6431.000 KB            WR = 0.000 KB        
q4_layer_ctrl:m_axi_weight2b-HBM[13]          RD = 6431.000 KB            WR = 0.000 KB        
q4_layer_ctrl:m_axi_weight3a-HBM[14]          RD = 6431.000 KB            WR = 0.000 KB        
q4_layer_ctrl:m_axi_weight3b-HBM[15]          RD = 6431.000 KB            WR = 0.000 KB        
q4_layer_ctrl:m_axi_hidden_in-HBM[0]          RD = 64.000 KB              WR = 0.000 KB        
q4_layer_ctrl:m_axi_hidden_out-HBM[1]          RD = 0.000 KB               WR = 32.000 KB       
q4_layer_ctrl:m_axi_kv_k-HBM[2]          RD = 12.000 KB              WR = 8.000 KB        
q4_layer_ctrl:m_axi_kv_v-HBM[3]          RD = 12.000 KB              WR = 8.000 KB        
q4_layer_ctrl:m_axi_norm-HBM[4]          RD = 16.000 KB              WR = 0.000 KB        
q4_layer_ctrl:m_axi_rope-HBM[5]          RD = 64.000 KB              WR = 0.000 KB        

Data transfer on stream interfaces
q4_layer_ctrl:activation_stream0-->PIPE               855.578 KB      
q4_layer_ctrl:activation_stream1-->PIPE               855.578 KB      
PIPE-->q4_layer_ctrl:out_stream0               537.250 KB      
q4_layer_ctrl:activation_stream2-->PIPE               807.578 KB      
PIPE-->q4_layer_ctrl:out_stream1               537.250 KB      
PIPE-->q4_layer_ctrl:out_stream2               516.250 KB      
PIPE-->q4_layer_ctrl:out_stream3               516.250 KB      
q4_layer_ctrl:task_stream0-->PIPE               1.766 KB        
q4_layer_ctrl:task_stream1-->PIPE               1.766 KB        
q4_layer_ctrl:task_stream2-->PIPE               1.672 KB        
q4_layer_ctrl:task_stream3-->PIPE               1.672 KB        
q4_layer_ctrl:vector_stream0a-->PIPE               160.875 KB      
q4_layer_ctrl:vector_stream0b-->PIPE               134.875 KB      
q4_layer_ctrl:vector_stream1a-->PIPE               160.875 KB      
q4_layer_ctrl:activation_stream3-->PIPE               807.578 KB      
q4_layer_ctrl:vector_stream1b-->PIPE               134.875 KB      
q4_layer_ctrl:vector_stream2a-->PIPE               160.875 KB      

INFO::[ Vitis-EM 22 ] [Time elapsed: 86 minute(s) 18 seconds, Emulation time: 1.62415 ms]
Data transfer between kernel(s) and global memory(s)
q4_layer_ctrl:m_axi_scales-HBM[6]          RD = 0.188 KB               WR = 0.000 KB        
q4_layer_ctrl:m_axi_weight0a-HBM[8]          RD = 6849.000 KB            WR = 0.000 KB        
q4_layer_ctrl:m_axi_weight0b-HBM[9]          RD = 6849.000 KB            WR = 0.000 KB        
q4_layer_ctrl:m_axi_weight1a-HBM[10]          RD = 6849.000 KB            WR = 0.000 KB        
q4_layer_ctrl:m_axi_weight1b-HBM[11]          RD = 6849.000 KB            WR = 0.000 KB        
q4_layer_ctrl:m_axi_weight2a-HBM[12]          RD = 6432.000 KB            WR = 0.000 KB        
q4_layer_ctrl:m_axi_weight2b-HBM[13]          RD = 6432.000 KB            WR = 0.000 KB        
q4_layer_ctrl:m_axi_weight3a-HBM[14]          RD = 6432.000 KB            WR = 0.000 KB        
q4_layer_ctrl:m_axi_weight3b-HBM[15]          RD = 6432.000 KB            WR = 0.000 KB        
q4_layer_ctrl:m_axi_hidden_in-HBM[0]          RD = 64.000 KB              WR = 0.000 KB        
q4_layer_ctrl:m_axi_hidden_out-HBM[1]          RD = 0.000 KB               WR = 32.000 KB       
q4_layer_ctrl:m_axi_kv_k-HBM[2]          RD = 12.000 KB              WR = 8.000 KB        
q4_layer_ctrl:m_axi_kv_v-HBM[3]          RD = 12.000 KB              WR = 8.000 KB        
q4_layer_ctrl:m_axi_norm-HBM[4]          RD = 16.000 KB              WR = 0.000 KB        
q4_layer_ctrl:m_axi_rope-HBM[5]          RD = 64.000 KB              WR = 0.000 KB        

Data transfer on stream interfaces
q4_layer_ctrl:activation_stream0-->PIPE               859.840 KB      
q4_layer_ctrl:activation_stream1-->PIPE               859.840 KB      
PIPE-->q4_layer_ctrl:out_stream0               540.750 KB      
q4_layer_ctrl:activation_stream2-->PIPE               808.375 KB      
PIPE-->q4_layer_ctrl:out_stream1               540.750 KB      
PIPE-->q4_layer_ctrl:out_stream2               519.750 KB      
PIPE-->q4_layer_ctrl:out_stream3               519.750 KB      
q4_layer_ctrl:task_stream0-->PIPE               1.781 KB        
q4_layer_ctrl:task_stream1-->PIPE               1.781 KB        
q4_layer_ctrl:task_stream2-->PIPE               1.672 KB        
q4_layer_ctrl:task_stream3-->PIPE               1.672 KB        
q4_layer_ctrl:vector_stream0a-->PIPE               160.875 KB      
q4_layer_ctrl:vector_stream0b-->PIPE               134.875 KB      
q4_layer_ctrl:vector_stream1a-->PIPE               160.875 KB      
q4_layer_ctrl:activation_stream3-->PIPE               808.375 KB      
q4_layer_ctrl:vector_stream1b-->PIPE               134.875 KB      
q4_layer_ctrl:vector_stream2a-->PIPE               160.875 KB      

INFO::[ Vitis-EM 22 ] [Time elapsed: 86 minute(s) 30 seconds, Emulation time: 1.62716 ms]
Data transfer between kernel(s) and global memory(s)
q4_layer_ctrl:m_axi_scales-HBM[6]          RD = 0.188 KB               WR = 0.000 KB        
q4_layer_ctrl:m_axi_weight0a-HBM[8]          RD = 6877.500 KB            WR = 0.000 KB        
q4_layer_ctrl:m_axi_weight0b-HBM[9]          RD = 6877.500 KB            WR = 0.000 KB        
q4_layer_ctrl:m_axi_weight1a-HBM[10]          RD = 6877.500 KB            WR = 0.000 KB        
q4_layer_ctrl:m_axi_weight1b-HBM[11]          RD = 6877.500 KB            WR = 0.000 KB        
q4_layer_ctrl:m_axi_weight2a-HBM[12]          RD = 6432.000 KB            WR = 0.000 KB        
q4_layer_ctrl:m_axi_weight2b-HBM[13]          RD = 6432.000 KB            WR = 0.000 KB        
q4_layer_ctrl:m_axi_weight3a-HBM[14]          RD = 6432.000 KB            WR = 0.000 KB        
q4_layer_ctrl:m_axi_weight3b-HBM[15]          RD = 6432.000 KB            WR = 0.000 KB        
q4_layer_ctrl:m_axi_hidden_in-HBM[0]          RD = 64.000 KB              WR = 0.000 KB        
q4_layer_ctrl:m_axi_hidden_out-HBM[1]          RD = 0.000 KB               WR = 32.000 KB       
q4_layer_ctrl:m_axi_kv_k-HBM[2]          RD = 12.000 KB              WR = 8.000 KB        
q4_layer_ctrl:m_axi_kv_v-HBM[3]          RD = 12.000 KB              WR = 8.000 KB        
q4_layer_ctrl:m_axi_norm-HBM[4]          RD = 16.000 KB              WR = 0.000 KB        
q4_layer_ctrl:m_axi_rope-HBM[5]          RD = 64.000 KB              WR = 0.000 KB        

Data transfer on stream interfaces
q4_layer_ctrl:activation_stream0-->PIPE               863.375 KB      
q4_layer_ctrl:activation_stream1-->PIPE               863.375 KB      
PIPE-->q4_layer_ctrl:out_stream0               540.750 KB      
q4_layer_ctrl:activation_stream2-->PIPE               808.375 KB      
PIPE-->q4_layer_ctrl:out_stream1               540.750 KB      
PIPE-->q4_layer_ctrl:out_stream2               519.750 KB      
PIPE-->q4_layer_ctrl:out_stream3               519.750 KB      
q4_layer_ctrl:task_stream0-->PIPE               1.781 KB        
q4_layer_ctrl:task_stream1-->PIPE               1.781 KB        
q4_layer_ctrl:task_stream2-->PIPE               1.672 KB        
q4_layer_ctrl:task_stream3-->PIPE               1.672 KB        
q4_layer_ctrl:vector_stream0a-->PIPE               160.875 KB      
q4_layer_ctrl:vector_stream0b-->PIPE               134.875 KB      
q4_layer_ctrl:vector_stream1a-->PIPE               160.875 KB      
q4_layer_ctrl:activation_stream3-->PIPE               808.375 KB      
q4_layer_ctrl:vector_stream1b-->PIPE               134.875 KB      
q4_layer_ctrl:vector_stream2a-->PIPE               160.875 KB      

INFO::[ Vitis-EM 22 ] [Time elapsed: 86 minute(s) 42 seconds, Emulation time: 1.63324 ms]
Data transfer between kernel(s) and global memory(s)
q4_layer_ctrl:m_axi_scales-HBM[6]          RD = 0.188 KB               WR = 0.000 KB        
q4_layer_ctrl:m_axi_weight0a-HBM[8]          RD = 6880.000 KB            WR = 0.000 KB        
q4_layer_ctrl:m_axi_weight0b-HBM[9]          RD = 6880.000 KB            WR = 0.000 KB        
q4_layer_ctrl:m_axi_weight1a-HBM[10]          RD = 6880.000 KB            WR = 0.000 KB        
q4_layer_ctrl:m_axi_weight1b-HBM[11]          RD = 6880.000 KB            WR = 0.000 KB        
q4_layer_ctrl:m_axi_weight2a-HBM[12]          RD = 6432.000 KB            WR = 0.000 KB        
q4_layer_ctrl:m_axi_weight2b-HBM[13]          RD = 6432.000 KB            WR = 0.000 KB        
q4_layer_ctrl:m_axi_weight3a-HBM[14]          RD = 6432.000 KB            WR = 0.000 KB        
q4_layer_ctrl:m_axi_weight3b-HBM[15]          RD = 6432.000 KB            WR = 0.000 KB        
q4_layer_ctrl:m_axi_hidden_in-HBM[0]          RD = 64.000 KB              WR = 0.000 KB        
q4_layer_ctrl:m_axi_hidden_out-HBM[1]          RD = 0.000 KB               WR = 32.000 KB       
q4_layer_ctrl:m_axi_kv_k-HBM[2]          RD = 12.000 KB              WR = 8.000 KB        
q4_layer_ctrl:m_axi_kv_v-HBM[3]          RD = 12.000 KB              WR = 8.000 KB        
q4_layer_ctrl:m_axi_norm-HBM[4]          RD = 16.000 KB              WR = 0.000 KB        
q4_layer_ctrl:m_axi_rope-HBM[5]          RD = 64.000 KB              WR = 0.000 KB        

Data transfer on stream interfaces
q4_layer_ctrl:activation_stream0-->PIPE               864.375 KB      
q4_layer_ctrl:activation_stream1-->PIPE               864.375 KB      
PIPE-->q4_layer_ctrl:out_stream0               544.250 KB      
q4_layer_ctrl:activation_stream2-->PIPE               808.375 KB      
PIPE-->q4_layer_ctrl:out_stream1               544.250 KB      
PIPE-->q4_layer_ctrl:out_stream2               519.750 KB      
PIPE-->q4_layer_ctrl:out_stream3               519.750 KB      
q4_layer_ctrl:task_stream0-->PIPE               1.781 KB        
q4_layer_ctrl:task_stream1-->PIPE               1.781 KB        
q4_layer_ctrl:task_stream2-->PIPE               1.672 KB        
q4_layer_ctrl:task_stream3-->PIPE               1.672 KB        
q4_layer_ctrl:vector_stream0a-->PIPE               160.875 KB      
q4_layer_ctrl:vector_stream0b-->PIPE               134.875 KB      
q4_layer_ctrl:vector_stream1a-->PIPE               160.875 KB      
q4_layer_ctrl:activation_stream3-->PIPE               808.375 KB      
q4_layer_ctrl:vector_stream1b-->PIPE               134.875 KB      
q4_layer_ctrl:vector_stream2a-->PIPE               160.875 KB      

INFO::[ Vitis-EM 22 ] [Time elapsed: 88 minute(s) 11 seconds, Emulation time: 1.6605 ms]
Data transfer between kernel(s) and global memory(s)
q4_layer_ctrl:m_axi_scales-HBM[6]          RD = 0.203 KB               WR = 0.000 KB        
q4_layer_ctrl:m_axi_weight0a-HBM[8]          RD = 6996.500 KB            WR = 0.000 KB        
q4_layer_ctrl:m_axi_weight0b-HBM[9]          RD = 6996.500 KB            WR = 0.000 KB        
q4_layer_ctrl:m_axi_weight1a-HBM[10]          RD = 6996.500 KB            WR = 0.000 KB        
q4_layer_ctrl:m_axi_weight1b-HBM[11]          RD = 6996.500 KB            WR = 0.000 KB        
q4_layer_ctrl:m_axi_weight2a-HBM[12]          RD = 6548.500 KB            WR = 0.000 KB        
q4_layer_ctrl:m_axi_weight2b-HBM[13]          RD = 6548.500 KB            WR = 0.000 KB        
q4_layer_ctrl:m_axi_weight3a-HBM[14]          RD = 6548.500 KB            WR = 0.000 KB        
q4_layer_ctrl:m_axi_weight3b-HBM[15]          RD = 6548.500 KB            WR = 0.000 KB        
q4_layer_ctrl:m_axi_hidden_in-HBM[0]          RD = 64.000 KB              WR = 0.000 KB        
q4_layer_ctrl:m_axi_hidden_out-HBM[1]          RD = 0.000 KB               WR = 32.000 KB       
q4_layer_ctrl:m_axi_kv_k-HBM[2]          RD = 12.000 KB              WR = 8.000 KB        
q4_layer_ctrl:m_axi_kv_v-HBM[3]          RD = 12.000 KB              WR = 8.000 KB        
q4_layer_ctrl:m_axi_norm-HBM[4]          RD = 16.000 KB              WR = 0.000 KB        
q4_layer_ctrl:m_axi_rope-HBM[5]          RD = 64.000 KB              WR = 0.000 KB        

Data transfer on stream interfaces
q4_layer_ctrl:activation_stream0-->PIPE               878.441 KB      
q4_layer_ctrl:activation_stream1-->PIPE               878.441 KB      
PIPE-->q4_layer_ctrl:out_stream0               547.750 KB      
q4_layer_ctrl:activation_stream2-->PIPE               822.441 KB      
PIPE-->q4_layer_ctrl:out_stream1               547.750 KB      
PIPE-->q4_layer_ctrl:out_stream2               523.250 KB      
PIPE-->q4_layer_ctrl:out_stream3               523.250 KB      
q4_layer_ctrl:task_stream0-->PIPE               1.812 KB        
q4_layer_ctrl:task_stream1-->PIPE               1.812 KB        
q4_layer_ctrl:task_stream2-->PIPE               1.703 KB        
q4_layer_ctrl:task_stream3-->PIPE               1.703 KB        
q4_layer_ctrl:vector_stream0a-->PIPE               160.875 KB      
q4_layer_ctrl:vector_stream0b-->PIPE               134.875 KB      
q4_layer_ctrl:vector_stream1a-->PIPE               160.875 KB      
q4_layer_ctrl:activation_stream3-->PIPE               822.441 KB      
q4_layer_ctrl:vector_stream1b-->PIPE               134.875 KB      
q4_layer_ctrl:vector_stream2a-->PIPE               160.875 KB      

INFO::[ Vitis-EM 22 ] [Time elapsed: 88 minute(s) 27 seconds, Emulation time: 1.66352 ms]
Data transfer between kernel(s) and global memory(s)
q4_layer_ctrl:m_axi_scales-HBM[6]          RD = 0.203 KB               WR = 0.000 KB        
q4_layer_ctrl:m_axi_weight0a-HBM[8]          RD = 7022.500 KB            WR = 0.000 KB        
q4_layer_ctrl:m_axi_weight0b-HBM[9]          RD = 7022.500 KB            WR = 0.000 KB        
q4_layer_ctrl:m_axi_weight1a-HBM[10]          RD = 7022.500 KB            WR = 0.000 KB        
q4_layer_ctrl:m_axi_weight1b-HBM[11]          RD = 7022.500 KB            WR = 0.000 KB        
q4_layer_ctrl:m_axi_weight2a-HBM[12]          RD = 6574.500 KB            WR = 0.000 KB        
q4_layer_ctrl:m_axi_weight2b-HBM[13]          RD = 6574.500 KB            WR = 0.000 KB        
q4_layer_ctrl:m_axi_weight3a-HBM[14]          RD = 6574.500 KB            WR = 0.000 KB        
q4_layer_ctrl:m_axi_weight3b-HBM[15]          RD = 6574.500 KB            WR = 0.000 KB        
q4_layer_ctrl:m_axi_hidden_in-HBM[0]          RD = 64.000 KB              WR = 0.000 KB        
q4_layer_ctrl:m_axi_hidden_out-HBM[1]          RD = 0.000 KB               WR = 32.000 KB       
q4_layer_ctrl:m_axi_kv_k-HBM[2]          RD = 12.000 KB              WR = 8.000 KB        
q4_layer_ctrl:m_axi_kv_v-HBM[3]          RD = 12.000 KB              WR = 8.000 KB        
q4_layer_ctrl:m_axi_norm-HBM[4]          RD = 16.000 KB              WR = 0.000 KB        
q4_layer_ctrl:m_axi_rope-HBM[5]          RD = 64.000 KB              WR = 0.000 KB        

Data transfer on stream interfaces
q4_layer_ctrl:activation_stream0-->PIPE               881.691 KB      
q4_layer_ctrl:activation_stream1-->PIPE               881.691 KB      
PIPE-->q4_layer_ctrl:out_stream0               551.250 KB      
q4_layer_ctrl:activation_stream2-->PIPE               825.691 KB      
PIPE-->q4_layer_ctrl:out_stream1               551.250 KB      
PIPE-->q4_layer_ctrl:out_stream2               526.750 KB      
PIPE-->q4_layer_ctrl:out_stream3               526.750 KB      
q4_layer_ctrl:task_stream0-->PIPE               1.828 KB        
q4_layer_ctrl:task_stream1-->PIPE               1.828 KB        
q4_layer_ctrl:task_stream2-->PIPE               1.719 KB        
q4_layer_ctrl:task_stream3-->PIPE               1.719 KB        
q4_layer_ctrl:vector_stream0a-->PIPE               160.875 KB      
q4_layer_ctrl:vector_stream0b-->PIPE               134.875 KB      
q4_layer_ctrl:vector_stream1a-->PIPE               160.875 KB      
q4_layer_ctrl:activation_stream3-->PIPE               825.691 KB      
q4_layer_ctrl:vector_stream1b-->PIPE               134.875 KB      
q4_layer_ctrl:vector_stream2a-->PIPE               160.875 KB      

INFO::[ Vitis-EM 22 ] [Time elapsed: 88 minute(s) 55 seconds, Emulation time: 1.66855 ms]
Data transfer between kernel(s) and global memory(s)
q4_layer_ctrl:m_axi_scales-HBM[6]          RD = 0.203 KB               WR = 0.000 KB        
q4_layer_ctrl:m_axi_weight0a-HBM[8]          RD = 7069.500 KB            WR = 0.000 KB        
q4_layer_ctrl:m_axi_weight0b-HBM[9]          RD = 7069.500 KB            WR = 0.000 KB        
q4_layer_ctrl:m_axi_weight1a-HBM[10]          RD = 7069.500 KB            WR = 0.000 KB        
q4_layer_ctrl:m_axi_weight1b-HBM[11]          RD = 7069.500 KB            WR = 0.000 KB        
q4_layer_ctrl:m_axi_weight2a-HBM[12]          RD = 6621.500 KB            WR = 0.000 KB        
q4_layer_ctrl:m_axi_weight2b-HBM[13]          RD = 6621.500 KB            WR = 0.000 KB        
q4_layer_ctrl:m_axi_weight3a-HBM[14]          RD = 6621.500 KB            WR = 0.000 KB        
q4_layer_ctrl:m_axi_weight3b-HBM[15]          RD = 6621.500 KB            WR = 0.000 KB        
q4_layer_ctrl:m_axi_hidden_in-HBM[0]          RD = 64.000 KB              WR = 0.000 KB        
q4_layer_ctrl:m_axi_hidden_out-HBM[1]          RD = 0.000 KB               WR = 32.000 KB       
q4_layer_ctrl:m_axi_kv_k-HBM[2]          RD = 12.000 KB              WR = 8.000 KB        
q4_layer_ctrl:m_axi_kv_v-HBM[3]          RD = 12.000 KB              WR = 8.000 KB        
q4_layer_ctrl:m_axi_norm-HBM[4]          RD = 16.000 KB              WR = 0.000 KB        
q4_layer_ctrl:m_axi_rope-HBM[5]          RD = 64.000 KB              WR = 0.000 KB        

Data transfer on stream interfaces
q4_layer_ctrl:activation_stream0-->PIPE               887.574 KB      
q4_layer_ctrl:activation_stream1-->PIPE               887.574 KB      
PIPE-->q4_layer_ctrl:out_stream0               551.250 KB      
q4_layer_ctrl:activation_stream2-->PIPE               831.574 KB      
PIPE-->q4_layer_ctrl:out_stream1               551.250 KB      
PIPE-->q4_layer_ctrl:out_stream2               526.750 KB      
PIPE-->q4_layer_ctrl:out_stream3               526.750 KB      
q4_layer_ctrl:task_stream0-->PIPE               1.828 KB        
q4_layer_ctrl:task_stream1-->PIPE               1.828 KB        
q4_layer_ctrl:task_stream2-->PIPE               1.719 KB        
q4_layer_ctrl:task_stream3-->PIPE               1.719 KB        
q4_layer_ctrl:vector_stream0a-->PIPE               160.875 KB      
q4_layer_ctrl:vector_stream0b-->PIPE               134.875 KB      
q4_layer_ctrl:vector_stream1a-->PIPE               160.875 KB      
q4_layer_ctrl:activation_stream3-->PIPE               831.574 KB      
q4_layer_ctrl:vector_stream1b-->PIPE               134.875 KB      
q4_layer_ctrl:vector_stream2a-->PIPE               160.875 KB      

INFO::[ Vitis-EM 22 ] [Time elapsed: 89 minute(s) 50 seconds, Emulation time: 1.67859 ms]
Data transfer between kernel(s) and global memory(s)
q4_layer_ctrl:m_axi_scales-HBM[6]          RD = 0.203 KB               WR = 0.000 KB        
q4_layer_ctrl:m_axi_weight0a-HBM[8]          RD = 7159.000 KB            WR = 0.000 KB        
q4_layer_ctrl:m_axi_weight0b-HBM[9]          RD = 7159.000 KB            WR = 0.000 KB        
q4_layer_ctrl:m_axi_weight1a-HBM[10]          RD = 7159.000 KB            WR = 0.000 KB        
q4_layer_ctrl:m_axi_weight1b-HBM[11]          RD = 7159.000 KB            WR = 0.000 KB        
q4_layer_ctrl:m_axi_weight2a-HBM[12]          RD = 6711.000 KB            WR = 0.000 KB        
q4_layer_ctrl:m_axi_weight2b-HBM[13]          RD = 6711.000 KB            WR = 0.000 KB        
q4_layer_ctrl:m_axi_weight3a-HBM[14]          RD = 6711.000 KB            WR = 0.000 KB        
q4_layer_ctrl:m_axi_weight3b-HBM[15]          RD = 6711.000 KB            WR = 0.000 KB        
q4_layer_ctrl:m_axi_hidden_in-HBM[0]          RD = 64.000 KB              WR = 0.000 KB        
q4_layer_ctrl:m_axi_hidden_out-HBM[1]          RD = 0.000 KB               WR = 32.000 KB       
q4_layer_ctrl:m_axi_kv_k-HBM[2]          RD = 12.000 KB              WR = 8.000 KB        
q4_layer_ctrl:m_axi_kv_v-HBM[3]          RD = 12.000 KB              WR = 8.000 KB        
q4_layer_ctrl:m_axi_norm-HBM[4]          RD = 16.000 KB              WR = 0.000 KB        
q4_layer_ctrl:m_axi_rope-HBM[5]          RD = 64.000 KB              WR = 0.000 KB        

Data transfer on stream interfaces
q4_layer_ctrl:activation_stream0-->PIPE               898.633 KB      
q4_layer_ctrl:activation_stream1-->PIPE               898.633 KB      
PIPE-->q4_layer_ctrl:out_stream0               558.250 KB      
q4_layer_ctrl:activation_stream2-->PIPE               842.633 KB      
PIPE-->q4_layer_ctrl:out_stream1               558.250 KB      
PIPE-->q4_layer_ctrl:out_stream2               533.750 KB      
PIPE-->q4_layer_ctrl:out_stream3               533.750 KB      
q4_layer_ctrl:task_stream0-->PIPE               1.859 KB        
q4_layer_ctrl:task_stream1-->PIPE               1.859 KB        
q4_layer_ctrl:task_stream2-->PIPE               1.750 KB        
q4_layer_ctrl:task_stream3-->PIPE               1.750 KB        
q4_layer_ctrl:vector_stream0a-->PIPE               160.875 KB      
q4_layer_ctrl:vector_stream0b-->PIPE               134.875 KB      
q4_layer_ctrl:vector_stream1a-->PIPE               160.875 KB      
q4_layer_ctrl:activation_stream3-->PIPE               842.633 KB      
q4_layer_ctrl:vector_stream1b-->PIPE               134.875 KB      
q4_layer_ctrl:vector_stream2a-->PIPE               160.875 KB      

INFO::[ Vitis-EM 22 ] [Time elapsed: 90 minute(s) 46 seconds, Emulation time: 1.68863 ms]
Data transfer between kernel(s) and global memory(s)
q4_layer_ctrl:m_axi_scales-HBM[6]          RD = 0.203 KB               WR = 0.000 KB        
q4_layer_ctrl:m_axi_weight0a-HBM[8]          RD = 7250.000 KB            WR = 0.000 KB        
q4_layer_ctrl:m_axi_weight0b-HBM[9]          RD = 7250.000 KB            WR = 0.000 KB        
q4_layer_ctrl:m_axi_weight1a-HBM[10]          RD = 7250.000 KB            WR = 0.000 KB        
q4_layer_ctrl:m_axi_weight1b-HBM[11]          RD = 7250.000 KB            WR = 0.000 KB        
q4_layer_ctrl:m_axi_weight2a-HBM[12]          RD = 6802.000 KB            WR = 0.000 KB        
q4_layer_ctrl:m_axi_weight2b-HBM[13]          RD = 6802.000 KB            WR = 0.000 KB        
q4_layer_ctrl:m_axi_weight3a-HBM[14]          RD = 6802.000 KB            WR = 0.000 KB        
q4_layer_ctrl:m_axi_weight3b-HBM[15]          RD = 6802.000 KB            WR = 0.000 KB        
q4_layer_ctrl:m_axi_hidden_in-HBM[0]          RD = 64.000 KB              WR = 0.000 KB        
q4_layer_ctrl:m_axi_hidden_out-HBM[1]          RD = 0.000 KB               WR = 32.000 KB       
q4_layer_ctrl:m_axi_kv_k-HBM[2]          RD = 12.000 KB              WR = 8.000 KB        
q4_layer_ctrl:m_axi_kv_v-HBM[3]          RD = 12.000 KB              WR = 8.000 KB        
q4_layer_ctrl:m_axi_norm-HBM[4]          RD = 16.000 KB              WR = 0.000 KB        
q4_layer_ctrl:m_axi_rope-HBM[5]          RD = 64.000 KB              WR = 0.000 KB        

Data transfer on stream interfaces
q4_layer_ctrl:activation_stream0-->PIPE               909.949 KB      
q4_layer_ctrl:activation_stream1-->PIPE               909.949 KB      
PIPE-->q4_layer_ctrl:out_stream0               561.750 KB      
q4_layer_ctrl:activation_stream2-->PIPE               853.949 KB      
PIPE-->q4_layer_ctrl:out_stream1               561.750 KB      
PIPE-->q4_layer_ctrl:out_stream2               537.250 KB      
PIPE-->q4_layer_ctrl:out_stream3               537.250 KB      
q4_layer_ctrl:task_stream0-->PIPE               1.875 KB        
q4_layer_ctrl:task_stream1-->PIPE               1.875 KB        
q4_layer_ctrl:task_stream2-->PIPE               1.766 KB        
q4_layer_ctrl:task_stream3-->PIPE               1.766 KB        
q4_layer_ctrl:vector_stream0a-->PIPE               160.875 KB      
q4_layer_ctrl:vector_stream0b-->PIPE               134.875 KB      
q4_layer_ctrl:vector_stream1a-->PIPE               160.875 KB      
q4_layer_ctrl:activation_stream3-->PIPE               853.949 KB      
q4_layer_ctrl:vector_stream1b-->PIPE               134.875 KB      
q4_layer_ctrl:vector_stream2a-->PIPE               160.875 KB      

INFO::[ Vitis-EM 22 ] [Time elapsed: 94 minute(s) 54 seconds, Emulation time: 1.73381 ms]
Data transfer between kernel(s) and global memory(s)
q4_layer_ctrl:m_axi_scales-HBM[6]          RD = 0.203 KB               WR = 0.000 KB        
q4_layer_ctrl:m_axi_weight0a-HBM[8]          RD = 7648.000 KB            WR = 0.000 KB        
q4_layer_ctrl:m_axi_weight0b-HBM[9]          RD = 7648.000 KB            WR = 0.000 KB        
q4_layer_ctrl:m_axi_weight1a-HBM[10]          RD = 7648.000 KB            WR = 0.000 KB        
q4_layer_ctrl:m_axi_weight1b-HBM[11]          RD = 7648.000 KB            WR = 0.000 KB        
q4_layer_ctrl:m_axi_weight2a-HBM[12]          RD = 7200.000 KB            WR = 0.000 KB        
q4_layer_ctrl:m_axi_weight2b-HBM[13]          RD = 7200.000 KB            WR = 0.000 KB        
q4_layer_ctrl:m_axi_weight3a-HBM[14]          RD = 7200.000 KB            WR = 0.000 KB        
q4_layer_ctrl:m_axi_weight3b-HBM[15]          RD = 7200.000 KB            WR = 0.000 KB        
q4_layer_ctrl:m_axi_hidden_in-HBM[0]          RD = 64.000 KB              WR = 0.000 KB        
q4_layer_ctrl:m_axi_hidden_out-HBM[1]          RD = 0.000 KB               WR = 32.000 KB       
q4_layer_ctrl:m_axi_kv_k-HBM[2]          RD = 12.000 KB              WR = 8.000 KB        
q4_layer_ctrl:m_axi_kv_v-HBM[3]          RD = 12.000 KB              WR = 8.000 KB        
q4_layer_ctrl:m_axi_norm-HBM[4]          RD = 16.000 KB              WR = 0.000 KB        
q4_layer_ctrl:m_axi_rope-HBM[5]          RD = 64.000 KB              WR = 0.000 KB        

Data transfer on stream interfaces
q4_layer_ctrl:activation_stream0-->PIPE               960.207 KB      
q4_layer_ctrl:activation_stream1-->PIPE               960.207 KB      
PIPE-->q4_layer_ctrl:out_stream0               582.750 KB      
q4_layer_ctrl:activation_stream2-->PIPE               904.207 KB      
PIPE-->q4_layer_ctrl:out_stream1               582.750 KB      
PIPE-->q4_layer_ctrl:out_stream2               558.250 KB      
PIPE-->q4_layer_ctrl:out_stream3               558.250 KB      
q4_layer_ctrl:task_stream0-->PIPE               1.969 KB        
q4_layer_ctrl:task_stream1-->PIPE               1.969 KB        
q4_layer_ctrl:task_stream2-->PIPE               1.859 KB        
q4_layer_ctrl:task_stream3-->PIPE               1.859 KB        
q4_layer_ctrl:vector_stream0a-->PIPE               160.875 KB      
q4_layer_ctrl:vector_stream0b-->PIPE               134.875 KB      
q4_layer_ctrl:vector_stream1a-->PIPE               160.875 KB      
q4_layer_ctrl:activation_stream3-->PIPE               904.207 KB      
q4_layer_ctrl:vector_stream1b-->PIPE               134.875 KB      
q4_layer_ctrl:vector_stream2a-->PIPE               160.875 KB      

INFO::[ Vitis-EM 22 ] [Time elapsed: 96 minute(s) 16 seconds, Emulation time: 1.74888 ms]
Data transfer between kernel(s) and global memory(s)
q4_layer_ctrl:m_axi_scales-HBM[6]          RD = 0.203 KB               WR = 0.000 KB        
q4_layer_ctrl:m_axi_weight0a-HBM[8]          RD = 7782.500 KB            WR = 0.000 KB        
q4_layer_ctrl:m_axi_weight0b-HBM[9]          RD = 7782.500 KB            WR = 0.000 KB        
q4_layer_ctrl:m_axi_weight1a-HBM[10]          RD = 7782.500 KB            WR = 0.000 KB        
q4_layer_ctrl:m_axi_weight1b-HBM[11]          RD = 7782.500 KB            WR = 0.000 KB        
q4_layer_ctrl:m_axi_weight2a-HBM[12]          RD = 7334.500 KB            WR = 0.000 KB        
q4_layer_ctrl:m_axi_weight2b-HBM[13]          RD = 7334.500 KB            WR = 0.000 KB        
q4_layer_ctrl:m_axi_weight3a-HBM[14]          RD = 7334.500 KB            WR = 0.000 KB        
q4_layer_ctrl:m_axi_weight3b-HBM[15]          RD = 7334.500 KB            WR = 0.000 KB        
q4_layer_ctrl:m_axi_hidden_in-HBM[0]          RD = 64.000 KB              WR = 0.000 KB        
q4_layer_ctrl:m_axi_hidden_out-HBM[1]          RD = 0.000 KB               WR = 32.000 KB       
q4_layer_ctrl:m_axi_kv_k-HBM[2]          RD = 12.000 KB              WR = 8.000 KB        
q4_layer_ctrl:m_axi_kv_v-HBM[3]          RD = 12.000 KB              WR = 8.000 KB        
q4_layer_ctrl:m_axi_norm-HBM[4]          RD = 16.000 KB              WR = 0.000 KB        
q4_layer_ctrl:m_axi_rope-HBM[5]          RD = 64.000 KB              WR = 0.000 KB        

Data transfer on stream interfaces
q4_layer_ctrl:activation_stream0-->PIPE               976.738 KB      
q4_layer_ctrl:activation_stream1-->PIPE               976.738 KB      
PIPE-->q4_layer_ctrl:out_stream0               590.188 KB      
q4_layer_ctrl:activation_stream2-->PIPE               920.738 KB      
PIPE-->q4_layer_ctrl:out_stream1               590.188 KB      
PIPE-->q4_layer_ctrl:out_stream2               565.688 KB      
PIPE-->q4_layer_ctrl:out_stream3               565.688 KB      
q4_layer_ctrl:task_stream0-->PIPE               2.016 KB        
q4_layer_ctrl:task_stream1-->PIPE               2.016 KB        
q4_layer_ctrl:task_stream2-->PIPE               1.906 KB        
q4_layer_ctrl:task_stream3-->PIPE               1.906 KB        
q4_layer_ctrl:vector_stream0a-->PIPE               160.875 KB      
q4_layer_ctrl:vector_stream0b-->PIPE               134.875 KB      
q4_layer_ctrl:vector_stream1a-->PIPE               160.875 KB      
q4_layer_ctrl:activation_stream3-->PIPE               920.738 KB      
q4_layer_ctrl:vector_stream1b-->PIPE               134.875 KB      
q4_layer_ctrl:vector_stream2a-->PIPE               160.875 KB      

INFO::[ Vitis-EM 22 ] [Time elapsed: 96 minute(s) 32 seconds, Emulation time: 1.7519 ms]
Data transfer between kernel(s) and global memory(s)
q4_layer_ctrl:m_axi_scales-HBM[6]          RD = 0.203 KB               WR = 0.000 KB        
q4_layer_ctrl:m_axi_weight0a-HBM[8]          RD = 7811.000 KB            WR = 0.000 KB        
q4_layer_ctrl:m_axi_weight0b-HBM[9]          RD = 7811.000 KB            WR = 0.000 KB        
q4_layer_ctrl:m_axi_weight1a-HBM[10]          RD = 7811.000 KB            WR = 0.000 KB        
q4_layer_ctrl:m_axi_weight1b-HBM[11]          RD = 7811.000 KB            WR = 0.000 KB        
q4_layer_ctrl:m_axi_weight2a-HBM[12]          RD = 7363.000 KB            WR = 0.000 KB        
q4_layer_ctrl:m_axi_weight2b-HBM[13]          RD = 7363.000 KB            WR = 0.000 KB        
q4_layer_ctrl:m_axi_weight3a-HBM[14]          RD = 7363.000 KB            WR = 0.000 KB        
q4_layer_ctrl:m_axi_weight3b-HBM[15]          RD = 7363.000 KB            WR = 0.000 KB        
q4_layer_ctrl:m_axi_hidden_in-HBM[0]          RD = 64.000 KB              WR = 0.000 KB        
q4_layer_ctrl:m_axi_hidden_out-HBM[1]          RD = 0.000 KB               WR = 32.000 KB       
q4_layer_ctrl:m_axi_kv_k-HBM[2]          RD = 12.000 KB              WR = 8.000 KB        
q4_layer_ctrl:m_axi_kv_v-HBM[3]          RD = 12.000 KB              WR = 8.000 KB        
q4_layer_ctrl:m_axi_norm-HBM[4]          RD = 16.000 KB              WR = 0.000 KB        
q4_layer_ctrl:m_axi_rope-HBM[5]          RD = 64.000 KB              WR = 0.000 KB        

Data transfer on stream interfaces
q4_layer_ctrl:activation_stream0-->PIPE               980.074 KB      
q4_layer_ctrl:activation_stream1-->PIPE               980.074 KB      
PIPE-->q4_layer_ctrl:out_stream0               593.250 KB      
q4_layer_ctrl:activation_stream2-->PIPE               924.074 KB      
PIPE-->q4_layer_ctrl:out_stream1               593.250 KB      
PIPE-->q4_layer_ctrl:out_stream2               568.750 KB      
PIPE-->q4_layer_ctrl:out_stream3               568.750 KB      
q4_layer_ctrl:task_stream0-->PIPE               2.016 KB        
q4_layer_ctrl:task_stream1-->PIPE               2.016 KB        
q4_layer_ctrl:task_stream2-->PIPE               1.906 KB        
q4_layer_ctrl:task_stream3-->PIPE               1.906 KB        
q4_layer_ctrl:vector_stream0a-->PIPE               160.875 KB      
q4_layer_ctrl:vector_stream0b-->PIPE               134.875 KB      
q4_layer_ctrl:vector_stream1a-->PIPE               160.875 KB      
q4_layer_ctrl:activation_stream3-->PIPE               924.074 KB      
q4_layer_ctrl:vector_stream1b-->PIPE               134.875 KB      
q4_layer_ctrl:vector_stream2a-->PIPE               160.875 KB      

INFO::[ Vitis-EM 22 ] [Time elapsed: 96 minute(s) 43 seconds, Emulation time: 1.75391 ms]
Data transfer between kernel(s) and global memory(s)
q4_layer_ctrl:m_axi_scales-HBM[6]          RD = 0.203 KB               WR = 0.000 KB        
q4_layer_ctrl:m_axi_weight0a-HBM[8]          RD = 7830.000 KB            WR = 0.000 KB        
q4_layer_ctrl:m_axi_weight0b-HBM[9]          RD = 7830.000 KB            WR = 0.000 KB        
q4_layer_ctrl:m_axi_weight1a-HBM[10]          RD = 7830.000 KB            WR = 0.000 KB        
q4_layer_ctrl:m_axi_weight1b-HBM[11]          RD = 7830.000 KB            WR = 0.000 KB        
q4_layer_ctrl:m_axi_weight2a-HBM[12]          RD = 7382.000 KB            WR = 0.000 KB        
q4_layer_ctrl:m_axi_weight2b-HBM[13]          RD = 7382.000 KB            WR = 0.000 KB        
q4_layer_ctrl:m_axi_weight3a-HBM[14]          RD = 7382.000 KB            WR = 0.000 KB        
q4_layer_ctrl:m_axi_weight3b-HBM[15]          RD = 7382.000 KB            WR = 0.000 KB        
q4_layer_ctrl:m_axi_hidden_in-HBM[0]          RD = 64.000 KB              WR = 0.000 KB        
q4_layer_ctrl:m_axi_hidden_out-HBM[1]          RD = 0.000 KB               WR = 32.000 KB       
q4_layer_ctrl:m_axi_kv_k-HBM[2]          RD = 12.000 KB              WR = 8.000 KB        
q4_layer_ctrl:m_axi_kv_v-HBM[3]          RD = 12.000 KB              WR = 8.000 KB        
q4_layer_ctrl:m_axi_norm-HBM[4]          RD = 16.000 KB              WR = 0.000 KB        
q4_layer_ctrl:m_axi_rope-HBM[5]          RD = 64.000 KB              WR = 0.000 KB        

Data transfer on stream interfaces
q4_layer_ctrl:activation_stream0-->PIPE               982.430 KB      
q4_layer_ctrl:activation_stream1-->PIPE               982.430 KB      
PIPE-->q4_layer_ctrl:out_stream0               593.250 KB      
q4_layer_ctrl:activation_stream2-->PIPE               926.430 KB      
PIPE-->q4_layer_ctrl:out_stream1               593.250 KB      
PIPE-->q4_layer_ctrl:out_stream2               568.750 KB      
PIPE-->q4_layer_ctrl:out_stream3               568.750 KB      
q4_layer_ctrl:task_stream0-->PIPE               2.016 KB        
q4_layer_ctrl:task_stream1-->PIPE               2.016 KB        
q4_layer_ctrl:task_stream2-->PIPE               1.906 KB        
q4_layer_ctrl:task_stream3-->PIPE               1.906 KB        
q4_layer_ctrl:vector_stream0a-->PIPE               160.875 KB      
q4_layer_ctrl:vector_stream0b-->PIPE               134.875 KB      
q4_layer_ctrl:vector_stream1a-->PIPE               160.875 KB      
q4_layer_ctrl:activation_stream3-->PIPE               926.430 KB      
q4_layer_ctrl:vector_stream1b-->PIPE               134.875 KB      
q4_layer_ctrl:vector_stream2a-->PIPE               160.875 KB      

INFO::[ Vitis-EM 22 ] [Time elapsed: 98 minute(s) 11 seconds, Emulation time: 1.76997 ms]
Data transfer between kernel(s) and global memory(s)
q4_layer_ctrl:m_axi_scales-HBM[6]          RD = 0.203 KB               WR = 0.000 KB        
q4_layer_ctrl:m_axi_weight0a-HBM[8]          RD = 7968.500 KB            WR = 0.000 KB        
q4_layer_ctrl:m_axi_weight0b-HBM[9]          RD = 7968.500 KB            WR = 0.000 KB        
q4_layer_ctrl:m_axi_weight1a-HBM[10]          RD = 7968.500 KB            WR = 0.000 KB        
q4_layer_ctrl:m_axi_weight1b-HBM[11]          RD = 7968.500 KB            WR = 0.000 KB        
q4_layer_ctrl:m_axi_weight2a-HBM[12]          RD = 7520.500 KB            WR = 0.000 KB        
q4_layer_ctrl:m_axi_weight2b-HBM[13]          RD = 7520.500 KB            WR = 0.000 KB        
q4_layer_ctrl:m_axi_weight3a-HBM[14]          RD = 7520.500 KB            WR = 0.000 KB        
q4_layer_ctrl:m_axi_weight3b-HBM[15]          RD = 7520.500 KB            WR = 0.000 KB        
q4_layer_ctrl:m_axi_hidden_in-HBM[0]          RD = 64.000 KB              WR = 0.000 KB        
q4_layer_ctrl:m_axi_hidden_out-HBM[1]          RD = 0.000 KB               WR = 32.000 KB       
q4_layer_ctrl:m_axi_kv_k-HBM[2]          RD = 12.000 KB              WR = 8.000 KB        
q4_layer_ctrl:m_axi_kv_v-HBM[3]          RD = 12.000 KB              WR = 8.000 KB        
q4_layer_ctrl:m_axi_norm-HBM[4]          RD = 16.000 KB              WR = 0.000 KB        
q4_layer_ctrl:m_axi_rope-HBM[5]          RD = 64.000 KB              WR = 0.000 KB        

Data transfer on stream interfaces
q4_layer_ctrl:activation_stream0-->PIPE               1000.355 KB     
q4_layer_ctrl:activation_stream1-->PIPE               1000.355 KB     
PIPE-->q4_layer_ctrl:out_stream0               600.250 KB      
q4_layer_ctrl:activation_stream2-->PIPE               944.355 KB      
PIPE-->q4_layer_ctrl:out_stream1               600.250 KB      
PIPE-->q4_layer_ctrl:out_stream2               575.750 KB      
PIPE-->q4_layer_ctrl:out_stream3               575.750 KB      
q4_layer_ctrl:task_stream0-->PIPE               2.047 KB        
q4_layer_ctrl:task_stream1-->PIPE               2.047 KB        
q4_layer_ctrl:task_stream2-->PIPE               1.938 KB        
q4_layer_ctrl:task_stream3-->PIPE               1.938 KB        
q4_layer_ctrl:vector_stream0a-->PIPE               160.875 KB      
q4_layer_ctrl:vector_stream0b-->PIPE               134.875 KB      
q4_layer_ctrl:vector_stream1a-->PIPE               160.875 KB      
q4_layer_ctrl:activation_stream3-->PIPE               944.355 KB      
q4_layer_ctrl:vector_stream1b-->PIPE               134.875 KB      
q4_layer_ctrl:vector_stream2a-->PIPE               160.875 KB      

INFO::[ Vitis-EM 22 ] [Time elapsed: 100 minute(s) 13 seconds, Emulation time: 1.79207 ms]
Data transfer between kernel(s) and global memory(s)
q4_layer_ctrl:m_axi_scales-HBM[6]          RD = 0.203 KB               WR = 0.000 KB        
q4_layer_ctrl:m_axi_weight0a-HBM[8]          RD = 8166.000 KB            WR = 0.000 KB        
q4_layer_ctrl:m_axi_weight0b-HBM[9]          RD = 8166.000 KB            WR = 0.000 KB        
q4_layer_ctrl:m_axi_weight1a-HBM[10]          RD = 8166.000 KB            WR = 0.000 KB        
q4_layer_ctrl:m_axi_weight1b-HBM[11]          RD = 8166.000 KB            WR = 0.000 KB        
q4_layer_ctrl:m_axi_weight2a-HBM[12]          RD = 7718.000 KB            WR = 0.000 KB        
q4_layer_ctrl:m_axi_weight2b-HBM[13]          RD = 7718.000 KB            WR = 0.000 KB        
q4_layer_ctrl:m_axi_weight3a-HBM[14]          RD = 7718.000 KB            WR = 0.000 KB        
q4_layer_ctrl:m_axi_weight3b-HBM[15]          RD = 7718.000 KB            WR = 0.000 KB        
q4_layer_ctrl:m_axi_hidden_in-HBM[0]          RD = 64.000 KB              WR = 0.000 KB        
q4_layer_ctrl:m_axi_hidden_out-HBM[1]          RD = 0.000 KB               WR = 32.000 KB       
q4_layer_ctrl:m_axi_kv_k-HBM[2]          RD = 12.000 KB              WR = 8.000 KB        
q4_layer_ctrl:m_axi_kv_v-HBM[3]          RD = 12.000 KB              WR = 8.000 KB        
q4_layer_ctrl:m_axi_norm-HBM[4]          RD = 16.000 KB              WR = 0.000 KB        
q4_layer_ctrl:m_axi_rope-HBM[5]          RD = 64.000 KB              WR = 0.000 KB        

Data transfer on stream interfaces
q4_layer_ctrl:activation_stream0-->PIPE               1024.676 KB     
q4_layer_ctrl:activation_stream1-->PIPE               1024.676 KB     
PIPE-->q4_layer_ctrl:out_stream0               610.750 KB      
q4_layer_ctrl:activation_stream2-->PIPE               968.676 KB      
PIPE-->q4_layer_ctrl:out_stream1               610.750 KB      
PIPE-->q4_layer_ctrl:out_stream2               586.250 KB      
PIPE-->q4_layer_ctrl:out_stream3               586.250 KB      
q4_layer_ctrl:task_stream0-->PIPE               2.109 KB        
q4_layer_ctrl:task_stream1-->PIPE               2.109 KB        
q4_layer_ctrl:task_stream2-->PIPE               2.000 KB        
q4_layer_ctrl:task_stream3-->PIPE               2.000 KB        
q4_layer_ctrl:vector_stream0a-->PIPE               160.875 KB      
q4_layer_ctrl:vector_stream0b-->PIPE               134.875 KB      
q4_layer_ctrl:vector_stream1a-->PIPE               160.875 KB      
q4_layer_ctrl:activation_stream3-->PIPE               968.676 KB      
q4_layer_ctrl:vector_stream1b-->PIPE               134.875 KB      
q4_layer_ctrl:vector_stream2a-->PIPE               160.875 KB      

INFO::[ Vitis-EM 22 ] [Time elapsed: 100 minute(s) 23 seconds, Emulation time: 1.79409 ms]
Data transfer between kernel(s) and global memory(s)
q4_layer_ctrl:m_axi_scales-HBM[6]          RD = 0.203 KB               WR = 0.000 KB        
q4_layer_ctrl:m_axi_weight0a-HBM[8]          RD = 8185.000 KB            WR = 0.000 KB        
q4_layer_ctrl:m_axi_weight0b-HBM[9]          RD = 8185.000 KB            WR = 0.000 KB        
q4_layer_ctrl:m_axi_weight1a-HBM[10]          RD = 8185.000 KB            WR = 0.000 KB        
q4_layer_ctrl:m_axi_weight1b-HBM[11]          RD = 8185.000 KB            WR = 0.000 KB        
q4_layer_ctrl:m_axi_weight2a-HBM[12]          RD = 7737.000 KB            WR = 0.000 KB        
q4_layer_ctrl:m_axi_weight2b-HBM[13]          RD = 7737.000 KB            WR = 0.000 KB        
q4_layer_ctrl:m_axi_weight3a-HBM[14]          RD = 7737.000 KB            WR = 0.000 KB        
q4_layer_ctrl:m_axi_weight3b-HBM[15]          RD = 7737.000 KB            WR = 0.000 KB        
q4_layer_ctrl:m_axi_hidden_in-HBM[0]          RD = 64.000 KB              WR = 0.000 KB        
q4_layer_ctrl:m_axi_hidden_out-HBM[1]          RD = 0.000 KB               WR = 32.000 KB       
q4_layer_ctrl:m_axi_kv_k-HBM[2]          RD = 12.000 KB              WR = 8.000 KB        
q4_layer_ctrl:m_axi_kv_v-HBM[3]          RD = 12.000 KB              WR = 8.000 KB        
q4_layer_ctrl:m_axi_norm-HBM[4]          RD = 16.000 KB              WR = 0.000 KB        
q4_layer_ctrl:m_axi_rope-HBM[5]          RD = 64.000 KB              WR = 0.000 KB        

Data transfer on stream interfaces
q4_layer_ctrl:activation_stream0-->PIPE               1026.832 KB     
q4_layer_ctrl:activation_stream1-->PIPE               1026.832 KB     
PIPE-->q4_layer_ctrl:out_stream0               614.250 KB      
q4_layer_ctrl:activation_stream2-->PIPE               970.832 KB      
PIPE-->q4_layer_ctrl:out_stream1               614.250 KB      
PIPE-->q4_layer_ctrl:out_stream2               589.750 KB      
PIPE-->q4_layer_ctrl:out_stream3               589.750 KB      
q4_layer_ctrl:task_stream0-->PIPE               2.109 KB        
q4_layer_ctrl:task_stream1-->PIPE               2.109 KB        
q4_layer_ctrl:task_stream2-->PIPE               2.000 KB        
q4_layer_ctrl:task_stream3-->PIPE               2.000 KB        
q4_layer_ctrl:vector_stream0a-->PIPE               160.875 KB      
q4_layer_ctrl:vector_stream0b-->PIPE               134.875 KB      
q4_layer_ctrl:vector_stream1a-->PIPE               160.875 KB      
q4_layer_ctrl:activation_stream3-->PIPE               970.832 KB      
q4_layer_ctrl:vector_stream1b-->PIPE               134.875 KB      
q4_layer_ctrl:vector_stream2a-->PIPE               160.875 KB      

INFO::[ Vitis-EM 22 ] [Time elapsed: 102 minute(s) 14 seconds, Emulation time: 1.85384 ms]
Data transfer between kernel(s) and global memory(s)
q4_layer_ctrl:m_axi_scales-HBM[6]          RD = 0.203 KB               WR = 0.000 KB        
q4_layer_ctrl:m_axi_weight0a-HBM[8]          RD = 8288.000 KB            WR = 0.000 KB        
q4_layer_ctrl:m_axi_weight0b-HBM[9]          RD = 8288.000 KB            WR = 0.000 KB        
q4_layer_ctrl:m_axi_weight1a-HBM[10]          RD = 8288.000 KB            WR = 0.000 KB        
q4_layer_ctrl:m_axi_weight1b-HBM[11]          RD = 8288.000 KB            WR = 0.000 KB        
q4_layer_ctrl:m_axi_weight2a-HBM[12]          RD = 7776.000 KB            WR = 0.000 KB        
q4_layer_ctrl:m_axi_weight2b-HBM[13]          RD = 7776.000 KB            WR = 0.000 KB        
q4_layer_ctrl:m_axi_weight3a-HBM[14]          RD = 7776.000 KB            WR = 0.000 KB        
q4_layer_ctrl:m_axi_weight3b-HBM[15]          RD = 7776.000 KB            WR = 0.000 KB        
q4_layer_ctrl:m_axi_hidden_in-HBM[0]          RD = 64.000 KB              WR = 0.000 KB        
q4_layer_ctrl:m_axi_hidden_out-HBM[1]          RD = 0.000 KB               WR = 32.000 KB       
q4_layer_ctrl:m_axi_kv_k-HBM[2]          RD = 12.000 KB              WR = 8.000 KB        
q4_layer_ctrl:m_axi_kv_v-HBM[3]          RD = 12.000 KB              WR = 8.000 KB        
q4_layer_ctrl:m_axi_norm-HBM[4]          RD = 16.000 KB              WR = 0.000 KB        
q4_layer_ctrl:m_axi_rope-HBM[5]          RD = 64.000 KB              WR = 0.000 KB        

Data transfer on stream interfaces
q4_layer_ctrl:activation_stream0-->PIPE               1040.375 KB     
q4_layer_ctrl:activation_stream1-->PIPE               1040.375 KB     
PIPE-->q4_layer_ctrl:out_stream0               649.797 KB      
q4_layer_ctrl:activation_stream2-->PIPE               976.375 KB      
PIPE-->q4_layer_ctrl:out_stream1               649.797 KB      
PIPE-->q4_layer_ctrl:out_stream2               621.797 KB      
PIPE-->q4_layer_ctrl:out_stream3               621.797 KB      
q4_layer_ctrl:task_stream0-->PIPE               2.141 KB        
q4_layer_ctrl:task_stream1-->PIPE               2.141 KB        
q4_layer_ctrl:task_stream2-->PIPE               2.016 KB        
q4_layer_ctrl:task_stream3-->PIPE               2.016 KB        
q4_layer_ctrl:vector_stream0a-->PIPE               189.414 KB      
q4_layer_ctrl:vector_stream0b-->PIPE               163.414 KB      
q4_layer_ctrl:vector_stream1a-->PIPE               189.414 KB      
q4_layer_ctrl:activation_stream3-->PIPE               976.375 KB      
q4_layer_ctrl:vector_stream1b-->PIPE               163.414 KB      
q4_layer_ctrl:vector_stream2a-->PIPE               189.414 KB      

INFO::[ Vitis-EM 22 ] [Time elapsed: 108 minute(s) 23 seconds, Emulation time: 1.98107 ms]
Data transfer between kernel(s) and global memory(s)
q4_layer_ctrl:m_axi_scales-HBM[6]          RD = 0.219 KB               WR = 0.000 KB        
q4_layer_ctrl:m_axi_weight0a-HBM[8]          RD = 8821.500 KB            WR = 0.000 KB        
q4_layer_ctrl:m_axi_weight0b-HBM[9]          RD = 8821.500 KB            WR = 0.000 KB        
q4_layer_ctrl:m_axi_weight1a-HBM[10]          RD = 8821.500 KB            WR = 0.000 KB        
q4_layer_ctrl:m_axi_weight1b-HBM[11]          RD = 8821.500 KB            WR = 0.000 KB        
q4_layer_ctrl:m_axi_weight2a-HBM[12]          RD = 8309.500 KB            WR = 0.000 KB        
q4_layer_ctrl:m_axi_weight2b-HBM[13]          RD = 8309.500 KB            WR = 0.000 KB        
q4_layer_ctrl:m_axi_weight3a-HBM[14]          RD = 8309.500 KB            WR = 0.000 KB        
q4_layer_ctrl:m_axi_weight3b-HBM[15]          RD = 8309.500 KB            WR = 0.000 KB        
q4_layer_ctrl:m_axi_hidden_in-HBM[0]          RD = 96.000 KB              WR = 0.000 KB        
q4_layer_ctrl:m_axi_hidden_out-HBM[1]          RD = 0.000 KB               WR = 32.000 KB       
q4_layer_ctrl:m_axi_kv_k-HBM[2]          RD = 12.000 KB              WR = 8.000 KB        
q4_layer_ctrl:m_axi_kv_v-HBM[3]          RD = 12.000 KB              WR = 8.000 KB        
q4_layer_ctrl:m_axi_norm-HBM[4]          RD = 20.000 KB              WR = 0.000 KB        
q4_layer_ctrl:m_axi_rope-HBM[5]          RD = 64.000 KB              WR = 0.000 KB        

Data transfer on stream interfaces
q4_layer_ctrl:activation_stream0-->PIPE               1106.609 KB     
q4_layer_ctrl:activation_stream1-->PIPE               1106.609 KB     
PIPE-->q4_layer_ctrl:out_stream0               703.500 KB      
q4_layer_ctrl:activation_stream2-->PIPE               1042.609 KB     
PIPE-->q4_layer_ctrl:out_stream1               703.500 KB      
PIPE-->q4_layer_ctrl:out_stream2               675.500 KB      
PIPE-->q4_layer_ctrl:out_stream3               675.500 KB      
q4_layer_ctrl:task_stream0-->PIPE               2.188 KB        
q4_layer_ctrl:task_stream1-->PIPE               2.188 KB        
q4_layer_ctrl:task_stream2-->PIPE               2.062 KB        
q4_layer_ctrl:task_stream3-->PIPE               2.062 KB        
q4_layer_ctrl:vector_stream0a-->PIPE               243.750 KB      
q4_layer_ctrl:vector_stream0b-->PIPE               211.250 KB      
q4_layer_ctrl:vector_stream1a-->PIPE               243.750 KB      
q4_layer_ctrl:activation_stream3-->PIPE               1042.609 KB     
q4_layer_ctrl:vector_stream1b-->PIPE               211.250 KB      
q4_layer_ctrl:vector_stream2a-->PIPE               243.750 KB      

INFO::[ Vitis-EM 22 ] [Time elapsed: 114 minute(s) 34 seconds, Emulation time: 2.05636 ms]
Data transfer between kernel(s) and global memory(s)
q4_layer_ctrl:m_axi_scales-HBM[6]          RD = 0.219 KB               WR = 0.000 KB        
q4_layer_ctrl:m_axi_weight0a-HBM[8]          RD = 9522.500 KB            WR = 0.000 KB        
q4_layer_ctrl:m_axi_weight0b-HBM[9]          RD = 9522.500 KB            WR = 0.000 KB        
q4_layer_ctrl:m_axi_weight1a-HBM[10]          RD = 9522.500 KB            WR = 0.000 KB        
q4_layer_ctrl:m_axi_weight1b-HBM[11]          RD = 9522.500 KB            WR = 0.000 KB        
q4_layer_ctrl:m_axi_weight2a-HBM[12]          RD = 9010.500 KB            WR = 0.000 KB        
q4_layer_ctrl:m_axi_weight2b-HBM[13]          RD = 9010.500 KB            WR = 0.000 KB        
q4_layer_ctrl:m_axi_weight3a-HBM[14]          RD = 9010.500 KB            WR = 0.000 KB        
q4_layer_ctrl:m_axi_weight3b-HBM[15]          RD = 9010.500 KB            WR = 0.000 KB        
q4_layer_ctrl:m_axi_hidden_in-HBM[0]          RD = 96.000 KB              WR = 0.000 KB        
q4_layer_ctrl:m_axi_hidden_out-HBM[1]          RD = 0.000 KB               WR = 32.000 KB       
q4_layer_ctrl:m_axi_kv_k-HBM[2]          RD = 12.000 KB              WR = 8.000 KB        
q4_layer_ctrl:m_axi_kv_v-HBM[3]          RD = 12.000 KB              WR = 8.000 KB        
q4_layer_ctrl:m_axi_norm-HBM[4]          RD = 20.000 KB              WR = 0.000 KB        
q4_layer_ctrl:m_axi_rope-HBM[5]          RD = 64.000 KB              WR = 0.000 KB        

Data transfer on stream interfaces
q4_layer_ctrl:activation_stream0-->PIPE               1194.238 KB     
q4_layer_ctrl:activation_stream1-->PIPE               1194.238 KB     
PIPE-->q4_layer_ctrl:out_stream0               721.000 KB      
q4_layer_ctrl:activation_stream2-->PIPE               1130.238 KB     
PIPE-->q4_layer_ctrl:out_stream1               721.000 KB      
PIPE-->q4_layer_ctrl:out_stream2               693.000 KB      
PIPE-->q4_layer_ctrl:out_stream3               693.000 KB      
q4_layer_ctrl:task_stream0-->PIPE               2.219 KB        
q4_layer_ctrl:task_stream1-->PIPE               2.219 KB        
q4_layer_ctrl:task_stream2-->PIPE               2.094 KB        
q4_layer_ctrl:task_stream3-->PIPE               2.094 KB        
q4_layer_ctrl:vector_stream0a-->PIPE               243.750 KB      
q4_layer_ctrl:vector_stream0b-->PIPE               211.250 KB      
q4_layer_ctrl:vector_stream1a-->PIPE               243.750 KB      
q4_layer_ctrl:activation_stream3-->PIPE               1130.238 KB     
q4_layer_ctrl:vector_stream1b-->PIPE               211.250 KB      
q4_layer_ctrl:vector_stream2a-->PIPE               243.750 KB      

INFO::[ Vitis-EM 22 ] [Time elapsed: 120 minute(s) 25 seconds, Emulation time: 2.17355 ms]
Data transfer between kernel(s) and global memory(s)
q4_layer_ctrl:m_axi_scales-HBM[6]          RD = 0.266 KB               WR = 0.000 KB        
q4_layer_ctrl:m_axi_weight0a-HBM[8]          RD = 10048.000 KB           WR = 0.000 KB        
q4_layer_ctrl:m_axi_weight0b-HBM[9]          RD = 10048.000 KB           WR = 0.000 KB        
q4_layer_ctrl:m_axi_weight1a-HBM[10]          RD = 10048.000 KB           WR = 0.000 KB        
q4_layer_ctrl:m_axi_weight1b-HBM[11]          RD = 10048.000 KB           WR = 0.000 KB        
q4_layer_ctrl:m_axi_weight2a-HBM[12]          RD = 9408.000 KB            WR = 0.000 KB        
q4_layer_ctrl:m_axi_weight2b-HBM[13]          RD = 9408.000 KB            WR = 0.000 KB        
q4_layer_ctrl:m_axi_weight3a-HBM[14]          RD = 9408.000 KB            WR = 0.000 KB        
q4_layer_ctrl:m_axi_weight3b-HBM[15]          RD = 9408.000 KB            WR = 0.000 KB        
q4_layer_ctrl:m_axi_hidden_in-HBM[0]          RD = 96.000 KB              WR = 0.000 KB        
q4_layer_ctrl:m_axi_hidden_out-HBM[1]          RD = 0.000 KB               WR = 64.000 KB       
q4_layer_ctrl:m_axi_kv_k-HBM[2]          RD = 12.000 KB              WR = 8.000 KB        
q4_layer_ctrl:m_axi_kv_v-HBM[3]          RD = 12.000 KB              WR = 8.000 KB        
q4_layer_ctrl:m_axi_norm-HBM[4]          RD = 20.000 KB              WR = 0.000 KB        
q4_layer_ctrl:m_axi_rope-HBM[5]          RD = 84.000 KB              WR = 0.000 KB        

Data transfer on stream interfaces
q4_layer_ctrl:activation_stream0-->PIPE               1260.375 KB     
q4_layer_ctrl:activation_stream1-->PIPE               1260.375 KB     
PIPE-->q4_layer_ctrl:out_stream0               759.500 KB      
q4_layer_ctrl:activation_stream2-->PIPE               1180.375 KB     
PIPE-->q4_layer_ctrl:out_stream1               759.500 KB      
PIPE-->q4_layer_ctrl:out_stream2               724.500 KB      
PIPE-->q4_layer_ctrl:out_stream3               724.500 KB      
q4_layer_ctrl:task_stream0-->PIPE               2.328 KB        
q4_layer_ctrl:task_stream1-->PIPE               2.328 KB        
q4_layer_ctrl:task_stream2-->PIPE               2.172 KB        
q4_layer_ctrl:task_stream3-->PIPE               2.172 KB        
q4_layer_ctrl:vector_stream0a-->PIPE               256.750 KB      
q4_layer_ctrl:vector_stream0b-->PIPE               224.250 KB      
q4_layer_ctrl:vector_stream1a-->PIPE               256.750 KB      
q4_layer_ctrl:activation_stream3-->PIPE               1180.375 KB     
q4_layer_ctrl:vector_stream1b-->PIPE               224.250 KB      
q4_layer_ctrl:vector_stream2a-->PIPE               256.750 KB      

INFO::[ Vitis-EM 22 ] [Time elapsed: 124 minute(s) 48 seconds, Emulation time: 2.36557 ms]
Data transfer between kernel(s) and global memory(s)
q4_layer_ctrl:m_axi_scales-HBM[6]          RD = 0.281 KB               WR = 0.000 KB        
q4_layer_ctrl:m_axi_weight0a-HBM[8]          RD = 10127.000 KB           WR = 0.000 KB        
q4_layer_ctrl:m_axi_weight0b-HBM[9]          RD = 10127.000 KB           WR = 0.000 KB        
q4_layer_ctrl:m_axi_weight1a-HBM[10]          RD = 10127.000 KB           WR = 0.000 KB        
q4_layer_ctrl:m_axi_weight1b-HBM[11]          RD = 10127.000 KB           WR = 0.000 KB        
q4_layer_ctrl:m_axi_weight2a-HBM[12]          RD = 9487.000 KB            WR = 0.000 KB        
q4_layer_ctrl:m_axi_weight2b-HBM[13]          RD = 9487.000 KB            WR = 0.000 KB        
q4_layer_ctrl:m_axi_weight3a-HBM[14]          RD = 9487.000 KB            WR = 0.000 KB        
q4_layer_ctrl:m_axi_weight3b-HBM[15]          RD = 9487.000 KB            WR = 0.000 KB        
q4_layer_ctrl:m_axi_hidden_in-HBM[0]          RD = 96.000 KB              WR = 0.000 KB        
q4_layer_ctrl:m_axi_hidden_out-HBM[1]          RD = 0.000 KB               WR = 64.000 KB       
q4_layer_ctrl:m_axi_kv_k-HBM[2]          RD = 24.000 KB              WR = 12.000 KB       
q4_layer_ctrl:m_axi_kv_v-HBM[3]          RD = 24.000 KB              WR = 12.000 KB       
q4_layer_ctrl:m_axi_norm-HBM[4]          RD = 20.000 KB              WR = 0.000 KB        
q4_layer_ctrl:m_axi_rope-HBM[5]          RD = 96.000 KB              WR = 0.000 KB        

Data transfer on stream interfaces
q4_layer_ctrl:activation_stream0-->PIPE               1272.156 KB     
q4_layer_ctrl:activation_stream1-->PIPE               1272.156 KB     
PIPE-->q4_layer_ctrl:out_stream0               791.000 KB      
q4_layer_ctrl:activation_stream2-->PIPE               1192.156 KB     
PIPE-->q4_layer_ctrl:out_stream1               791.000 KB      
PIPE-->q4_layer_ctrl:out_stream2               756.000 KB      
PIPE-->q4_layer_ctrl:out_stream3               756.000 KB      
q4_layer_ctrl:task_stream0-->PIPE               2.484 KB        
q4_layer_ctrl:task_stream1-->PIPE               2.484 KB        
q4_layer_ctrl:task_stream2-->PIPE               2.328 KB        
q4_layer_ctrl:task_stream3-->PIPE               2.328 KB        
q4_layer_ctrl:vector_stream0a-->PIPE               256.750 KB      
q4_layer_ctrl:vector_stream0b-->PIPE               224.250 KB      
q4_layer_ctrl:vector_stream1a-->PIPE               256.750 KB      
q4_layer_ctrl:activation_stream3-->PIPE               1192.156 KB     
q4_layer_ctrl:vector_stream1b-->PIPE               224.250 KB      
q4_layer_ctrl:vector_stream2a-->PIPE               256.750 KB      

INFO::[ Vitis-EM 22 ] [Time elapsed: 125 minute(s) 19 seconds, Emulation time: 2.37059 ms]
Data transfer between kernel(s) and global memory(s)
q4_layer_ctrl:m_axi_scales-HBM[6]          RD = 0.281 KB               WR = 0.000 KB        
q4_layer_ctrl:m_axi_weight0a-HBM[8]          RD = 10174.000 KB           WR = 0.000 KB        
q4_layer_ctrl:m_axi_weight0b-HBM[9]          RD = 10174.000 KB           WR = 0.000 KB        
q4_layer_ctrl:m_axi_weight1a-HBM[10]          RD = 10174.000 KB           WR = 0.000 KB        
q4_layer_ctrl:m_axi_weight1b-HBM[11]          RD = 10174.000 KB           WR = 0.000 KB        
q4_layer_ctrl:m_axi_weight2a-HBM[12]          RD = 9534.000 KB            WR = 0.000 KB        
q4_layer_ctrl:m_axi_weight2b-HBM[13]          RD = 9534.000 KB            WR = 0.000 KB        
q4_layer_ctrl:m_axi_weight3a-HBM[14]          RD = 9534.000 KB            WR = 0.000 KB        
q4_layer_ctrl:m_axi_weight3b-HBM[15]          RD = 9534.000 KB            WR = 0.000 KB        
q4_layer_ctrl:m_axi_hidden_in-HBM[0]          RD = 96.000 KB              WR = 0.000 KB        
q4_layer_ctrl:m_axi_hidden_out-HBM[1]          RD = 0.000 KB               WR = 64.000 KB       
q4_layer_ctrl:m_axi_kv_k-HBM[2]          RD = 24.000 KB              WR = 12.000 KB       
q4_layer_ctrl:m_axi_kv_v-HBM[3]          RD = 24.000 KB              WR = 12.000 KB       
q4_layer_ctrl:m_axi_norm-HBM[4]          RD = 20.000 KB              WR = 0.000 KB        
q4_layer_ctrl:m_axi_rope-HBM[5]          RD = 96.000 KB              WR = 0.000 KB        

Data transfer on stream interfaces
q4_layer_ctrl:activation_stream0-->PIPE               1278.031 KB     
q4_layer_ctrl:activation_stream1-->PIPE               1278.031 KB     
PIPE-->q4_layer_ctrl:out_stream0               791.000 KB      
q4_layer_ctrl:activation_stream2-->PIPE               1198.031 KB     
PIPE-->q4_layer_ctrl:out_stream1               791.000 KB      
PIPE-->q4_layer_ctrl:out_stream2               756.000 KB      
PIPE-->q4_layer_ctrl:out_stream3               756.000 KB      
q4_layer_ctrl:task_stream0-->PIPE               2.484 KB        
q4_layer_ctrl:task_stream1-->PIPE               2.484 KB        
q4_layer_ctrl:task_stream2-->PIPE               2.328 KB        
q4_layer_ctrl:task_stream3-->PIPE               2.328 KB        
q4_layer_ctrl:vector_stream0a-->PIPE               256.750 KB      
q4_layer_ctrl:vector_stream0b-->PIPE               224.250 KB      
q4_layer_ctrl:vector_stream1a-->PIPE               256.750 KB      
q4_layer_ctrl:activation_stream3-->PIPE               1198.031 KB     
q4_layer_ctrl:vector_stream1b-->PIPE               224.250 KB      
q4_layer_ctrl:vector_stream2a-->PIPE               256.750 KB      

INFO::[ Vitis-EM 22 ] [Time elapsed: 125 minute(s) 36 seconds, Emulation time: 2.3736 ms]
Data transfer between kernel(s) and global memory(s)
q4_layer_ctrl:m_axi_scales-HBM[6]          RD = 0.281 KB               WR = 0.000 KB        
q4_layer_ctrl:m_axi_weight0a-HBM[8]          RD = 10200.000 KB           WR = 0.000 KB        
q4_layer_ctrl:m_axi_weight0b-HBM[9]          RD = 10200.000 KB           WR = 0.000 KB        
q4_layer_ctrl:m_axi_weight1a-HBM[10]          RD = 10200.000 KB           WR = 0.000 KB        
q4_layer_ctrl:m_axi_weight1b-HBM[11]          RD = 10200.000 KB           WR = 0.000 KB        
q4_layer_ctrl:m_axi_weight2a-HBM[12]          RD = 9560.000 KB            WR = 0.000 KB        
q4_layer_ctrl:m_axi_weight2b-HBM[13]          RD = 9560.000 KB            WR = 0.000 KB        
q4_layer_ctrl:m_axi_weight3a-HBM[14]          RD = 9560.000 KB            WR = 0.000 KB        
q4_layer_ctrl:m_axi_weight3b-HBM[15]          RD = 9560.000 KB            WR = 0.000 KB        
q4_layer_ctrl:m_axi_hidden_in-HBM[0]          RD = 96.000 KB              WR = 0.000 KB        
q4_layer_ctrl:m_axi_hidden_out-HBM[1]          RD = 0.000 KB               WR = 64.000 KB       
q4_layer_ctrl:m_axi_kv_k-HBM[2]          RD = 24.000 KB              WR = 12.000 KB       
q4_layer_ctrl:m_axi_kv_v-HBM[3]          RD = 24.000 KB              WR = 12.000 KB       
q4_layer_ctrl:m_axi_norm-HBM[4]          RD = 20.000 KB              WR = 0.000 KB        
q4_layer_ctrl:m_axi_rope-HBM[5]          RD = 96.000 KB              WR = 0.000 KB        

Data transfer on stream interfaces
q4_layer_ctrl:activation_stream0-->PIPE               1281.277 KB     
q4_layer_ctrl:activation_stream1-->PIPE               1281.277 KB     
PIPE-->q4_layer_ctrl:out_stream0               794.500 KB      
q4_layer_ctrl:activation_stream2-->PIPE               1201.277 KB     
PIPE-->q4_layer_ctrl:out_stream1               794.500 KB      
PIPE-->q4_layer_ctrl:out_stream2               759.500 KB      
PIPE-->q4_layer_ctrl:out_stream3               759.500 KB      
q4_layer_ctrl:task_stream0-->PIPE               2.500 KB        
q4_layer_ctrl:task_stream1-->PIPE               2.500 KB        
q4_layer_ctrl:task_stream2-->PIPE               2.344 KB        
q4_layer_ctrl:task_stream3-->PIPE               2.344 KB        
q4_layer_ctrl:vector_stream0a-->PIPE               256.750 KB      
q4_layer_ctrl:vector_stream0b-->PIPE               224.250 KB      
q4_layer_ctrl:vector_stream1a-->PIPE               256.750 KB      
q4_layer_ctrl:activation_stream3-->PIPE               1201.277 KB     
q4_layer_ctrl:vector_stream1b-->PIPE               224.250 KB      
q4_layer_ctrl:vector_stream2a-->PIPE               256.750 KB      

INFO::[ Vitis-EM 22 ] [Time elapsed: 126 minute(s) 17 seconds, Emulation time: 2.38063 ms]
Data transfer between kernel(s) and global memory(s)
q4_layer_ctrl:m_axi_scales-HBM[6]          RD = 0.281 KB               WR = 0.000 KB        
q4_layer_ctrl:m_axi_weight0a-HBM[8]          RD = 10263.500 KB           WR = 0.000 KB        
q4_layer_ctrl:m_axi_weight0b-HBM[9]          RD = 10263.500 KB           WR = 0.000 KB        
q4_layer_ctrl:m_axi_weight1a-HBM[10]          RD = 10263.500 KB           WR = 0.000 KB        
q4_layer_ctrl:m_axi_weight1b-HBM[11]          RD = 10263.500 KB           WR = 0.000 KB        
q4_layer_ctrl:m_axi_weight2a-HBM[12]          RD = 9623.500 KB            WR = 0.000 KB        
q4_layer_ctrl:m_axi_weight2b-HBM[13]          RD = 9623.500 KB            WR = 0.000 KB        
q4_layer_ctrl:m_axi_weight3a-HBM[14]          RD = 9623.500 KB            WR = 0.000 KB        
q4_layer_ctrl:m_axi_weight3b-HBM[15]          RD = 9623.500 KB            WR = 0.000 KB        
q4_layer_ctrl:m_axi_hidden_in-HBM[0]          RD = 96.000 KB              WR = 0.000 KB        
q4_layer_ctrl:m_axi_hidden_out-HBM[1]          RD = 0.000 KB               WR = 64.000 KB       
q4_layer_ctrl:m_axi_kv_k-HBM[2]          RD = 24.000 KB              WR = 12.000 KB       
q4_layer_ctrl:m_axi_kv_v-HBM[3]          RD = 24.000 KB              WR = 12.000 KB       
q4_layer_ctrl:m_axi_norm-HBM[4]          RD = 20.000 KB              WR = 0.000 KB        
q4_layer_ctrl:m_axi_rope-HBM[5]          RD = 96.000 KB              WR = 0.000 KB        

Data transfer on stream interfaces
q4_layer_ctrl:activation_stream0-->PIPE               1289.223 KB     
q4_layer_ctrl:activation_stream1-->PIPE               1289.223 KB     
PIPE-->q4_layer_ctrl:out_stream0               798.000 KB      
q4_layer_ctrl:activation_stream2-->PIPE               1209.223 KB     
PIPE-->q4_layer_ctrl:out_stream1               798.000 KB      
PIPE-->q4_layer_ctrl:out_stream2               763.000 KB      
PIPE-->q4_layer_ctrl:out_stream3               763.000 KB      
q4_layer_ctrl:task_stream0-->PIPE               2.516 KB        
q4_layer_ctrl:task_stream1-->PIPE               2.516 KB        
q4_layer_ctrl:task_stream2-->PIPE               2.359 KB        
q4_layer_ctrl:task_stream3-->PIPE               2.359 KB        
q4_layer_ctrl:vector_stream0a-->PIPE               256.750 KB      
q4_layer_ctrl:vector_stream0b-->PIPE               224.250 KB      
q4_layer_ctrl:vector_stream1a-->PIPE               256.750 KB      
q4_layer_ctrl:activation_stream3-->PIPE               1209.223 KB     
q4_layer_ctrl:vector_stream1b-->PIPE               224.250 KB      
q4_layer_ctrl:vector_stream2a-->PIPE               256.750 KB      

INFO::[ Vitis-EM 22 ] [Time elapsed: 127 minute(s) 47 seconds, Emulation time: 2.43647 ms]
Data transfer between kernel(s) and global memory(s)
q4_layer_ctrl:m_axi_scales-HBM[6]          RD = 0.281 KB               WR = 0.000 KB        
q4_layer_ctrl:m_axi_weight0a-HBM[8]          RD = 10304.000 KB           WR = 0.000 KB        
q4_layer_ctrl:m_axi_weight0b-HBM[9]          RD = 10304.000 KB           WR = 0.000 KB        
q4_layer_ctrl:m_axi_weight1a-HBM[10]          RD = 10304.000 KB           WR = 0.000 KB        
q4_layer_ctrl:m_axi_weight1b-HBM[11]          RD = 10304.000 KB           WR = 0.000 KB        
q4_layer_ctrl:m_axi_weight2a-HBM[12]          RD = 9664.000 KB            WR = 0.000 KB        
q4_layer_ctrl:m_axi_weight2b-HBM[13]          RD = 9664.000 KB            WR = 0.000 KB        
q4_layer_ctrl:m_axi_weight3a-HBM[14]          RD = 9664.000 KB            WR = 0.000 KB        
q4_layer_ctrl:m_axi_weight3b-HBM[15]          RD = 9664.000 KB            WR = 0.000 KB        
q4_layer_ctrl:m_axi_hidden_in-HBM[0]          RD = 96.000 KB              WR = 0.000 KB        
q4_layer_ctrl:m_axi_hidden_out-HBM[1]          RD = 0.000 KB               WR = 64.000 KB       
q4_layer_ctrl:m_axi_kv_k-HBM[2]          RD = 24.000 KB              WR = 12.000 KB       
q4_layer_ctrl:m_axi_kv_v-HBM[3]          RD = 24.000 KB              WR = 12.000 KB       
q4_layer_ctrl:m_axi_norm-HBM[4]          RD = 24.000 KB              WR = 0.000 KB        
q4_layer_ctrl:m_axi_rope-HBM[5]          RD = 96.000 KB              WR = 0.000 KB        

Data transfer on stream interfaces
q4_layer_ctrl:activation_stream0-->PIPE               1294.750 KB     
q4_layer_ctrl:activation_stream1-->PIPE               1294.750 KB     
PIPE-->q4_layer_ctrl:out_stream0               822.500 KB      
q4_layer_ctrl:activation_stream2-->PIPE               1214.750 KB     
PIPE-->q4_layer_ctrl:out_stream1               822.500 KB      
PIPE-->q4_layer_ctrl:out_stream2               787.500 KB      
PIPE-->q4_layer_ctrl:out_stream3               787.500 KB      
q4_layer_ctrl:task_stream0-->PIPE               2.547 KB        
q4_layer_ctrl:task_stream1-->PIPE               2.547 KB        
q4_layer_ctrl:task_stream2-->PIPE               2.391 KB        
q4_layer_ctrl:task_stream3-->PIPE               2.391 KB        
q4_layer_ctrl:vector_stream0a-->PIPE               278.129 KB      
q4_layer_ctrl:vector_stream0b-->PIPE               243.750 KB      
q4_layer_ctrl:vector_stream1a-->PIPE               278.129 KB      
q4_layer_ctrl:activation_stream3-->PIPE               1214.750 KB     
q4_layer_ctrl:vector_stream1b-->PIPE               243.750 KB      
q4_layer_ctrl:vector_stream2a-->PIPE               278.129 KB      

INFO::[ Vitis-EM 22 ] [Time elapsed: 134 minute(s) 24 seconds, Emulation time: 2.5374 ms]
Data transfer between kernel(s) and global memory(s)
q4_layer_ctrl:m_axi_scales-HBM[6]          RD = 0.297 KB               WR = 0.000 KB        
q4_layer_ctrl:m_axi_weight0a-HBM[8]          RD = 10880.000 KB           WR = 0.000 KB        
q4_layer_ctrl:m_axi_weight0b-HBM[9]          RD = 10880.000 KB           WR = 0.000 KB        
q4_layer_ctrl:m_axi_weight1a-HBM[10]          RD = 10880.000 KB           WR = 0.000 KB        
q4_layer_ctrl:m_axi_weight1b-HBM[11]          RD = 10880.000 KB           WR = 0.000 KB        
q4_layer_ctrl:m_axi_weight2a-HBM[12]          RD = 10240.000 KB           WR = 0.000 KB        
q4_layer_ctrl:m_axi_weight2b-HBM[13]          RD = 10240.000 KB           WR = 0.000 KB        
q4_layer_ctrl:m_axi_weight3a-HBM[14]          RD = 10240.000 KB           WR = 0.000 KB        
q4_layer_ctrl:m_axi_weight3b-HBM[15]          RD = 10240.000 KB           WR = 0.000 KB        
q4_layer_ctrl:m_axi_hidden_in-HBM[0]          RD = 96.000 KB              WR = 0.000 KB        
q4_layer_ctrl:m_axi_hidden_out-HBM[1]          RD = 0.000 KB               WR = 64.000 KB       
q4_layer_ctrl:m_axi_kv_k-HBM[2]          RD = 24.000 KB              WR = 12.000 KB       
q4_layer_ctrl:m_axi_kv_v-HBM[3]          RD = 24.000 KB              WR = 12.000 KB       
q4_layer_ctrl:m_axi_norm-HBM[4]          RD = 24.000 KB              WR = 0.000 KB        
q4_layer_ctrl:m_axi_rope-HBM[5]          RD = 96.000 KB              WR = 0.000 KB        

Data transfer on stream interfaces
q4_layer_ctrl:activation_stream0-->PIPE               1366.555 KB     
q4_layer_ctrl:activation_stream1-->PIPE               1366.555 KB     
PIPE-->q4_layer_ctrl:out_stream0               857.500 KB      
q4_layer_ctrl:activation_stream2-->PIPE               1286.555 KB     
PIPE-->q4_layer_ctrl:out_stream1               857.500 KB      
PIPE-->q4_layer_ctrl:out_stream2               822.500 KB      
PIPE-->q4_layer_ctrl:out_stream3               822.500 KB      
q4_layer_ctrl:task_stream0-->PIPE               2.688 KB        
q4_layer_ctrl:task_stream1-->PIPE               2.688 KB        
q4_layer_ctrl:task_stream2-->PIPE               2.531 KB        
q4_layer_ctrl:task_stream3-->PIPE               2.531 KB        
q4_layer_ctrl:vector_stream0a-->PIPE               282.750 KB      
q4_layer_ctrl:vector_stream0b-->PIPE               243.750 KB      
q4_layer_ctrl:vector_stream1a-->PIPE               282.750 KB      
q4_layer_ctrl:activation_stream3-->PIPE               1286.555 KB     
q4_layer_ctrl:vector_stream1b-->PIPE               243.750 KB      
q4_layer_ctrl:vector_stream2a-->PIPE               282.750 KB      

INFO::[ Vitis-EM 22 ] [Time elapsed: 135 minute(s) 18 seconds, Emulation time: 2.54745 ms]
Data transfer between kernel(s) and global memory(s)
q4_layer_ctrl:m_axi_scales-HBM[6]          RD = 0.297 KB               WR = 0.000 KB        
q4_layer_ctrl:m_axi_weight0a-HBM[8]          RD = 10971.000 KB           WR = 0.000 KB        
q4_layer_ctrl:m_axi_weight0b-HBM[9]          RD = 10971.000 KB           WR = 0.000 KB        
q4_layer_ctrl:m_axi_weight1a-HBM[10]          RD = 10971.000 KB           WR = 0.000 KB        
q4_layer_ctrl:m_axi_weight1b-HBM[11]          RD = 10971.000 KB           WR = 0.000 KB        
q4_layer_ctrl:m_axi_weight2a-HBM[12]          RD = 10331.000 KB           WR = 0.000 KB        
q4_layer_ctrl:m_axi_weight2b-HBM[13]          RD = 10331.000 KB           WR = 0.000 KB        
q4_layer_ctrl:m_axi_weight3a-HBM[14]          RD = 10331.000 KB           WR = 0.000 KB        
q4_layer_ctrl:m_axi_weight3b-HBM[15]          RD = 10331.000 KB           WR = 0.000 KB        
q4_layer_ctrl:m_axi_hidden_in-HBM[0]          RD = 96.000 KB              WR = 0.000 KB        
q4_layer_ctrl:m_axi_hidden_out-HBM[1]          RD = 0.000 KB               WR = 64.000 KB       
q4_layer_ctrl:m_axi_kv_k-HBM[2]          RD = 24.000 KB              WR = 12.000 KB       
q4_layer_ctrl:m_axi_kv_v-HBM[3]          RD = 24.000 KB              WR = 12.000 KB       
q4_layer_ctrl:m_axi_norm-HBM[4]          RD = 24.000 KB              WR = 0.000 KB        
q4_layer_ctrl:m_axi_rope-HBM[5]          RD = 96.000 KB              WR = 0.000 KB        

Data transfer on stream interfaces
q4_layer_ctrl:activation_stream0-->PIPE               1377.438 KB     
q4_layer_ctrl:activation_stream1-->PIPE               1377.438 KB     
PIPE-->q4_layer_ctrl:out_stream0               864.500 KB      
q4_layer_ctrl:activation_stream2-->PIPE               1297.438 KB     
PIPE-->q4_layer_ctrl:out_stream1               864.500 KB      
PIPE-->q4_layer_ctrl:out_stream2               829.500 KB      
PIPE-->q4_layer_ctrl:out_stream3               829.500 KB      
q4_layer_ctrl:task_stream0-->PIPE               2.719 KB        
q4_layer_ctrl:task_stream1-->PIPE               2.719 KB        
q4_layer_ctrl:task_stream2-->PIPE               2.562 KB        
q4_layer_ctrl:task_stream3-->PIPE               2.562 KB        
q4_layer_ctrl:vector_stream0a-->PIPE               282.750 KB      
q4_layer_ctrl:vector_stream0b-->PIPE               243.750 KB      
q4_layer_ctrl:vector_stream1a-->PIPE               282.750 KB      
q4_layer_ctrl:activation_stream3-->PIPE               1297.438 KB     
q4_layer_ctrl:vector_stream1b-->PIPE               243.750 KB      
q4_layer_ctrl:vector_stream2a-->PIPE               282.750 KB      

INFO::[ Vitis-EM 22 ] [Time elapsed: 139 minute(s) 22 seconds, Emulation time: 2.59163 ms]
Data transfer between kernel(s) and global memory(s)
q4_layer_ctrl:m_axi_scales-HBM[6]          RD = 0.297 KB               WR = 0.000 KB        
q4_layer_ctrl:m_axi_weight0a-HBM[8]          RD = 11363.500 KB           WR = 0.000 KB        
q4_layer_ctrl:m_axi_weight0b-HBM[9]          RD = 11363.500 KB           WR = 0.000 KB        
q4_layer_ctrl:m_axi_weight1a-HBM[10]          RD = 11363.500 KB           WR = 0.000 KB        
q4_layer_ctrl:m_axi_weight1b-HBM[11]          RD = 11363.500 KB           WR = 0.000 KB        
q4_layer_ctrl:m_axi_weight2a-HBM[12]          RD = 10723.500 KB           WR = 0.000 KB        
q4_layer_ctrl:m_axi_weight2b-HBM[13]          RD = 10723.500 KB           WR = 0.000 KB        
q4_layer_ctrl:m_axi_weight3a-HBM[14]          RD = 10723.500 KB           WR = 0.000 KB        
q4_layer_ctrl:m_axi_weight3b-HBM[15]          RD = 10723.500 KB           WR = 0.000 KB        
q4_layer_ctrl:m_axi_hidden_in-HBM[0]          RD = 96.000 KB              WR = 0.000 KB        
q4_layer_ctrl:m_axi_hidden_out-HBM[1]          RD = 0.000 KB               WR = 64.000 KB       
q4_layer_ctrl:m_axi_kv_k-HBM[2]          RD = 24.000 KB              WR = 12.000 KB       
q4_layer_ctrl:m_axi_kv_v-HBM[3]          RD = 24.000 KB              WR = 12.000 KB       
q4_layer_ctrl:m_axi_norm-HBM[4]          RD = 24.000 KB              WR = 0.000 KB        
q4_layer_ctrl:m_axi_rope-HBM[5]          RD = 96.000 KB              WR = 0.000 KB        

Data transfer on stream interfaces
q4_layer_ctrl:activation_stream0-->PIPE               1426.531 KB     
q4_layer_ctrl:activation_stream1-->PIPE               1426.531 KB     
PIPE-->q4_layer_ctrl:out_stream0               885.500 KB      
q4_layer_ctrl:activation_stream2-->PIPE               1346.531 KB     
PIPE-->q4_layer_ctrl:out_stream1               885.500 KB      
PIPE-->q4_layer_ctrl:out_stream2               850.500 KB      
PIPE-->q4_layer_ctrl:out_stream3               850.500 KB      
q4_layer_ctrl:task_stream0-->PIPE               2.812 KB        
q4_layer_ctrl:task_stream1-->PIPE               2.812 KB        
q4_layer_ctrl:task_stream2-->PIPE               2.656 KB        
q4_layer_ctrl:task_stream3-->PIPE               2.656 KB        
q4_layer_ctrl:vector_stream0a-->PIPE               282.750 KB      
q4_layer_ctrl:vector_stream0b-->PIPE               243.750 KB      
q4_layer_ctrl:vector_stream1a-->PIPE               282.750 KB      
q4_layer_ctrl:activation_stream3-->PIPE               1346.531 KB     
q4_layer_ctrl:vector_stream1b-->PIPE               243.750 KB      
q4_layer_ctrl:vector_stream2a-->PIPE               282.750 KB      

INFO::[ Vitis-EM 22 ] [Time elapsed: 139 minute(s) 39 seconds, Emulation time: 2.59464 ms]
Data transfer between kernel(s) and global memory(s)
q4_layer_ctrl:m_axi_scales-HBM[6]          RD = 0.297 KB               WR = 0.000 KB        
q4_layer_ctrl:m_axi_weight0a-HBM[8]          RD = 11392.000 KB           WR = 0.000 KB        
q4_layer_ctrl:m_axi_weight0b-HBM[9]          RD = 11392.000 KB           WR = 0.000 KB        
q4_layer_ctrl:m_axi_weight1a-HBM[10]          RD = 11392.000 KB           WR = 0.000 KB        
q4_layer_ctrl:m_axi_weight1b-HBM[11]          RD = 11392.000 KB           WR = 0.000 KB        
q4_layer_ctrl:m_axi_weight2a-HBM[12]          RD = 10752.000 KB           WR = 0.000 KB        
q4_layer_ctrl:m_axi_weight2b-HBM[13]          RD = 10752.000 KB           WR = 0.000 KB        
q4_layer_ctrl:m_axi_weight3a-HBM[14]          RD = 10752.000 KB           WR = 0.000 KB        
q4_layer_ctrl:m_axi_weight3b-HBM[15]          RD = 10752.000 KB           WR = 0.000 KB        
q4_layer_ctrl:m_axi_hidden_in-HBM[0]          RD = 96.000 KB              WR = 0.000 KB        
q4_layer_ctrl:m_axi_hidden_out-HBM[1]          RD = 0.000 KB               WR = 64.000 KB       
q4_layer_ctrl:m_axi_kv_k-HBM[2]          RD = 24.000 KB              WR = 12.000 KB       
q4_layer_ctrl:m_axi_kv_v-HBM[3]          RD = 24.000 KB              WR = 12.000 KB       
q4_layer_ctrl:m_axi_norm-HBM[4]          RD = 24.000 KB              WR = 0.000 KB        
q4_layer_ctrl:m_axi_rope-HBM[5]          RD = 96.000 KB              WR = 0.000 KB        

Data transfer on stream interfaces
q4_layer_ctrl:activation_stream0-->PIPE               1430.062 KB     
q4_layer_ctrl:activation_stream1-->PIPE               1430.062 KB     
PIPE-->q4_layer_ctrl:out_stream0               885.500 KB      
q4_layer_ctrl:activation_stream2-->PIPE               1350.062 KB     
PIPE-->q4_layer_ctrl:out_stream1               885.500 KB      
PIPE-->q4_layer_ctrl:out_stream2               850.500 KB      
PIPE-->q4_layer_ctrl:out_stream3               850.500 KB      
q4_layer_ctrl:task_stream0-->PIPE               2.812 KB        
q4_layer_ctrl:task_stream1-->PIPE               2.812 KB        
q4_layer_ctrl:task_stream2-->PIPE               2.656 KB        
q4_layer_ctrl:task_stream3-->PIPE               2.656 KB        
q4_layer_ctrl:vector_stream0a-->PIPE               282.750 KB      
q4_layer_ctrl:vector_stream0b-->PIPE               243.750 KB      
q4_layer_ctrl:vector_stream1a-->PIPE               282.750 KB      
q4_layer_ctrl:activation_stream3-->PIPE               1350.062 KB     
q4_layer_ctrl:vector_stream1b-->PIPE               243.750 KB      
q4_layer_ctrl:vector_stream2a-->PIPE               282.750 KB      

INFO::[ Vitis-EM 22 ] [Time elapsed: 162 minute(s) 52 seconds, Emulation time: 2.96864 ms]
Data transfer between kernel(s) and global memory(s)
q4_layer_ctrl:m_axi_scales-HBM[6]          RD = 0.328 KB               WR = 0.000 KB        
q4_layer_ctrl:m_axi_weight0a-HBM[8]          RD = 13506.500 KB           WR = 0.000 KB        
q4_layer_ctrl:m_axi_weight0b-HBM[9]          RD = 13506.500 KB           WR = 0.000 KB        
q4_layer_ctrl:m_axi_weight1a-HBM[10]          RD = 13506.500 KB           WR = 0.000 KB        
q4_layer_ctrl:m_axi_weight1b-HBM[11]          RD = 13506.500 KB           WR = 0.000 KB        
q4_layer_ctrl:m_axi_weight2a-HBM[12]          RD = 12738.500 KB           WR = 0.000 KB        
q4_layer_ctrl:m_axi_weight2b-HBM[13]          RD = 12738.500 KB           WR = 0.000 KB        
q4_layer_ctrl:m_axi_weight3a-HBM[14]          RD = 12738.500 KB           WR = 0.000 KB        
q4_layer_ctrl:m_axi_weight3b-HBM[15]          RD = 12738.500 KB           WR = 0.000 KB        
q4_layer_ctrl:m_axi_hidden_in-HBM[0]          RD = 128.000 KB             WR = 0.000 KB        
q4_layer_ctrl:m_axi_hidden_out-HBM[1]          RD = 0.000 KB               WR = 64.000 KB       
q4_layer_ctrl:m_axi_kv_k-HBM[2]          RD = 24.000 KB              WR = 12.000 KB       
q4_layer_ctrl:m_axi_kv_v-HBM[3]          RD = 24.000 KB              WR = 12.000 KB       
q4_layer_ctrl:m_axi_norm-HBM[4]          RD = 28.000 KB              WR = 0.000 KB        
q4_layer_ctrl:m_axi_rope-HBM[5]          RD = 96.000 KB              WR = 0.000 KB        

Data transfer on stream interfaces
q4_layer_ctrl:activation_stream0-->PIPE               1694.609 KB     
q4_layer_ctrl:activation_stream1-->PIPE               1694.609 KB     
PIPE-->q4_layer_ctrl:out_stream0               1064.164 KB     
q4_layer_ctrl:activation_stream2-->PIPE               1598.609 KB     
PIPE-->q4_layer_ctrl:out_stream1               1064.164 KB     
PIPE-->q4_layer_ctrl:out_stream2               1022.164 KB     
PIPE-->q4_layer_ctrl:out_stream3               1022.164 KB     
q4_layer_ctrl:task_stream0-->PIPE               3.297 KB        
q4_layer_ctrl:task_stream1-->PIPE               3.297 KB        
q4_layer_ctrl:task_stream2-->PIPE               3.109 KB        
q4_layer_ctrl:task_stream3-->PIPE               3.109 KB        
q4_layer_ctrl:vector_stream0a-->PIPE               361.004 KB      
q4_layer_ctrl:vector_stream0b-->PIPE               320.125 KB      
q4_layer_ctrl:vector_stream1a-->PIPE               361.004 KB      
q4_layer_ctrl:activation_stream3-->PIPE               1598.609 KB     
q4_layer_ctrl:vector_stream1b-->PIPE               320.125 KB      
q4_layer_ctrl:vector_stream2a-->PIPE               361.004 KB      

INFO::[ Vitis-EM 22 ] [Time elapsed: 179 minute(s) 46 seconds, Emulation time: 3.36822 ms]
Data transfer between kernel(s) and global memory(s)
q4_layer_ctrl:m_axi_scales-HBM[6]          RD = 0.391 KB               WR = 0.000 KB        
q4_layer_ctrl:m_axi_weight0a-HBM[8]          RD = 14926.000 KB           WR = 0.000 KB        
q4_layer_ctrl:m_axi_weight0b-HBM[9]          RD = 14926.000 KB           WR = 0.000 KB        
q4_layer_ctrl:m_axi_weight1a-HBM[10]          RD = 14926.000 KB           WR = 0.000 KB        
q4_layer_ctrl:m_axi_weight1b-HBM[11]          RD = 14926.000 KB           WR = 0.000 KB        
q4_layer_ctrl:m_axi_weight2a-HBM[12]          RD = 14030.000 KB           WR = 0.000 KB        
q4_layer_ctrl:m_axi_weight2b-HBM[13]          RD = 14030.000 KB           WR = 0.000 KB        
q4_layer_ctrl:m_axi_weight3a-HBM[14]          RD = 14030.000 KB           WR = 0.000 KB        
q4_layer_ctrl:m_axi_weight3b-HBM[15]          RD = 14030.000 KB           WR = 0.000 KB        
q4_layer_ctrl:m_axi_hidden_in-HBM[0]          RD = 128.000 KB             WR = 0.000 KB        
q4_layer_ctrl:m_axi_hidden_out-HBM[1]          RD = 0.000 KB               WR = 96.000 KB       
q4_layer_ctrl:m_axi_kv_k-HBM[2]          RD = 40.000 KB              WR = 16.000 KB       
q4_layer_ctrl:m_axi_kv_v-HBM[3]          RD = 40.000 KB              WR = 16.000 KB       
q4_layer_ctrl:m_axi_norm-HBM[4]          RD = 28.000 KB              WR = 0.000 KB        
q4_layer_ctrl:m_axi_rope-HBM[5]          RD = 128.000 KB             WR = 0.000 KB        

Data transfer on stream interfaces
q4_layer_ctrl:activation_stream0-->PIPE               1874.547 KB     
q4_layer_ctrl:activation_stream1-->PIPE               1874.547 KB     
PIPE-->q4_layer_ctrl:out_stream0               1149.750 KB     
q4_layer_ctrl:activation_stream2-->PIPE               1762.547 KB     
PIPE-->q4_layer_ctrl:out_stream1               1149.750 KB     
PIPE-->q4_layer_ctrl:out_stream2               1100.750 KB     
PIPE-->q4_layer_ctrl:out_stream3               1100.750 KB     
q4_layer_ctrl:task_stream0-->PIPE               3.578 KB        
q4_layer_ctrl:task_stream1-->PIPE               3.578 KB        
q4_layer_ctrl:task_stream2-->PIPE               3.359 KB        
q4_layer_ctrl:task_stream3-->PIPE               3.359 KB        
q4_layer_ctrl:vector_stream0a-->PIPE               378.625 KB      
q4_layer_ctrl:vector_stream0b-->PIPE               333.125 KB      
q4_layer_ctrl:vector_stream1a-->PIPE               378.625 KB      
q4_layer_ctrl:activation_stream3-->PIPE               1762.547 KB     
q4_layer_ctrl:vector_stream1b-->PIPE               333.125 KB      
q4_layer_ctrl:vector_stream2a-->PIPE               378.625 KB      

INFO::[ Vitis-EM 22 ] [Time elapsed: 193 minute(s) 18 seconds, Emulation time: 3.5902 ms]
Data transfer between kernel(s) and global memory(s)
q4_layer_ctrl:m_axi_scales-HBM[6]          RD = 0.406 KB               WR = 0.000 KB        
q4_layer_ctrl:m_axi_weight0a-HBM[8]          RD = 16126.000 KB           WR = 0.000 KB        
q4_layer_ctrl:m_axi_weight0b-HBM[9]          RD = 16126.000 KB           WR = 0.000 KB        
q4_layer_ctrl:m_axi_weight1a-HBM[10]          RD = 16126.000 KB           WR = 0.000 KB        
q4_layer_ctrl:m_axi_weight1b-HBM[11]          RD = 16126.000 KB           WR = 0.000 KB        
q4_layer_ctrl:m_axi_weight2a-HBM[12]          RD = 15230.000 KB           WR = 0.000 KB        
q4_layer_ctrl:m_axi_weight2b-HBM[13]          RD = 15230.000 KB           WR = 0.000 KB        
q4_layer_ctrl:m_axi_weight3a-HBM[14]          RD = 15230.000 KB           WR = 0.000 KB        
q4_layer_ctrl:m_axi_weight3b-HBM[15]          RD = 15230.000 KB           WR = 0.000 KB        
q4_layer_ctrl:m_axi_hidden_in-HBM[0]          RD = 128.000 KB             WR = 0.000 KB        
q4_layer_ctrl:m_axi_hidden_out-HBM[1]          RD = 0.000 KB               WR = 96.000 KB       
q4_layer_ctrl:m_axi_kv_k-HBM[2]          RD = 40.000 KB              WR = 16.000 KB       
q4_layer_ctrl:m_axi_kv_v-HBM[3]          RD = 40.000 KB              WR = 16.000 KB       
q4_layer_ctrl:m_axi_norm-HBM[4]          RD = 32.000 KB              WR = 0.000 KB        
q4_layer_ctrl:m_axi_rope-HBM[5]          RD = 128.000 KB             WR = 0.000 KB        

Data transfer on stream interfaces
q4_layer_ctrl:activation_stream0-->PIPE               2024.301 KB     
q4_layer_ctrl:activation_stream1-->PIPE               2024.301 KB     
PIPE-->q4_layer_ctrl:out_stream0               1244.250 KB     
q4_layer_ctrl:activation_stream2-->PIPE               1912.301 KB     
PIPE-->q4_layer_ctrl:out_stream1               1244.250 KB     
PIPE-->q4_layer_ctrl:out_stream2               1195.250 KB     
PIPE-->q4_layer_ctrl:out_stream3               1195.250 KB     
q4_layer_ctrl:task_stream0-->PIPE               3.906 KB        
q4_layer_ctrl:task_stream1-->PIPE               3.906 KB        
q4_layer_ctrl:task_stream2-->PIPE               3.688 KB        
q4_layer_ctrl:task_stream3-->PIPE               3.688 KB        
q4_layer_ctrl:vector_stream0a-->PIPE               404.625 KB      
q4_layer_ctrl:vector_stream0b-->PIPE               352.625 KB      
q4_layer_ctrl:vector_stream1a-->PIPE               404.625 KB      
q4_layer_ctrl:activation_stream3-->PIPE               1912.301 KB     
q4_layer_ctrl:vector_stream1b-->PIPE               352.625 KB      
q4_layer_ctrl:vector_stream2a-->PIPE               404.625 KB      

INFO::[ Vitis-EM 22 ] [Time elapsed: 197 minute(s) 1 seconds, Emulation time: 3.63237 ms]
Data transfer between kernel(s) and global memory(s)
q4_layer_ctrl:m_axi_scales-HBM[6]          RD = 0.406 KB               WR = 0.000 KB        
q4_layer_ctrl:m_axi_weight0a-HBM[8]          RD = 16499.500 KB           WR = 0.000 KB        
q4_layer_ctrl:m_axi_weight0b-HBM[9]          RD = 16499.500 KB           WR = 0.000 KB        
q4_layer_ctrl:m_axi_weight1a-HBM[10]          RD = 16499.500 KB           WR = 0.000 KB        
q4_layer_ctrl:m_axi_weight1b-HBM[11]          RD = 16499.500 KB           WR = 0.000 KB        
q4_layer_ctrl:m_axi_weight2a-HBM[12]          RD = 15584.000 KB           WR = 0.000 KB        
q4_layer_ctrl:m_axi_weight2b-HBM[13]          RD = 15584.000 KB           WR = 0.000 KB        
q4_layer_ctrl:m_axi_weight3a-HBM[14]          RD = 15584.000 KB           WR = 0.000 KB        
q4_layer_ctrl:m_axi_weight3b-HBM[15]          RD = 15584.000 KB           WR = 0.000 KB        
q4_layer_ctrl:m_axi_hidden_in-HBM[0]          RD = 128.000 KB             WR = 0.000 KB        
q4_layer_ctrl:m_axi_hidden_out-HBM[1]          RD = 0.000 KB               WR = 96.000 KB       
q4_layer_ctrl:m_axi_kv_k-HBM[2]          RD = 40.000 KB              WR = 16.000 KB       
q4_layer_ctrl:m_axi_kv_v-HBM[3]          RD = 40.000 KB              WR = 16.000 KB       
q4_layer_ctrl:m_axi_norm-HBM[4]          RD = 32.000 KB              WR = 0.000 KB        
q4_layer_ctrl:m_axi_rope-HBM[5]          RD = 128.000 KB             WR = 0.000 KB        

Data transfer on stream interfaces
q4_layer_ctrl:activation_stream0-->PIPE               2071.035 KB     
q4_layer_ctrl:activation_stream1-->PIPE               2071.035 KB     
PIPE-->q4_layer_ctrl:out_stream0               1265.250 KB     
q4_layer_ctrl:activation_stream2-->PIPE               1957.250 KB     
PIPE-->q4_layer_ctrl:out_stream1               1265.250 KB     
PIPE-->q4_layer_ctrl:out_stream2               1216.250 KB     
PIPE-->q4_layer_ctrl:out_stream3               1216.250 KB     
q4_layer_ctrl:task_stream0-->PIPE               4.000 KB        
q4_layer_ctrl:task_stream1-->PIPE               4.000 KB        
q4_layer_ctrl:task_stream2-->PIPE               3.766 KB        
q4_layer_ctrl:task_stream3-->PIPE               3.766 KB        
q4_layer_ctrl:vector_stream0a-->PIPE               404.625 KB      
q4_layer_ctrl:vector_stream0b-->PIPE               352.625 KB      
q4_layer_ctrl:vector_stream1a-->PIPE               404.625 KB      
q4_layer_ctrl:activation_stream3-->PIPE               1957.250 KB     
q4_layer_ctrl:vector_stream1b-->PIPE               352.625 KB      
q4_layer_ctrl:vector_stream2a-->PIPE               404.625 KB      

INFO::[ Vitis-EM 22 ] [Time elapsed: 214 minute(s) 19 seconds, Emulation time: 3.93911 ms]
Data transfer between kernel(s) and global memory(s)
q4_layer_ctrl:m_axi_scales-HBM[6]          RD = 0.438 KB               WR = 0.000 KB        
q4_layer_ctrl:m_axi_weight0a-HBM[8]          RD = 18004.000 KB           WR = 0.000 KB        
q4_layer_ctrl:m_axi_weight0b-HBM[9]          RD = 18004.000 KB           WR = 0.000 KB        
q4_layer_ctrl:m_axi_weight1a-HBM[10]          RD = 18004.000 KB           WR = 0.000 KB        
q4_layer_ctrl:m_axi_weight1b-HBM[11]          RD = 18004.000 KB           WR = 0.000 KB        
q4_layer_ctrl:m_axi_weight2a-HBM[12]          RD = 16980.000 KB           WR = 0.000 KB        
q4_layer_ctrl:m_axi_weight2b-HBM[13]          RD = 16980.000 KB           WR = 0.000 KB        
q4_layer_ctrl:m_axi_weight3a-HBM[14]          RD = 16980.000 KB           WR = 0.000 KB        
q4_layer_ctrl:m_axi_weight3b-HBM[15]          RD = 16980.000 KB           WR = 0.000 KB        
q4_layer_ctrl:m_axi_hidden_in-HBM[0]          RD = 160.000 KB             WR = 0.000 KB        
q4_layer_ctrl:m_axi_hidden_out-HBM[1]          RD = 0.000 KB               WR = 96.000 KB       
q4_layer_ctrl:m_axi_kv_k-HBM[2]          RD = 40.000 KB              WR = 16.000 KB       
q4_layer_ctrl:m_axi_kv_v-HBM[3]          RD = 40.000 KB              WR = 16.000 KB       
q4_layer_ctrl:m_axi_norm-HBM[4]          RD = 36.000 KB              WR = 0.000 KB        
q4_layer_ctrl:m_axi_rope-HBM[5]          RD = 128.000 KB             WR = 0.000 KB        

Data transfer on stream interfaces
q4_layer_ctrl:activation_stream0-->PIPE               2259.293 KB     
q4_layer_ctrl:activation_stream1-->PIPE               2259.293 KB     
PIPE-->q4_layer_ctrl:out_stream0               1421.000 KB     
q4_layer_ctrl:activation_stream2-->PIPE               2131.293 KB     
PIPE-->q4_layer_ctrl:out_stream1               1421.000 KB     
PIPE-->q4_layer_ctrl:out_stream2               1365.000 KB     
PIPE-->q4_layer_ctrl:out_stream3               1365.000 KB     
q4_layer_ctrl:task_stream0-->PIPE               4.391 KB        
q4_layer_ctrl:task_stream1-->PIPE               4.391 KB        
q4_layer_ctrl:task_stream2-->PIPE               4.141 KB        
q4_layer_ctrl:task_stream3-->PIPE               4.141 KB        
q4_layer_ctrl:vector_stream0a-->PIPE               474.500 KB      
q4_layer_ctrl:vector_stream0b-->PIPE               427.527 KB      
q4_layer_ctrl:vector_stream1a-->PIPE               474.500 KB      
q4_layer_ctrl:activation_stream3-->PIPE               2131.293 KB     
q4_layer_ctrl:vector_stream1b-->PIPE               427.527 KB      
q4_layer_ctrl:vector_stream2a-->PIPE               474.500 KB      

INFO::[ Vitis-EM 22 ] [Time elapsed: 214 minute(s) 53 seconds, Emulation time: 3.94613 ms]
Data transfer between kernel(s) and global memory(s)
q4_layer_ctrl:m_axi_scales-HBM[6]          RD = 0.438 KB               WR = 0.000 KB        
q4_layer_ctrl:m_axi_weight0a-HBM[8]          RD = 18070.000 KB           WR = 0.000 KB        
q4_layer_ctrl:m_axi_weight0b-HBM[9]          RD = 18070.000 KB           WR = 0.000 KB        
q4_layer_ctrl:m_axi_weight1a-HBM[10]          RD = 18070.000 KB           WR = 0.000 KB        
q4_layer_ctrl:m_axi_weight1b-HBM[11]          RD = 18070.000 KB           WR = 0.000 KB        
q4_layer_ctrl:m_axi_weight2a-HBM[12]          RD = 17046.000 KB           WR = 0.000 KB        
q4_layer_ctrl:m_axi_weight2b-HBM[13]          RD = 17046.000 KB           WR = 0.000 KB        
q4_layer_ctrl:m_axi_weight3a-HBM[14]          RD = 17046.000 KB           WR = 0.000 KB        
q4_layer_ctrl:m_axi_weight3b-HBM[15]          RD = 17046.000 KB           WR = 0.000 KB        
q4_layer_ctrl:m_axi_hidden_in-HBM[0]          RD = 160.000 KB             WR = 0.000 KB        
q4_layer_ctrl:m_axi_hidden_out-HBM[1]          RD = 0.000 KB               WR = 96.000 KB       
q4_layer_ctrl:m_axi_kv_k-HBM[2]          RD = 40.000 KB              WR = 16.000 KB       
q4_layer_ctrl:m_axi_kv_v-HBM[3]          RD = 40.000 KB              WR = 16.000 KB       
q4_layer_ctrl:m_axi_norm-HBM[4]          RD = 36.000 KB              WR = 0.000 KB        
q4_layer_ctrl:m_axi_rope-HBM[5]          RD = 128.000 KB             WR = 0.000 KB        

Data transfer on stream interfaces
q4_layer_ctrl:activation_stream0-->PIPE               2267.527 KB     
q4_layer_ctrl:activation_stream1-->PIPE               2267.527 KB     
PIPE-->q4_layer_ctrl:out_stream0               1421.000 KB     
q4_layer_ctrl:activation_stream2-->PIPE               2139.527 KB     
PIPE-->q4_layer_ctrl:out_stream1               1421.000 KB     
PIPE-->q4_layer_ctrl:out_stream2               1365.000 KB     
PIPE-->q4_layer_ctrl:out_stream3               1365.000 KB     
q4_layer_ctrl:task_stream0-->PIPE               4.391 KB        
q4_layer_ctrl:task_stream1-->PIPE               4.391 KB        
q4_layer_ctrl:task_stream2-->PIPE               4.141 KB        
q4_layer_ctrl:task_stream3-->PIPE               4.141 KB        
q4_layer_ctrl:vector_stream0a-->PIPE               476.379 KB      
q4_layer_ctrl:vector_stream0b-->PIPE               429.000 KB      
q4_layer_ctrl:vector_stream1a-->PIPE               476.379 KB      
q4_layer_ctrl:activation_stream3-->PIPE               2139.527 KB     
q4_layer_ctrl:vector_stream1b-->PIPE               429.000 KB      
q4_layer_ctrl:vector_stream2a-->PIPE               476.379 KB      

INFO::[ Vitis-EM 22 ] [Time elapsed: 215 minute(s) 8 seconds, Emulation time: 3.94915 ms]
Data transfer between kernel(s) and global memory(s)
q4_layer_ctrl:m_axi_scales-HBM[6]          RD = 0.438 KB               WR = 0.000 KB        
q4_layer_ctrl:m_axi_weight0a-HBM[8]          RD = 18098.000 KB           WR = 0.000 KB        
q4_layer_ctrl:m_axi_weight0b-HBM[9]          RD = 18098.000 KB           WR = 0.000 KB        
q4_layer_ctrl:m_axi_weight1a-HBM[10]          RD = 18098.000 KB           WR = 0.000 KB        
q4_layer_ctrl:m_axi_weight1b-HBM[11]          RD = 18098.000 KB           WR = 0.000 KB        
q4_layer_ctrl:m_axi_weight2a-HBM[12]          RD = 17074.000 KB           WR = 0.000 KB        
q4_layer_ctrl:m_axi_weight2b-HBM[13]          RD = 17074.000 KB           WR = 0.000 KB        
q4_layer_ctrl:m_axi_weight3a-HBM[14]          RD = 17074.000 KB           WR = 0.000 KB        
q4_layer_ctrl:m_axi_weight3b-HBM[15]          RD = 17074.000 KB           WR = 0.000 KB        
q4_layer_ctrl:m_axi_hidden_in-HBM[0]          RD = 160.000 KB             WR = 0.000 KB        
q4_layer_ctrl:m_axi_hidden_out-HBM[1]          RD = 0.000 KB               WR = 96.000 KB       
q4_layer_ctrl:m_axi_kv_k-HBM[2]          RD = 40.000 KB              WR = 16.000 KB       
q4_layer_ctrl:m_axi_kv_v-HBM[3]          RD = 40.000 KB              WR = 16.000 KB       
q4_layer_ctrl:m_axi_norm-HBM[4]          RD = 36.000 KB              WR = 0.000 KB        
q4_layer_ctrl:m_axi_rope-HBM[5]          RD = 128.000 KB             WR = 0.000 KB        

Data transfer on stream interfaces
q4_layer_ctrl:activation_stream0-->PIPE               2271.055 KB     
q4_layer_ctrl:activation_stream1-->PIPE               2271.055 KB     
PIPE-->q4_layer_ctrl:out_stream0               1421.000 KB     
q4_layer_ctrl:activation_stream2-->PIPE               2143.055 KB     
PIPE-->q4_layer_ctrl:out_stream1               1421.000 KB     
PIPE-->q4_layer_ctrl:out_stream2               1365.000 KB     
PIPE-->q4_layer_ctrl:out_stream3               1365.000 KB     
q4_layer_ctrl:task_stream0-->PIPE               4.391 KB        
q4_layer_ctrl:task_stream1-->PIPE               4.391 KB        
q4_layer_ctrl:task_stream2-->PIPE               4.141 KB        
q4_layer_ctrl:task_stream3-->PIPE               4.141 KB        
q4_layer_ctrl:vector_stream0a-->PIPE               476.734 KB      
q4_layer_ctrl:vector_stream0b-->PIPE               429.000 KB      
q4_layer_ctrl:vector_stream1a-->PIPE               476.734 KB      
q4_layer_ctrl:activation_stream3-->PIPE               2143.055 KB     
q4_layer_ctrl:vector_stream1b-->PIPE               429.000 KB      
q4_layer_ctrl:vector_stream2a-->PIPE               476.734 KB      

INFO::[ Vitis-EM 22 ] [Time elapsed: 231 minute(s) 4 seconds, Emulation time: 4.23153 ms]
Data transfer between kernel(s) and global memory(s)
q4_layer_ctrl:m_axi_scales-HBM[6]          RD = 0.484 KB               WR = 0.000 KB        
q4_layer_ctrl:m_axi_weight0a-HBM[8]          RD = 19712.000 KB           WR = 0.000 KB        
q4_layer_ctrl:m_axi_weight0b-HBM[9]          RD = 19712.000 KB           WR = 0.000 KB        
q4_layer_ctrl:m_axi_weight1a-HBM[10]          RD = 19712.000 KB           WR = 0.000 KB        
q4_layer_ctrl:m_axi_weight1b-HBM[11]          RD = 19712.000 KB           WR = 0.000 KB        
q4_layer_ctrl:m_axi_weight2a-HBM[12]          RD = 18560.000 KB           WR = 0.000 KB        
q4_layer_ctrl:m_axi_weight2b-HBM[13]          RD = 18560.000 KB           WR = 0.000 KB        
q4_layer_ctrl:m_axi_weight3a-HBM[14]          RD = 18560.000 KB           WR = 0.000 KB        
q4_layer_ctrl:m_axi_weight3b-HBM[15]          RD = 18560.000 KB           WR = 0.000 KB        
q4_layer_ctrl:m_axi_hidden_in-HBM[0]          RD = 160.000 KB             WR = 0.000 KB        
q4_layer_ctrl:m_axi_hidden_out-HBM[1]          RD = 0.000 KB               WR = 128.000 KB      
q4_layer_ctrl:m_axi_kv_k-HBM[2]          RD = 60.000 KB              WR = 20.000 KB       
q4_layer_ctrl:m_axi_kv_v-HBM[3]          RD = 60.000 KB              WR = 20.000 KB       
q4_layer_ctrl:m_axi_norm-HBM[4]          RD = 36.000 KB              WR = 0.000 KB        
q4_layer_ctrl:m_axi_rope-HBM[5]          RD = 160.000 KB             WR = 0.000 KB        

Data transfer on stream interfaces
q4_layer_ctrl:activation_stream0-->PIPE               2473.250 KB     
q4_layer_ctrl:activation_stream1-->PIPE               2473.250 KB     
PIPE-->q4_layer_ctrl:out_stream0               1484.000 KB     
q4_layer_ctrl:activation_stream2-->PIPE               2329.250 KB     
PIPE-->q4_layer_ctrl:out_stream1               1484.000 KB     
PIPE-->q4_layer_ctrl:out_stream2               1421.000 KB     
PIPE-->q4_layer_ctrl:out_stream3               1421.000 KB     
q4_layer_ctrl:task_stream0-->PIPE               4.547 KB        
q4_layer_ctrl:task_stream1-->PIPE               4.547 KB        
q4_layer_ctrl:task_stream2-->PIPE               4.266 KB        
q4_layer_ctrl:task_stream3-->PIPE               4.266 KB        
q4_layer_ctrl:vector_stream0a-->PIPE               500.500 KB      
q4_layer_ctrl:vector_stream0b-->PIPE               442.000 KB      
q4_layer_ctrl:vector_stream1a-->PIPE               500.500 KB      
q4_layer_ctrl:activation_stream3-->PIPE               2329.250 KB     
q4_layer_ctrl:vector_stream1b-->PIPE               442.000 KB      
q4_layer_ctrl:vector_stream2a-->PIPE               500.500 KB      

INFO::[ Vitis-EM 22 ] [Time elapsed: 234 minute(s) 44 seconds, Emulation time: 4.38491 ms]
Data transfer between kernel(s) and global memory(s)
q4_layer_ctrl:m_axi_scales-HBM[6]          RD = 0.500 KB               WR = 0.000 KB        
q4_layer_ctrl:m_axi_weight0a-HBM[8]          RD = 19818.500 KB           WR = 0.000 KB        
q4_layer_ctrl:m_axi_weight0b-HBM[9]          RD = 19818.500 KB           WR = 0.000 KB        
q4_layer_ctrl:m_axi_weight1a-HBM[10]          RD = 19818.500 KB           WR = 0.000 KB        
q4_layer_ctrl:m_axi_weight1b-HBM[11]          RD = 19818.500 KB           WR = 0.000 KB        
q4_layer_ctrl:m_axi_weight2a-HBM[12]          RD = 18666.500 KB           WR = 0.000 KB        
q4_layer_ctrl:m_axi_weight2b-HBM[13]          RD = 18666.500 KB           WR = 0.000 KB        
q4_layer_ctrl:m_axi_weight3a-HBM[14]          RD = 18666.500 KB           WR = 0.000 KB        
q4_layer_ctrl:m_axi_weight3b-HBM[15]          RD = 18666.500 KB           WR = 0.000 KB        
q4_layer_ctrl:m_axi_hidden_in-HBM[0]          RD = 160.000 KB             WR = 0.000 KB        
q4_layer_ctrl:m_axi_hidden_out-HBM[1]          RD = 0.000 KB               WR = 128.000 KB      
q4_layer_ctrl:m_axi_kv_k-HBM[2]          RD = 60.000 KB              WR = 20.000 KB       
q4_layer_ctrl:m_axi_kv_v-HBM[3]          RD = 60.000 KB              WR = 20.000 KB       
q4_layer_ctrl:m_axi_norm-HBM[4]          RD = 36.000 KB              WR = 0.000 KB        
q4_layer_ctrl:m_axi_rope-HBM[5]          RD = 160.000 KB             WR = 0.000 KB        

Data transfer on stream interfaces
q4_layer_ctrl:activation_stream0-->PIPE               2488.688 KB     
q4_layer_ctrl:activation_stream1-->PIPE               2488.688 KB     
PIPE-->q4_layer_ctrl:out_stream0               1515.500 KB     
q4_layer_ctrl:activation_stream2-->PIPE               2344.688 KB     
PIPE-->q4_layer_ctrl:out_stream1               1515.500 KB     
PIPE-->q4_layer_ctrl:out_stream2               1452.500 KB     
PIPE-->q4_layer_ctrl:out_stream3               1452.500 KB     
q4_layer_ctrl:task_stream0-->PIPE               4.703 KB        
q4_layer_ctrl:task_stream1-->PIPE               4.703 KB        
q4_layer_ctrl:task_stream2-->PIPE               4.422 KB        
q4_layer_ctrl:task_stream3-->PIPE               4.422 KB        
q4_layer_ctrl:vector_stream0a-->PIPE               500.500 KB      
q4_layer_ctrl:vector_stream0b-->PIPE               442.000 KB      
q4_layer_ctrl:vector_stream1a-->PIPE               500.500 KB      
q4_layer_ctrl:activation_stream3-->PIPE               2344.688 KB     
q4_layer_ctrl:vector_stream1b-->PIPE               442.000 KB      
q4_layer_ctrl:vector_stream2a-->PIPE               500.500 KB      

INFO::[ Vitis-EM 22 ] [Time elapsed: 260 minute(s) 6 seconds, Emulation time: 4.75269 ms]
Data transfer between kernel(s) and global memory(s)
q4_layer_ctrl:m_axi_scales-HBM[6]          RD = 0.531 KB               WR = 0.000 KB        
q4_layer_ctrl:m_axi_weight0a-HBM[8]          RD = 22140.500 KB           WR = 0.000 KB        
q4_layer_ctrl:m_axi_weight0b-HBM[9]          RD = 22140.500 KB           WR = 0.000 KB        
q4_layer_ctrl:m_axi_weight1a-HBM[10]          RD = 22140.500 KB           WR = 0.000 KB        
q4_layer_ctrl:m_axi_weight1b-HBM[11]          RD = 22140.500 KB           WR = 0.000 KB        
q4_layer_ctrl:m_axi_weight2a-HBM[12]          RD = 20924.500 KB           WR = 0.000 KB        
q4_layer_ctrl:m_axi_weight2b-HBM[13]          RD = 20924.500 KB           WR = 0.000 KB        
q4_layer_ctrl:m_axi_weight3a-HBM[14]          RD = 20924.500 KB           WR = 0.000 KB        
q4_layer_ctrl:m_axi_weight3b-HBM[15]          RD = 20924.500 KB           WR = 0.000 KB        
q4_layer_ctrl:m_axi_hidden_in-HBM[0]          RD = 160.000 KB             WR = 0.000 KB        
q4_layer_ctrl:m_axi_hidden_out-HBM[1]          RD = 0.000 KB               WR = 128.000 KB      
q4_layer_ctrl:m_axi_kv_k-HBM[2]          RD = 60.000 KB              WR = 20.000 KB       
q4_layer_ctrl:m_axi_kv_v-HBM[3]          RD = 60.000 KB              WR = 20.000 KB       
q4_layer_ctrl:m_axi_norm-HBM[4]          RD = 40.000 KB              WR = 0.000 KB        
q4_layer_ctrl:m_axi_rope-HBM[5]          RD = 160.000 KB             WR = 0.000 KB        

Data transfer on stream interfaces
q4_layer_ctrl:activation_stream0-->PIPE               2778.770 KB     
q4_layer_ctrl:activation_stream1-->PIPE               2778.770 KB     
PIPE-->q4_layer_ctrl:out_stream0               1669.500 KB     
q4_layer_ctrl:activation_stream2-->PIPE               2626.770 KB     
PIPE-->q4_layer_ctrl:out_stream1               1669.500 KB     
PIPE-->q4_layer_ctrl:out_stream2               1603.000 KB     
PIPE-->q4_layer_ctrl:out_stream3               1603.000 KB     
q4_layer_ctrl:task_stream0-->PIPE               5.297 KB        
q4_layer_ctrl:task_stream1-->PIPE               5.297 KB        
q4_layer_ctrl:task_stream2-->PIPE               5.000 KB        
q4_layer_ctrl:task_stream3-->PIPE               5.000 KB        
q4_layer_ctrl:vector_stream0a-->PIPE               526.500 KB      
q4_layer_ctrl:vector_stream0b-->PIPE               461.500 KB      
q4_layer_ctrl:vector_stream1a-->PIPE               526.500 KB      
q4_layer_ctrl:activation_stream3-->PIPE               2626.770 KB     
q4_layer_ctrl:vector_stream1b-->PIPE               461.500 KB      
q4_layer_ctrl:vector_stream2a-->PIPE               526.500 KB      

INFO::[ Vitis-EM 22 ] [Time elapsed: 264 minute(s) 59 seconds, Emulation time: 4.8059 ms]
Data transfer between kernel(s) and global memory(s)
q4_layer_ctrl:m_axi_scales-HBM[6]          RD = 0.531 KB               WR = 0.000 KB        
q4_layer_ctrl:m_axi_weight0a-HBM[8]          RD = 22611.000 KB           WR = 0.000 KB        
q4_layer_ctrl:m_axi_weight0b-HBM[9]          RD = 22611.000 KB           WR = 0.000 KB        
q4_layer_ctrl:m_axi_weight1a-HBM[10]          RD = 22611.000 KB           WR = 0.000 KB        
q4_layer_ctrl:m_axi_weight1b-HBM[11]          RD = 22611.000 KB           WR = 0.000 KB        
q4_layer_ctrl:m_axi_weight2a-HBM[12]          RD = 21395.000 KB           WR = 0.000 KB        
q4_layer_ctrl:m_axi_weight2b-HBM[13]          RD = 21395.000 KB           WR = 0.000 KB        
q4_layer_ctrl:m_axi_weight3a-HBM[14]          RD = 21395.000 KB           WR = 0.000 KB        
q4_layer_ctrl:m_axi_weight3b-HBM[15]          RD = 21395.000 KB           WR = 0.000 KB        
q4_layer_ctrl:m_axi_hidden_in-HBM[0]          RD = 160.000 KB             WR = 0.000 KB        
q4_layer_ctrl:m_axi_hidden_out-HBM[1]          RD = 0.000 KB               WR = 128.000 KB      
q4_layer_ctrl:m_axi_kv_k-HBM[2]          RD = 60.000 KB              WR = 20.000 KB       
q4_layer_ctrl:m_axi_kv_v-HBM[3]          RD = 60.000 KB              WR = 20.000 KB       
q4_layer_ctrl:m_axi_norm-HBM[4]          RD = 40.000 KB              WR = 0.000 KB        
q4_layer_ctrl:m_axi_rope-HBM[5]          RD = 160.000 KB             WR = 0.000 KB        

Data transfer on stream interfaces
q4_layer_ctrl:activation_stream0-->PIPE               2837.555 KB     
q4_layer_ctrl:activation_stream1-->PIPE               2837.555 KB     
PIPE-->q4_layer_ctrl:out_stream0               1697.500 KB     
q4_layer_ctrl:activation_stream2-->PIPE               2685.555 KB     
PIPE-->q4_layer_ctrl:out_stream1               1697.500 KB     
PIPE-->q4_layer_ctrl:out_stream2               1631.000 KB     
PIPE-->q4_layer_ctrl:out_stream3               1631.000 KB     
q4_layer_ctrl:task_stream0-->PIPE               5.422 KB        
q4_layer_ctrl:task_stream1-->PIPE               5.422 KB        
q4_layer_ctrl:task_stream2-->PIPE               5.125 KB        
q4_layer_ctrl:task_stream3-->PIPE               5.125 KB        
q4_layer_ctrl:vector_stream0a-->PIPE               526.500 KB      
q4_layer_ctrl:vector_stream0b-->PIPE               461.500 KB      
q4_layer_ctrl:vector_stream1a-->PIPE               526.500 KB      
q4_layer_ctrl:activation_stream3-->PIPE               2685.555 KB     
q4_layer_ctrl:vector_stream1b-->PIPE               461.500 KB      
q4_layer_ctrl:vector_stream2a-->PIPE               526.500 KB      

INFO::[ Vitis-EM 22 ] [Time elapsed: 270 minute(s) 28 seconds, Emulation time: 4.96077 ms]
Data transfer between kernel(s) and global memory(s)
q4_layer_ctrl:m_axi_scales-HBM[6]          RD = 0.547 KB               WR = 0.000 KB        
q4_layer_ctrl:m_axi_weight0a-HBM[8]          RD = 22945.000 KB           WR = 0.000 KB        
q4_layer_ctrl:m_axi_weight0b-HBM[9]          RD = 22945.000 KB           WR = 0.000 KB        
q4_layer_ctrl:m_axi_weight1a-HBM[10]          RD = 22945.000 KB           WR = 0.000 KB        
q4_layer_ctrl:m_axi_weight1b-HBM[11]          RD = 22945.000 KB           WR = 0.000 KB        
q4_layer_ctrl:m_axi_weight2a-HBM[12]          RD = 21665.000 KB           WR = 0.000 KB        
q4_layer_ctrl:m_axi_weight2b-HBM[13]          RD = 21665.000 KB           WR = 0.000 KB        
q4_layer_ctrl:m_axi_weight3a-HBM[14]          RD = 21665.000 KB           WR = 0.000 KB        
q4_layer_ctrl:m_axi_weight3b-HBM[15]          RD = 21665.000 KB           WR = 0.000 KB        
q4_layer_ctrl:m_axi_hidden_in-HBM[0]          RD = 192.000 KB             WR = 0.000 KB        
q4_layer_ctrl:m_axi_hidden_out-HBM[1]          RD = 0.000 KB               WR = 128.000 KB      
q4_layer_ctrl:m_axi_kv_k-HBM[2]          RD = 60.000 KB              WR = 20.000 KB       
q4_layer_ctrl:m_axi_kv_v-HBM[3]          RD = 60.000 KB              WR = 20.000 KB       
q4_layer_ctrl:m_axi_norm-HBM[4]          RD = 44.000 KB              WR = 0.000 KB        
q4_layer_ctrl:m_axi_rope-HBM[5]          RD = 160.000 KB             WR = 0.000 KB        

Data transfer on stream interfaces
q4_layer_ctrl:activation_stream0-->PIPE               2879.547 KB     
q4_layer_ctrl:activation_stream1-->PIPE               2879.547 KB     
PIPE-->q4_layer_ctrl:out_stream0               1783.250 KB     
q4_layer_ctrl:activation_stream2-->PIPE               2719.547 KB     
PIPE-->q4_layer_ctrl:out_stream1               1783.250 KB     
PIPE-->q4_layer_ctrl:out_stream2               1713.250 KB     
PIPE-->q4_layer_ctrl:out_stream3               1713.250 KB     
q4_layer_ctrl:task_stream0-->PIPE               5.500 KB        
q4_layer_ctrl:task_stream1-->PIPE               5.500 KB        
q4_layer_ctrl:task_stream2-->PIPE               5.188 KB        
q4_layer_ctrl:task_stream3-->PIPE               5.188 KB        
q4_layer_ctrl:vector_stream0a-->PIPE               599.473 KB      
q4_layer_ctrl:vector_stream0b-->PIPE               537.875 KB      
q4_layer_ctrl:vector_stream1a-->PIPE               599.473 KB      
q4_layer_ctrl:activation_stream3-->PIPE               2719.547 KB     
q4_layer_ctrl:vector_stream1b-->PIPE               537.875 KB      
q4_layer_ctrl:vector_stream2a-->PIPE               599.473 KB      

INFO::[ Vitis-EM 22 ] [Time elapsed: 270 minute(s) 48 seconds, Emulation time: 4.96478 ms]
Data transfer between kernel(s) and global memory(s)
q4_layer_ctrl:m_axi_scales-HBM[6]          RD = 0.547 KB               WR = 0.000 KB        
q4_layer_ctrl:m_axi_weight0a-HBM[8]          RD = 22983.000 KB           WR = 0.000 KB        
q4_layer_ctrl:m_axi_weight0b-HBM[9]          RD = 22983.000 KB           WR = 0.000 KB        
q4_layer_ctrl:m_axi_weight1a-HBM[10]          RD = 22983.000 KB           WR = 0.000 KB        
q4_layer_ctrl:m_axi_weight1b-HBM[11]          RD = 22983.000 KB           WR = 0.000 KB        
q4_layer_ctrl:m_axi_weight2a-HBM[12]          RD = 21703.000 KB           WR = 0.000 KB        
q4_layer_ctrl:m_axi_weight2b-HBM[13]          RD = 21703.000 KB           WR = 0.000 KB        
q4_layer_ctrl:m_axi_weight3a-HBM[14]          RD = 21703.000 KB           WR = 0.000 KB        
q4_layer_ctrl:m_axi_weight3b-HBM[15]          RD = 21703.000 KB           WR = 0.000 KB        
q4_layer_ctrl:m_axi_hidden_in-HBM[0]          RD = 192.000 KB             WR = 0.000 KB        
q4_layer_ctrl:m_axi_hidden_out-HBM[1]          RD = 0.000 KB               WR = 128.000 KB      
q4_layer_ctrl:m_axi_kv_k-HBM[2]          RD = 60.000 KB              WR = 20.000 KB       
q4_layer_ctrl:m_axi_kv_v-HBM[3]          RD = 60.000 KB              WR = 20.000 KB       
q4_layer_ctrl:m_axi_norm-HBM[4]          RD = 44.000 KB              WR = 0.000 KB        
q4_layer_ctrl:m_axi_rope-HBM[5]          RD = 160.000 KB             WR = 0.000 KB        

Data transfer on stream interfaces
q4_layer_ctrl:activation_stream0-->PIPE               2884.254 KB     
q4_layer_ctrl:activation_stream1-->PIPE               2884.254 KB     
PIPE-->q4_layer_ctrl:out_stream0               1783.250 KB     
q4_layer_ctrl:activation_stream2-->PIPE               2724.254 KB     
PIPE-->q4_layer_ctrl:out_stream1               1783.250 KB     
PIPE-->q4_layer_ctrl:out_stream2               1713.250 KB     
PIPE-->q4_layer_ctrl:out_stream3               1713.250 KB     
q4_layer_ctrl:task_stream0-->PIPE               5.500 KB        
q4_layer_ctrl:task_stream1-->PIPE               5.500 KB        
q4_layer_ctrl:task_stream2-->PIPE               5.188 KB        
q4_layer_ctrl:task_stream3-->PIPE               5.188 KB        
q4_layer_ctrl:vector_stream0a-->PIPE               601.758 KB      
q4_layer_ctrl:vector_stream0b-->PIPE               537.875 KB      
q4_layer_ctrl:vector_stream1a-->PIPE               601.758 KB      
q4_layer_ctrl:activation_stream3-->PIPE               2724.254 KB     
q4_layer_ctrl:vector_stream1b-->PIPE               537.875 KB      
q4_layer_ctrl:vector_stream2a-->PIPE               601.758 KB      

INFO::[ Vitis-EM 22 ] [Time elapsed: 279 minute(s) 0 seconds, Emulation time: 5.06115 ms]
Data transfer between kernel(s) and global memory(s)
q4_layer_ctrl:m_axi_scales-HBM[6]          RD = 0.547 KB               WR = 0.000 KB        
q4_layer_ctrl:m_axi_weight0a-HBM[8]          RD = 23879.000 KB           WR = 0.000 KB        
q4_layer_ctrl:m_axi_weight0b-HBM[9]          RD = 23879.000 KB           WR = 0.000 KB        
q4_layer_ctrl:m_axi_weight1a-HBM[10]          RD = 23879.000 KB           WR = 0.000 KB        
q4_layer_ctrl:m_axi_weight1b-HBM[11]          RD = 23879.000 KB           WR = 0.000 KB        
q4_layer_ctrl:m_axi_weight2a-HBM[12]          RD = 22599.000 KB           WR = 0.000 KB        
q4_layer_ctrl:m_axi_weight2b-HBM[13]          RD = 22599.000 KB           WR = 0.000 KB        
q4_layer_ctrl:m_axi_weight3a-HBM[14]          RD = 22599.000 KB           WR = 0.000 KB        
q4_layer_ctrl:m_axi_weight3b-HBM[15]          RD = 22599.000 KB           WR = 0.000 KB        
q4_layer_ctrl:m_axi_hidden_in-HBM[0]          RD = 192.000 KB             WR = 0.000 KB        
q4_layer_ctrl:m_axi_hidden_out-HBM[1]          RD = 0.000 KB               WR = 128.000 KB      
q4_layer_ctrl:m_axi_kv_k-HBM[2]          RD = 60.000 KB              WR = 20.000 KB       
q4_layer_ctrl:m_axi_kv_v-HBM[3]          RD = 60.000 KB              WR = 20.000 KB       
q4_layer_ctrl:m_axi_norm-HBM[4]          RD = 44.000 KB              WR = 0.000 KB        
q4_layer_ctrl:m_axi_rope-HBM[5]          RD = 160.000 KB             WR = 0.000 KB        

Data transfer on stream interfaces
q4_layer_ctrl:activation_stream0-->PIPE               2996.297 KB     
q4_layer_ctrl:activation_stream1-->PIPE               2996.297 KB     
PIPE-->q4_layer_ctrl:out_stream0               1807.750 KB     
q4_layer_ctrl:activation_stream2-->PIPE               2836.297 KB     
PIPE-->q4_layer_ctrl:out_stream1               1807.750 KB     
PIPE-->q4_layer_ctrl:out_stream2               1737.750 KB     
PIPE-->q4_layer_ctrl:out_stream3               1737.750 KB     
q4_layer_ctrl:task_stream0-->PIPE               5.547 KB        
q4_layer_ctrl:task_stream1-->PIPE               5.547 KB        
q4_layer_ctrl:task_stream2-->PIPE               5.234 KB        
q4_layer_ctrl:task_stream3-->PIPE               5.234 KB        
q4_layer_ctrl:vector_stream0a-->PIPE               609.375 KB      
q4_layer_ctrl:vector_stream0b-->PIPE               537.875 KB      
q4_layer_ctrl:vector_stream1a-->PIPE               609.375 KB      
q4_layer_ctrl:activation_stream3-->PIPE               2836.297 KB     
q4_layer_ctrl:vector_stream1b-->PIPE               537.875 KB      
q4_layer_ctrl:vector_stream2a-->PIPE               609.375 KB      

INFO::[ Vitis-EM 22 ] [Time elapsed: 280 minute(s) 2 seconds, Emulation time: 5.0732 ms]
Data transfer between kernel(s) and global memory(s)
q4_layer_ctrl:m_axi_scales-HBM[6]          RD = 0.547 KB               WR = 0.000 KB        
q4_layer_ctrl:m_axi_weight0a-HBM[8]          RD = 23992.000 KB           WR = 0.000 KB        
q4_layer_ctrl:m_axi_weight0b-HBM[9]          RD = 23992.000 KB           WR = 0.000 KB        
q4_layer_ctrl:m_axi_weight1a-HBM[10]          RD = 23992.000 KB           WR = 0.000 KB        
q4_layer_ctrl:m_axi_weight1b-HBM[11]          RD = 23992.000 KB           WR = 0.000 KB        
q4_layer_ctrl:m_axi_weight2a-HBM[12]          RD = 22712.000 KB           WR = 0.000 KB        
q4_layer_ctrl:m_axi_weight2b-HBM[13]          RD = 22712.000 KB           WR = 0.000 KB        
q4_layer_ctrl:m_axi_weight3a-HBM[14]          RD = 22712.000 KB           WR = 0.000 KB        
q4_layer_ctrl:m_axi_weight3b-HBM[15]          RD = 22712.000 KB           WR = 0.000 KB        
q4_layer_ctrl:m_axi_hidden_in-HBM[0]          RD = 192.000 KB             WR = 0.000 KB        
q4_layer_ctrl:m_axi_hidden_out-HBM[1]          RD = 0.000 KB               WR = 128.000 KB      
q4_layer_ctrl:m_axi_kv_k-HBM[2]          RD = 60.000 KB              WR = 20.000 KB       
q4_layer_ctrl:m_axi_kv_v-HBM[3]          RD = 60.000 KB              WR = 20.000 KB       
q4_layer_ctrl:m_axi_norm-HBM[4]          RD = 44.000 KB              WR = 0.000 KB        
q4_layer_ctrl:m_axi_rope-HBM[5]          RD = 160.000 KB             WR = 0.000 KB        

Data transfer on stream interfaces
q4_layer_ctrl:activation_stream0-->PIPE               3010.410 KB     
q4_layer_ctrl:activation_stream1-->PIPE               3010.410 KB     
PIPE-->q4_layer_ctrl:out_stream0               1807.750 KB     
q4_layer_ctrl:activation_stream2-->PIPE               2850.410 KB     
PIPE-->q4_layer_ctrl:out_stream1               1807.750 KB     
PIPE-->q4_layer_ctrl:out_stream2               1737.750 KB     
PIPE-->q4_layer_ctrl:out_stream3               1737.750 KB     
q4_layer_ctrl:task_stream0-->PIPE               5.547 KB        
q4_layer_ctrl:task_stream1-->PIPE               5.547 KB        
q4_layer_ctrl:task_stream2-->PIPE               5.234 KB        
q4_layer_ctrl:task_stream3-->PIPE               5.234 KB        
q4_layer_ctrl:vector_stream0a-->PIPE               609.375 KB      
q4_layer_ctrl:vector_stream0b-->PIPE               537.875 KB      
q4_layer_ctrl:vector_stream1a-->PIPE               609.375 KB      
q4_layer_ctrl:activation_stream3-->PIPE               2850.410 KB     
q4_layer_ctrl:vector_stream1b-->PIPE               537.875 KB      
q4_layer_ctrl:vector_stream2a-->PIPE               609.375 KB      

INFO::[ Vitis-EM 22 ] [Time elapsed: 285 minute(s) 26 seconds, Emulation time: 5.15478 ms]
Data transfer between kernel(s) and global memory(s)
q4_layer_ctrl:m_axi_scales-HBM[6]          RD = 0.594 KB               WR = 0.000 KB        
q4_layer_ctrl:m_axi_weight0a-HBM[8]          RD = 24542.000 KB           WR = 0.000 KB        
q4_layer_ctrl:m_axi_weight0b-HBM[9]          RD = 24542.000 KB           WR = 0.000 KB        
q4_layer_ctrl:m_axi_weight1a-HBM[10]          RD = 24542.000 KB           WR = 0.000 KB        
q4_layer_ctrl:m_axi_weight1b-HBM[11]          RD = 24542.000 KB           WR = 0.000 KB        
q4_layer_ctrl:m_axi_weight2a-HBM[12]          RD = 23136.000 KB           WR = 0.000 KB        
q4_layer_ctrl:m_axi_weight2b-HBM[13]          RD = 23136.000 KB           WR = 0.000 KB        
q4_layer_ctrl:m_axi_weight3a-HBM[14]          RD = 23136.000 KB           WR = 0.000 KB        
q4_layer_ctrl:m_axi_weight3b-HBM[15]          RD = 23136.000 KB           WR = 0.000 KB        
q4_layer_ctrl:m_axi_hidden_in-HBM[0]          RD = 192.000 KB             WR = 0.000 KB        
q4_layer_ctrl:m_axi_hidden_out-HBM[1]          RD = 0.000 KB               WR = 160.000 KB      
q4_layer_ctrl:m_axi_kv_k-HBM[2]          RD = 60.000 KB              WR = 20.000 KB       
q4_layer_ctrl:m_axi_kv_v-HBM[3]          RD = 60.000 KB              WR = 20.000 KB       
q4_layer_ctrl:m_axi_norm-HBM[4]          RD = 44.000 KB              WR = 0.000 KB        
q4_layer_ctrl:m_axi_rope-HBM[5]          RD = 160.000 KB             WR = 0.000 KB        

Data transfer on stream interfaces
q4_layer_ctrl:activation_stream0-->PIPE               3079.137 KB     
q4_layer_ctrl:activation_stream1-->PIPE               3079.137 KB     
PIPE-->q4_layer_ctrl:out_stream0               1842.750 KB     
q4_layer_ctrl:activation_stream2-->PIPE               2903.875 KB     
PIPE-->q4_layer_ctrl:out_stream1               1842.750 KB     
PIPE-->q4_layer_ctrl:out_stream2               1769.250 KB     
PIPE-->q4_layer_ctrl:out_stream3               1769.250 KB     
q4_layer_ctrl:task_stream0-->PIPE               5.656 KB        
q4_layer_ctrl:task_stream1-->PIPE               5.656 KB        
q4_layer_ctrl:task_stream2-->PIPE               5.312 KB        
q4_layer_ctrl:task_stream3-->PIPE               5.312 KB        
q4_layer_ctrl:vector_stream0a-->PIPE               622.375 KB      
q4_layer_ctrl:vector_stream0b-->PIPE               550.875 KB      
q4_layer_ctrl:vector_stream1a-->PIPE               622.375 KB      
q4_layer_ctrl:activation_stream3-->PIPE               2903.875 KB     
q4_layer_ctrl:vector_stream1b-->PIPE               550.875 KB      
q4_layer_ctrl:vector_stream2a-->PIPE               622.375 KB      

INFO::[ Vitis-EM 22 ] [Time elapsed: 286 minute(s) 12 seconds, Emulation time: 5.19342 ms]
Data transfer between kernel(s) and global memory(s)
q4_layer_ctrl:m_axi_scales-HBM[6]          RD = 0.594 KB               WR = 0.000 KB        
q4_layer_ctrl:m_axi_weight0a-HBM[8]          RD = 24544.000 KB           WR = 0.000 KB        
q4_layer_ctrl:m_axi_weight0b-HBM[9]          RD = 24544.000 KB           WR = 0.000 KB        
q4_layer_ctrl:m_axi_weight1a-HBM[10]          RD = 24544.000 KB           WR = 0.000 KB        
q4_layer_ctrl:m_axi_weight1b-HBM[11]          RD = 24544.000 KB           WR = 0.000 KB        
q4_layer_ctrl:m_axi_weight2a-HBM[12]          RD = 23136.000 KB           WR = 0.000 KB        
q4_layer_ctrl:m_axi_weight2b-HBM[13]          RD = 23136.000 KB           WR = 0.000 KB        
q4_layer_ctrl:m_axi_weight3a-HBM[14]          RD = 23136.000 KB           WR = 0.000 KB        
q4_layer_ctrl:m_axi_weight3b-HBM[15]          RD = 23136.000 KB           WR = 0.000 KB        
q4_layer_ctrl:m_axi_hidden_in-HBM[0]          RD = 192.000 KB             WR = 0.000 KB        
q4_layer_ctrl:m_axi_hidden_out-HBM[1]          RD = 0.000 KB               WR = 160.000 KB      
q4_layer_ctrl:m_axi_kv_k-HBM[2]          RD = 60.000 KB              WR = 20.000 KB       
q4_layer_ctrl:m_axi_kv_v-HBM[3]          RD = 60.000 KB              WR = 20.000 KB       
q4_layer_ctrl:m_axi_norm-HBM[4]          RD = 44.000 KB              WR = 0.000 KB        
q4_layer_ctrl:m_axi_rope-HBM[5]          RD = 180.000 KB             WR = 0.000 KB        

Data transfer on stream interfaces
q4_layer_ctrl:activation_stream0-->PIPE               3079.875 KB     
q4_layer_ctrl:activation_stream1-->PIPE               3079.875 KB     
PIPE-->q4_layer_ctrl:out_stream0               1846.250 KB     
q4_layer_ctrl:activation_stream2-->PIPE               2903.875 KB     
PIPE-->q4_layer_ctrl:out_stream1               1846.250 KB     
PIPE-->q4_layer_ctrl:out_stream2               1769.250 KB     
PIPE-->q4_layer_ctrl:out_stream3               1769.250 KB     
q4_layer_ctrl:task_stream0-->PIPE               5.656 KB        
q4_layer_ctrl:task_stream1-->PIPE               5.656 KB        
q4_layer_ctrl:task_stream2-->PIPE               5.312 KB        
q4_layer_ctrl:task_stream3-->PIPE               5.312 KB        
q4_layer_ctrl:vector_stream0a-->PIPE               622.375 KB      
q4_layer_ctrl:vector_stream0b-->PIPE               550.875 KB      
q4_layer_ctrl:vector_stream1a-->PIPE               622.375 KB      
q4_layer_ctrl:activation_stream3-->PIPE               2903.875 KB     
q4_layer_ctrl:vector_stream1b-->PIPE               550.875 KB      
q4_layer_ctrl:vector_stream2a-->PIPE               622.375 KB      

INFO::[ Vitis-EM 22 ] [Time elapsed: 293 minute(s) 48 seconds, Emulation time: 5.4777 ms]
Data transfer between kernel(s) and global memory(s)
q4_layer_ctrl:m_axi_scales-HBM[6]          RD = 0.609 KB               WR = 0.000 KB        
q4_layer_ctrl:m_axi_weight0a-HBM[8]          RD = 24800.000 KB           WR = 0.000 KB        
q4_layer_ctrl:m_axi_weight0b-HBM[9]          RD = 24800.000 KB           WR = 0.000 KB        
q4_layer_ctrl:m_axi_weight1a-HBM[10]          RD = 24800.000 KB           WR = 0.000 KB        
q4_layer_ctrl:m_axi_weight1b-HBM[11]          RD = 24800.000 KB           WR = 0.000 KB        
q4_layer_ctrl:m_axi_weight2a-HBM[12]          RD = 23392.000 KB           WR = 0.000 KB        
q4_layer_ctrl:m_axi_weight2b-HBM[13]          RD = 23392.000 KB           WR = 0.000 KB        
q4_layer_ctrl:m_axi_weight3a-HBM[14]          RD = 23392.000 KB           WR = 0.000 KB        
q4_layer_ctrl:m_axi_weight3b-HBM[15]          RD = 23392.000 KB           WR = 0.000 KB        
q4_layer_ctrl:m_axi_hidden_in-HBM[0]          RD = 192.000 KB             WR = 0.000 KB        
q4_layer_ctrl:m_axi_hidden_out-HBM[1]          RD = 0.000 KB               WR = 160.000 KB      
q4_layer_ctrl:m_axi_kv_k-HBM[2]          RD = 84.000 KB              WR = 24.000 KB       
q4_layer_ctrl:m_axi_kv_v-HBM[3]          RD = 84.000 KB              WR = 24.000 KB       
q4_layer_ctrl:m_axi_norm-HBM[4]          RD = 48.000 KB              WR = 0.000 KB        
q4_layer_ctrl:m_axi_rope-HBM[5]          RD = 192.000 KB             WR = 0.000 KB        

Data transfer on stream interfaces
q4_layer_ctrl:activation_stream0-->PIPE               3114.625 KB     
q4_layer_ctrl:activation_stream1-->PIPE               3114.625 KB     
PIPE-->q4_layer_ctrl:out_stream0               1909.250 KB     
q4_layer_ctrl:activation_stream2-->PIPE               2938.625 KB     
PIPE-->q4_layer_ctrl:out_stream1               1909.250 KB     
PIPE-->q4_layer_ctrl:out_stream2               1832.250 KB     
PIPE-->q4_layer_ctrl:out_stream3               1832.250 KB     
q4_layer_ctrl:task_stream0-->PIPE               5.875 KB        
q4_layer_ctrl:task_stream1-->PIPE               5.875 KB        
q4_layer_ctrl:task_stream2-->PIPE               5.531 KB        
q4_layer_ctrl:task_stream3-->PIPE               5.531 KB        
q4_layer_ctrl:vector_stream0a-->PIPE               648.375 KB      
q4_layer_ctrl:vector_stream0b-->PIPE               570.375 KB      
q4_layer_ctrl:vector_stream1a-->PIPE               648.375 KB      
q4_layer_ctrl:activation_stream3-->PIPE               2938.625 KB     
q4_layer_ctrl:vector_stream1b-->PIPE               570.375 KB      
q4_layer_ctrl:vector_stream2a-->PIPE               648.375 KB      

INFO::[ Vitis-EM 22 ] [Time elapsed: 295 minute(s) 59 seconds, Emulation time: 5.52121 ms]
Data transfer between kernel(s) and global memory(s)
q4_layer_ctrl:m_axi_scales-HBM[6]          RD = 0.625 KB               WR = 0.000 KB        
q4_layer_ctrl:m_axi_weight0a-HBM[8]          RD = 24969.000 KB           WR = 0.000 KB        
q4_layer_ctrl:m_axi_weight0b-HBM[9]          RD = 24969.000 KB           WR = 0.000 KB        
q4_layer_ctrl:m_axi_weight1a-HBM[10]          RD = 24969.000 KB           WR = 0.000 KB        
q4_layer_ctrl:m_axi_weight1b-HBM[11]          RD = 24969.000 KB           WR = 0.000 KB        
q4_layer_ctrl:m_axi_weight2a-HBM[12]          RD = 23561.000 KB           WR = 0.000 KB        
q4_layer_ctrl:m_axi_weight2b-HBM[13]          RD = 23561.000 KB           WR = 0.000 KB        
q4_layer_ctrl:m_axi_weight3a-HBM[14]          RD = 23561.000 KB           WR = 0.000 KB        
q4_layer_ctrl:m_axi_weight3b-HBM[15]          RD = 23561.000 KB           WR = 0.000 KB        
q4_layer_ctrl:m_axi_hidden_in-HBM[0]          RD = 192.000 KB             WR = 0.000 KB        
q4_layer_ctrl:m_axi_hidden_out-HBM[1]          RD = 0.000 KB               WR = 160.000 KB      
q4_layer_ctrl:m_axi_kv_k-HBM[2]          RD = 84.000 KB              WR = 24.000 KB       
q4_layer_ctrl:m_axi_kv_v-HBM[3]          RD = 84.000 KB              WR = 24.000 KB       
q4_layer_ctrl:m_axi_norm-HBM[4]          RD = 48.000 KB              WR = 0.000 KB        
q4_layer_ctrl:m_axi_rope-HBM[5]          RD = 192.000 KB             WR = 0.000 KB        

Data transfer on stream interfaces
q4_layer_ctrl:activation_stream0-->PIPE               3135.262 KB     
q4_layer_ctrl:activation_stream1-->PIPE               3135.262 KB     
PIPE-->q4_layer_ctrl:out_stream0               1923.250 KB     
q4_layer_ctrl:activation_stream2-->PIPE               2959.262 KB     
PIPE-->q4_layer_ctrl:out_stream1               1923.250 KB     
PIPE-->q4_layer_ctrl:out_stream2               1846.250 KB     
PIPE-->q4_layer_ctrl:out_stream3               1846.250 KB     
q4_layer_ctrl:task_stream0-->PIPE               5.922 KB        
q4_layer_ctrl:task_stream1-->PIPE               5.922 KB        
q4_layer_ctrl:task_stream2-->PIPE               5.578 KB        
q4_layer_ctrl:task_stream3-->PIPE               5.578 KB        
q4_layer_ctrl:vector_stream0a-->PIPE               648.375 KB      
q4_layer_ctrl:vector_stream0b-->PIPE               570.375 KB      
q4_layer_ctrl:vector_stream1a-->PIPE               648.375 KB      
q4_layer_ctrl:activation_stream3-->PIPE               2959.262 KB     
q4_layer_ctrl:vector_stream1b-->PIPE               570.375 KB      
q4_layer_ctrl:vector_stream2a-->PIPE               648.375 KB      

INFO::[ Vitis-EM 22 ] [Time elapsed: 303 minute(s) 1 seconds, Emulation time: 5.59649 ms]
Data transfer between kernel(s) and global memory(s)
q4_layer_ctrl:m_axi_scales-HBM[6]          RD = 0.625 KB               WR = 0.000 KB        
q4_layer_ctrl:m_axi_weight0a-HBM[8]          RD = 25638.500 KB           WR = 0.000 KB        
q4_layer_ctrl:m_axi_weight0b-HBM[9]          RD = 25638.500 KB           WR = 0.000 KB        
q4_layer_ctrl:m_axi_weight1a-HBM[10]          RD = 25638.500 KB           WR = 0.000 KB        
q4_layer_ctrl:m_axi_weight1b-HBM[11]          RD = 25638.500 KB           WR = 0.000 KB        
q4_layer_ctrl:m_axi_weight2a-HBM[12]          RD = 24230.500 KB           WR = 0.000 KB        
q4_layer_ctrl:m_axi_weight2b-HBM[13]          RD = 24230.500 KB           WR = 0.000 KB        
q4_layer_ctrl:m_axi_weight3a-HBM[14]          RD = 24230.500 KB           WR = 0.000 KB        
q4_layer_ctrl:m_axi_weight3b-HBM[15]          RD = 24230.500 KB           WR = 0.000 KB        
q4_layer_ctrl:m_axi_hidden_in-HBM[0]          RD = 192.000 KB             WR = 0.000 KB        
q4_layer_ctrl:m_axi_hidden_out-HBM[1]          RD = 0.000 KB               WR = 160.000 KB      
q4_layer_ctrl:m_axi_kv_k-HBM[2]          RD = 84.000 KB              WR = 24.000 KB       
q4_layer_ctrl:m_axi_kv_v-HBM[3]          RD = 84.000 KB              WR = 24.000 KB       
q4_layer_ctrl:m_axi_norm-HBM[4]          RD = 48.000 KB              WR = 0.000 KB        
q4_layer_ctrl:m_axi_rope-HBM[5]          RD = 192.000 KB             WR = 0.000 KB        

Data transfer on stream interfaces
q4_layer_ctrl:activation_stream0-->PIPE               3218.961 KB     
q4_layer_ctrl:activation_stream1-->PIPE               3218.961 KB     
PIPE-->q4_layer_ctrl:out_stream0               1958.469 KB     
q4_layer_ctrl:activation_stream2-->PIPE               3042.961 KB     
PIPE-->q4_layer_ctrl:out_stream1               1958.469 KB     
PIPE-->q4_layer_ctrl:out_stream2               1881.469 KB     
PIPE-->q4_layer_ctrl:out_stream3               1881.469 KB     
q4_layer_ctrl:task_stream0-->PIPE               6.094 KB        
q4_layer_ctrl:task_stream1-->PIPE               6.094 KB        
q4_layer_ctrl:task_stream2-->PIPE               5.750 KB        
q4_layer_ctrl:task_stream3-->PIPE               5.750 KB        
q4_layer_ctrl:vector_stream0a-->PIPE               648.375 KB      
q4_layer_ctrl:vector_stream0b-->PIPE               570.375 KB      
q4_layer_ctrl:vector_stream1a-->PIPE               648.375 KB      
q4_layer_ctrl:activation_stream3-->PIPE               3042.961 KB     
q4_layer_ctrl:vector_stream1b-->PIPE               570.375 KB      
q4_layer_ctrl:vector_stream2a-->PIPE               648.375 KB      

INFO::[ Vitis-EM 22 ] [Time elapsed: 303 minute(s) 19 seconds, Emulation time: 5.59951 ms]
Data transfer between kernel(s) and global memory(s)
q4_layer_ctrl:m_axi_scales-HBM[6]          RD = 0.625 KB               WR = 0.000 KB        
q4_layer_ctrl:m_axi_weight0a-HBM[8]          RD = 25666.500 KB           WR = 0.000 KB        
q4_layer_ctrl:m_axi_weight0b-HBM[9]          RD = 25666.500 KB           WR = 0.000 KB        
q4_layer_ctrl:m_axi_weight1a-HBM[10]          RD = 25666.500 KB           WR = 0.000 KB        
q4_layer_ctrl:m_axi_weight1b-HBM[11]          RD = 25666.500 KB           WR = 0.000 KB        
q4_layer_ctrl:m_axi_weight2a-HBM[12]          RD = 24258.500 KB           WR = 0.000 KB        
q4_layer_ctrl:m_axi_weight2b-HBM[13]          RD = 24258.500 KB           WR = 0.000 KB        
q4_layer_ctrl:m_axi_weight3a-HBM[14]          RD = 24258.500 KB           WR = 0.000 KB        
q4_layer_ctrl:m_axi_weight3b-HBM[15]          RD = 24258.500 KB           WR = 0.000 KB        
q4_layer_ctrl:m_axi_hidden_in-HBM[0]          RD = 192.000 KB             WR = 0.000 KB        
q4_layer_ctrl:m_axi_hidden_out-HBM[1]          RD = 0.000 KB               WR = 160.000 KB      
q4_layer_ctrl:m_axi_kv_k-HBM[2]          RD = 84.000 KB              WR = 24.000 KB       
q4_layer_ctrl:m_axi_kv_v-HBM[3]          RD = 84.000 KB              WR = 24.000 KB       
q4_layer_ctrl:m_axi_norm-HBM[4]          RD = 48.000 KB              WR = 0.000 KB        
q4_layer_ctrl:m_axi_rope-HBM[5]          RD = 192.000 KB             WR = 0.000 KB        

Data transfer on stream interfaces
q4_layer_ctrl:activation_stream0-->PIPE               3222.285 KB     
q4_layer_ctrl:activation_stream1-->PIPE               3222.285 KB     
PIPE-->q4_layer_ctrl:out_stream0               1961.750 KB     
q4_layer_ctrl:activation_stream2-->PIPE               3046.285 KB     
PIPE-->q4_layer_ctrl:out_stream1               1961.750 KB     
PIPE-->q4_layer_ctrl:out_stream2               1884.750 KB     
PIPE-->q4_layer_ctrl:out_stream3               1884.750 KB     
q4_layer_ctrl:task_stream0-->PIPE               6.094 KB        
q4_layer_ctrl:task_stream1-->PIPE               6.094 KB        
q4_layer_ctrl:task_stream2-->PIPE               5.750 KB        
q4_layer_ctrl:task_stream3-->PIPE               5.750 KB        
q4_layer_ctrl:vector_stream0a-->PIPE               648.375 KB      
q4_layer_ctrl:vector_stream0b-->PIPE               570.375 KB      
q4_layer_ctrl:vector_stream1a-->PIPE               648.375 KB      
q4_layer_ctrl:activation_stream3-->PIPE               3046.285 KB     
q4_layer_ctrl:vector_stream1b-->PIPE               570.375 KB      
q4_layer_ctrl:vector_stream2a-->PIPE               648.375 KB      

INFO::[ Vitis-EM 22 ] [Time elapsed: 303 minute(s) 50 seconds, Emulation time: 5.60452 ms]
Data transfer between kernel(s) and global memory(s)
q4_layer_ctrl:m_axi_scales-HBM[6]          RD = 0.625 KB               WR = 0.000 KB        
q4_layer_ctrl:m_axi_weight0a-HBM[8]          RD = 25710.000 KB           WR = 0.000 KB        
q4_layer_ctrl:m_axi_weight0b-HBM[9]          RD = 25710.000 KB           WR = 0.000 KB        
q4_layer_ctrl:m_axi_weight1a-HBM[10]          RD = 25710.000 KB           WR = 0.000 KB        
q4_layer_ctrl:m_axi_weight1b-HBM[11]          RD = 25710.000 KB           WR = 0.000 KB        
q4_layer_ctrl:m_axi_weight2a-HBM[12]          RD = 24302.000 KB           WR = 0.000 KB        
q4_layer_ctrl:m_axi_weight2b-HBM[13]          RD = 24302.000 KB           WR = 0.000 KB        
q4_layer_ctrl:m_axi_weight3a-HBM[14]          RD = 24302.000 KB           WR = 0.000 KB        
q4_layer_ctrl:m_axi_weight3b-HBM[15]          RD = 24302.000 KB           WR = 0.000 KB        
q4_layer_ctrl:m_axi_hidden_in-HBM[0]          RD = 192.000 KB             WR = 0.000 KB        
q4_layer_ctrl:m_axi_hidden_out-HBM[1]          RD = 0.000 KB               WR = 160.000 KB      
q4_layer_ctrl:m_axi_kv_k-HBM[2]          RD = 84.000 KB              WR = 24.000 KB       
q4_layer_ctrl:m_axi_kv_v-HBM[3]          RD = 84.000 KB              WR = 24.000 KB       
q4_layer_ctrl:m_axi_norm-HBM[4]          RD = 48.000 KB              WR = 0.000 KB        
q4_layer_ctrl:m_axi_rope-HBM[5]          RD = 192.000 KB             WR = 0.000 KB        

Data transfer on stream interfaces
q4_layer_ctrl:activation_stream0-->PIPE               3227.715 KB     
q4_layer_ctrl:activation_stream1-->PIPE               3227.715 KB     
PIPE-->q4_layer_ctrl:out_stream0               1965.250 KB     
q4_layer_ctrl:activation_stream2-->PIPE               3051.715 KB     
PIPE-->q4_layer_ctrl:out_stream1               1965.250 KB     
PIPE-->q4_layer_ctrl:out_stream2               1888.250 KB     
PIPE-->q4_layer_ctrl:out_stream3               1888.250 KB     
q4_layer_ctrl:task_stream0-->PIPE               6.109 KB        
q4_layer_ctrl:task_stream1-->PIPE               6.109 KB        
q4_layer_ctrl:task_stream2-->PIPE               5.766 KB        
q4_layer_ctrl:task_stream3-->PIPE               5.766 KB        
q4_layer_ctrl:vector_stream0a-->PIPE               648.375 KB      
q4_layer_ctrl:vector_stream0b-->PIPE               570.375 KB      
q4_layer_ctrl:vector_stream1a-->PIPE               648.375 KB      
q4_layer_ctrl:activation_stream3-->PIPE               3051.715 KB     
q4_layer_ctrl:vector_stream1b-->PIPE               570.375 KB      
q4_layer_ctrl:vector_stream2a-->PIPE               648.375 KB      

INFO::[ Vitis-EM 22 ] [Time elapsed: 304 minute(s) 27 seconds, Emulation time: 5.61054 ms]
Data transfer between kernel(s) and global memory(s)
q4_layer_ctrl:m_axi_scales-HBM[6]          RD = 0.625 KB               WR = 0.000 KB        
q4_layer_ctrl:m_axi_weight0a-HBM[8]          RD = 25763.000 KB           WR = 0.000 KB        
q4_layer_ctrl:m_axi_weight0b-HBM[9]          RD = 25763.000 KB           WR = 0.000 KB        
q4_layer_ctrl:m_axi_weight1a-HBM[10]          RD = 25763.000 KB           WR = 0.000 KB        
q4_layer_ctrl:m_axi_weight1b-HBM[11]          RD = 25763.000 KB           WR = 0.000 KB        
q4_layer_ctrl:m_axi_weight2a-HBM[12]          RD = 24355.000 KB           WR = 0.000 KB        
q4_layer_ctrl:m_axi_weight2b-HBM[13]          RD = 24355.000 KB           WR = 0.000 KB        
q4_layer_ctrl:m_axi_weight3a-HBM[14]          RD = 24355.000 KB           WR = 0.000 KB        
q4_layer_ctrl:m_axi_weight3b-HBM[15]          RD = 24355.000 KB           WR = 0.000 KB        
q4_layer_ctrl:m_axi_hidden_in-HBM[0]          RD = 192.000 KB             WR = 0.000 KB        
q4_layer_ctrl:m_axi_hidden_out-HBM[1]          RD = 0.000 KB               WR = 160.000 KB      
q4_layer_ctrl:m_axi_kv_k-HBM[2]          RD = 84.000 KB              WR = 24.000 KB       
q4_layer_ctrl:m_axi_kv_v-HBM[3]          RD = 84.000 KB              WR = 24.000 KB       
q4_layer_ctrl:m_axi_norm-HBM[4]          RD = 48.000 KB              WR = 0.000 KB        
q4_layer_ctrl:m_axi_rope-HBM[5]          RD = 192.000 KB             WR = 0.000 KB        

Data transfer on stream interfaces
q4_layer_ctrl:activation_stream0-->PIPE               3234.625 KB     
q4_layer_ctrl:activation_stream1-->PIPE               3234.625 KB     
PIPE-->q4_layer_ctrl:out_stream0               1965.250 KB     
q4_layer_ctrl:activation_stream2-->PIPE               3058.625 KB     
PIPE-->q4_layer_ctrl:out_stream1               1965.250 KB     
PIPE-->q4_layer_ctrl:out_stream2               1888.250 KB     
PIPE-->q4_layer_ctrl:out_stream3               1888.250 KB     
q4_layer_ctrl:task_stream0-->PIPE               6.125 KB        
q4_layer_ctrl:task_stream1-->PIPE               6.125 KB        
q4_layer_ctrl:task_stream2-->PIPE               5.781 KB        
q4_layer_ctrl:task_stream3-->PIPE               5.781 KB        
q4_layer_ctrl:vector_stream0a-->PIPE               648.375 KB      
q4_layer_ctrl:vector_stream0b-->PIPE               570.375 KB      
q4_layer_ctrl:vector_stream1a-->PIPE               648.375 KB      
q4_layer_ctrl:activation_stream3-->PIPE               3058.625 KB     
q4_layer_ctrl:vector_stream1b-->PIPE               570.375 KB      
q4_layer_ctrl:vector_stream2a-->PIPE               648.375 KB      

INFO::[ Vitis-EM 22 ] [Time elapsed: 304 minute(s) 46 seconds, Emulation time: 5.61355 ms]
Data transfer between kernel(s) and global memory(s)
q4_layer_ctrl:m_axi_scales-HBM[6]          RD = 0.625 KB               WR = 0.000 KB        
q4_layer_ctrl:m_axi_weight0a-HBM[8]          RD = 25791.000 KB           WR = 0.000 KB        
q4_layer_ctrl:m_axi_weight0b-HBM[9]          RD = 25791.000 KB           WR = 0.000 KB        
q4_layer_ctrl:m_axi_weight1a-HBM[10]          RD = 25791.000 KB           WR = 0.000 KB        
q4_layer_ctrl:m_axi_weight1b-HBM[11]          RD = 25791.000 KB           WR = 0.000 KB        
q4_layer_ctrl:m_axi_weight2a-HBM[12]          RD = 24383.000 KB           WR = 0.000 KB        
q4_layer_ctrl:m_axi_weight2b-HBM[13]          RD = 24383.000 KB           WR = 0.000 KB        
q4_layer_ctrl:m_axi_weight3a-HBM[14]          RD = 24383.000 KB           WR = 0.000 KB        
q4_layer_ctrl:m_axi_weight3b-HBM[15]          RD = 24383.000 KB           WR = 0.000 KB        
q4_layer_ctrl:m_axi_hidden_in-HBM[0]          RD = 192.000 KB             WR = 0.000 KB        
q4_layer_ctrl:m_axi_hidden_out-HBM[1]          RD = 0.000 KB               WR = 160.000 KB      
q4_layer_ctrl:m_axi_kv_k-HBM[2]          RD = 84.000 KB              WR = 24.000 KB       
q4_layer_ctrl:m_axi_kv_v-HBM[3]          RD = 84.000 KB              WR = 24.000 KB       
q4_layer_ctrl:m_axi_norm-HBM[4]          RD = 48.000 KB              WR = 0.000 KB        
q4_layer_ctrl:m_axi_rope-HBM[5]          RD = 192.000 KB             WR = 0.000 KB        

Data transfer on stream interfaces
q4_layer_ctrl:activation_stream0-->PIPE               3237.848 KB     
q4_layer_ctrl:activation_stream1-->PIPE               3237.848 KB     
PIPE-->q4_layer_ctrl:out_stream0               1968.750 KB     
q4_layer_ctrl:activation_stream2-->PIPE               3061.848 KB     
PIPE-->q4_layer_ctrl:out_stream1               1968.750 KB     
PIPE-->q4_layer_ctrl:out_stream2               1891.750 KB     
PIPE-->q4_layer_ctrl:out_stream3               1891.750 KB     
q4_layer_ctrl:task_stream0-->PIPE               6.125 KB        
q4_layer_ctrl:task_stream1-->PIPE               6.125 KB        
q4_layer_ctrl:task_stream2-->PIPE               5.781 KB        
q4_layer_ctrl:task_stream3-->PIPE               5.781 KB        
q4_layer_ctrl:vector_stream0a-->PIPE               648.375 KB      
q4_layer_ctrl:vector_stream0b-->PIPE               570.375 KB      
q4_layer_ctrl:vector_stream1a-->PIPE               648.375 KB      
q4_layer_ctrl:activation_stream3-->PIPE               3061.848 KB     
q4_layer_ctrl:vector_stream1b-->PIPE               570.375 KB      
q4_layer_ctrl:vector_stream2a-->PIPE               648.375 KB      

INFO::[ Vitis-EM 22 ] [Time elapsed: 324 minute(s) 40 seconds, Emulation time: 5.88232 ms]
Data transfer between kernel(s) and global memory(s)
q4_layer_ctrl:m_axi_scales-HBM[6]          RD = 0.641 KB               WR = 0.000 KB        
q4_layer_ctrl:m_axi_weight0a-HBM[8]          RD = 27616.000 KB           WR = 0.000 KB        
q4_layer_ctrl:m_axi_weight0b-HBM[9]          RD = 27616.000 KB           WR = 0.000 KB        
q4_layer_ctrl:m_axi_weight1a-HBM[10]          RD = 27616.000 KB           WR = 0.000 KB        
q4_layer_ctrl:m_axi_weight1b-HBM[11]          RD = 27616.000 KB           WR = 0.000 KB        
q4_layer_ctrl:m_axi_weight2a-HBM[12]          RD = 26080.000 KB           WR = 0.000 KB        
q4_layer_ctrl:m_axi_weight2b-HBM[13]          RD = 26080.000 KB           WR = 0.000 KB        
q4_layer_ctrl:m_axi_weight3a-HBM[14]          RD = 26080.000 KB           WR = 0.000 KB        
q4_layer_ctrl:m_axi_weight3b-HBM[15]          RD = 26080.000 KB           WR = 0.000 KB        
q4_layer_ctrl:m_axi_hidden_in-HBM[0]          RD = 192.000 KB             WR = 0.000 KB        
q4_layer_ctrl:m_axi_hidden_out-HBM[1]          RD = 0.000 KB               WR = 160.000 KB      
q4_layer_ctrl:m_axi_kv_k-HBM[2]          RD = 84.000 KB              WR = 24.000 KB       
q4_layer_ctrl:m_axi_kv_v-HBM[3]          RD = 84.000 KB              WR = 24.000 KB       
q4_layer_ctrl:m_axi_norm-HBM[4]          RD = 48.000 KB              WR = 0.000 KB        
q4_layer_ctrl:m_axi_rope-HBM[5]          RD = 192.000 KB             WR = 0.000 KB        

Data transfer on stream interfaces
q4_layer_ctrl:activation_stream0-->PIPE               3466.625 KB     
q4_layer_ctrl:activation_stream1-->PIPE               3466.625 KB     
PIPE-->q4_layer_ctrl:out_stream0               2094.312 KB     
q4_layer_ctrl:activation_stream2-->PIPE               3274.625 KB     
PIPE-->q4_layer_ctrl:out_stream1               2094.312 KB     
PIPE-->q4_layer_ctrl:out_stream2               2010.312 KB     
PIPE-->q4_layer_ctrl:out_stream3               2010.312 KB     
q4_layer_ctrl:task_stream0-->PIPE               6.578 KB        
q4_layer_ctrl:task_stream1-->PIPE               6.578 KB        
q4_layer_ctrl:task_stream2-->PIPE               6.203 KB        
q4_layer_ctrl:task_stream3-->PIPE               6.203 KB        
q4_layer_ctrl:vector_stream0a-->PIPE               672.750 KB      
q4_layer_ctrl:vector_stream0b-->PIPE               594.750 KB      
q4_layer_ctrl:vector_stream1a-->PIPE               672.750 KB      
q4_layer_ctrl:activation_stream3-->PIPE               3274.625 KB     
q4_layer_ctrl:vector_stream1b-->PIPE               594.750 KB      
q4_layer_ctrl:vector_stream2a-->PIPE               672.750 KB      

INFO::[ Vitis-EM 22 ] [Time elapsed: 327 minute(s) 32 seconds, Emulation time: 5.97246 ms]
Data transfer between kernel(s) and global memory(s)
q4_layer_ctrl:m_axi_scales-HBM[6]          RD = 0.656 KB               WR = 0.000 KB        
q4_layer_ctrl:m_axi_weight0a-HBM[8]          RD = 27763.000 KB           WR = 0.000 KB        
q4_layer_ctrl:m_axi_weight0b-HBM[9]          RD = 27763.000 KB           WR = 0.000 KB        
q4_layer_ctrl:m_axi_weight1a-HBM[10]          RD = 27763.000 KB           WR = 0.000 KB        
q4_layer_ctrl:m_axi_weight1b-HBM[11]          RD = 27763.000 KB           WR = 0.000 KB        
q4_layer_ctrl:m_axi_weight2a-HBM[12]          RD = 26227.000 KB           WR = 0.000 KB        
q4_layer_ctrl:m_axi_weight2b-HBM[13]          RD = 26227.000 KB           WR = 0.000 KB        
q4_layer_ctrl:m_axi_weight3a-HBM[14]          RD = 26227.000 KB           WR = 0.000 KB        
q4_layer_ctrl:m_axi_weight3b-HBM[15]          RD = 26227.000 KB           WR = 0.000 KB        
q4_layer_ctrl:m_axi_hidden_in-HBM[0]          RD = 224.000 KB             WR = 0.000 KB        
q4_layer_ctrl:m_axi_hidden_out-HBM[1]          RD = 0.000 KB               WR = 160.000 KB      
q4_layer_ctrl:m_axi_kv_k-HBM[2]          RD = 84.000 KB              WR = 24.000 KB       
q4_layer_ctrl:m_axi_kv_v-HBM[3]          RD = 84.000 KB              WR = 24.000 KB       
q4_layer_ctrl:m_axi_norm-HBM[4]          RD = 52.000 KB              WR = 0.000 KB        
q4_layer_ctrl:m_axi_rope-HBM[5]          RD = 192.000 KB             WR = 0.000 KB        

Data transfer on stream interfaces
q4_layer_ctrl:activation_stream0-->PIPE               3484.559 KB     
q4_layer_ctrl:activation_stream1-->PIPE               3484.559 KB     
PIPE-->q4_layer_ctrl:out_stream0               2145.500 KB     
q4_layer_ctrl:activation_stream2-->PIPE               3292.559 KB     
PIPE-->q4_layer_ctrl:out_stream1               2145.500 KB     
PIPE-->q4_layer_ctrl:out_stream2               2061.500 KB     
PIPE-->q4_layer_ctrl:out_stream3               2061.500 KB     
q4_layer_ctrl:task_stream0-->PIPE               6.609 KB        
q4_layer_ctrl:task_stream1-->PIPE               6.609 KB        
q4_layer_ctrl:task_stream2-->PIPE               6.234 KB        
q4_layer_ctrl:task_stream3-->PIPE               6.234 KB        
q4_layer_ctrl:vector_stream0a-->PIPE               720.535 KB      
q4_layer_ctrl:vector_stream0b-->PIPE               646.750 KB      
q4_layer_ctrl:vector_stream1a-->PIPE               720.535 KB      
q4_layer_ctrl:activation_stream3-->PIPE               3292.559 KB     
q4_layer_ctrl:vector_stream1b-->PIPE               646.750 KB      
q4_layer_ctrl:vector_stream2a-->PIPE               720.535 KB      

INFO::[ Vitis-EM 22 ] [Time elapsed: 327 minute(s) 44 seconds, Emulation time: 5.97447 ms]
Data transfer between kernel(s) and global memory(s)
q4_layer_ctrl:m_axi_scales-HBM[6]          RD = 0.656 KB               WR = 0.000 KB        
q4_layer_ctrl:m_axi_weight0a-HBM[8]          RD = 27782.000 KB           WR = 0.000 KB        
q4_layer_ctrl:m_axi_weight0b-HBM[9]          RD = 27782.000 KB           WR = 0.000 KB        
q4_layer_ctrl:m_axi_weight1a-HBM[10]          RD = 27782.000 KB           WR = 0.000 KB        
q4_layer_ctrl:m_axi_weight1b-HBM[11]          RD = 27782.000 KB           WR = 0.000 KB        
q4_layer_ctrl:m_axi_weight2a-HBM[12]          RD = 26246.000 KB           WR = 0.000 KB        
q4_layer_ctrl:m_axi_weight2b-HBM[13]          RD = 26246.000 KB           WR = 0.000 KB        
q4_layer_ctrl:m_axi_weight3a-HBM[14]          RD = 26246.000 KB           WR = 0.000 KB        
q4_layer_ctrl:m_axi_weight3b-HBM[15]          RD = 26246.000 KB           WR = 0.000 KB        
q4_layer_ctrl:m_axi_hidden_in-HBM[0]          RD = 224.000 KB             WR = 0.000 KB        
q4_layer_ctrl:m_axi_hidden_out-HBM[1]          RD = 0.000 KB               WR = 160.000 KB      
q4_layer_ctrl:m_axi_kv_k-HBM[2]          RD = 84.000 KB              WR = 24.000 KB       
q4_layer_ctrl:m_axi_kv_v-HBM[3]          RD = 84.000 KB              WR = 24.000 KB       
q4_layer_ctrl:m_axi_norm-HBM[4]          RD = 52.000 KB              WR = 0.000 KB        
q4_layer_ctrl:m_axi_rope-HBM[5]          RD = 192.000 KB             WR = 0.000 KB        

Data transfer on stream interfaces
q4_layer_ctrl:activation_stream0-->PIPE               3486.918 KB     
q4_layer_ctrl:activation_stream1-->PIPE               3486.918 KB     
PIPE-->q4_layer_ctrl:out_stream0               2145.500 KB     
q4_layer_ctrl:activation_stream2-->PIPE               3294.918 KB     
PIPE-->q4_layer_ctrl:out_stream1               2145.500 KB     
PIPE-->q4_layer_ctrl:out_stream2               2061.500 KB     
PIPE-->q4_layer_ctrl:out_stream3               2061.500 KB     
q4_layer_ctrl:task_stream0-->PIPE               6.609 KB        
q4_layer_ctrl:task_stream1-->PIPE               6.609 KB        
q4_layer_ctrl:task_stream2-->PIPE               6.234 KB        
q4_layer_ctrl:task_stream3-->PIPE               6.234 KB        
q4_layer_ctrl:vector_stream0a-->PIPE               721.652 KB      
q4_layer_ctrl:vector_stream0b-->PIPE               646.750 KB      
q4_layer_ctrl:vector_stream1a-->PIPE               721.652 KB      
q4_layer_ctrl:activation_stream3-->PIPE               3294.918 KB     
q4_layer_ctrl:vector_stream1b-->PIPE               646.750 KB      
q4_layer_ctrl:vector_stream2a-->PIPE               721.652 KB      

INFO::[ Vitis-EM 22 ] [Time elapsed: 328 minute(s) 30 seconds, Emulation time: 5.9825 ms]
Data transfer between kernel(s) and global memory(s)
q4_layer_ctrl:m_axi_scales-HBM[6]          RD = 0.656 KB               WR = 0.000 KB        
q4_layer_ctrl:m_axi_weight0a-HBM[8]          RD = 27857.500 KB           WR = 0.000 KB        
q4_layer_ctrl:m_axi_weight0b-HBM[9]          RD = 27857.500 KB           WR = 0.000 KB        
q4_layer_ctrl:m_axi_weight1a-HBM[10]          RD = 27857.500 KB           WR = 0.000 KB        
q4_layer_ctrl:m_axi_weight1b-HBM[11]          RD = 27857.500 KB           WR = 0.000 KB        
q4_layer_ctrl:m_axi_weight2a-HBM[12]          RD = 26321.500 KB           WR = 0.000 KB        
q4_layer_ctrl:m_axi_weight2b-HBM[13]          RD = 26321.500 KB           WR = 0.000 KB        
q4_layer_ctrl:m_axi_weight3a-HBM[14]          RD = 26321.500 KB           WR = 0.000 KB        
q4_layer_ctrl:m_axi_weight3b-HBM[15]          RD = 26321.500 KB           WR = 0.000 KB        
q4_layer_ctrl:m_axi_hidden_in-HBM[0]          RD = 224.000 KB             WR = 0.000 KB        
q4_layer_ctrl:m_axi_hidden_out-HBM[1]          RD = 0.000 KB               WR = 160.000 KB      
q4_layer_ctrl:m_axi_kv_k-HBM[2]          RD = 84.000 KB              WR = 24.000 KB       
q4_layer_ctrl:m_axi_kv_v-HBM[3]          RD = 84.000 KB              WR = 24.000 KB       
q4_layer_ctrl:m_axi_norm-HBM[4]          RD = 52.000 KB              WR = 0.000 KB        
q4_layer_ctrl:m_axi_rope-HBM[5]          RD = 192.000 KB             WR = 0.000 KB        

Data transfer on stream interfaces
q4_layer_ctrl:activation_stream0-->PIPE               3496.324 KB     
q4_layer_ctrl:activation_stream1-->PIPE               3496.324 KB     
PIPE-->q4_layer_ctrl:out_stream0               2145.500 KB     
q4_layer_ctrl:activation_stream2-->PIPE               3304.324 KB     
PIPE-->q4_layer_ctrl:out_stream1               2145.500 KB     
PIPE-->q4_layer_ctrl:out_stream2               2061.500 KB     
PIPE-->q4_layer_ctrl:out_stream3               2061.500 KB     
q4_layer_ctrl:task_stream0-->PIPE               6.609 KB        
q4_layer_ctrl:task_stream1-->PIPE               6.609 KB        
q4_layer_ctrl:task_stream2-->PIPE               6.234 KB        
q4_layer_ctrl:task_stream3-->PIPE               6.234 KB        
q4_layer_ctrl:vector_stream0a-->PIPE               726.223 KB      
q4_layer_ctrl:vector_stream0b-->PIPE               646.750 KB      
q4_layer_ctrl:vector_stream1a-->PIPE               726.223 KB      
q4_layer_ctrl:activation_stream3-->PIPE               3304.324 KB     
q4_layer_ctrl:vector_stream1b-->PIPE               646.750 KB      
q4_layer_ctrl:vector_stream2a-->PIPE               726.223 KB      

INFO::[ Vitis-EM 22 ] [Time elapsed: 332 minute(s) 38 seconds, Emulation time: 6.02967 ms]
Data transfer between kernel(s) and global memory(s)
q4_layer_ctrl:m_axi_scales-HBM[6]          RD = 0.656 KB               WR = 0.000 KB        
q4_layer_ctrl:m_axi_weight0a-HBM[8]          RD = 28297.000 KB           WR = 0.000 KB        
q4_layer_ctrl:m_axi_weight0b-HBM[9]          RD = 28297.000 KB           WR = 0.000 KB        
q4_layer_ctrl:m_axi_weight1a-HBM[10]          RD = 28297.000 KB           WR = 0.000 KB        
q4_layer_ctrl:m_axi_weight1b-HBM[11]          RD = 28297.000 KB           WR = 0.000 KB        
q4_layer_ctrl:m_axi_weight2a-HBM[12]          RD = 26761.000 KB           WR = 0.000 KB        
q4_layer_ctrl:m_axi_weight2b-HBM[13]          RD = 26761.000 KB           WR = 0.000 KB        
q4_layer_ctrl:m_axi_weight3a-HBM[14]          RD = 26761.000 KB           WR = 0.000 KB        
q4_layer_ctrl:m_axi_weight3b-HBM[15]          RD = 26761.000 KB           WR = 0.000 KB        
q4_layer_ctrl:m_axi_hidden_in-HBM[0]          RD = 224.000 KB             WR = 0.000 KB        
q4_layer_ctrl:m_axi_hidden_out-HBM[1]          RD = 0.000 KB               WR = 160.000 KB      
q4_layer_ctrl:m_axi_kv_k-HBM[2]          RD = 84.000 KB              WR = 24.000 KB       
q4_layer_ctrl:m_axi_kv_v-HBM[3]          RD = 84.000 KB              WR = 24.000 KB       
q4_layer_ctrl:m_axi_norm-HBM[4]          RD = 52.000 KB              WR = 0.000 KB        
q4_layer_ctrl:m_axi_rope-HBM[5]          RD = 192.000 KB             WR = 0.000 KB        

Data transfer on stream interfaces
q4_layer_ctrl:activation_stream0-->PIPE               3551.301 KB     
q4_layer_ctrl:activation_stream1-->PIPE               3551.301 KB     
PIPE-->q4_layer_ctrl:out_stream0               2156.984 KB     
q4_layer_ctrl:activation_stream2-->PIPE               3359.301 KB     
PIPE-->q4_layer_ctrl:out_stream1               2156.984 KB     
PIPE-->q4_layer_ctrl:out_stream2               2072.984 KB     
PIPE-->q4_layer_ctrl:out_stream3               2072.984 KB     
q4_layer_ctrl:task_stream0-->PIPE               6.625 KB        
q4_layer_ctrl:task_stream1-->PIPE               6.625 KB        
q4_layer_ctrl:task_stream2-->PIPE               6.250 KB        
q4_layer_ctrl:task_stream3-->PIPE               6.250 KB        
q4_layer_ctrl:vector_stream0a-->PIPE               731.250 KB      
q4_layer_ctrl:vector_stream0b-->PIPE               646.750 KB      
q4_layer_ctrl:vector_stream1a-->PIPE               731.250 KB      
q4_layer_ctrl:activation_stream3-->PIPE               3359.301 KB     
q4_layer_ctrl:vector_stream1b-->PIPE               646.750 KB      
q4_layer_ctrl:vector_stream2a-->PIPE               731.250 KB      

INFO::[ Vitis-EM 22 ] [Time elapsed: 332 minute(s) 52 seconds, Emulation time: 6.03268 ms]
Data transfer between kernel(s) and global memory(s)
q4_layer_ctrl:m_axi_scales-HBM[6]          RD = 0.656 KB               WR = 0.000 KB        
q4_layer_ctrl:m_axi_weight0a-HBM[8]          RD = 28323.000 KB           WR = 0.000 KB        
q4_layer_ctrl:m_axi_weight0b-HBM[9]          RD = 28323.000 KB           WR = 0.000 KB        
q4_layer_ctrl:m_axi_weight1a-HBM[10]          RD = 28323.000 KB           WR = 0.000 KB        
q4_layer_ctrl:m_axi_weight1b-HBM[11]          RD = 28323.000 KB           WR = 0.000 KB        
q4_layer_ctrl:m_axi_weight2a-HBM[12]          RD = 26787.000 KB           WR = 0.000 KB        
q4_layer_ctrl:m_axi_weight2b-HBM[13]          RD = 26787.000 KB           WR = 0.000 KB        
q4_layer_ctrl:m_axi_weight3a-HBM[14]          RD = 26787.000 KB           WR = 0.000 KB        
q4_layer_ctrl:m_axi_weight3b-HBM[15]          RD = 26787.000 KB           WR = 0.000 KB        
q4_layer_ctrl:m_axi_hidden_in-HBM[0]          RD = 224.000 KB             WR = 0.000 KB        
q4_layer_ctrl:m_axi_hidden_out-HBM[1]          RD = 0.000 KB               WR = 160.000 KB      
q4_layer_ctrl:m_axi_kv_k-HBM[2]          RD = 84.000 KB              WR = 24.000 KB       
q4_layer_ctrl:m_axi_kv_v-HBM[3]          RD = 84.000 KB              WR = 24.000 KB       
q4_layer_ctrl:m_axi_norm-HBM[4]          RD = 52.000 KB              WR = 0.000 KB        
q4_layer_ctrl:m_axi_rope-HBM[5]          RD = 192.000 KB             WR = 0.000 KB        

Data transfer on stream interfaces
q4_layer_ctrl:activation_stream0-->PIPE               3554.543 KB     
q4_layer_ctrl:activation_stream1-->PIPE               3554.543 KB     
PIPE-->q4_layer_ctrl:out_stream0               2158.516 KB     
q4_layer_ctrl:activation_stream2-->PIPE               3362.543 KB     
PIPE-->q4_layer_ctrl:out_stream1               2158.516 KB     
PIPE-->q4_layer_ctrl:out_stream2               2074.516 KB     
PIPE-->q4_layer_ctrl:out_stream3               2074.516 KB     
q4_layer_ctrl:task_stream0-->PIPE               6.641 KB        
q4_layer_ctrl:task_stream1-->PIPE               6.641 KB        
q4_layer_ctrl:task_stream2-->PIPE               6.266 KB        
q4_layer_ctrl:task_stream3-->PIPE               6.266 KB        
q4_layer_ctrl:vector_stream0a-->PIPE               731.250 KB      
q4_layer_ctrl:vector_stream0b-->PIPE               646.750 KB      
q4_layer_ctrl:vector_stream1a-->PIPE               731.250 KB      
q4_layer_ctrl:activation_stream3-->PIPE               3362.543 KB     
q4_layer_ctrl:vector_stream1b-->PIPE               646.750 KB      
q4_layer_ctrl:vector_stream2a-->PIPE               731.250 KB      

INFO::[ Vitis-EM 22 ] [Time elapsed: 333 minute(s) 2 seconds, Emulation time: 6.0347 ms]
Data transfer between kernel(s) and global memory(s)
q4_layer_ctrl:m_axi_scales-HBM[6]          RD = 0.656 KB               WR = 0.000 KB        
q4_layer_ctrl:m_axi_weight0a-HBM[8]          RD = 28342.000 KB           WR = 0.000 KB        
q4_layer_ctrl:m_axi_weight0b-HBM[9]          RD = 28342.000 KB           WR = 0.000 KB        
q4_layer_ctrl:m_axi_weight1a-HBM[10]          RD = 28342.000 KB           WR = 0.000 KB        
q4_layer_ctrl:m_axi_weight1b-HBM[11]          RD = 28342.000 KB           WR = 0.000 KB        
q4_layer_ctrl:m_axi_weight2a-HBM[12]          RD = 26806.000 KB           WR = 0.000 KB        
q4_layer_ctrl:m_axi_weight2b-HBM[13]          RD = 26806.000 KB           WR = 0.000 KB        
q4_layer_ctrl:m_axi_weight3a-HBM[14]          RD = 26806.000 KB           WR = 0.000 KB        
q4_layer_ctrl:m_axi_weight3b-HBM[15]          RD = 26806.000 KB           WR = 0.000 KB        
q4_layer_ctrl:m_axi_hidden_in-HBM[0]          RD = 224.000 KB             WR = 0.000 KB        
q4_layer_ctrl:m_axi_hidden_out-HBM[1]          RD = 0.000 KB               WR = 160.000 KB      
q4_layer_ctrl:m_axi_kv_k-HBM[2]          RD = 84.000 KB              WR = 24.000 KB       
q4_layer_ctrl:m_axi_kv_v-HBM[3]          RD = 84.000 KB              WR = 24.000 KB       
q4_layer_ctrl:m_axi_norm-HBM[4]          RD = 52.000 KB              WR = 0.000 KB        
q4_layer_ctrl:m_axi_rope-HBM[5]          RD = 192.000 KB             WR = 0.000 KB        

Data transfer on stream interfaces
q4_layer_ctrl:activation_stream0-->PIPE               3556.898 KB     
q4_layer_ctrl:activation_stream1-->PIPE               3556.898 KB     
PIPE-->q4_layer_ctrl:out_stream0               2161.305 KB     
q4_layer_ctrl:activation_stream2-->PIPE               3364.898 KB     
PIPE-->q4_layer_ctrl:out_stream1               2161.305 KB     
PIPE-->q4_layer_ctrl:out_stream2               2077.305 KB     
PIPE-->q4_layer_ctrl:out_stream3               2077.305 KB     
q4_layer_ctrl:task_stream0-->PIPE               6.641 KB        
q4_layer_ctrl:task_stream1-->PIPE               6.641 KB        
q4_layer_ctrl:task_stream2-->PIPE               6.266 KB        
q4_layer_ctrl:task_stream3-->PIPE               6.266 KB        
q4_layer_ctrl:vector_stream0a-->PIPE               731.250 KB      
q4_layer_ctrl:vector_stream0b-->PIPE               646.750 KB      
q4_layer_ctrl:vector_stream1a-->PIPE               731.250 KB      
q4_layer_ctrl:activation_stream3-->PIPE               3364.898 KB     
q4_layer_ctrl:vector_stream1b-->PIPE               646.750 KB      
q4_layer_ctrl:vector_stream2a-->PIPE               731.250 KB      

INFO::[ Vitis-EM 22 ] [Time elapsed: 334 minute(s) 19 seconds, Emulation time: 6.04975 ms]
Data transfer between kernel(s) and global memory(s)
q4_layer_ctrl:m_axi_scales-HBM[6]          RD = 0.656 KB               WR = 0.000 KB        
q4_layer_ctrl:m_axi_weight0a-HBM[8]          RD = 28483.000 KB           WR = 0.000 KB        
q4_layer_ctrl:m_axi_weight0b-HBM[9]          RD = 28483.000 KB           WR = 0.000 KB        
q4_layer_ctrl:m_axi_weight1a-HBM[10]          RD = 28483.000 KB           WR = 0.000 KB        
q4_layer_ctrl:m_axi_weight1b-HBM[11]          RD = 28483.000 KB           WR = 0.000 KB        
q4_layer_ctrl:m_axi_weight2a-HBM[12]          RD = 26947.000 KB           WR = 0.000 KB        
q4_layer_ctrl:m_axi_weight2b-HBM[13]          RD = 26947.000 KB           WR = 0.000 KB        
q4_layer_ctrl:m_axi_weight3a-HBM[14]          RD = 26947.000 KB           WR = 0.000 KB        
q4_layer_ctrl:m_axi_weight3b-HBM[15]          RD = 26947.000 KB           WR = 0.000 KB        
q4_layer_ctrl:m_axi_hidden_in-HBM[0]          RD = 224.000 KB             WR = 0.000 KB        
q4_layer_ctrl:m_axi_hidden_out-HBM[1]          RD = 0.000 KB               WR = 160.000 KB      
q4_layer_ctrl:m_axi_kv_k-HBM[2]          RD = 84.000 KB              WR = 24.000 KB       
q4_layer_ctrl:m_axi_kv_v-HBM[3]          RD = 84.000 KB              WR = 24.000 KB       
q4_layer_ctrl:m_axi_norm-HBM[4]          RD = 52.000 KB              WR = 0.000 KB        
q4_layer_ctrl:m_axi_rope-HBM[5]          RD = 192.000 KB             WR = 0.000 KB        

Data transfer on stream interfaces
q4_layer_ctrl:activation_stream0-->PIPE               3574.539 KB     
q4_layer_ctrl:activation_stream1-->PIPE               3574.539 KB     
PIPE-->q4_layer_ctrl:out_stream0               2166.500 KB     
q4_layer_ctrl:activation_stream2-->PIPE               3382.539 KB     
PIPE-->q4_layer_ctrl:out_stream1               2166.500 KB     
PIPE-->q4_layer_ctrl:out_stream2               2082.500 KB     
PIPE-->q4_layer_ctrl:out_stream3               2082.500 KB     
q4_layer_ctrl:task_stream0-->PIPE               6.641 KB        
q4_layer_ctrl:task_stream1-->PIPE               6.641 KB        
q4_layer_ctrl:task_stream2-->PIPE               6.266 KB        
q4_layer_ctrl:task_stream3-->PIPE               6.266 KB        
q4_layer_ctrl:vector_stream0a-->PIPE               731.250 KB      
q4_layer_ctrl:vector_stream0b-->PIPE               646.750 KB      
q4_layer_ctrl:vector_stream1a-->PIPE               731.250 KB      
q4_layer_ctrl:activation_stream3-->PIPE               3382.539 KB     
q4_layer_ctrl:vector_stream1b-->PIPE               646.750 KB      
q4_layer_ctrl:vector_stream2a-->PIPE               731.250 KB      

INFO::[ Vitis-EM 22 ] [Time elapsed: 339 minute(s) 15 seconds, Emulation time: 6.12019 ms]
Data transfer between kernel(s) and global memory(s)
q4_layer_ctrl:m_axi_scales-HBM[6]          RD = 0.672 KB               WR = 0.000 KB        
q4_layer_ctrl:m_axi_weight0a-HBM[8]          RD = 29000.000 KB           WR = 0.000 KB        
q4_layer_ctrl:m_axi_weight0b-HBM[9]          RD = 29000.000 KB           WR = 0.000 KB        
q4_layer_ctrl:m_axi_weight1a-HBM[10]          RD = 29000.000 KB           WR = 0.000 KB        
q4_layer_ctrl:m_axi_weight1b-HBM[11]          RD = 29000.000 KB           WR = 0.000 KB        
q4_layer_ctrl:m_axi_weight2a-HBM[12]          RD = 27464.000 KB           WR = 0.000 KB        
q4_layer_ctrl:m_axi_weight2b-HBM[13]          RD = 27464.000 KB           WR = 0.000 KB        
q4_layer_ctrl:m_axi_weight3a-HBM[14]          RD = 27464.000 KB           WR = 0.000 KB        
q4_layer_ctrl:m_axi_weight3b-HBM[15]          RD = 27464.000 KB           WR = 0.000 KB        
q4_layer_ctrl:m_axi_hidden_in-HBM[0]          RD = 224.000 KB             WR = 0.000 KB        
q4_layer_ctrl:m_axi_hidden_out-HBM[1]          RD = 0.000 KB               WR = 192.000 KB      
q4_layer_ctrl:m_axi_kv_k-HBM[2]          RD = 84.000 KB              WR = 24.000 KB       
q4_layer_ctrl:m_axi_kv_v-HBM[3]          RD = 84.000 KB              WR = 24.000 KB       
q4_layer_ctrl:m_axi_norm-HBM[4]          RD = 52.000 KB              WR = 0.000 KB        
q4_layer_ctrl:m_axi_rope-HBM[5]          RD = 192.000 KB             WR = 0.000 KB        

Data transfer on stream interfaces
q4_layer_ctrl:activation_stream0-->PIPE               3639.176 KB     
q4_layer_ctrl:activation_stream1-->PIPE               3639.176 KB     
PIPE-->q4_layer_ctrl:out_stream0               2187.500 KB     
q4_layer_ctrl:activation_stream2-->PIPE               3447.176 KB     
PIPE-->q4_layer_ctrl:out_stream1               2187.500 KB     
PIPE-->q4_layer_ctrl:out_stream2               2103.500 KB     
PIPE-->q4_layer_ctrl:out_stream3               2103.500 KB     
q4_layer_ctrl:task_stream0-->PIPE               6.688 KB        
q4_layer_ctrl:task_stream1-->PIPE               6.688 KB        
q4_layer_ctrl:task_stream2-->PIPE               6.312 KB        
q4_layer_ctrl:task_stream3-->PIPE               6.312 KB        
q4_layer_ctrl:vector_stream0a-->PIPE               744.250 KB      
q4_layer_ctrl:vector_stream0b-->PIPE               659.750 KB      
q4_layer_ctrl:vector_stream1a-->PIPE               744.250 KB      
q4_layer_ctrl:activation_stream3-->PIPE               3447.176 KB     
q4_layer_ctrl:vector_stream1b-->PIPE               659.750 KB      
q4_layer_ctrl:vector_stream2a-->PIPE               744.250 KB      

INFO::[ Vitis-EM 22 ] [Time elapsed: 342 minute(s) 59 seconds, Emulation time: 6.18472 ms]
Data transfer between kernel(s) and global memory(s)
q4_layer_ctrl:m_axi_scales-HBM[6]          RD = 0.703 KB               WR = 0.000 KB        
q4_layer_ctrl:m_axi_weight0a-HBM[8]          RD = 29376.000 KB           WR = 0.000 KB        
q4_layer_ctrl:m_axi_weight0b-HBM[9]          RD = 29376.000 KB           WR = 0.000 KB        
q4_layer_ctrl:m_axi_weight1a-HBM[10]          RD = 29376.000 KB           WR = 0.000 KB        
q4_layer_ctrl:m_axi_weight1b-HBM[11]          RD = 29376.000 KB           WR = 0.000 KB        
q4_layer_ctrl:m_axi_weight2a-HBM[12]          RD = 27712.000 KB           WR = 0.000 KB        
q4_layer_ctrl:m_axi_weight2b-HBM[13]          RD = 27712.000 KB           WR = 0.000 KB        
q4_layer_ctrl:m_axi_weight3a-HBM[14]          RD = 27712.000 KB           WR = 0.000 KB        
q4_layer_ctrl:m_axi_weight3b-HBM[15]          RD = 27712.000 KB           WR = 0.000 KB        
q4_layer_ctrl:m_axi_hidden_in-HBM[0]          RD = 224.000 KB             WR = 0.000 KB        
q4_layer_ctrl:m_axi_hidden_out-HBM[1]          RD = 0.000 KB               WR = 192.000 KB      
q4_layer_ctrl:m_axi_kv_k-HBM[2]          RD = 84.000 KB              WR = 24.000 KB       
q4_layer_ctrl:m_axi_kv_v-HBM[3]          RD = 84.000 KB              WR = 24.000 KB       
q4_layer_ctrl:m_axi_norm-HBM[4]          RD = 52.000 KB              WR = 0.000 KB        
q4_layer_ctrl:m_axi_rope-HBM[5]          RD = 200.000 KB             WR = 0.000 KB        

Data transfer on stream interfaces
q4_layer_ctrl:activation_stream0-->PIPE               3686.625 KB     
q4_layer_ctrl:activation_stream1-->PIPE               3686.625 KB     
PIPE-->q4_layer_ctrl:out_stream0               2208.500 KB     
q4_layer_ctrl:activation_stream2-->PIPE               3478.625 KB     
PIPE-->q4_layer_ctrl:out_stream1               2208.500 KB     
PIPE-->q4_layer_ctrl:out_stream2               2117.500 KB     
PIPE-->q4_layer_ctrl:out_stream3               2117.500 KB     
q4_layer_ctrl:task_stream0-->PIPE               6.766 KB        
q4_layer_ctrl:task_stream1-->PIPE               6.766 KB        
q4_layer_ctrl:task_stream2-->PIPE               6.359 KB        
q4_layer_ctrl:task_stream3-->PIPE               6.359 KB        
q4_layer_ctrl:vector_stream0a-->PIPE               744.250 KB      
q4_layer_ctrl:vector_stream0b-->PIPE               659.750 KB      
q4_layer_ctrl:vector_stream1a-->PIPE               744.250 KB      
q4_layer_ctrl:activation_stream3-->PIPE               3478.625 KB     
q4_layer_ctrl:vector_stream1b-->PIPE               659.750 KB      
q4_layer_ctrl:vector_stream2a-->PIPE               744.250 KB      

INFO::[ Vitis-EM 22 ] [Time elapsed: 344 minute(s) 26 seconds, Emulation time: 6.25996 ms]
Data transfer between kernel(s) and global memory(s)
q4_layer_ctrl:m_axi_scales-HBM[6]          RD = 0.703 KB               WR = 0.000 KB        
q4_layer_ctrl:m_axi_weight0a-HBM[8]          RD = 29376.000 KB           WR = 0.000 KB        
q4_layer_ctrl:m_axi_weight0b-HBM[9]          RD = 29376.000 KB           WR = 0.000 KB        
q4_layer_ctrl:m_axi_weight1a-HBM[10]          RD = 29376.000 KB           WR = 0.000 KB        
q4_layer_ctrl:m_axi_weight1b-HBM[11]          RD = 29376.000 KB           WR = 0.000 KB        
q4_layer_ctrl:m_axi_weight2a-HBM[12]          RD = 27712.000 KB           WR = 0.000 KB        
q4_layer_ctrl:m_axi_weight2b-HBM[13]          RD = 27712.000 KB           WR = 0.000 KB        
q4_layer_ctrl:m_axi_weight3a-HBM[14]          RD = 27712.000 KB           WR = 0.000 KB        
q4_layer_ctrl:m_axi_weight3b-HBM[15]          RD = 27712.000 KB           WR = 0.000 KB        
q4_layer_ctrl:m_axi_hidden_in-HBM[0]          RD = 224.000 KB             WR = 0.000 KB        
q4_layer_ctrl:m_axi_hidden_out-HBM[1]          RD = 0.000 KB               WR = 192.000 KB      
q4_layer_ctrl:m_axi_kv_k-HBM[2]          RD = 112.000 KB             WR = 28.000 KB       
q4_layer_ctrl:m_axi_kv_v-HBM[3]          RD = 112.000 KB             WR = 28.000 KB       
q4_layer_ctrl:m_axi_norm-HBM[4]          RD = 52.000 KB              WR = 0.000 KB        
q4_layer_ctrl:m_axi_rope-HBM[5]          RD = 224.000 KB             WR = 0.000 KB        

Data transfer on stream interfaces
q4_layer_ctrl:activation_stream0-->PIPE               3686.625 KB     
q4_layer_ctrl:activation_stream1-->PIPE               3686.625 KB     
PIPE-->q4_layer_ctrl:out_stream0               2208.500 KB     
q4_layer_ctrl:activation_stream2-->PIPE               3478.625 KB     
PIPE-->q4_layer_ctrl:out_stream1               2208.500 KB     
PIPE-->q4_layer_ctrl:out_stream2               2117.500 KB     
PIPE-->q4_layer_ctrl:out_stream3               2117.500 KB     
q4_layer_ctrl:task_stream0-->PIPE               6.766 KB        
q4_layer_ctrl:task_stream1-->PIPE               6.766 KB        
q4_layer_ctrl:task_stream2-->PIPE               6.359 KB        
q4_layer_ctrl:task_stream3-->PIPE               6.359 KB        
q4_layer_ctrl:vector_stream0a-->PIPE               744.250 KB      
q4_layer_ctrl:vector_stream0b-->PIPE               659.750 KB      
q4_layer_ctrl:vector_stream1a-->PIPE               744.250 KB      
q4_layer_ctrl:activation_stream3-->PIPE               3478.625 KB     
q4_layer_ctrl:vector_stream1b-->PIPE               659.750 KB      
q4_layer_ctrl:vector_stream2a-->PIPE               744.250 KB      

INFO::[ Vitis-EM 22 ] [Time elapsed: 351 minute(s) 4 seconds, Emulation time: 6.49851 ms]
Data transfer between kernel(s) and global memory(s)
q4_layer_ctrl:m_axi_scales-HBM[6]          RD = 0.719 KB               WR = 0.000 KB        
q4_layer_ctrl:m_axi_weight0a-HBM[8]          RD = 29632.000 KB           WR = 0.000 KB        
q4_layer_ctrl:m_axi_weight0b-HBM[9]          RD = 29632.000 KB           WR = 0.000 KB        
q4_layer_ctrl:m_axi_weight1a-HBM[10]          RD = 29632.000 KB           WR = 0.000 KB        
q4_layer_ctrl:m_axi_weight1b-HBM[11]          RD = 29632.000 KB           WR = 0.000 KB        
q4_layer_ctrl:m_axi_weight2a-HBM[12]          RD = 27968.000 KB           WR = 0.000 KB        
q4_layer_ctrl:m_axi_weight2b-HBM[13]          RD = 27968.000 KB           WR = 0.000 KB        
q4_layer_ctrl:m_axi_weight3a-HBM[14]          RD = 27968.000 KB           WR = 0.000 KB        
q4_layer_ctrl:m_axi_weight3b-HBM[15]          RD = 27968.000 KB           WR = 0.000 KB        
q4_layer_ctrl:m_axi_hidden_in-HBM[0]          RD = 224.000 KB             WR = 0.000 KB        
q4_layer_ctrl:m_axi_hidden_out-HBM[1]          RD = 0.000 KB               WR = 192.000 KB      
q4_layer_ctrl:m_axi_kv_k-HBM[2]          RD = 112.000 KB             WR = 28.000 KB       
q4_layer_ctrl:m_axi_kv_v-HBM[3]          RD = 112.000 KB             WR = 28.000 KB       
q4_layer_ctrl:m_axi_norm-HBM[4]          RD = 56.000 KB              WR = 0.000 KB        
q4_layer_ctrl:m_axi_rope-HBM[5]          RD = 224.000 KB             WR = 0.000 KB        

Data transfer on stream interfaces
q4_layer_ctrl:activation_stream0-->PIPE               3721.500 KB     
q4_layer_ctrl:activation_stream1-->PIPE               3721.500 KB     
PIPE-->q4_layer_ctrl:out_stream0               2271.500 KB     
q4_layer_ctrl:activation_stream2-->PIPE               3513.500 KB     
PIPE-->q4_layer_ctrl:out_stream1               2271.500 KB     
PIPE-->q4_layer_ctrl:out_stream2               2180.500 KB     
PIPE-->q4_layer_ctrl:out_stream3               2180.500 KB     
q4_layer_ctrl:task_stream0-->PIPE               6.984 KB        
q4_layer_ctrl:task_stream1-->PIPE               6.984 KB        
q4_layer_ctrl:task_stream2-->PIPE               6.578 KB        
q4_layer_ctrl:task_stream3-->PIPE               6.578 KB        
q4_layer_ctrl:vector_stream0a-->PIPE               770.250 KB      
q4_layer_ctrl:vector_stream0b-->PIPE               679.250 KB      
q4_layer_ctrl:vector_stream1a-->PIPE               770.250 KB      
q4_layer_ctrl:activation_stream3-->PIPE               3513.500 KB     
q4_layer_ctrl:vector_stream1b-->PIPE               679.250 KB      
q4_layer_ctrl:vector_stream2a-->PIPE               770.250 KB      

INFO::[ Vitis-EM 22 ] [Time elapsed: 369 minute(s) 36 seconds, Emulation time: 6.73799 ms]
Data transfer between kernel(s) and global memory(s)
q4_layer_ctrl:m_axi_scales-HBM[6]          RD = 0.750 KB               WR = 0.000 KB        
q4_layer_ctrl:m_axi_weight0a-HBM[8]          RD = 31407.000 KB           WR = 0.000 KB        
q4_layer_ctrl:m_axi_weight0b-HBM[9]          RD = 31407.000 KB           WR = 0.000 KB        
q4_layer_ctrl:m_axi_weight1a-HBM[10]          RD = 31407.000 KB           WR = 0.000 KB        
q4_layer_ctrl:m_axi_weight1b-HBM[11]          RD = 31407.000 KB           WR = 0.000 KB        
q4_layer_ctrl:m_axi_weight2a-HBM[12]          RD = 29679.000 KB           WR = 0.000 KB        
q4_layer_ctrl:m_axi_weight2b-HBM[13]          RD = 29679.000 KB           WR = 0.000 KB        
q4_layer_ctrl:m_axi_weight3a-HBM[14]          RD = 29679.000 KB           WR = 0.000 KB        
q4_layer_ctrl:m_axi_weight3b-HBM[15]          RD = 29679.000 KB           WR = 0.000 KB        
q4_layer_ctrl:m_axi_hidden_in-HBM[0]          RD = 224.000 KB             WR = 0.000 KB        
q4_layer_ctrl:m_axi_hidden_out-HBM[1]          RD = 0.000 KB               WR = 192.000 KB      
q4_layer_ctrl:m_axi_kv_k-HBM[2]          RD = 112.000 KB             WR = 28.000 KB       
q4_layer_ctrl:m_axi_kv_v-HBM[3]          RD = 112.000 KB             WR = 28.000 KB       
q4_layer_ctrl:m_axi_norm-HBM[4]          RD = 56.000 KB              WR = 0.000 KB        
q4_layer_ctrl:m_axi_rope-HBM[5]          RD = 224.000 KB             WR = 0.000 KB        

Data transfer on stream interfaces
q4_layer_ctrl:activation_stream0-->PIPE               3942.719 KB     
q4_layer_ctrl:activation_stream1-->PIPE               3942.719 KB     
PIPE-->q4_layer_ctrl:out_stream0               2373.000 KB     
q4_layer_ctrl:activation_stream2-->PIPE               3726.719 KB     
PIPE-->q4_layer_ctrl:out_stream1               2373.000 KB     
PIPE-->q4_layer_ctrl:out_stream2               2278.500 KB     
PIPE-->q4_layer_ctrl:out_stream3               2278.500 KB     
q4_layer_ctrl:task_stream0-->PIPE               7.422 KB        
q4_layer_ctrl:task_stream1-->PIPE               7.422 KB        
q4_layer_ctrl:task_stream2-->PIPE               7.000 KB        
q4_layer_ctrl:task_stream3-->PIPE               7.000 KB        
q4_layer_ctrl:vector_stream0a-->PIPE               770.250 KB      
q4_layer_ctrl:vector_stream0b-->PIPE               679.250 KB      
q4_layer_ctrl:vector_stream1a-->PIPE               770.250 KB      
q4_layer_ctrl:activation_stream3-->PIPE               3726.719 KB     
q4_layer_ctrl:vector_stream1b-->PIPE               679.250 KB      
q4_layer_ctrl:vector_stream2a-->PIPE               770.250 KB      

INFO::[ Vitis-EM 22 ] [Time elapsed: 370 minute(s) 26 seconds, Emulation time: 6.74601 ms]
Data transfer between kernel(s) and global memory(s)
q4_layer_ctrl:m_axi_scales-HBM[6]          RD = 0.750 KB               WR = 0.000 KB        
q4_layer_ctrl:m_axi_weight0a-HBM[8]          RD = 31479.000 KB           WR = 0.000 KB        
q4_layer_ctrl:m_axi_weight0b-HBM[9]          RD = 31479.000 KB           WR = 0.000 KB        
q4_layer_ctrl:m_axi_weight1a-HBM[10]          RD = 31479.000 KB           WR = 0.000 KB        
q4_layer_ctrl:m_axi_weight1b-HBM[11]          RD = 31479.000 KB           WR = 0.000 KB        
q4_layer_ctrl:m_axi_weight2a-HBM[12]          RD = 29751.000 KB           WR = 0.000 KB        
q4_layer_ctrl:m_axi_weight2b-HBM[13]          RD = 29751.000 KB           WR = 0.000 KB        
q4_layer_ctrl:m_axi_weight3a-HBM[14]          RD = 29751.000 KB           WR = 0.000 KB        
q4_layer_ctrl:m_axi_weight3b-HBM[15]          RD = 29751.000 KB           WR = 0.000 KB        
q4_layer_ctrl:m_axi_hidden_in-HBM[0]          RD = 224.000 KB             WR = 0.000 KB        
q4_layer_ctrl:m_axi_hidden_out-HBM[1]          RD = 0.000 KB               WR = 192.000 KB      
q4_layer_ctrl:m_axi_kv_k-HBM[2]          RD = 112.000 KB             WR = 28.000 KB       
q4_layer_ctrl:m_axi_kv_v-HBM[3]          RD = 112.000 KB             WR = 28.000 KB       
q4_layer_ctrl:m_axi_norm-HBM[4]          RD = 56.000 KB              WR = 0.000 KB        
q4_layer_ctrl:m_axi_rope-HBM[5]          RD = 224.000 KB             WR = 0.000 KB        

Data transfer on stream interfaces
q4_layer_ctrl:activation_stream0-->PIPE               3951.672 KB     
q4_layer_ctrl:activation_stream1-->PIPE               3951.672 KB     
PIPE-->q4_layer_ctrl:out_stream0               2376.500 KB     
q4_layer_ctrl:activation_stream2-->PIPE               3735.672 KB     
PIPE-->q4_layer_ctrl:out_stream1               2376.500 KB     
PIPE-->q4_layer_ctrl:out_stream2               2282.000 KB     
PIPE-->q4_layer_ctrl:out_stream3               2282.000 KB     
q4_layer_ctrl:task_stream0-->PIPE               7.438 KB        
q4_layer_ctrl:task_stream1-->PIPE               7.438 KB        
q4_layer_ctrl:task_stream2-->PIPE               7.016 KB        
q4_layer_ctrl:task_stream3-->PIPE               7.016 KB        
q4_layer_ctrl:vector_stream0a-->PIPE               770.250 KB      
q4_layer_ctrl:vector_stream0b-->PIPE               679.250 KB      
q4_layer_ctrl:vector_stream1a-->PIPE               770.250 KB      
q4_layer_ctrl:activation_stream3-->PIPE               3735.672 KB     
q4_layer_ctrl:vector_stream1b-->PIPE               679.250 KB      
q4_layer_ctrl:vector_stream2a-->PIPE               770.250 KB      

INFO::[ Vitis-EM 22 ] [Time elapsed: 370 minute(s) 39 seconds, Emulation time: 6.74802 ms]
Data transfer between kernel(s) and global memory(s)
q4_layer_ctrl:m_axi_scales-HBM[6]          RD = 0.750 KB               WR = 0.000 KB        
q4_layer_ctrl:m_axi_weight0a-HBM[8]          RD = 31494.000 KB           WR = 0.000 KB        
q4_layer_ctrl:m_axi_weight0b-HBM[9]          RD = 31494.000 KB           WR = 0.000 KB        
q4_layer_ctrl:m_axi_weight1a-HBM[10]          RD = 31494.000 KB           WR = 0.000 KB        
q4_layer_ctrl:m_axi_weight1b-HBM[11]          RD = 31494.000 KB           WR = 0.000 KB        
q4_layer_ctrl:m_axi_weight2a-HBM[12]          RD = 29766.000 KB           WR = 0.000 KB        
q4_layer_ctrl:m_axi_weight2b-HBM[13]          RD = 29766.000 KB           WR = 0.000 KB        
q4_layer_ctrl:m_axi_weight3a-HBM[14]          RD = 29766.000 KB           WR = 0.000 KB        
q4_layer_ctrl:m_axi_weight3b-HBM[15]          RD = 29766.000 KB           WR = 0.000 KB        
q4_layer_ctrl:m_axi_hidden_in-HBM[0]          RD = 224.000 KB             WR = 0.000 KB        
q4_layer_ctrl:m_axi_hidden_out-HBM[1]          RD = 0.000 KB               WR = 192.000 KB      
q4_layer_ctrl:m_axi_kv_k-HBM[2]          RD = 112.000 KB             WR = 28.000 KB       
q4_layer_ctrl:m_axi_kv_v-HBM[3]          RD = 112.000 KB             WR = 28.000 KB       
q4_layer_ctrl:m_axi_norm-HBM[4]          RD = 56.000 KB              WR = 0.000 KB        
q4_layer_ctrl:m_axi_rope-HBM[5]          RD = 224.000 KB             WR = 0.000 KB        

Data transfer on stream interfaces
q4_layer_ctrl:activation_stream0-->PIPE               3953.793 KB     
q4_layer_ctrl:activation_stream1-->PIPE               3953.793 KB     
PIPE-->q4_layer_ctrl:out_stream0               2376.500 KB     
q4_layer_ctrl:activation_stream2-->PIPE               3737.793 KB     
PIPE-->q4_layer_ctrl:out_stream1               2376.500 KB     
PIPE-->q4_layer_ctrl:out_stream2               2282.000 KB     
PIPE-->q4_layer_ctrl:out_stream3               2282.000 KB     
q4_layer_ctrl:task_stream0-->PIPE               7.453 KB        
q4_layer_ctrl:task_stream1-->PIPE               7.453 KB        
q4_layer_ctrl:task_stream2-->PIPE               7.031 KB        
q4_layer_ctrl:task_stream3-->PIPE               7.031 KB        
q4_layer_ctrl:vector_stream0a-->PIPE               770.250 KB      
q4_layer_ctrl:vector_stream0b-->PIPE               679.250 KB      
q4_layer_ctrl:vector_stream1a-->PIPE               770.250 KB      
q4_layer_ctrl:activation_stream3-->PIPE               3737.793 KB     
q4_layer_ctrl:vector_stream1b-->PIPE               679.250 KB      
q4_layer_ctrl:vector_stream2a-->PIPE               770.250 KB      

INFO::[ Vitis-EM 22 ] [Time elapsed: 371 minute(s) 2 seconds, Emulation time: 6.75205 ms]
Data transfer between kernel(s) and global memory(s)
q4_layer_ctrl:m_axi_scales-HBM[6]          RD = 0.750 KB               WR = 0.000 KB        
q4_layer_ctrl:m_axi_weight0a-HBM[8]          RD = 31532.000 KB           WR = 0.000 KB        
q4_layer_ctrl:m_axi_weight0b-HBM[9]          RD = 31532.000 KB           WR = 0.000 KB        
q4_layer_ctrl:m_axi_weight1a-HBM[10]          RD = 31532.000 KB           WR = 0.000 KB        
q4_layer_ctrl:m_axi_weight1b-HBM[11]          RD = 31532.000 KB           WR = 0.000 KB        
q4_layer_ctrl:m_axi_weight2a-HBM[12]          RD = 29804.000 KB           WR = 0.000 KB        
q4_layer_ctrl:m_axi_weight2b-HBM[13]          RD = 29804.000 KB           WR = 0.000 KB        
q4_layer_ctrl:m_axi_weight3a-HBM[14]          RD = 29804.000 KB           WR = 0.000 KB        
q4_layer_ctrl:m_axi_weight3b-HBM[15]          RD = 29804.000 KB           WR = 0.000 KB        
q4_layer_ctrl:m_axi_hidden_in-HBM[0]          RD = 224.000 KB             WR = 0.000 KB        
q4_layer_ctrl:m_axi_hidden_out-HBM[1]          RD = 0.000 KB               WR = 192.000 KB      
q4_layer_ctrl:m_axi_kv_k-HBM[2]          RD = 112.000 KB             WR = 28.000 KB       
q4_layer_ctrl:m_axi_kv_v-HBM[3]          RD = 112.000 KB             WR = 28.000 KB       
q4_layer_ctrl:m_axi_norm-HBM[4]          RD = 56.000 KB              WR = 0.000 KB        
q4_layer_ctrl:m_axi_rope-HBM[5]          RD = 224.000 KB             WR = 0.000 KB        

Data transfer on stream interfaces
q4_layer_ctrl:activation_stream0-->PIPE               3958.301 KB     
q4_layer_ctrl:activation_stream1-->PIPE               3958.301 KB     
PIPE-->q4_layer_ctrl:out_stream0               2380.000 KB     
q4_layer_ctrl:activation_stream2-->PIPE               3742.301 KB     
PIPE-->q4_layer_ctrl:out_stream1               2380.000 KB     
PIPE-->q4_layer_ctrl:out_stream2               2285.500 KB     
PIPE-->q4_layer_ctrl:out_stream3               2285.500 KB     
q4_layer_ctrl:task_stream0-->PIPE               7.453 KB        
q4_layer_ctrl:task_stream1-->PIPE               7.453 KB        
q4_layer_ctrl:task_stream2-->PIPE               7.031 KB        
q4_layer_ctrl:task_stream3-->PIPE               7.031 KB        
q4_layer_ctrl:vector_stream0a-->PIPE               770.250 KB      
q4_layer_ctrl:vector_stream0b-->PIPE               679.250 KB      
q4_layer_ctrl:vector_stream1a-->PIPE               770.250 KB      
q4_layer_ctrl:activation_stream3-->PIPE               3742.301 KB     
q4_layer_ctrl:vector_stream1b-->PIPE               679.250 KB      
q4_layer_ctrl:vector_stream2a-->PIPE               770.250 KB      

INFO::[ Vitis-EM 22 ] [Time elapsed: 371 minute(s) 19 seconds, Emulation time: 6.75506 ms]
Data transfer between kernel(s) and global memory(s)
q4_layer_ctrl:m_axi_scales-HBM[6]          RD = 0.750 KB               WR = 0.000 KB        
q4_layer_ctrl:m_axi_weight0a-HBM[8]          RD = 31556.500 KB           WR = 0.000 KB        
q4_layer_ctrl:m_axi_weight0b-HBM[9]          RD = 31556.500 KB           WR = 0.000 KB        
q4_layer_ctrl:m_axi_weight1a-HBM[10]          RD = 31556.500 KB           WR = 0.000 KB        
q4_layer_ctrl:m_axi_weight1b-HBM[11]          RD = 31556.500 KB           WR = 0.000 KB        
q4_layer_ctrl:m_axi_weight2a-HBM[12]          RD = 29828.500 KB           WR = 0.000 KB        
q4_layer_ctrl:m_axi_weight2b-HBM[13]          RD = 29828.500 KB           WR = 0.000 KB        
q4_layer_ctrl:m_axi_weight3a-HBM[14]          RD = 29828.500 KB           WR = 0.000 KB        
q4_layer_ctrl:m_axi_weight3b-HBM[15]          RD = 29828.500 KB           WR = 0.000 KB        
q4_layer_ctrl:m_axi_hidden_in-HBM[0]          RD = 224.000 KB             WR = 0.000 KB        
q4_layer_ctrl:m_axi_hidden_out-HBM[1]          RD = 0.000 KB               WR = 192.000 KB      
q4_layer_ctrl:m_axi_kv_k-HBM[2]          RD = 112.000 KB             WR = 28.000 KB       
q4_layer_ctrl:m_axi_kv_v-HBM[3]          RD = 112.000 KB             WR = 28.000 KB       
q4_layer_ctrl:m_axi_norm-HBM[4]          RD = 56.000 KB              WR = 0.000 KB        
q4_layer_ctrl:m_axi_rope-HBM[5]          RD = 224.000 KB             WR = 0.000 KB        

Data transfer on stream interfaces
q4_layer_ctrl:activation_stream0-->PIPE               3961.590 KB     
q4_layer_ctrl:activation_stream1-->PIPE               3961.590 KB     
PIPE-->q4_layer_ctrl:out_stream0               2380.000 KB     
q4_layer_ctrl:activation_stream2-->PIPE               3745.590 KB     
PIPE-->q4_layer_ctrl:out_stream1               2380.000 KB     
PIPE-->q4_layer_ctrl:out_stream2               2285.500 KB     
PIPE-->q4_layer_ctrl:out_stream3               2285.500 KB     
q4_layer_ctrl:task_stream0-->PIPE               7.469 KB        
q4_layer_ctrl:task_stream1-->PIPE               7.469 KB        
q4_layer_ctrl:task_stream2-->PIPE               7.047 KB        
q4_layer_ctrl:task_stream3-->PIPE               7.047 KB        
q4_layer_ctrl:vector_stream0a-->PIPE               770.250 KB      
q4_layer_ctrl:vector_stream0b-->PIPE               679.250 KB      
q4_layer_ctrl:vector_stream1a-->PIPE               770.250 KB      
q4_layer_ctrl:activation_stream3-->PIPE               3745.590 KB     
q4_layer_ctrl:vector_stream1b-->PIPE               679.250 KB      
q4_layer_ctrl:vector_stream2a-->PIPE               770.250 KB      

INFO::[ Vitis-EM 22 ] [Time elapsed: 382 minute(s) 30 seconds, Emulation time: 6.96502 ms]
Data transfer between kernel(s) and global memory(s)
q4_layer_ctrl:m_axi_scales-HBM[6]          RD = 0.750 KB               WR = 0.000 KB        
q4_layer_ctrl:m_axi_weight0a-HBM[8]          RD = 32448.000 KB           WR = 0.000 KB        
q4_layer_ctrl:m_axi_weight0b-HBM[9]          RD = 32448.000 KB           WR = 0.000 KB        
q4_layer_ctrl:m_axi_weight1a-HBM[10]          RD = 32448.000 KB           WR = 0.000 KB        
q4_layer_ctrl:m_axi_weight1b-HBM[11]          RD = 32448.000 KB           WR = 0.000 KB        
q4_layer_ctrl:m_axi_weight2a-HBM[12]          RD = 30656.000 KB           WR = 0.000 KB        
q4_layer_ctrl:m_axi_weight2b-HBM[13]          RD = 30656.000 KB           WR = 0.000 KB        
q4_layer_ctrl:m_axi_weight3a-HBM[14]          RD = 30656.000 KB           WR = 0.000 KB        
q4_layer_ctrl:m_axi_weight3b-HBM[15]          RD = 30656.000 KB           WR = 0.000 KB        
q4_layer_ctrl:m_axi_hidden_in-HBM[0]          RD = 224.000 KB             WR = 0.000 KB        
q4_layer_ctrl:m_axi_hidden_out-HBM[1]          RD = 0.000 KB               WR = 192.000 KB      
q4_layer_ctrl:m_axi_kv_k-HBM[2]          RD = 112.000 KB             WR = 28.000 KB       
q4_layer_ctrl:m_axi_kv_v-HBM[3]          RD = 112.000 KB             WR = 28.000 KB       
q4_layer_ctrl:m_axi_norm-HBM[4]          RD = 56.000 KB              WR = 0.000 KB        
q4_layer_ctrl:m_axi_rope-HBM[5]          RD = 224.000 KB             WR = 0.000 KB        

Data transfer on stream interfaces
q4_layer_ctrl:activation_stream0-->PIPE               4073.500 KB     
q4_layer_ctrl:activation_stream1-->PIPE               4073.500 KB     
PIPE-->q4_layer_ctrl:out_stream0               2507.750 KB     
q4_layer_ctrl:activation_stream2-->PIPE               3849.500 KB     
PIPE-->q4_layer_ctrl:out_stream1               2507.750 KB     
PIPE-->q4_layer_ctrl:out_stream2               2409.750 KB     
PIPE-->q4_layer_ctrl:out_stream3               2409.750 KB     
q4_layer_ctrl:task_stream0-->PIPE               7.688 KB        
q4_layer_ctrl:task_stream1-->PIPE               7.688 KB        
q4_layer_ctrl:task_stream2-->PIPE               7.250 KB        
q4_layer_ctrl:task_stream3-->PIPE               7.250 KB        
q4_layer_ctrl:vector_stream0a-->PIPE               840.125 KB      
q4_layer_ctrl:vector_stream0b-->PIPE               749.125 KB      
q4_layer_ctrl:vector_stream1a-->PIPE               840.125 KB      
q4_layer_ctrl:activation_stream3-->PIPE               3849.500 KB     
q4_layer_ctrl:vector_stream1b-->PIPE               749.125 KB      
q4_layer_ctrl:vector_stream2a-->PIPE               840.125 KB      

INFO::[ Vitis-EM 22 ] [Time elapsed: 391 minute(s) 59 seconds, Emulation time: 7.09059 ms]
Data transfer between kernel(s) and global memory(s)
q4_layer_ctrl:m_axi_scales-HBM[6]          RD = 0.766 KB               WR = 0.000 KB        
q4_layer_ctrl:m_axi_weight0a-HBM[8]          RD = 33538.000 KB           WR = 0.000 KB        
q4_layer_ctrl:m_axi_weight0b-HBM[9]          RD = 33538.000 KB           WR = 0.000 KB        
q4_layer_ctrl:m_axi_weight1a-HBM[10]          RD = 33538.000 KB           WR = 0.000 KB        
q4_layer_ctrl:m_axi_weight1b-HBM[11]          RD = 33538.000 KB           WR = 0.000 KB        
q4_layer_ctrl:m_axi_weight2a-HBM[12]          RD = 31746.000 KB           WR = 0.000 KB        
q4_layer_ctrl:m_axi_weight2b-HBM[13]          RD = 31746.000 KB           WR = 0.000 KB        
q4_layer_ctrl:m_axi_weight3a-HBM[14]          RD = 31746.000 KB           WR = 0.000 KB        
q4_layer_ctrl:m_axi_weight3b-HBM[15]          RD = 31746.000 KB           WR = 0.000 KB        
q4_layer_ctrl:m_axi_hidden_in-HBM[0]          RD = 256.000 KB             WR = 0.000 KB        
q4_layer_ctrl:m_axi_hidden_out-HBM[1]          RD = 0.000 KB               WR = 192.000 KB      
q4_layer_ctrl:m_axi_kv_k-HBM[2]          RD = 112.000 KB             WR = 28.000 KB       
q4_layer_ctrl:m_axi_kv_v-HBM[3]          RD = 112.000 KB             WR = 28.000 KB       
q4_layer_ctrl:m_axi_norm-HBM[4]          RD = 60.000 KB              WR = 0.000 KB        
q4_layer_ctrl:m_axi_rope-HBM[5]          RD = 224.000 KB             WR = 0.000 KB        

Data transfer on stream interfaces
q4_layer_ctrl:activation_stream0-->PIPE               4209.281 KB     
q4_layer_ctrl:activation_stream1-->PIPE               4209.281 KB     
PIPE-->q4_layer_ctrl:out_stream0               2532.250 KB     
q4_layer_ctrl:activation_stream2-->PIPE               3985.281 KB     
PIPE-->q4_layer_ctrl:out_stream1               2532.250 KB     
PIPE-->q4_layer_ctrl:out_stream2               2434.250 KB     
PIPE-->q4_layer_ctrl:out_stream3               2434.250 KB     
q4_layer_ctrl:task_stream0-->PIPE               7.766 KB        
q4_layer_ctrl:task_stream1-->PIPE               7.766 KB        
q4_layer_ctrl:task_stream2-->PIPE               7.328 KB        
q4_layer_ctrl:task_stream3-->PIPE               7.328 KB        
q4_layer_ctrl:vector_stream0a-->PIPE               853.125 KB      
q4_layer_ctrl:vector_stream0b-->PIPE               755.625 KB      
q4_layer_ctrl:vector_stream1a-->PIPE               853.125 KB      
q4_layer_ctrl:activation_stream3-->PIPE               3985.281 KB     
q4_layer_ctrl:vector_stream1b-->PIPE               755.625 KB      
q4_layer_ctrl:vector_stream2a-->PIPE               853.125 KB      

INFO::[ Vitis-EM 22 ] [Time elapsed: 392 minute(s) 15 seconds, Emulation time: 7.0936 ms]
Data transfer between kernel(s) and global memory(s)
q4_layer_ctrl:m_axi_scales-HBM[6]          RD = 0.766 KB               WR = 0.000 KB        
q4_layer_ctrl:m_axi_weight0a-HBM[8]          RD = 33566.500 KB           WR = 0.000 KB        
q4_layer_ctrl:m_axi_weight0b-HBM[9]          RD = 33566.500 KB           WR = 0.000 KB        
q4_layer_ctrl:m_axi_weight1a-HBM[10]          RD = 33566.500 KB           WR = 0.000 KB        
q4_layer_ctrl:m_axi_weight1b-HBM[11]          RD = 33566.500 KB           WR = 0.000 KB        
q4_layer_ctrl:m_axi_weight2a-HBM[12]          RD = 31774.500 KB           WR = 0.000 KB        
q4_layer_ctrl:m_axi_weight2b-HBM[13]          RD = 31774.500 KB           WR = 0.000 KB        
q4_layer_ctrl:m_axi_weight3a-HBM[14]          RD = 31774.500 KB           WR = 0.000 KB        
q4_layer_ctrl:m_axi_weight3b-HBM[15]          RD = 31774.500 KB           WR = 0.000 KB        
q4_layer_ctrl:m_axi_hidden_in-HBM[0]          RD = 256.000 KB             WR = 0.000 KB        
q4_layer_ctrl:m_axi_hidden_out-HBM[1]          RD = 0.000 KB               WR = 192.000 KB      
q4_layer_ctrl:m_axi_kv_k-HBM[2]          RD = 112.000 KB             WR = 28.000 KB       
q4_layer_ctrl:m_axi_kv_v-HBM[3]          RD = 112.000 KB             WR = 28.000 KB       
q4_layer_ctrl:m_axi_norm-HBM[4]          RD = 60.000 KB              WR = 0.000 KB        
q4_layer_ctrl:m_axi_rope-HBM[5]          RD = 224.000 KB             WR = 0.000 KB        

Data transfer on stream interfaces
q4_layer_ctrl:activation_stream0-->PIPE               4212.816 KB     
q4_layer_ctrl:activation_stream1-->PIPE               4212.816 KB     
PIPE-->q4_layer_ctrl:out_stream0               2532.250 KB     
q4_layer_ctrl:activation_stream2-->PIPE               3988.816 KB     
PIPE-->q4_layer_ctrl:out_stream1               2532.250 KB     
PIPE-->q4_layer_ctrl:out_stream2               2434.250 KB     
PIPE-->q4_layer_ctrl:out_stream3               2434.250 KB     
q4_layer_ctrl:task_stream0-->PIPE               7.766 KB        
q4_layer_ctrl:task_stream1-->PIPE               7.766 KB        
q4_layer_ctrl:task_stream2-->PIPE               7.328 KB        
q4_layer_ctrl:task_stream3-->PIPE               7.328 KB        
q4_layer_ctrl:vector_stream0a-->PIPE               853.125 KB      
q4_layer_ctrl:vector_stream0b-->PIPE               755.625 KB      
q4_layer_ctrl:vector_stream1a-->PIPE               853.125 KB      
q4_layer_ctrl:activation_stream3-->PIPE               3988.816 KB     
q4_layer_ctrl:vector_stream1b-->PIPE               755.625 KB      
q4_layer_ctrl:vector_stream2a-->PIPE               853.125 KB      

INFO::[ Vitis-EM 22 ] [Time elapsed: 392 minute(s) 26 seconds, Emulation time: 7.09561 ms]
Data transfer between kernel(s) and global memory(s)
q4_layer_ctrl:m_axi_scales-HBM[6]          RD = 0.766 KB               WR = 0.000 KB        
q4_layer_ctrl:m_axi_weight0a-HBM[8]          RD = 33585.000 KB           WR = 0.000 KB        
q4_layer_ctrl:m_axi_weight0b-HBM[9]          RD = 33585.000 KB           WR = 0.000 KB        
q4_layer_ctrl:m_axi_weight1a-HBM[10]          RD = 33585.000 KB           WR = 0.000 KB        
q4_layer_ctrl:m_axi_weight1b-HBM[11]          RD = 33585.000 KB           WR = 0.000 KB        
q4_layer_ctrl:m_axi_weight2a-HBM[12]          RD = 31793.000 KB           WR = 0.000 KB        
q4_layer_ctrl:m_axi_weight2b-HBM[13]          RD = 31793.000 KB           WR = 0.000 KB        
q4_layer_ctrl:m_axi_weight3a-HBM[14]          RD = 31793.000 KB           WR = 0.000 KB        
q4_layer_ctrl:m_axi_weight3b-HBM[15]          RD = 31793.000 KB           WR = 0.000 KB        
q4_layer_ctrl:m_axi_hidden_in-HBM[0]          RD = 256.000 KB             WR = 0.000 KB        
q4_layer_ctrl:m_axi_hidden_out-HBM[1]          RD = 0.000 KB               WR = 192.000 KB      
q4_layer_ctrl:m_axi_kv_k-HBM[2]          RD = 112.000 KB             WR = 28.000 KB       
q4_layer_ctrl:m_axi_kv_v-HBM[3]          RD = 112.000 KB             WR = 28.000 KB       
q4_layer_ctrl:m_axi_norm-HBM[4]          RD = 60.000 KB              WR = 0.000 KB        
q4_layer_ctrl:m_axi_rope-HBM[5]          RD = 224.000 KB             WR = 0.000 KB        

Data transfer on stream interfaces
q4_layer_ctrl:activation_stream0-->PIPE               4215.168 KB     
q4_layer_ctrl:activation_stream1-->PIPE               4215.168 KB     
PIPE-->q4_layer_ctrl:out_stream0               2532.250 KB     
q4_layer_ctrl:activation_stream2-->PIPE               3991.168 KB     
PIPE-->q4_layer_ctrl:out_stream1               2532.250 KB     
PIPE-->q4_layer_ctrl:out_stream2               2434.250 KB     
PIPE-->q4_layer_ctrl:out_stream3               2434.250 KB     
q4_layer_ctrl:task_stream0-->PIPE               7.766 KB        
q4_layer_ctrl:task_stream1-->PIPE               7.766 KB        
q4_layer_ctrl:task_stream2-->PIPE               7.328 KB        
q4_layer_ctrl:task_stream3-->PIPE               7.328 KB        
q4_layer_ctrl:vector_stream0a-->PIPE               853.125 KB      
q4_layer_ctrl:vector_stream0b-->PIPE               755.625 KB      
q4_layer_ctrl:vector_stream1a-->PIPE               853.125 KB      
q4_layer_ctrl:activation_stream3-->PIPE               3991.168 KB     
q4_layer_ctrl:vector_stream1b-->PIPE               755.625 KB      
q4_layer_ctrl:vector_stream2a-->PIPE               853.125 KB      

INFO::[ Vitis-EM 22 ] [Time elapsed: 392 minute(s) 47 seconds, Emulation time: 7.09963 ms]
Data transfer between kernel(s) and global memory(s)
q4_layer_ctrl:m_axi_scales-HBM[6]          RD = 0.766 KB               WR = 0.000 KB        
q4_layer_ctrl:m_axi_weight0a-HBM[8]          RD = 33623.000 KB           WR = 0.000 KB        
q4_layer_ctrl:m_axi_weight0b-HBM[9]          RD = 33623.000 KB           WR = 0.000 KB        
q4_layer_ctrl:m_axi_weight1a-HBM[10]          RD = 33623.000 KB           WR = 0.000 KB        
q4_layer_ctrl:m_axi_weight1b-HBM[11]          RD = 33623.000 KB           WR = 0.000 KB        
q4_layer_ctrl:m_axi_weight2a-HBM[12]          RD = 31831.000 KB           WR = 0.000 KB        
q4_layer_ctrl:m_axi_weight2b-HBM[13]          RD = 31831.000 KB           WR = 0.000 KB        
q4_layer_ctrl:m_axi_weight3a-HBM[14]          RD = 31831.000 KB           WR = 0.000 KB        
q4_layer_ctrl:m_axi_weight3b-HBM[15]          RD = 31831.000 KB           WR = 0.000 KB        
q4_layer_ctrl:m_axi_hidden_in-HBM[0]          RD = 256.000 KB             WR = 0.000 KB        
q4_layer_ctrl:m_axi_hidden_out-HBM[1]          RD = 0.000 KB               WR = 192.000 KB      
q4_layer_ctrl:m_axi_kv_k-HBM[2]          RD = 112.000 KB             WR = 28.000 KB       
q4_layer_ctrl:m_axi_kv_v-HBM[3]          RD = 112.000 KB             WR = 28.000 KB       
q4_layer_ctrl:m_axi_norm-HBM[4]          RD = 60.000 KB              WR = 0.000 KB        
q4_layer_ctrl:m_axi_rope-HBM[5]          RD = 224.000 KB             WR = 0.000 KB        

Data transfer on stream interfaces
q4_layer_ctrl:activation_stream0-->PIPE               4219.875 KB     
q4_layer_ctrl:activation_stream1-->PIPE               4219.875 KB     
PIPE-->q4_layer_ctrl:out_stream0               2532.250 KB     
q4_layer_ctrl:activation_stream2-->PIPE               3995.875 KB     
PIPE-->q4_layer_ctrl:out_stream1               2532.250 KB     
PIPE-->q4_layer_ctrl:out_stream2               2434.250 KB     
PIPE-->q4_layer_ctrl:out_stream3               2434.250 KB     
q4_layer_ctrl:task_stream0-->PIPE               7.766 KB        
q4_layer_ctrl:task_stream1-->PIPE               7.766 KB        
q4_layer_ctrl:task_stream2-->PIPE               7.328 KB        
q4_layer_ctrl:task_stream3-->PIPE               7.328 KB        
q4_layer_ctrl:vector_stream0a-->PIPE               853.125 KB      
q4_layer_ctrl:vector_stream0b-->PIPE               755.625 KB      
q4_layer_ctrl:vector_stream1a-->PIPE               853.125 KB      
q4_layer_ctrl:activation_stream3-->PIPE               3995.875 KB     
q4_layer_ctrl:vector_stream1b-->PIPE               755.625 KB      
q4_layer_ctrl:vector_stream2a-->PIPE               853.125 KB      

INFO::[ Vitis-EM 22 ] [Time elapsed: 393 minute(s) 53 seconds, Emulation time: 7.11268 ms]
Data transfer between kernel(s) and global memory(s)
q4_layer_ctrl:m_axi_scales-HBM[6]          RD = 0.766 KB               WR = 0.000 KB        
q4_layer_ctrl:m_axi_weight0a-HBM[8]          RD = 33745.000 KB           WR = 0.000 KB        
q4_layer_ctrl:m_axi_weight0b-HBM[9]          RD = 33745.000 KB           WR = 0.000 KB        
q4_layer_ctrl:m_axi_weight1a-HBM[10]          RD = 33745.000 KB           WR = 0.000 KB        
q4_layer_ctrl:m_axi_weight1b-HBM[11]          RD = 33745.000 KB           WR = 0.000 KB        
q4_layer_ctrl:m_axi_weight2a-HBM[12]          RD = 31953.000 KB           WR = 0.000 KB        
q4_layer_ctrl:m_axi_weight2b-HBM[13]          RD = 31953.000 KB           WR = 0.000 KB        
q4_layer_ctrl:m_axi_weight3a-HBM[14]          RD = 31953.000 KB           WR = 0.000 KB        
q4_layer_ctrl:m_axi_weight3b-HBM[15]          RD = 31953.000 KB           WR = 0.000 KB        
q4_layer_ctrl:m_axi_hidden_in-HBM[0]          RD = 256.000 KB             WR = 0.000 KB        
q4_layer_ctrl:m_axi_hidden_out-HBM[1]          RD = 0.000 KB               WR = 192.000 KB      
q4_layer_ctrl:m_axi_kv_k-HBM[2]          RD = 112.000 KB             WR = 28.000 KB       
q4_layer_ctrl:m_axi_kv_v-HBM[3]          RD = 112.000 KB             WR = 28.000 KB       
q4_layer_ctrl:m_axi_norm-HBM[4]          RD = 60.000 KB              WR = 0.000 KB        
q4_layer_ctrl:m_axi_rope-HBM[5]          RD = 224.000 KB             WR = 0.000 KB        

Data transfer on stream interfaces
q4_layer_ctrl:activation_stream0-->PIPE               4235.164 KB     
q4_layer_ctrl:activation_stream1-->PIPE               4235.164 KB     
PIPE-->q4_layer_ctrl:out_stream0               2532.250 KB     
q4_layer_ctrl:activation_stream2-->PIPE               4011.164 KB     
PIPE-->q4_layer_ctrl:out_stream1               2532.250 KB     
PIPE-->q4_layer_ctrl:out_stream2               2434.250 KB     
PIPE-->q4_layer_ctrl:out_stream3               2434.250 KB     
q4_layer_ctrl:task_stream0-->PIPE               7.766 KB        
q4_layer_ctrl:task_stream1-->PIPE               7.766 KB        
q4_layer_ctrl:task_stream2-->PIPE               7.328 KB        
q4_layer_ctrl:task_stream3-->PIPE               7.328 KB        
q4_layer_ctrl:vector_stream0a-->PIPE               853.125 KB      
q4_layer_ctrl:vector_stream0b-->PIPE               755.625 KB      
q4_layer_ctrl:vector_stream1a-->PIPE               853.125 KB      
q4_layer_ctrl:activation_stream3-->PIPE               4011.164 KB     
q4_layer_ctrl:vector_stream1b-->PIPE               755.625 KB      
q4_layer_ctrl:vector_stream2a-->PIPE               853.125 KB      

INFO::[ Vitis-EM 22 ] [Time elapsed: 396 minute(s) 34 seconds, Emulation time: 7.15501 ms]
Data transfer between kernel(s) and global memory(s)
q4_layer_ctrl:m_axi_scales-HBM[6]          RD = 0.781 KB               WR = 0.000 KB        
q4_layer_ctrl:m_axi_weight0a-HBM[8]          RD = 33996.500 KB           WR = 0.000 KB        
q4_layer_ctrl:m_axi_weight0b-HBM[9]          RD = 33996.500 KB           WR = 0.000 KB        
q4_layer_ctrl:m_axi_weight1a-HBM[10]          RD = 33996.500 KB           WR = 0.000 KB        
q4_layer_ctrl:m_axi_weight1b-HBM[11]          RD = 33996.500 KB           WR = 0.000 KB        
q4_layer_ctrl:m_axi_weight2a-HBM[12]          RD = 32204.500 KB           WR = 0.000 KB        
q4_layer_ctrl:m_axi_weight2b-HBM[13]          RD = 32204.500 KB           WR = 0.000 KB        
q4_layer_ctrl:m_axi_weight3a-HBM[14]          RD = 32204.500 KB           WR = 0.000 KB        
q4_layer_ctrl:m_axi_weight3b-HBM[15]          RD = 32204.500 KB           WR = 0.000 KB        
q4_layer_ctrl:m_axi_hidden_in-HBM[0]          RD = 256.000 KB             WR = 0.000 KB        
q4_layer_ctrl:m_axi_hidden_out-HBM[1]          RD = 0.000 KB               WR = 224.000 KB      
q4_layer_ctrl:m_axi_kv_k-HBM[2]          RD = 112.000 KB             WR = 28.000 KB       
q4_layer_ctrl:m_axi_kv_v-HBM[3]          RD = 112.000 KB             WR = 28.000 KB       
q4_layer_ctrl:m_axi_norm-HBM[4]          RD = 60.000 KB              WR = 0.000 KB        
q4_layer_ctrl:m_axi_rope-HBM[5]          RD = 224.000 KB             WR = 0.000 KB        

Data transfer on stream interfaces
q4_layer_ctrl:activation_stream0-->PIPE               4266.590 KB     
q4_layer_ctrl:activation_stream1-->PIPE               4266.590 KB     
PIPE-->q4_layer_ctrl:out_stream0               2556.750 KB     
q4_layer_ctrl:activation_stream2-->PIPE               4042.590 KB     
PIPE-->q4_layer_ctrl:out_stream1               2556.750 KB     
PIPE-->q4_layer_ctrl:out_stream2               2458.750 KB     
PIPE-->q4_layer_ctrl:out_stream3               2458.750 KB     
q4_layer_ctrl:task_stream0-->PIPE               7.828 KB        
q4_layer_ctrl:task_stream1-->PIPE               7.828 KB        
q4_layer_ctrl:task_stream2-->PIPE               7.391 KB        
q4_layer_ctrl:task_stream3-->PIPE               7.391 KB        
q4_layer_ctrl:vector_stream0a-->PIPE               866.125 KB      
q4_layer_ctrl:vector_stream0b-->PIPE               768.625 KB      
q4_layer_ctrl:vector_stream1a-->PIPE               866.125 KB      
q4_layer_ctrl:activation_stream3-->PIPE               4042.590 KB     
q4_layer_ctrl:vector_stream1b-->PIPE               768.625 KB      
q4_layer_ctrl:vector_stream2a-->PIPE               866.125 KB      

INFO::[ Vitis-EM 22 ] [Time elapsed: 401 minute(s) 16 seconds, Emulation time: 7.34179 ms]
Data transfer between kernel(s) and global memory(s)
q4_layer_ctrl:m_axi_scales-HBM[6]          RD = 0.812 KB               WR = 0.000 KB        
q4_layer_ctrl:m_axi_weight0a-HBM[8]          RD = 34208.000 KB           WR = 0.000 KB        
q4_layer_ctrl:m_axi_weight0b-HBM[9]          RD = 34208.000 KB           WR = 0.000 KB        
q4_layer_ctrl:m_axi_weight1a-HBM[10]          RD = 34208.000 KB           WR = 0.000 KB        
q4_layer_ctrl:m_axi_weight1b-HBM[11]          RD = 34208.000 KB           WR = 0.000 KB        
q4_layer_ctrl:m_axi_weight2a-HBM[12]          RD = 32288.000 KB           WR = 0.000 KB        
q4_layer_ctrl:m_axi_weight2b-HBM[13]          RD = 32288.000 KB           WR = 0.000 KB        
q4_layer_ctrl:m_axi_weight3a-HBM[14]          RD = 32288.000 KB           WR = 0.000 KB        
q4_layer_ctrl:m_axi_weight3b-HBM[15]          RD = 32288.000 KB           WR = 0.000 KB        
q4_layer_ctrl:m_axi_hidden_in-HBM[0]          RD = 256.000 KB             WR = 0.000 KB        
q4_layer_ctrl:m_axi_hidden_out-HBM[1]          RD = 0.000 KB               WR = 224.000 KB      
q4_layer_ctrl:m_axi_kv_k-HBM[2]          RD = 144.000 KB             WR = 32.000 KB       
q4_layer_ctrl:m_axi_kv_v-HBM[3]          RD = 144.000 KB             WR = 32.000 KB       
q4_layer_ctrl:m_axi_norm-HBM[4]          RD = 60.000 KB              WR = 0.000 KB        
q4_layer_ctrl:m_axi_rope-HBM[5]          RD = 256.000 KB             WR = 0.000 KB        

Data transfer on stream interfaces
q4_layer_ctrl:activation_stream0-->PIPE               4293.500 KB     
q4_layer_ctrl:activation_stream1-->PIPE               4293.500 KB     
PIPE-->q4_layer_ctrl:out_stream0               2570.750 KB     
q4_layer_ctrl:activation_stream2-->PIPE               4053.500 KB     
PIPE-->q4_layer_ctrl:out_stream1               2570.750 KB     
PIPE-->q4_layer_ctrl:out_stream2               2465.750 KB     
PIPE-->q4_layer_ctrl:out_stream3               2465.750 KB     
q4_layer_ctrl:task_stream0-->PIPE               7.875 KB        
q4_layer_ctrl:task_stream1-->PIPE               7.875 KB        
q4_layer_ctrl:task_stream2-->PIPE               7.406 KB        
q4_layer_ctrl:task_stream3-->PIPE               7.406 KB        
q4_layer_ctrl:vector_stream0a-->PIPE               866.125 KB      
q4_layer_ctrl:vector_stream0b-->PIPE               768.625 KB      
q4_layer_ctrl:vector_stream1a-->PIPE               866.125 KB      
q4_layer_ctrl:activation_stream3-->PIPE               4053.500 KB     
q4_layer_ctrl:vector_stream1b-->PIPE               768.625 KB      
q4_layer_ctrl:vector_stream2a-->PIPE               866.125 KB      

INFO::[ Vitis-EM 22 ] [Time elapsed: 401 minute(s) 39 seconds, Emulation time: 7.36214 ms]
Data transfer between kernel(s) and global memory(s)
q4_layer_ctrl:m_axi_scales-HBM[6]          RD = 0.812 KB               WR = 0.000 KB        
q4_layer_ctrl:m_axi_weight0a-HBM[8]          RD = 34208.000 KB           WR = 0.000 KB        
q4_layer_ctrl:m_axi_weight0b-HBM[9]          RD = 34208.000 KB           WR = 0.000 KB        
q4_layer_ctrl:m_axi_weight1a-HBM[10]          RD = 34208.000 KB           WR = 0.000 KB        
q4_layer_ctrl:m_axi_weight1b-HBM[11]          RD = 34208.000 KB           WR = 0.000 KB        
q4_layer_ctrl:m_axi_weight2a-HBM[12]          RD = 32288.000 KB           WR = 0.000 KB        
q4_layer_ctrl:m_axi_weight2b-HBM[13]          RD = 32288.000 KB           WR = 0.000 KB        
q4_layer_ctrl:m_axi_weight3a-HBM[14]          RD = 32288.000 KB           WR = 0.000 KB        
q4_layer_ctrl:m_axi_weight3b-HBM[15]          RD = 32288.000 KB           WR = 0.000 KB        
q4_layer_ctrl:m_axi_hidden_in-HBM[0]          RD = 256.000 KB             WR = 0.000 KB        
q4_layer_ctrl:m_axi_hidden_out-HBM[1]          RD = 0.000 KB               WR = 224.000 KB      
q4_layer_ctrl:m_axi_kv_k-HBM[2]          RD = 144.000 KB             WR = 32.000 KB       
q4_layer_ctrl:m_axi_kv_v-HBM[3]          RD = 144.000 KB             WR = 32.000 KB       
q4_layer_ctrl:m_axi_norm-HBM[4]          RD = 60.000 KB              WR = 0.000 KB        
q4_layer_ctrl:m_axi_rope-HBM[5]          RD = 256.000 KB             WR = 0.000 KB        

Data transfer on stream interfaces
q4_layer_ctrl:activation_stream0-->PIPE               4293.500 KB     
q4_layer_ctrl:activation_stream1-->PIPE               4293.500 KB     
PIPE-->q4_layer_ctrl:out_stream0               2570.750 KB     
q4_layer_ctrl:activation_stream2-->PIPE               4053.500 KB     
PIPE-->q4_layer_ctrl:out_stream1               2570.750 KB     
PIPE-->q4_layer_ctrl:out_stream2               2465.750 KB     
PIPE-->q4_layer_ctrl:out_stream3               2465.750 KB     
q4_layer_ctrl:task_stream0-->PIPE               7.875 KB        
q4_layer_ctrl:task_stream1-->PIPE               7.875 KB        
q4_layer_ctrl:task_stream2-->PIPE               7.406 KB        
q4_layer_ctrl:task_stream3-->PIPE               7.406 KB        
q4_layer_ctrl:vector_stream0a-->PIPE               866.125 KB      
q4_layer_ctrl:vector_stream0b-->PIPE               768.625 KB      
q4_layer_ctrl:vector_stream1a-->PIPE               866.125 KB      
q4_layer_ctrl:activation_stream3-->PIPE               4053.500 KB     
q4_layer_ctrl:vector_stream1b-->PIPE               768.625 KB      
q4_layer_ctrl:vector_stream2a-->PIPE               866.125 KB      

INFO::[ Vitis-EM 22 ] [Time elapsed: 402 minute(s) 44 seconds, Emulation time: 7.41398 ms]
Data transfer between kernel(s) and global memory(s)
q4_layer_ctrl:m_axi_scales-HBM[6]          RD = 0.812 KB               WR = 0.000 KB        
q4_layer_ctrl:m_axi_weight0a-HBM[8]          RD = 34208.000 KB           WR = 0.000 KB        
q4_layer_ctrl:m_axi_weight0b-HBM[9]          RD = 34208.000 KB           WR = 0.000 KB        
q4_layer_ctrl:m_axi_weight1a-HBM[10]          RD = 34208.000 KB           WR = 0.000 KB        
q4_layer_ctrl:m_axi_weight1b-HBM[11]          RD = 34208.000 KB           WR = 0.000 KB        
q4_layer_ctrl:m_axi_weight2a-HBM[12]          RD = 32288.000 KB           WR = 0.000 KB        
q4_layer_ctrl:m_axi_weight2b-HBM[13]          RD = 32288.000 KB           WR = 0.000 KB        
q4_layer_ctrl:m_axi_weight3a-HBM[14]          RD = 32288.000 KB           WR = 0.000 KB        
q4_layer_ctrl:m_axi_weight3b-HBM[15]          RD = 32288.000 KB           WR = 0.000 KB        
q4_layer_ctrl:m_axi_hidden_in-HBM[0]          RD = 256.000 KB             WR = 0.000 KB        
q4_layer_ctrl:m_axi_hidden_out-HBM[1]          RD = 0.000 KB               WR = 224.000 KB      
q4_layer_ctrl:m_axi_kv_k-HBM[2]          RD = 144.000 KB             WR = 32.000 KB       
q4_layer_ctrl:m_axi_kv_v-HBM[3]          RD = 144.000 KB             WR = 32.000 KB       
q4_layer_ctrl:m_axi_norm-HBM[4]          RD = 60.000 KB              WR = 0.000 KB        
q4_layer_ctrl:m_axi_rope-HBM[5]          RD = 256.000 KB             WR = 0.000 KB        

Data transfer on stream interfaces
q4_layer_ctrl:activation_stream0-->PIPE               4296.500 KB     
q4_layer_ctrl:activation_stream1-->PIPE               4296.500 KB     
PIPE-->q4_layer_ctrl:out_stream0               2598.750 KB     
q4_layer_ctrl:activation_stream2-->PIPE               4056.500 KB     
PIPE-->q4_layer_ctrl:out_stream1               2598.750 KB     
PIPE-->q4_layer_ctrl:out_stream2               2493.750 KB     
PIPE-->q4_layer_ctrl:out_stream3               2493.750 KB     
q4_layer_ctrl:task_stream0-->PIPE               8.000 KB        
q4_layer_ctrl:task_stream1-->PIPE               8.000 KB        
q4_layer_ctrl:task_stream2-->PIPE               7.531 KB        
q4_layer_ctrl:task_stream3-->PIPE               7.531 KB        
q4_layer_ctrl:vector_stream0a-->PIPE               866.125 KB      
q4_layer_ctrl:vector_stream0b-->PIPE               768.625 KB      
q4_layer_ctrl:vector_stream1a-->PIPE               866.125 KB      
q4_layer_ctrl:activation_stream3-->PIPE               4056.500 KB     
q4_layer_ctrl:vector_stream1b-->PIPE               768.625 KB      
q4_layer_ctrl:vector_stream2a-->PIPE               866.125 KB      

INFO::[ Vitis-EM 22 ] [Time elapsed: 411 minute(s) 47 seconds, Emulation time: 7.58991 ms]
Data transfer between kernel(s) and global memory(s)
q4_layer_ctrl:m_axi_scales-HBM[6]          RD = 0.844 KB               WR = 0.000 KB        
q4_layer_ctrl:m_axi_weight0a-HBM[8]          RD = 34917.500 KB           WR = 0.000 KB        
q4_layer_ctrl:m_axi_weight0b-HBM[9]          RD = 34917.500 KB           WR = 0.000 KB        
q4_layer_ctrl:m_axi_weight1a-HBM[10]          RD = 34917.500 KB           WR = 0.000 KB        
q4_layer_ctrl:m_axi_weight1b-HBM[11]          RD = 34917.500 KB           WR = 0.000 KB        
q4_layer_ctrl:m_axi_weight2a-HBM[12]          RD = 32997.500 KB           WR = 0.000 KB        
q4_layer_ctrl:m_axi_weight2b-HBM[13]          RD = 32997.500 KB           WR = 0.000 KB        
q4_layer_ctrl:m_axi_weight3a-HBM[14]          RD = 32997.500 KB           WR = 0.000 KB        
q4_layer_ctrl:m_axi_weight3b-HBM[15]          RD = 32997.500 KB           WR = 0.000 KB        
q4_layer_ctrl:m_axi_hidden_in-HBM[0]          RD = 256.000 KB             WR = 0.000 KB        
q4_layer_ctrl:m_axi_hidden_out-HBM[1]          RD = 0.000 KB               WR = 224.000 KB      
q4_layer_ctrl:m_axi_kv_k-HBM[2]          RD = 144.000 KB             WR = 32.000 KB       
q4_layer_ctrl:m_axi_kv_v-HBM[3]          RD = 144.000 KB             WR = 32.000 KB       
q4_layer_ctrl:m_axi_norm-HBM[4]          RD = 64.000 KB              WR = 0.000 KB        
q4_layer_ctrl:m_axi_rope-HBM[5]          RD = 256.000 KB             WR = 0.000 KB        

Data transfer on stream interfaces
q4_layer_ctrl:activation_stream0-->PIPE               4384.734 KB     
q4_layer_ctrl:activation_stream1-->PIPE               4384.734 KB     
PIPE-->q4_layer_ctrl:out_stream0               2661.750 KB     
q4_layer_ctrl:activation_stream2-->PIPE               4144.734 KB     
PIPE-->q4_layer_ctrl:out_stream1               2661.750 KB     
PIPE-->q4_layer_ctrl:out_stream2               2556.750 KB     
PIPE-->q4_layer_ctrl:out_stream3               2556.750 KB     
q4_layer_ctrl:task_stream0-->PIPE               8.219 KB        
q4_layer_ctrl:task_stream1-->PIPE               8.219 KB        
q4_layer_ctrl:task_stream2-->PIPE               7.750 KB        
q4_layer_ctrl:task_stream3-->PIPE               7.750 KB        
q4_layer_ctrl:vector_stream0a-->PIPE               892.125 KB      
q4_layer_ctrl:vector_stream0b-->PIPE               788.125 KB      
q4_layer_ctrl:vector_stream1a-->PIPE               892.125 KB      
q4_layer_ctrl:activation_stream3-->PIPE               4144.734 KB     
q4_layer_ctrl:vector_stream1b-->PIPE               788.125 KB      
q4_layer_ctrl:vector_stream2a-->PIPE               892.125 KB      

INFO::[ Vitis-EM 22 ] [Time elapsed: 412 minute(s) 24 seconds, Emulation time: 7.59593 ms]
Data transfer between kernel(s) and global memory(s)
q4_layer_ctrl:m_axi_scales-HBM[6]          RD = 0.844 KB               WR = 0.000 KB        
q4_layer_ctrl:m_axi_weight0a-HBM[8]          RD = 34974.000 KB           WR = 0.000 KB        
q4_layer_ctrl:m_axi_weight0b-HBM[9]          RD = 34974.000 KB           WR = 0.000 KB        
q4_layer_ctrl:m_axi_weight1a-HBM[10]          RD = 34974.000 KB           WR = 0.000 KB        
q4_layer_ctrl:m_axi_weight1b-HBM[11]          RD = 34974.000 KB           WR = 0.000 KB        
q4_layer_ctrl:m_axi_weight2a-HBM[12]          RD = 33054.000 KB           WR = 0.000 KB        
q4_layer_ctrl:m_axi_weight2b-HBM[13]          RD = 33054.000 KB           WR = 0.000 KB        
q4_layer_ctrl:m_axi_weight3a-HBM[14]          RD = 33054.000 KB           WR = 0.000 KB        
q4_layer_ctrl:m_axi_weight3b-HBM[15]          RD = 33054.000 KB           WR = 0.000 KB        
q4_layer_ctrl:m_axi_hidden_in-HBM[0]          RD = 256.000 KB             WR = 0.000 KB        
q4_layer_ctrl:m_axi_hidden_out-HBM[1]          RD = 0.000 KB               WR = 224.000 KB      
q4_layer_ctrl:m_axi_kv_k-HBM[2]          RD = 144.000 KB             WR = 32.000 KB       
q4_layer_ctrl:m_axi_kv_v-HBM[3]          RD = 144.000 KB             WR = 32.000 KB       
q4_layer_ctrl:m_axi_norm-HBM[4]          RD = 64.000 KB              WR = 0.000 KB        
q4_layer_ctrl:m_axi_rope-HBM[5]          RD = 256.000 KB             WR = 0.000 KB        

Data transfer on stream interfaces
q4_layer_ctrl:activation_stream0-->PIPE               4391.578 KB     
q4_layer_ctrl:activation_stream1-->PIPE               4391.578 KB     
PIPE-->q4_layer_ctrl:out_stream0               2665.250 KB     
q4_layer_ctrl:activation_stream2-->PIPE               4151.578 KB     
PIPE-->q4_layer_ctrl:out_stream1               2665.250 KB     
PIPE-->q4_layer_ctrl:out_stream2               2560.250 KB     
PIPE-->q4_layer_ctrl:out_stream3               2560.250 KB     
q4_layer_ctrl:task_stream0-->PIPE               8.219 KB        
q4_layer_ctrl:task_stream1-->PIPE               8.219 KB        
q4_layer_ctrl:task_stream2-->PIPE               7.750 KB        
q4_layer_ctrl:task_stream3-->PIPE               7.750 KB        
q4_layer_ctrl:vector_stream0a-->PIPE               892.125 KB      
q4_layer_ctrl:vector_stream0b-->PIPE               788.125 KB      
q4_layer_ctrl:vector_stream1a-->PIPE               892.125 KB      
q4_layer_ctrl:activation_stream3-->PIPE               4151.578 KB     
q4_layer_ctrl:vector_stream1b-->PIPE               788.125 KB      
q4_layer_ctrl:vector_stream2a-->PIPE               892.125 KB      

INFO::[ Vitis-EM 22 ] [Time elapsed: 436 minute(s) 46 seconds, Emulation time: 7.9098 ms]
Data transfer between kernel(s) and global memory(s)
q4_layer_ctrl:m_axi_scales-HBM[6]          RD = 0.859 KB               WR = 0.000 KB        
q4_layer_ctrl:m_axi_weight0a-HBM[8]          RD = 37280.000 KB           WR = 0.000 KB        
q4_layer_ctrl:m_axi_weight0b-HBM[9]          RD = 37280.000 KB           WR = 0.000 KB        
q4_layer_ctrl:m_axi_weight1a-HBM[10]          RD = 37280.000 KB           WR = 0.000 KB        
q4_layer_ctrl:m_axi_weight1b-HBM[11]          RD = 37280.000 KB           WR = 0.000 KB        
q4_layer_ctrl:m_axi_weight2a-HBM[12]          RD = 35232.000 KB           WR = 0.000 KB        
q4_layer_ctrl:m_axi_weight2b-HBM[13]          RD = 35232.000 KB           WR = 0.000 KB        
q4_layer_ctrl:m_axi_weight3a-HBM[14]          RD = 35232.000 KB           WR = 0.000 KB        
q4_layer_ctrl:m_axi_weight3b-HBM[15]          RD = 35232.000 KB           WR = 0.000 KB        
q4_layer_ctrl:m_axi_hidden_in-HBM[0]          RD = 256.000 KB             WR = 0.000 KB        
q4_layer_ctrl:m_axi_hidden_out-HBM[1]          RD = 0.000 KB               WR = 224.000 KB      
q4_layer_ctrl:m_axi_kv_k-HBM[2]          RD = 144.000 KB             WR = 32.000 KB       
q4_layer_ctrl:m_axi_kv_v-HBM[3]          RD = 144.000 KB             WR = 32.000 KB       
q4_layer_ctrl:m_axi_norm-HBM[4]          RD = 64.000 KB              WR = 0.000 KB        
q4_layer_ctrl:m_axi_rope-HBM[5]          RD = 256.000 KB             WR = 0.000 KB        

Data transfer on stream interfaces
q4_layer_ctrl:activation_stream0-->PIPE               4680.500 KB     
q4_layer_ctrl:activation_stream1-->PIPE               4680.500 KB     
PIPE-->q4_layer_ctrl:out_stream0               2809.297 KB     
q4_layer_ctrl:activation_stream2-->PIPE               4424.500 KB     
PIPE-->q4_layer_ctrl:out_stream1               2809.297 KB     
PIPE-->q4_layer_ctrl:out_stream2               2697.297 KB     
PIPE-->q4_layer_ctrl:out_stream3               2697.297 KB     
q4_layer_ctrl:task_stream0-->PIPE               8.797 KB        
q4_layer_ctrl:task_stream1-->PIPE               8.797 KB        
q4_layer_ctrl:task_stream2-->PIPE               8.297 KB        
q4_layer_ctrl:task_stream3-->PIPE               8.297 KB        
q4_layer_ctrl:vector_stream0a-->PIPE               907.664 KB      
q4_layer_ctrl:vector_stream0b-->PIPE               803.664 KB      
q4_layer_ctrl:vector_stream1a-->PIPE               907.664 KB      
q4_layer_ctrl:activation_stream3-->PIPE               4424.500 KB     
q4_layer_ctrl:vector_stream1b-->PIPE               803.664 KB      
q4_layer_ctrl:vector_stream2a-->PIPE               907.664 KB      

INFO::[ Vitis-EM 22 ] [Time elapsed: 451 minute(s) 45 seconds, Emulation time: 8.16978 ms]
Data transfer between kernel(s) and global memory(s)
q4_layer_ctrl:m_axi_scales-HBM[6]          RD = 0.891 KB               WR = 0.000 KB        
q4_layer_ctrl:m_axi_weight0a-HBM[8]          RD = 38804.000 KB           WR = 0.000 KB        
q4_layer_ctrl:m_axi_weight0b-HBM[9]          RD = 38804.000 KB           WR = 0.000 KB        
q4_layer_ctrl:m_axi_weight1a-HBM[10]          RD = 38804.000 KB           WR = 0.000 KB        
q4_layer_ctrl:m_axi_weight1b-HBM[11]          RD = 38804.000 KB           WR = 0.000 KB        
q4_layer_ctrl:m_axi_weight2a-HBM[12]          RD = 36756.000 KB           WR = 0.000 KB        
q4_layer_ctrl:m_axi_weight2b-HBM[13]          RD = 36756.000 KB           WR = 0.000 KB        
q4_layer_ctrl:m_axi_weight3a-HBM[14]          RD = 36756.000 KB           WR = 0.000 KB        
q4_layer_ctrl:m_axi_weight3b-HBM[15]          RD = 36756.000 KB           WR = 0.000 KB        
q4_layer_ctrl:m_axi_hidden_in-HBM[0]          RD = 264.000 KB             WR = 0.000 KB        
q4_layer_ctrl:m_axi_hidden_out-HBM[1]          RD = 0.000 KB               WR = 256.000 KB      
q4_layer_ctrl:m_axi_kv_k-HBM[2]          RD = 144.000 KB             WR = 32.000 KB       
q4_layer_ctrl:m_axi_kv_v-HBM[3]          RD = 144.000 KB             WR = 32.000 KB       
q4_layer_ctrl:m_axi_norm-HBM[4]          RD = 68.000 KB              WR = 0.000 KB        
q4_layer_ctrl:m_axi_rope-HBM[5]          RD = 256.000 KB             WR = 0.000 KB        

Data transfer on stream interfaces
q4_layer_ctrl:activation_stream0-->PIPE               4870.516 KB     
q4_layer_ctrl:activation_stream1-->PIPE               4870.516 KB     
PIPE-->q4_layer_ctrl:out_stream0               2912.000 KB     
q4_layer_ctrl:activation_stream2-->PIPE               4614.516 KB     
PIPE-->q4_layer_ctrl:out_stream1               2912.000 KB     
PIPE-->q4_layer_ctrl:out_stream2               2793.000 KB     
PIPE-->q4_layer_ctrl:out_stream3               2793.000 KB     
q4_layer_ctrl:task_stream0-->PIPE               8.938 KB        
q4_layer_ctrl:task_stream1-->PIPE               8.938 KB        
q4_layer_ctrl:task_stream2-->PIPE               8.422 KB        
q4_layer_ctrl:task_stream3-->PIPE               8.422 KB        
q4_layer_ctrl:vector_stream0a-->PIPE               981.500 KB      
q4_layer_ctrl:vector_stream0b-->PIPE               877.500 KB      
q4_layer_ctrl:vector_stream1a-->PIPE               981.500 KB      
q4_layer_ctrl:activation_stream3-->PIPE               4614.516 KB     
q4_layer_ctrl:vector_stream1b-->PIPE               877.500 KB      
q4_layer_ctrl:vector_stream2a-->PIPE               975.000 KB      

INFO::[ Vitis-EM 22 ] [Time elapsed: 452 minute(s) 39 seconds, Emulation time: 8.1889 ms]
Data transfer between kernel(s) and global memory(s)
q4_layer_ctrl:m_axi_scales-HBM[6]          RD = 0.906 KB               WR = 0.000 KB        
q4_layer_ctrl:m_axi_weight0a-HBM[8]          RD = 38955.500 KB           WR = 0.000 KB        
q4_layer_ctrl:m_axi_weight0b-HBM[9]          RD = 38955.500 KB           WR = 0.000 KB        
q4_layer_ctrl:m_axi_weight1a-HBM[10]          RD = 38955.500 KB           WR = 0.000 KB        
q4_layer_ctrl:m_axi_weight1b-HBM[11]          RD = 38955.500 KB           WR = 0.000 KB        
q4_layer_ctrl:m_axi_weight2a-HBM[12]          RD = 36864.000 KB           WR = 0.000 KB        
q4_layer_ctrl:m_axi_weight2b-HBM[13]          RD = 36864.000 KB           WR = 0.000 KB        
q4_layer_ctrl:m_axi_weight3a-HBM[14]          RD = 36864.000 KB           WR = 0.000 KB        
q4_layer_ctrl:m_axi_weight3b-HBM[15]          RD = 36864.000 KB           WR = 0.000 KB        
q4_layer_ctrl:m_axi_hidden_in-HBM[0]          RD = 264.000 KB             WR = 0.000 KB        
q4_layer_ctrl:m_axi_hidden_out-HBM[1]          RD = 0.000 KB               WR = 256.000 KB      
q4_layer_ctrl:m_axi_kv_k-HBM[2]          RD = 144.000 KB             WR = 32.000 KB       
q4_layer_ctrl:m_axi_kv_v-HBM[3]          RD = 144.000 KB             WR = 32.000 KB       
q4_layer_ctrl:m_axi_norm-HBM[4]          RD = 68.000 KB              WR = 0.000 KB        
q4_layer_ctrl:m_axi_rope-HBM[5]          RD = 256.000 KB             WR = 0.000 KB        

Data transfer on stream interfaces
q4_layer_ctrl:activation_stream0-->PIPE               4889.441 KB     
q4_layer_ctrl:activation_stream1-->PIPE               4889.441 KB     
PIPE-->q4_layer_ctrl:out_stream0               2919.000 KB     
q4_layer_ctrl:activation_stream2-->PIPE               4628.500 KB     
PIPE-->q4_layer_ctrl:out_stream1               2919.000 KB     
PIPE-->q4_layer_ctrl:out_stream2               2800.000 KB     
PIPE-->q4_layer_ctrl:out_stream3               2800.000 KB     
q4_layer_ctrl:task_stream0-->PIPE               8.969 KB        
q4_layer_ctrl:task_stream1-->PIPE               8.969 KB        
q4_layer_ctrl:task_stream2-->PIPE               8.438 KB        
q4_layer_ctrl:task_stream3-->PIPE               8.438 KB        
q4_layer_ctrl:vector_stream0a-->PIPE               981.500 KB      
q4_layer_ctrl:vector_stream0b-->PIPE               877.500 KB      
q4_layer_ctrl:vector_stream1a-->PIPE               981.500 KB      
q4_layer_ctrl:activation_stream3-->PIPE               4628.500 KB     
q4_layer_ctrl:vector_stream1b-->PIPE               877.500 KB      
q4_layer_ctrl:vector_stream2a-->PIPE               975.000 KB      

INFO::[ Vitis-EM 22 ] [Time elapsed: 453 minute(s) 19 seconds, Emulation time: 8.21526 ms]
Data transfer between kernel(s) and global memory(s)
q4_layer_ctrl:m_axi_scales-HBM[6]          RD = 0.922 KB               WR = 0.000 KB        
q4_layer_ctrl:m_axi_weight0a-HBM[8]          RD = 39040.000 KB           WR = 0.000 KB        
q4_layer_ctrl:m_axi_weight0b-HBM[9]          RD = 39040.000 KB           WR = 0.000 KB        
q4_layer_ctrl:m_axi_weight1a-HBM[10]          RD = 39040.000 KB           WR = 0.000 KB        
q4_layer_ctrl:m_axi_weight1b-HBM[11]          RD = 39040.000 KB           WR = 0.000 KB        
q4_layer_ctrl:m_axi_weight2a-HBM[12]          RD = 36864.000 KB           WR = 0.000 KB        
q4_layer_ctrl:m_axi_weight2b-HBM[13]          RD = 36864.000 KB           WR = 0.000 KB        
q4_layer_ctrl:m_axi_weight3a-HBM[14]          RD = 36864.000 KB           WR = 0.000 KB        
q4_layer_ctrl:m_axi_weight3b-HBM[15]          RD = 36864.000 KB           WR = 0.000 KB        
q4_layer_ctrl:m_axi_hidden_in-HBM[0]          RD = 264.000 KB             WR = 0.000 KB        
q4_layer_ctrl:m_axi_hidden_out-HBM[1]          RD = 0.000 KB               WR = 256.000 KB      
q4_layer_ctrl:m_axi_kv_k-HBM[2]          RD = 144.000 KB             WR = 32.000 KB       
q4_layer_ctrl:m_axi_kv_v-HBM[3]          RD = 144.000 KB             WR = 32.000 KB       
q4_layer_ctrl:m_axi_norm-HBM[4]          RD = 68.000 KB              WR = 0.000 KB        
q4_layer_ctrl:m_axi_rope-HBM[5]          RD = 264.000 KB             WR = 0.000 KB        

Data transfer on stream interfaces
q4_layer_ctrl:activation_stream0-->PIPE               4900.500 KB     
q4_layer_ctrl:activation_stream1-->PIPE               4900.500 KB     
PIPE-->q4_layer_ctrl:out_stream0               2926.000 KB     
q4_layer_ctrl:activation_stream2-->PIPE               4628.500 KB     
PIPE-->q4_layer_ctrl:out_stream1               2926.000 KB     
PIPE-->q4_layer_ctrl:out_stream2               2800.000 KB     
PIPE-->q4_layer_ctrl:out_stream3               2800.000 KB     
q4_layer_ctrl:task_stream0-->PIPE               8.984 KB        
q4_layer_ctrl:task_stream1-->PIPE               8.984 KB        
q4_layer_ctrl:task_stream2-->PIPE               8.438 KB        
q4_layer_ctrl:task_stream3-->PIPE               8.438 KB        
q4_layer_ctrl:vector_stream0a-->PIPE               981.500 KB      
q4_layer_ctrl:vector_stream0b-->PIPE               877.500 KB      
q4_layer_ctrl:vector_stream1a-->PIPE               981.500 KB      
q4_layer_ctrl:activation_stream3-->PIPE               4628.500 KB     
q4_layer_ctrl:vector_stream1b-->PIPE               877.500 KB      
q4_layer_ctrl:vector_stream2a-->PIPE               975.000 KB      

INFO::[ Vitis-EM 22 ] [Time elapsed: 454 minute(s) 0 seconds, Emulation time: 8.24983 ms]
Data transfer between kernel(s) and global memory(s)
q4_layer_ctrl:m_axi_scales-HBM[6]          RD = 0.922 KB               WR = 0.000 KB        
q4_layer_ctrl:m_axi_weight0a-HBM[8]          RD = 39040.000 KB           WR = 0.000 KB        
q4_layer_ctrl:m_axi_weight0b-HBM[9]          RD = 39040.000 KB           WR = 0.000 KB        
q4_layer_ctrl:m_axi_weight1a-HBM[10]          RD = 39040.000 KB           WR = 0.000 KB        
q4_layer_ctrl:m_axi_weight1b-HBM[11]          RD = 39040.000 KB           WR = 0.000 KB        
q4_layer_ctrl:m_axi_weight2a-HBM[12]          RD = 36864.000 KB           WR = 0.000 KB        
q4_layer_ctrl:m_axi_weight2b-HBM[13]          RD = 36864.000 KB           WR = 0.000 KB        
q4_layer_ctrl:m_axi_weight3a-HBM[14]          RD = 36864.000 KB           WR = 0.000 KB        
q4_layer_ctrl:m_axi_weight3b-HBM[15]          RD = 36864.000 KB           WR = 0.000 KB        
q4_layer_ctrl:m_axi_hidden_in-HBM[0]          RD = 264.000 KB             WR = 0.000 KB        
q4_layer_ctrl:m_axi_hidden_out-HBM[1]          RD = 0.000 KB               WR = 256.000 KB      
q4_layer_ctrl:m_axi_kv_k-HBM[2]          RD = 177.000 KB             WR = 33.000 KB       
q4_layer_ctrl:m_axi_kv_v-HBM[3]          RD = 177.000 KB             WR = 33.000 KB       
q4_layer_ctrl:m_axi_norm-HBM[4]          RD = 68.000 KB              WR = 0.000 KB        
q4_layer_ctrl:m_axi_rope-HBM[5]          RD = 264.000 KB             WR = 0.000 KB        

Data transfer on stream interfaces
q4_layer_ctrl:activation_stream0-->PIPE               4900.500 KB     
q4_layer_ctrl:activation_stream1-->PIPE               4900.500 KB     
PIPE-->q4_layer_ctrl:out_stream0               2926.000 KB     
q4_layer_ctrl:activation_stream2-->PIPE               4628.500 KB     
PIPE-->q4_layer_ctrl:out_stream1               2926.000 KB     
PIPE-->q4_layer_ctrl:out_stream2               2800.000 KB     
PIPE-->q4_layer_ctrl:out_stream3               2800.000 KB     
q4_layer_ctrl:task_stream0-->PIPE               8.984 KB        
q4_layer_ctrl:task_stream1-->PIPE               8.984 KB        
q4_layer_ctrl:task_stream2-->PIPE               8.438 KB        
q4_layer_ctrl:task_stream3-->PIPE               8.438 KB        
q4_layer_ctrl:vector_stream0a-->PIPE               981.500 KB      
q4_layer_ctrl:vector_stream0b-->PIPE               877.500 KB      
q4_layer_ctrl:vector_stream1a-->PIPE               981.500 KB      
q4_layer_ctrl:activation_stream3-->PIPE               4628.500 KB     
q4_layer_ctrl:vector_stream1b-->PIPE               877.500 KB      
q4_layer_ctrl:vector_stream2a-->PIPE               975.000 KB      

INFO::[ Vitis-EM 22 ] [Time elapsed: 455 minute(s) 55 seconds, Emulation time: 8.30647 ms]
Data transfer between kernel(s) and global memory(s)
q4_layer_ctrl:m_axi_scales-HBM[6]          RD = 0.938 KB               WR = 0.000 KB        
q4_layer_ctrl:m_axi_weight0a-HBM[8]          RD = 39248.000 KB           WR = 0.000 KB        
q4_layer_ctrl:m_axi_weight0b-HBM[9]          RD = 39248.000 KB           WR = 0.000 KB        
q4_layer_ctrl:m_axi_weight1a-HBM[10]          RD = 39248.000 KB           WR = 0.000 KB        
q4_layer_ctrl:m_axi_weight1b-HBM[11]          RD = 39248.000 KB           WR = 0.000 KB        
q4_layer_ctrl:m_axi_weight2a-HBM[12]          RD = 37072.000 KB           WR = 0.000 KB        
q4_layer_ctrl:m_axi_weight2b-HBM[13]          RD = 37072.000 KB           WR = 0.000 KB        
q4_layer_ctrl:m_axi_weight3a-HBM[14]          RD = 37072.000 KB           WR = 0.000 KB        
q4_layer_ctrl:m_axi_weight3b-HBM[15]          RD = 37072.000 KB           WR = 0.000 KB        
q4_layer_ctrl:m_axi_hidden_in-HBM[0]          RD = 264.000 KB             WR = 0.000 KB        
q4_layer_ctrl:m_axi_hidden_out-HBM[1]          RD = 0.000 KB               WR = 256.000 KB      
q4_layer_ctrl:m_axi_kv_k-HBM[2]          RD = 177.000 KB             WR = 33.000 KB       
q4_layer_ctrl:m_axi_kv_v-HBM[3]          RD = 177.000 KB             WR = 33.000 KB       
q4_layer_ctrl:m_axi_norm-HBM[4]          RD = 68.000 KB              WR = 0.000 KB        
q4_layer_ctrl:m_axi_rope-HBM[5]          RD = 264.000 KB             WR = 0.000 KB        

Data transfer on stream interfaces
q4_layer_ctrl:activation_stream0-->PIPE               4929.043 KB     
q4_layer_ctrl:activation_stream1-->PIPE               4929.043 KB     
PIPE-->q4_layer_ctrl:out_stream0               2964.500 KB     
q4_layer_ctrl:activation_stream2-->PIPE               4657.043 KB     
PIPE-->q4_layer_ctrl:out_stream1               2964.500 KB     
PIPE-->q4_layer_ctrl:out_stream2               2838.500 KB     
PIPE-->q4_layer_ctrl:out_stream3               2838.500 KB     
q4_layer_ctrl:task_stream0-->PIPE               9.172 KB        
q4_layer_ctrl:task_stream1-->PIPE               9.172 KB        
q4_layer_ctrl:task_stream2-->PIPE               8.625 KB        
q4_layer_ctrl:task_stream3-->PIPE               8.625 KB        
q4_layer_ctrl:vector_stream0a-->PIPE               981.500 KB      
q4_layer_ctrl:vector_stream0b-->PIPE               877.500 KB      
q4_layer_ctrl:vector_stream1a-->PIPE               981.500 KB      
q4_layer_ctrl:activation_stream3-->PIPE               4657.043 KB     
q4_layer_ctrl:vector_stream1b-->PIPE               877.500 KB      
q4_layer_ctrl:vector_stream2a-->PIPE               975.000 KB      

INFO::[ Vitis-EM 22 ] [Time elapsed: 456 minute(s) 44 seconds, Emulation time: 8.33895 ms]
Data transfer between kernel(s) and global memory(s)
q4_layer_ctrl:m_axi_scales-HBM[6]          RD = 0.938 KB               WR = 0.000 KB        
q4_layer_ctrl:m_axi_weight0a-HBM[8]          RD = 39296.000 KB           WR = 0.000 KB        
q4_layer_ctrl:m_axi_weight0b-HBM[9]          RD = 39296.000 KB           WR = 0.000 KB        
q4_layer_ctrl:m_axi_weight1a-HBM[10]          RD = 39296.000 KB           WR = 0.000 KB        
q4_layer_ctrl:m_axi_weight1b-HBM[11]          RD = 39296.000 KB           WR = 0.000 KB        
q4_layer_ctrl:m_axi_weight2a-HBM[12]          RD = 37120.000 KB           WR = 0.000 KB        
q4_layer_ctrl:m_axi_weight2b-HBM[13]          RD = 37120.000 KB           WR = 0.000 KB        
q4_layer_ctrl:m_axi_weight3a-HBM[14]          RD = 37120.000 KB           WR = 0.000 KB        
q4_layer_ctrl:m_axi_weight3b-HBM[15]          RD = 37120.000 KB           WR = 0.000 KB        
q4_layer_ctrl:m_axi_hidden_in-HBM[0]          RD = 264.000 KB             WR = 0.000 KB        
q4_layer_ctrl:m_axi_hidden_out-HBM[1]          RD = 0.000 KB               WR = 256.000 KB      
q4_layer_ctrl:m_axi_kv_k-HBM[2]          RD = 177.000 KB             WR = 33.000 KB       
q4_layer_ctrl:m_axi_kv_v-HBM[3]          RD = 177.000 KB             WR = 33.000 KB       
q4_layer_ctrl:m_axi_norm-HBM[4]          RD = 72.000 KB              WR = 0.000 KB        
q4_layer_ctrl:m_axi_rope-HBM[5]          RD = 264.000 KB             WR = 0.000 KB        

Data transfer on stream interfaces
q4_layer_ctrl:activation_stream0-->PIPE               4935.531 KB     
q4_layer_ctrl:activation_stream1-->PIPE               4935.531 KB     
PIPE-->q4_layer_ctrl:out_stream0               2975.000 KB     
q4_layer_ctrl:activation_stream2-->PIPE               4663.531 KB     
PIPE-->q4_layer_ctrl:out_stream1               2975.000 KB     
PIPE-->q4_layer_ctrl:out_stream2               2842.000 KB     
PIPE-->q4_layer_ctrl:out_stream3               2842.000 KB     
q4_layer_ctrl:task_stream0-->PIPE               9.203 KB        
q4_layer_ctrl:task_stream1-->PIPE               9.203 KB        
q4_layer_ctrl:task_stream2-->PIPE               8.625 KB        
q4_layer_ctrl:task_stream3-->PIPE               8.625 KB        
q4_layer_ctrl:vector_stream0a-->PIPE               994.500 KB      
q4_layer_ctrl:vector_stream0b-->PIPE               890.500 KB      
q4_layer_ctrl:vector_stream1a-->PIPE               994.500 KB      
q4_layer_ctrl:activation_stream3-->PIPE               4663.531 KB     
q4_layer_ctrl:vector_stream1b-->PIPE               890.500 KB      
q4_layer_ctrl:vector_stream2a-->PIPE               975.000 KB      

INFO::[ Vitis-EM 22 ] [Time elapsed: 457 minute(s) 18 seconds, Emulation time: 8.36435 ms]
Data transfer between kernel(s) and global memory(s)
q4_layer_ctrl:m_axi_scales-HBM[6]          RD = 0.953 KB               WR = 0.000 KB        
q4_layer_ctrl:m_axi_weight0a-HBM[8]          RD = 39328.000 KB           WR = 0.000 KB        
q4_layer_ctrl:m_axi_weight0b-HBM[9]          RD = 39328.000 KB           WR = 0.000 KB        
q4_layer_ctrl:m_axi_weight1a-HBM[10]          RD = 39328.000 KB           WR = 0.000 KB        
q4_layer_ctrl:m_axi_weight1b-HBM[11]          RD = 39328.000 KB           WR = 0.000 KB        
q4_layer_ctrl:m_axi_weight2a-HBM[12]          RD = 37152.000 KB           WR = 0.000 KB        
q4_layer_ctrl:m_axi_weight2b-HBM[13]          RD = 37152.000 KB           WR = 0.000 KB        
q4_layer_ctrl:m_axi_weight3a-HBM[14]          RD = 37152.000 KB           WR = 0.000 KB        
q4_layer_ctrl:m_axi_weight3b-HBM[15]          RD = 37152.000 KB           WR = 0.000 KB        
q4_layer_ctrl:m_axi_hidden_in-HBM[0]          RD = 264.000 KB             WR = 0.000 KB        
q4_layer_ctrl:m_axi_hidden_out-HBM[1]          RD = 0.000 KB               WR = 256.000 KB      
q4_layer_ctrl:m_axi_kv_k-HBM[2]          RD = 177.000 KB             WR = 33.000 KB       
q4_layer_ctrl:m_axi_kv_v-HBM[3]          RD = 177.000 KB             WR = 33.000 KB       
q4_layer_ctrl:m_axi_norm-HBM[4]          RD = 72.000 KB              WR = 0.000 KB        
q4_layer_ctrl:m_axi_rope-HBM[5]          RD = 264.000 KB             WR = 0.000 KB        

Data transfer on stream interfaces
q4_layer_ctrl:activation_stream0-->PIPE               4939.062 KB     
q4_layer_ctrl:activation_stream1-->PIPE               4939.062 KB     
PIPE-->q4_layer_ctrl:out_stream0               2982.000 KB     
q4_layer_ctrl:activation_stream2-->PIPE               4667.062 KB     
PIPE-->q4_layer_ctrl:out_stream1               2982.000 KB     
PIPE-->q4_layer_ctrl:out_stream2               2842.000 KB     
PIPE-->q4_layer_ctrl:out_stream3               2842.000 KB     
q4_layer_ctrl:task_stream0-->PIPE               9.219 KB        
q4_layer_ctrl:task_stream1-->PIPE               9.219 KB        
q4_layer_ctrl:task_stream2-->PIPE               8.641 KB        
q4_layer_ctrl:task_stream3-->PIPE               8.641 KB        
q4_layer_ctrl:vector_stream0a-->PIPE               994.500 KB      
q4_layer_ctrl:vector_stream0b-->PIPE               890.500 KB      
q4_layer_ctrl:vector_stream1a-->PIPE               994.500 KB      
q4_layer_ctrl:activation_stream3-->PIPE               4667.062 KB     
q4_layer_ctrl:vector_stream1b-->PIPE               890.500 KB      
q4_layer_ctrl:vector_stream2a-->PIPE               975.000 KB      

INFO::[ Vitis-EM 22 ] [Time elapsed: 461 minute(s) 35 seconds, Emulation time: 8.44267 ms]
Data transfer between kernel(s) and global memory(s)
q4_layer_ctrl:m_axi_scales-HBM[6]          RD = 0.953 KB               WR = 0.000 KB        
q4_layer_ctrl:m_axi_weight0a-HBM[8]          RD = 40028.500 KB           WR = 0.000 KB        
q4_layer_ctrl:m_axi_weight0b-HBM[9]          RD = 40028.500 KB           WR = 0.000 KB        
q4_layer_ctrl:m_axi_weight1a-HBM[10]          RD = 40028.500 KB           WR = 0.000 KB        
q4_layer_ctrl:m_axi_weight1b-HBM[11]          RD = 40028.500 KB           WR = 0.000 KB        
q4_layer_ctrl:m_axi_weight2a-HBM[12]          RD = 37852.500 KB           WR = 0.000 KB        
q4_layer_ctrl:m_axi_weight2b-HBM[13]          RD = 37852.500 KB           WR = 0.000 KB        
q4_layer_ctrl:m_axi_weight3a-HBM[14]          RD = 37852.500 KB           WR = 0.000 KB        
q4_layer_ctrl:m_axi_weight3b-HBM[15]          RD = 37852.500 KB           WR = 0.000 KB        
q4_layer_ctrl:m_axi_hidden_in-HBM[0]          RD = 264.000 KB             WR = 0.000 KB        
q4_layer_ctrl:m_axi_hidden_out-HBM[1]          RD = 0.000 KB               WR = 256.000 KB      
q4_layer_ctrl:m_axi_kv_k-HBM[2]          RD = 177.000 KB             WR = 33.000 KB       
q4_layer_ctrl:m_axi_kv_v-HBM[3]          RD = 177.000 KB             WR = 33.000 KB       
q4_layer_ctrl:m_axi_norm-HBM[4]          RD = 72.000 KB              WR = 0.000 KB        
q4_layer_ctrl:m_axi_rope-HBM[5]          RD = 264.000 KB             WR = 0.000 KB        

Data transfer on stream interfaces
q4_layer_ctrl:activation_stream0-->PIPE               5026.418 KB     
q4_layer_ctrl:activation_stream1-->PIPE               5026.418 KB     
PIPE-->q4_layer_ctrl:out_stream0               3020.500 KB     
q4_layer_ctrl:activation_stream2-->PIPE               4754.418 KB     
PIPE-->q4_layer_ctrl:out_stream1               3020.500 KB     
PIPE-->q4_layer_ctrl:out_stream2               2880.500 KB     
PIPE-->q4_layer_ctrl:out_stream3               2880.500 KB     
q4_layer_ctrl:task_stream0-->PIPE               9.391 KB        
q4_layer_ctrl:task_stream1-->PIPE               9.391 KB        
q4_layer_ctrl:task_stream2-->PIPE               8.812 KB        
q4_layer_ctrl:task_stream3-->PIPE               8.812 KB        
q4_layer_ctrl:vector_stream0a-->PIPE               994.500 KB      
q4_layer_ctrl:vector_stream0b-->PIPE               890.500 KB      
q4_layer_ctrl:vector_stream1a-->PIPE               994.500 KB      
q4_layer_ctrl:activation_stream3-->PIPE               4754.418 KB     
q4_layer_ctrl:vector_stream1b-->PIPE               890.500 KB      
q4_layer_ctrl:vector_stream2a-->PIPE               975.000 KB      

INFO::[ Vitis-EM 22 ] [Time elapsed: 468 minute(s) 29 seconds, Emulation time: 8.57531 ms]
Data transfer between kernel(s) and global memory(s)
q4_layer_ctrl:m_axi_scales-HBM[6]          RD = 0.969 KB               WR = 0.000 KB        
q4_layer_ctrl:m_axi_weight0a-HBM[8]          RD = 41154.500 KB           WR = 0.000 KB        
q4_layer_ctrl:m_axi_weight0b-HBM[9]          RD = 41154.500 KB           WR = 0.000 KB        
q4_layer_ctrl:m_axi_weight1a-HBM[10]          RD = 41154.500 KB           WR = 0.000 KB        
q4_layer_ctrl:m_axi_weight1b-HBM[11]          RD = 41154.500 KB           WR = 0.000 KB        
q4_layer_ctrl:m_axi_weight2a-HBM[12]          RD = 38914.500 KB           WR = 0.000 KB        
q4_layer_ctrl:m_axi_weight2b-HBM[13]          RD = 38914.500 KB           WR = 0.000 KB        
q4_layer_ctrl:m_axi_weight3a-HBM[14]          RD = 38914.500 KB           WR = 0.000 KB        
q4_layer_ctrl:m_axi_weight3b-HBM[15]          RD = 38914.500 KB           WR = 0.000 KB        
q4_layer_ctrl:m_axi_hidden_in-HBM[0]          RD = 264.000 KB             WR = 0.000 KB        
q4_layer_ctrl:m_axi_hidden_out-HBM[1]          RD = 0.000 KB               WR = 256.000 KB      
q4_layer_ctrl:m_axi_kv_k-HBM[2]          RD = 177.000 KB             WR = 33.000 KB       
q4_layer_ctrl:m_axi_kv_v-HBM[3]          RD = 177.000 KB             WR = 33.000 KB       
q4_layer_ctrl:m_axi_norm-HBM[4]          RD = 72.000 KB              WR = 0.000 KB        
q4_layer_ctrl:m_axi_rope-HBM[5]          RD = 264.000 KB             WR = 0.000 KB        

Data transfer on stream interfaces
q4_layer_ctrl:activation_stream0-->PIPE               5167.531 KB     
q4_layer_ctrl:activation_stream1-->PIPE               5167.531 KB     
PIPE-->q4_layer_ctrl:out_stream0               3080.000 KB     
q4_layer_ctrl:activation_stream2-->PIPE               4887.531 KB     
PIPE-->q4_layer_ctrl:out_stream1               3080.000 KB     
PIPE-->q4_layer_ctrl:out_stream2               2936.500 KB     
PIPE-->q4_layer_ctrl:out_stream3               2936.500 KB     
q4_layer_ctrl:task_stream0-->PIPE               9.672 KB        
q4_layer_ctrl:task_stream1-->PIPE               9.672 KB        
q4_layer_ctrl:task_stream2-->PIPE               9.062 KB        
q4_layer_ctrl:task_stream3-->PIPE               9.062 KB        
q4_layer_ctrl:vector_stream0a-->PIPE               994.500 KB      
q4_layer_ctrl:vector_stream0b-->PIPE               890.500 KB      
q4_layer_ctrl:vector_stream1a-->PIPE               994.500 KB      
q4_layer_ctrl:activation_stream3-->PIPE               4887.531 KB     
q4_layer_ctrl:vector_stream1b-->PIPE               890.500 KB      
q4_layer_ctrl:vector_stream2a-->PIPE               975.000 KB      

INFO::[ Vitis-EM 22 ] [Time elapsed: 469 minute(s) 3 seconds, Emulation time: 8.58535 ms]
Data transfer between kernel(s) and global memory(s)
q4_layer_ctrl:m_axi_scales-HBM[6]          RD = 0.969 KB               WR = 0.000 KB        
q4_layer_ctrl:m_axi_weight0a-HBM[8]          RD = 41245.000 KB           WR = 0.000 KB        
q4_layer_ctrl:m_axi_weight0b-HBM[9]          RD = 41245.000 KB           WR = 0.000 KB        
q4_layer_ctrl:m_axi_weight1a-HBM[10]          RD = 41245.000 KB           WR = 0.000 KB        
q4_layer_ctrl:m_axi_weight1b-HBM[11]          RD = 41245.000 KB           WR = 0.000 KB        
q4_layer_ctrl:m_axi_weight2a-HBM[12]          RD = 39005.000 KB           WR = 0.000 KB        
q4_layer_ctrl:m_axi_weight2b-HBM[13]          RD = 39005.000 KB           WR = 0.000 KB        
q4_layer_ctrl:m_axi_weight3a-HBM[14]          RD = 39005.000 KB           WR = 0.000 KB        
q4_layer_ctrl:m_axi_weight3b-HBM[15]          RD = 39005.000 KB           WR = 0.000 KB        
q4_layer_ctrl:m_axi_hidden_in-HBM[0]          RD = 264.000 KB             WR = 0.000 KB        
q4_layer_ctrl:m_axi_hidden_out-HBM[1]          RD = 0.000 KB               WR = 256.000 KB      
q4_layer_ctrl:m_axi_kv_k-HBM[2]          RD = 177.000 KB             WR = 33.000 KB       
q4_layer_ctrl:m_axi_kv_v-HBM[3]          RD = 177.000 KB             WR = 33.000 KB       
q4_layer_ctrl:m_axi_norm-HBM[4]          RD = 72.000 KB              WR = 0.000 KB        
q4_layer_ctrl:m_axi_rope-HBM[5]          RD = 264.000 KB             WR = 0.000 KB        

Data transfer on stream interfaces
q4_layer_ctrl:activation_stream0-->PIPE               5178.488 KB     
q4_layer_ctrl:activation_stream1-->PIPE               5178.488 KB     
PIPE-->q4_layer_ctrl:out_stream0               3087.000 KB     
q4_layer_ctrl:activation_stream2-->PIPE               4898.488 KB     
PIPE-->q4_layer_ctrl:out_stream1               3087.000 KB     
PIPE-->q4_layer_ctrl:out_stream2               2943.500 KB     
PIPE-->q4_layer_ctrl:out_stream3               2943.500 KB     
q4_layer_ctrl:task_stream0-->PIPE               9.688 KB        
q4_layer_ctrl:task_stream1-->PIPE               9.688 KB        
q4_layer_ctrl:task_stream2-->PIPE               9.094 KB        
q4_layer_ctrl:task_stream3-->PIPE               9.094 KB        
q4_layer_ctrl:vector_stream0a-->PIPE               994.500 KB      
q4_layer_ctrl:vector_stream0b-->PIPE               890.500 KB      
q4_layer_ctrl:vector_stream1a-->PIPE               994.500 KB      
q4_layer_ctrl:activation_stream3-->PIPE               4898.488 KB     
q4_layer_ctrl:vector_stream1b-->PIPE               890.500 KB      
q4_layer_ctrl:vector_stream2a-->PIPE               975.000 KB      

INFO::[ Vitis-EM 22 ] [Time elapsed: 469 minute(s) 37 seconds, Emulation time: 8.5944 ms]
Data transfer between kernel(s) and global memory(s)
q4_layer_ctrl:m_axi_scales-HBM[6]          RD = 0.969 KB               WR = 0.000 KB        
q4_layer_ctrl:m_axi_weight0a-HBM[8]          RD = 41326.500 KB           WR = 0.000 KB        
q4_layer_ctrl:m_axi_weight0b-HBM[9]          RD = 41326.500 KB           WR = 0.000 KB        
q4_layer_ctrl:m_axi_weight1a-HBM[10]          RD = 41326.500 KB           WR = 0.000 KB        
q4_layer_ctrl:m_axi_weight1b-HBM[11]          RD = 41326.500 KB           WR = 0.000 KB        
q4_layer_ctrl:m_axi_weight2a-HBM[12]          RD = 39086.500 KB           WR = 0.000 KB        
q4_layer_ctrl:m_axi_weight2b-HBM[13]          RD = 39086.500 KB           WR = 0.000 KB        
q4_layer_ctrl:m_axi_weight3a-HBM[14]          RD = 39086.500 KB           WR = 0.000 KB        
q4_layer_ctrl:m_axi_weight3b-HBM[15]          RD = 39086.500 KB           WR = 0.000 KB        
q4_layer_ctrl:m_axi_hidden_in-HBM[0]          RD = 264.000 KB             WR = 0.000 KB        
q4_layer_ctrl:m_axi_hidden_out-HBM[1]          RD = 0.000 KB               WR = 256.000 KB      
q4_layer_ctrl:m_axi_kv_k-HBM[2]          RD = 177.000 KB             WR = 33.000 KB       
q4_layer_ctrl:m_axi_kv_v-HBM[3]          RD = 177.000 KB             WR = 33.000 KB       
q4_layer_ctrl:m_axi_norm-HBM[4]          RD = 72.000 KB              WR = 0.000 KB        
q4_layer_ctrl:m_axi_rope-HBM[5]          RD = 264.000 KB             WR = 0.000 KB        

Data transfer on stream interfaces
q4_layer_ctrl:activation_stream0-->PIPE               5188.641 KB     
q4_layer_ctrl:activation_stream1-->PIPE               5188.641 KB     
PIPE-->q4_layer_ctrl:out_stream0               3090.500 KB     
q4_layer_ctrl:activation_stream2-->PIPE               4908.641 KB     
PIPE-->q4_layer_ctrl:out_stream1               3090.500 KB     
PIPE-->q4_layer_ctrl:out_stream2               2947.000 KB     
PIPE-->q4_layer_ctrl:out_stream3               2947.000 KB     
q4_layer_ctrl:task_stream0-->PIPE               9.703 KB        
q4_layer_ctrl:task_stream1-->PIPE               9.703 KB        
q4_layer_ctrl:task_stream2-->PIPE               9.109 KB        
q4_layer_ctrl:task_stream3-->PIPE               9.109 KB        
q4_layer_ctrl:vector_stream0a-->PIPE               994.500 KB      
q4_layer_ctrl:vector_stream0b-->PIPE               890.500 KB      
q4_layer_ctrl:vector_stream1a-->PIPE               994.500 KB      
q4_layer_ctrl:activation_stream3-->PIPE               4908.641 KB     
q4_layer_ctrl:vector_stream1b-->PIPE               890.500 KB      
q4_layer_ctrl:vector_stream2a-->PIPE               975.000 KB      

INFO::[ Vitis-EM 22 ] [Time elapsed: 469 minute(s) 55 seconds, Emulation time: 8.59943 ms]
Data transfer between kernel(s) and global memory(s)
q4_layer_ctrl:m_axi_scales-HBM[6]          RD = 0.969 KB               WR = 0.000 KB        
q4_layer_ctrl:m_axi_weight0a-HBM[8]          RD = 41370.000 KB           WR = 0.000 KB        
q4_layer_ctrl:m_axi_weight0b-HBM[9]          RD = 41370.000 KB           WR = 0.000 KB        
q4_layer_ctrl:m_axi_weight1a-HBM[10]          RD = 41370.000 KB           WR = 0.000 KB        
q4_layer_ctrl:m_axi_weight1b-HBM[11]          RD = 41370.000 KB           WR = 0.000 KB        
q4_layer_ctrl:m_axi_weight2a-HBM[12]          RD = 39130.000 KB           WR = 0.000 KB        
q4_layer_ctrl:m_axi_weight2b-HBM[13]          RD = 39130.000 KB           WR = 0.000 KB        
q4_layer_ctrl:m_axi_weight3a-HBM[14]          RD = 39130.000 KB           WR = 0.000 KB        
q4_layer_ctrl:m_axi_weight3b-HBM[15]          RD = 39130.000 KB           WR = 0.000 KB        
q4_layer_ctrl:m_axi_hidden_in-HBM[0]          RD = 264.000 KB             WR = 0.000 KB        
q4_layer_ctrl:m_axi_hidden_out-HBM[1]          RD = 0.000 KB               WR = 256.000 KB      
q4_layer_ctrl:m_axi_kv_k-HBM[2]          RD = 177.000 KB             WR = 33.000 KB       
q4_layer_ctrl:m_axi_kv_v-HBM[3]          RD = 177.000 KB             WR = 33.000 KB       
q4_layer_ctrl:m_axi_norm-HBM[4]          RD = 72.000 KB              WR = 0.000 KB        
q4_layer_ctrl:m_axi_rope-HBM[5]          RD = 264.000 KB             WR = 0.000 KB        

Data transfer on stream interfaces
q4_layer_ctrl:activation_stream0-->PIPE               5194.094 KB     
q4_layer_ctrl:activation_stream1-->PIPE               5194.094 KB     
PIPE-->q4_layer_ctrl:out_stream0               3094.000 KB     
q4_layer_ctrl:activation_stream2-->PIPE               4914.094 KB     
PIPE-->q4_layer_ctrl:out_stream1               3094.000 KB     
PIPE-->q4_layer_ctrl:out_stream2               2950.500 KB     
PIPE-->q4_layer_ctrl:out_stream3               2950.500 KB     
q4_layer_ctrl:task_stream0-->PIPE               9.719 KB        
q4_layer_ctrl:task_stream1-->PIPE               9.719 KB        
q4_layer_ctrl:task_stream2-->PIPE               9.125 KB        
q4_layer_ctrl:task_stream3-->PIPE               9.125 KB        
q4_layer_ctrl:vector_stream0a-->PIPE               994.500 KB      
q4_layer_ctrl:vector_stream0b-->PIPE               890.500 KB      
q4_layer_ctrl:vector_stream1a-->PIPE               994.500 KB      
q4_layer_ctrl:activation_stream3-->PIPE               4914.094 KB     
q4_layer_ctrl:vector_stream1b-->PIPE               890.500 KB      
q4_layer_ctrl:vector_stream2a-->PIPE               975.000 KB      

INFO::[ Vitis-EM 22 ] [Time elapsed: 471 minute(s) 5 seconds, Emulation time: 8.6185 ms]
Data transfer between kernel(s) and global memory(s)
q4_layer_ctrl:m_axi_scales-HBM[6]          RD = 0.969 KB               WR = 0.000 KB        
q4_layer_ctrl:m_axi_weight0a-HBM[8]          RD = 41538.000 KB           WR = 0.000 KB        
q4_layer_ctrl:m_axi_weight0b-HBM[9]          RD = 41538.000 KB           WR = 0.000 KB        
q4_layer_ctrl:m_axi_weight1a-HBM[10]          RD = 41538.000 KB           WR = 0.000 KB        
q4_layer_ctrl:m_axi_weight1b-HBM[11]          RD = 41538.000 KB           WR = 0.000 KB        
q4_layer_ctrl:m_axi_weight2a-HBM[12]          RD = 39298.000 KB           WR = 0.000 KB        
q4_layer_ctrl:m_axi_weight2b-HBM[13]          RD = 39298.000 KB           WR = 0.000 KB        
q4_layer_ctrl:m_axi_weight3a-HBM[14]          RD = 39298.000 KB           WR = 0.000 KB        
q4_layer_ctrl:m_axi_weight3b-HBM[15]          RD = 39298.000 KB           WR = 0.000 KB        
q4_layer_ctrl:m_axi_hidden_in-HBM[0]          RD = 264.000 KB             WR = 0.000 KB        
q4_layer_ctrl:m_axi_hidden_out-HBM[1]          RD = 0.000 KB               WR = 256.000 KB      
q4_layer_ctrl:m_axi_kv_k-HBM[2]          RD = 177.000 KB             WR = 33.000 KB       
q4_layer_ctrl:m_axi_kv_v-HBM[3]          RD = 177.000 KB             WR = 33.000 KB       
q4_layer_ctrl:m_axi_norm-HBM[4]          RD = 72.000 KB              WR = 0.000 KB        
q4_layer_ctrl:m_axi_rope-HBM[5]          RD = 264.000 KB             WR = 0.000 KB        

Data transfer on stream interfaces
q4_layer_ctrl:activation_stream0-->PIPE               5215.531 KB     
q4_layer_ctrl:activation_stream1-->PIPE               5215.531 KB     
PIPE-->q4_layer_ctrl:out_stream0               3101.000 KB     
q4_layer_ctrl:activation_stream2-->PIPE               4935.531 KB     
PIPE-->q4_layer_ctrl:out_stream1               3101.000 KB     
PIPE-->q4_layer_ctrl:out_stream2               2957.500 KB     
PIPE-->q4_layer_ctrl:out_stream3               2957.500 KB     
q4_layer_ctrl:task_stream0-->PIPE               9.750 KB        
q4_layer_ctrl:task_stream1-->PIPE               9.750 KB        
q4_layer_ctrl:task_stream2-->PIPE               9.156 KB        
q4_layer_ctrl:task_stream3-->PIPE               9.156 KB        
q4_layer_ctrl:vector_stream0a-->PIPE               994.500 KB      
q4_layer_ctrl:vector_stream0b-->PIPE               890.500 KB      
q4_layer_ctrl:vector_stream1a-->PIPE               994.500 KB      
q4_layer_ctrl:activation_stream3-->PIPE               4935.531 KB     
q4_layer_ctrl:vector_stream1b-->PIPE               890.500 KB      
q4_layer_ctrl:vector_stream2a-->PIPE               975.000 KB      

INFO::[ Vitis-EM 22 ] [Time elapsed: 479 minute(s) 8 seconds, Emulation time: 8.803 ms]
Data transfer between kernel(s) and global memory(s)
q4_layer_ctrl:m_axi_scales-HBM[6]          RD = 0.984 KB               WR = 0.000 KB        
q4_layer_ctrl:m_axi_weight0a-HBM[8]          RD = 42762.500 KB           WR = 0.000 KB        
q4_layer_ctrl:m_axi_weight0b-HBM[9]          RD = 42762.500 KB           WR = 0.000 KB        
q4_layer_ctrl:m_axi_weight1a-HBM[10]          RD = 42762.500 KB           WR = 0.000 KB        
q4_layer_ctrl:m_axi_weight1b-HBM[11]          RD = 42762.500 KB           WR = 0.000 KB        
q4_layer_ctrl:m_axi_weight2a-HBM[12]          RD = 40458.500 KB           WR = 0.000 KB        
q4_layer_ctrl:m_axi_weight2b-HBM[13]          RD = 40458.500 KB           WR = 0.000 KB        
q4_layer_ctrl:m_axi_weight3a-HBM[14]          RD = 40458.500 KB           WR = 0.000 KB        
q4_layer_ctrl:m_axi_weight3b-HBM[15]          RD = 40458.500 KB           WR = 0.000 KB        
q4_layer_ctrl:m_axi_hidden_in-HBM[0]          RD = 264.000 KB             WR = 0.000 KB        
q4_layer_ctrl:m_axi_hidden_out-HBM[1]          RD = 0.000 KB               WR = 256.000 KB      
q4_layer_ctrl:m_axi_kv_k-HBM[2]          RD = 177.000 KB             WR = 33.000 KB       
q4_layer_ctrl:m_axi_kv_v-HBM[3]          RD = 177.000 KB             WR = 33.000 KB       
q4_layer_ctrl:m_axi_norm-HBM[4]          RD = 72.000 KB              WR = 0.000 KB        
q4_layer_ctrl:m_axi_rope-HBM[5]          RD = 264.000 KB             WR = 0.000 KB        

Data transfer on stream interfaces
q4_layer_ctrl:activation_stream0-->PIPE               5368.375 KB     
q4_layer_ctrl:activation_stream1-->PIPE               5368.375 KB     
PIPE-->q4_layer_ctrl:out_stream0               3177.125 KB     
q4_layer_ctrl:activation_stream2-->PIPE               5080.375 KB     
PIPE-->q4_layer_ctrl:out_stream1               3177.125 KB     
PIPE-->q4_layer_ctrl:out_stream2               2992.500 KB     
PIPE-->q4_layer_ctrl:out_stream3               2992.500 KB     
q4_layer_ctrl:task_stream0-->PIPE               9.938 KB        
q4_layer_ctrl:task_stream1-->PIPE               9.938 KB        
q4_layer_ctrl:task_stream2-->PIPE               9.312 KB        
q4_layer_ctrl:task_stream3-->PIPE               9.312 KB        
q4_layer_ctrl:vector_stream0a-->PIPE               1029.438 KB     
q4_layer_ctrl:vector_stream0b-->PIPE               925.438 KB      
q4_layer_ctrl:vector_stream1a-->PIPE               1029.438 KB     
q4_layer_ctrl:activation_stream3-->PIPE               5080.375 KB     
q4_layer_ctrl:vector_stream1b-->PIPE               925.438 KB      
q4_layer_ctrl:vector_stream2a-->PIPE               975.000 KB      

INFO::[ Vitis-EM 22 ] [Time elapsed: 479 minute(s) 29 seconds, Emulation time: 8.81003 ms]
Data transfer between kernel(s) and global memory(s)
q4_layer_ctrl:m_axi_scales-HBM[6]          RD = 0.984 KB               WR = 0.000 KB        
q4_layer_ctrl:m_axi_weight0a-HBM[8]          RD = 42826.000 KB           WR = 0.000 KB        
q4_layer_ctrl:m_axi_weight0b-HBM[9]          RD = 42826.000 KB           WR = 0.000 KB        
q4_layer_ctrl:m_axi_weight1a-HBM[10]          RD = 42826.000 KB           WR = 0.000 KB        
q4_layer_ctrl:m_axi_weight1b-HBM[11]          RD = 42826.000 KB           WR = 0.000 KB        
q4_layer_ctrl:m_axi_weight2a-HBM[12]          RD = 40522.000 KB           WR = 0.000 KB        
q4_layer_ctrl:m_axi_weight2b-HBM[13]          RD = 40522.000 KB           WR = 0.000 KB        
q4_layer_ctrl:m_axi_weight3a-HBM[14]          RD = 40522.000 KB           WR = 0.000 KB        
q4_layer_ctrl:m_axi_weight3b-HBM[15]          RD = 40522.000 KB           WR = 0.000 KB        
q4_layer_ctrl:m_axi_hidden_in-HBM[0]          RD = 264.000 KB             WR = 0.000 KB        
q4_layer_ctrl:m_axi_hidden_out-HBM[1]          RD = 0.000 KB               WR = 256.000 KB      
q4_layer_ctrl:m_axi_kv_k-HBM[2]          RD = 177.000 KB             WR = 33.000 KB       
q4_layer_ctrl:m_axi_kv_v-HBM[3]          RD = 177.000 KB             WR = 33.000 KB       
q4_layer_ctrl:m_axi_norm-HBM[4]          RD = 72.000 KB              WR = 0.000 KB        
q4_layer_ctrl:m_axi_rope-HBM[5]          RD = 264.000 KB             WR = 0.000 KB        

Data transfer on stream interfaces
q4_layer_ctrl:activation_stream0-->PIPE               5376.332 KB     
q4_layer_ctrl:activation_stream1-->PIPE               5376.332 KB     
PIPE-->q4_layer_ctrl:out_stream0               3180.625 KB     
q4_layer_ctrl:activation_stream2-->PIPE               5088.332 KB     
PIPE-->q4_layer_ctrl:out_stream1               3180.625 KB     
PIPE-->q4_layer_ctrl:out_stream2               2996.000 KB     
PIPE-->q4_layer_ctrl:out_stream3               2996.000 KB     
q4_layer_ctrl:task_stream0-->PIPE               9.953 KB        
q4_layer_ctrl:task_stream1-->PIPE               9.953 KB        
q4_layer_ctrl:task_stream2-->PIPE               9.328 KB        
q4_layer_ctrl:task_stream3-->PIPE               9.328 KB        
q4_layer_ctrl:vector_stream0a-->PIPE               1029.438 KB     
q4_layer_ctrl:vector_stream0b-->PIPE               925.438 KB      
q4_layer_ctrl:vector_stream1a-->PIPE               1029.438 KB     
q4_layer_ctrl:activation_stream3-->PIPE               5088.332 KB     
q4_layer_ctrl:vector_stream1b-->PIPE               925.438 KB      
q4_layer_ctrl:vector_stream2a-->PIPE               975.000 KB      

INFO::[ Vitis-EM 22 ] [Time elapsed: 480 minute(s) 30 seconds, Emulation time: 8.83015 ms]
Data transfer between kernel(s) and global memory(s)
q4_layer_ctrl:m_axi_scales-HBM[6]          RD = 0.984 KB               WR = 0.000 KB        
q4_layer_ctrl:m_axi_weight0a-HBM[8]          RD = 43014.500 KB           WR = 0.000 KB        
q4_layer_ctrl:m_axi_weight0b-HBM[9]          RD = 43014.500 KB           WR = 0.000 KB        
q4_layer_ctrl:m_axi_weight1a-HBM[10]          RD = 43014.500 KB           WR = 0.000 KB        
q4_layer_ctrl:m_axi_weight1b-HBM[11]          RD = 43014.500 KB           WR = 0.000 KB        
q4_layer_ctrl:m_axi_weight2a-HBM[12]          RD = 40710.500 KB           WR = 0.000 KB        
q4_layer_ctrl:m_axi_weight2b-HBM[13]          RD = 40710.500 KB           WR = 0.000 KB        
q4_layer_ctrl:m_axi_weight3a-HBM[14]          RD = 40710.500 KB           WR = 0.000 KB        
q4_layer_ctrl:m_axi_weight3b-HBM[15]          RD = 40710.500 KB           WR = 0.000 KB        
q4_layer_ctrl:m_axi_hidden_in-HBM[0]          RD = 264.000 KB             WR = 0.000 KB        
q4_layer_ctrl:m_axi_hidden_out-HBM[1]          RD = 0.000 KB               WR = 256.000 KB      
q4_layer_ctrl:m_axi_kv_k-HBM[2]          RD = 177.000 KB             WR = 33.000 KB       
q4_layer_ctrl:m_axi_kv_v-HBM[3]          RD = 177.000 KB             WR = 33.000 KB       
q4_layer_ctrl:m_axi_norm-HBM[4]          RD = 72.000 KB              WR = 0.000 KB        
q4_layer_ctrl:m_axi_rope-HBM[5]          RD = 264.000 KB             WR = 0.000 KB        

Data transfer on stream interfaces
q4_layer_ctrl:activation_stream0-->PIPE               5399.902 KB     
q4_layer_ctrl:activation_stream1-->PIPE               5399.902 KB     
PIPE-->q4_layer_ctrl:out_stream0               3180.625 KB     
q4_layer_ctrl:activation_stream2-->PIPE               5111.902 KB     
PIPE-->q4_layer_ctrl:out_stream1               3180.625 KB     
PIPE-->q4_layer_ctrl:out_stream2               2996.000 KB     
PIPE-->q4_layer_ctrl:out_stream3               2996.000 KB     
q4_layer_ctrl:task_stream0-->PIPE               9.953 KB        
q4_layer_ctrl:task_stream1-->PIPE               9.953 KB        
q4_layer_ctrl:task_stream2-->PIPE               9.328 KB        
q4_layer_ctrl:task_stream3-->PIPE               9.328 KB        
q4_layer_ctrl:vector_stream0a-->PIPE               1029.438 KB     
q4_layer_ctrl:vector_stream0b-->PIPE               925.438 KB      
q4_layer_ctrl:vector_stream1a-->PIPE               1029.438 KB     
q4_layer_ctrl:activation_stream3-->PIPE               5111.902 KB     
q4_layer_ctrl:vector_stream1b-->PIPE               925.438 KB      
q4_layer_ctrl:vector_stream2a-->PIPE               975.000 KB      

INFO::[ Vitis-EM 22 ] [Time elapsed: 480 minute(s) 42 seconds, Emulation time: 8.83418 ms]
Data transfer between kernel(s) and global memory(s)
q4_layer_ctrl:m_axi_scales-HBM[6]          RD = 0.984 KB               WR = 0.000 KB        
q4_layer_ctrl:m_axi_weight0a-HBM[8]          RD = 43052.500 KB           WR = 0.000 KB        
q4_layer_ctrl:m_axi_weight0b-HBM[9]          RD = 43052.500 KB           WR = 0.000 KB        
q4_layer_ctrl:m_axi_weight1a-HBM[10]          RD = 43052.500 KB           WR = 0.000 KB        
q4_layer_ctrl:m_axi_weight1b-HBM[11]          RD = 43052.500 KB           WR = 0.000 KB        
q4_layer_ctrl:m_axi_weight2a-HBM[12]          RD = 40748.500 KB           WR = 0.000 KB        
q4_layer_ctrl:m_axi_weight2b-HBM[13]          RD = 40748.500 KB           WR = 0.000 KB        
q4_layer_ctrl:m_axi_weight3a-HBM[14]          RD = 40748.500 KB           WR = 0.000 KB        
q4_layer_ctrl:m_axi_weight3b-HBM[15]          RD = 40748.500 KB           WR = 0.000 KB        
q4_layer_ctrl:m_axi_hidden_in-HBM[0]          RD = 264.000 KB             WR = 0.000 KB        
q4_layer_ctrl:m_axi_hidden_out-HBM[1]          RD = 0.000 KB               WR = 256.000 KB      
q4_layer_ctrl:m_axi_kv_k-HBM[2]          RD = 177.000 KB             WR = 33.000 KB       
q4_layer_ctrl:m_axi_kv_v-HBM[3]          RD = 177.000 KB             WR = 33.000 KB       
q4_layer_ctrl:m_axi_norm-HBM[4]          RD = 72.000 KB              WR = 0.000 KB        
q4_layer_ctrl:m_axi_rope-HBM[5]          RD = 264.000 KB             WR = 0.000 KB        

Data transfer on stream interfaces
q4_layer_ctrl:activation_stream0-->PIPE               5404.625 KB     
q4_layer_ctrl:activation_stream1-->PIPE               5404.625 KB     
PIPE-->q4_layer_ctrl:out_stream0               3180.625 KB     
q4_layer_ctrl:activation_stream2-->PIPE               5116.625 KB     
PIPE-->q4_layer_ctrl:out_stream1               3180.625 KB     
PIPE-->q4_layer_ctrl:out_stream2               2996.000 KB     
PIPE-->q4_layer_ctrl:out_stream3               2996.000 KB     
q4_layer_ctrl:task_stream0-->PIPE               9.953 KB        
q4_layer_ctrl:task_stream1-->PIPE               9.953 KB        
q4_layer_ctrl:task_stream2-->PIPE               9.328 KB        
q4_layer_ctrl:task_stream3-->PIPE               9.328 KB        
q4_layer_ctrl:vector_stream0a-->PIPE               1029.438 KB     
q4_layer_ctrl:vector_stream0b-->PIPE               925.438 KB      
q4_layer_ctrl:vector_stream1a-->PIPE               1029.438 KB     
q4_layer_ctrl:activation_stream3-->PIPE               5116.625 KB     
q4_layer_ctrl:vector_stream1b-->PIPE               925.438 KB      
q4_layer_ctrl:vector_stream2a-->PIPE               975.000 KB      

INFO::[ Vitis-EM 22 ] [Time elapsed: 481 minute(s) 34 seconds, Emulation time: 8.85127 ms]
Data transfer between kernel(s) and global memory(s)
q4_layer_ctrl:m_axi_scales-HBM[6]          RD = 0.984 KB               WR = 0.000 KB        
q4_layer_ctrl:m_axi_weight0a-HBM[8]          RD = 43210.500 KB           WR = 0.000 KB        
q4_layer_ctrl:m_axi_weight0b-HBM[9]          RD = 43210.500 KB           WR = 0.000 KB        
q4_layer_ctrl:m_axi_weight1a-HBM[10]          RD = 43210.500 KB           WR = 0.000 KB        
q4_layer_ctrl:m_axi_weight1b-HBM[11]          RD = 43210.500 KB           WR = 0.000 KB        
q4_layer_ctrl:m_axi_weight2a-HBM[12]          RD = 40906.500 KB           WR = 0.000 KB        
q4_layer_ctrl:m_axi_weight2b-HBM[13]          RD = 40906.500 KB           WR = 0.000 KB        
q4_layer_ctrl:m_axi_weight3a-HBM[14]          RD = 40906.500 KB           WR = 0.000 KB        
q4_layer_ctrl:m_axi_weight3b-HBM[15]          RD = 40906.500 KB           WR = 0.000 KB        
q4_layer_ctrl:m_axi_hidden_in-HBM[0]          RD = 264.000 KB             WR = 0.000 KB        
q4_layer_ctrl:m_axi_hidden_out-HBM[1]          RD = 0.000 KB               WR = 256.000 KB      
q4_layer_ctrl:m_axi_kv_k-HBM[2]          RD = 177.000 KB             WR = 33.000 KB       
q4_layer_ctrl:m_axi_kv_v-HBM[3]          RD = 177.000 KB             WR = 33.000 KB       
q4_layer_ctrl:m_axi_norm-HBM[4]          RD = 72.000 KB              WR = 0.000 KB        
q4_layer_ctrl:m_axi_rope-HBM[5]          RD = 264.000 KB             WR = 0.000 KB        

Data transfer on stream interfaces
q4_layer_ctrl:activation_stream0-->PIPE               5424.355 KB     
q4_layer_ctrl:activation_stream1-->PIPE               5424.355 KB     
PIPE-->q4_layer_ctrl:out_stream0               3184.125 KB     
q4_layer_ctrl:activation_stream2-->PIPE               5136.355 KB     
PIPE-->q4_layer_ctrl:out_stream1               3184.125 KB     
PIPE-->q4_layer_ctrl:out_stream2               2999.500 KB     
PIPE-->q4_layer_ctrl:out_stream3               2999.500 KB     
q4_layer_ctrl:task_stream0-->PIPE               9.969 KB        
q4_layer_ctrl:task_stream1-->PIPE               9.969 KB        
q4_layer_ctrl:task_stream2-->PIPE               9.344 KB        
q4_layer_ctrl:task_stream3-->PIPE               9.344 KB        
q4_layer_ctrl:vector_stream0a-->PIPE               1029.438 KB     
q4_layer_ctrl:vector_stream0b-->PIPE               925.438 KB      
q4_layer_ctrl:vector_stream1a-->PIPE               1029.438 KB     
q4_layer_ctrl:activation_stream3-->PIPE               5136.355 KB     
q4_layer_ctrl:vector_stream1b-->PIPE               925.438 KB      
q4_layer_ctrl:vector_stream2a-->PIPE               975.000 KB      

INFO::[ Vitis-EM 22 ] [Time elapsed: 481 minute(s) 46 seconds, Emulation time: 8.8553 ms]
Data transfer between kernel(s) and global memory(s)
q4_layer_ctrl:m_axi_scales-HBM[6]          RD = 0.984 KB               WR = 0.000 KB        
q4_layer_ctrl:m_axi_weight0a-HBM[8]          RD = 43248.000 KB           WR = 0.000 KB        
q4_layer_ctrl:m_axi_weight0b-HBM[9]          RD = 43248.000 KB           WR = 0.000 KB        
q4_layer_ctrl:m_axi_weight1a-HBM[10]          RD = 43248.000 KB           WR = 0.000 KB        
q4_layer_ctrl:m_axi_weight1b-HBM[11]          RD = 43248.000 KB           WR = 0.000 KB        
q4_layer_ctrl:m_axi_weight2a-HBM[12]          RD = 40944.000 KB           WR = 0.000 KB        
q4_layer_ctrl:m_axi_weight2b-HBM[13]          RD = 40944.000 KB           WR = 0.000 KB        
q4_layer_ctrl:m_axi_weight3a-HBM[14]          RD = 40944.000 KB           WR = 0.000 KB        
q4_layer_ctrl:m_axi_weight3b-HBM[15]          RD = 40944.000 KB           WR = 0.000 KB        
q4_layer_ctrl:m_axi_hidden_in-HBM[0]          RD = 264.000 KB             WR = 0.000 KB        
q4_layer_ctrl:m_axi_hidden_out-HBM[1]          RD = 0.000 KB               WR = 256.000 KB      
q4_layer_ctrl:m_axi_kv_k-HBM[2]          RD = 177.000 KB             WR = 33.000 KB       
q4_layer_ctrl:m_axi_kv_v-HBM[3]          RD = 177.000 KB             WR = 33.000 KB       
q4_layer_ctrl:m_axi_norm-HBM[4]          RD = 72.000 KB              WR = 0.000 KB        
q4_layer_ctrl:m_axi_rope-HBM[5]          RD = 264.000 KB             WR = 0.000 KB        

Data transfer on stream interfaces
q4_layer_ctrl:activation_stream0-->PIPE               5429.082 KB     
q4_layer_ctrl:activation_stream1-->PIPE               5429.082 KB     
PIPE-->q4_layer_ctrl:out_stream0               3184.125 KB     
q4_layer_ctrl:activation_stream2-->PIPE               5141.082 KB     
PIPE-->q4_layer_ctrl:out_stream1               3184.125 KB     
PIPE-->q4_layer_ctrl:out_stream2               2999.500 KB     
PIPE-->q4_layer_ctrl:out_stream3               2999.500 KB     
q4_layer_ctrl:task_stream0-->PIPE               9.969 KB        
q4_layer_ctrl:task_stream1-->PIPE               9.969 KB        
q4_layer_ctrl:task_stream2-->PIPE               9.344 KB        
q4_layer_ctrl:task_stream3-->PIPE               9.344 KB        
q4_layer_ctrl:vector_stream0a-->PIPE               1029.438 KB     
q4_layer_ctrl:vector_stream0b-->PIPE               925.438 KB      
q4_layer_ctrl:vector_stream1a-->PIPE               1029.438 KB     
q4_layer_ctrl:activation_stream3-->PIPE               5141.082 KB     
q4_layer_ctrl:vector_stream1b-->PIPE               925.438 KB      
q4_layer_ctrl:vector_stream2a-->PIPE               975.000 KB      

INFO::[ Vitis-EM 22 ] [Time elapsed: 482 minute(s) 17 seconds, Emulation time: 8.86536 ms]
Data transfer between kernel(s) and global memory(s)
q4_layer_ctrl:m_axi_scales-HBM[6]          RD = 0.984 KB               WR = 0.000 KB        
q4_layer_ctrl:m_axi_weight0a-HBM[8]          RD = 43342.500 KB           WR = 0.000 KB        
q4_layer_ctrl:m_axi_weight0b-HBM[9]          RD = 43342.500 KB           WR = 0.000 KB        
q4_layer_ctrl:m_axi_weight1a-HBM[10]          RD = 43342.500 KB           WR = 0.000 KB        
q4_layer_ctrl:m_axi_weight1b-HBM[11]          RD = 43342.500 KB           WR = 0.000 KB        
q4_layer_ctrl:m_axi_weight2a-HBM[12]          RD = 41038.500 KB           WR = 0.000 KB        
q4_layer_ctrl:m_axi_weight2b-HBM[13]          RD = 41038.500 KB           WR = 0.000 KB        
q4_layer_ctrl:m_axi_weight3a-HBM[14]          RD = 41038.500 KB           WR = 0.000 KB        
q4_layer_ctrl:m_axi_weight3b-HBM[15]          RD = 41038.500 KB           WR = 0.000 KB        
q4_layer_ctrl:m_axi_hidden_in-HBM[0]          RD = 264.000 KB             WR = 0.000 KB        
q4_layer_ctrl:m_axi_hidden_out-HBM[1]          RD = 0.000 KB               WR = 256.000 KB      
q4_layer_ctrl:m_axi_kv_k-HBM[2]          RD = 177.000 KB             WR = 33.000 KB       
q4_layer_ctrl:m_axi_kv_v-HBM[3]          RD = 177.000 KB             WR = 33.000 KB       
q4_layer_ctrl:m_axi_norm-HBM[4]          RD = 72.000 KB              WR = 0.000 KB        
q4_layer_ctrl:m_axi_rope-HBM[5]          RD = 264.000 KB             WR = 0.000 KB        

Data transfer on stream interfaces
q4_layer_ctrl:activation_stream0-->PIPE               5440.863 KB     
q4_layer_ctrl:activation_stream1-->PIPE               5440.863 KB     
PIPE-->q4_layer_ctrl:out_stream0               3184.125 KB     
q4_layer_ctrl:activation_stream2-->PIPE               5152.863 KB     
PIPE-->q4_layer_ctrl:out_stream1               3184.125 KB     
PIPE-->q4_layer_ctrl:out_stream2               2999.500 KB     
PIPE-->q4_layer_ctrl:out_stream3               2999.500 KB     
q4_layer_ctrl:task_stream0-->PIPE               9.969 KB        
q4_layer_ctrl:task_stream1-->PIPE               9.969 KB        
q4_layer_ctrl:task_stream2-->PIPE               9.344 KB        
q4_layer_ctrl:task_stream3-->PIPE               9.344 KB        
q4_layer_ctrl:vector_stream0a-->PIPE               1029.438 KB     
q4_layer_ctrl:vector_stream0b-->PIPE               925.438 KB      
q4_layer_ctrl:vector_stream1a-->PIPE               1029.438 KB     
q4_layer_ctrl:activation_stream3-->PIPE               5152.863 KB     
q4_layer_ctrl:vector_stream1b-->PIPE               925.438 KB      
q4_layer_ctrl:vector_stream2a-->PIPE               975.000 KB      

INFO::[ Vitis-EM 22 ] [Time elapsed: 483 minute(s) 16 seconds, Emulation time: 8.89081 ms]
Data transfer between kernel(s) and global memory(s)
q4_layer_ctrl:m_axi_scales-HBM[6]          RD = 0.984 KB               WR = 0.000 KB        
q4_layer_ctrl:m_axi_weight0a-HBM[8]          RD = 43488.000 KB           WR = 0.000 KB        
q4_layer_ctrl:m_axi_weight0b-HBM[9]          RD = 43488.000 KB           WR = 0.000 KB        
q4_layer_ctrl:m_axi_weight1a-HBM[10]          RD = 43488.000 KB           WR = 0.000 KB        
q4_layer_ctrl:m_axi_weight1b-HBM[11]          RD = 43488.000 KB           WR = 0.000 KB        
q4_layer_ctrl:m_axi_weight2a-HBM[12]          RD = 41184.000 KB           WR = 0.000 KB        
q4_layer_ctrl:m_axi_weight2b-HBM[13]          RD = 41184.000 KB           WR = 0.000 KB        
q4_layer_ctrl:m_axi_weight3a-HBM[14]          RD = 41184.000 KB           WR = 0.000 KB        
q4_layer_ctrl:m_axi_weight3b-HBM[15]          RD = 41184.000 KB           WR = 0.000 KB        
q4_layer_ctrl:m_axi_hidden_in-HBM[0]          RD = 264.000 KB             WR = 0.000 KB        
q4_layer_ctrl:m_axi_hidden_out-HBM[1]          RD = 0.000 KB               WR = 264.000 KB      
q4_layer_ctrl:m_axi_kv_k-HBM[2]          RD = 177.000 KB             WR = 33.000 KB       
q4_layer_ctrl:m_axi_kv_v-HBM[3]          RD = 177.000 KB             WR = 33.000 KB       
q4_layer_ctrl:m_axi_norm-HBM[4]          RD = 72.000 KB              WR = 0.000 KB        
q4_layer_ctrl:m_axi_rope-HBM[5]          RD = 264.000 KB             WR = 0.000 KB        

Data transfer on stream interfaces
q4_layer_ctrl:activation_stream0-->PIPE               5459.531 KB     
q4_layer_ctrl:activation_stream1-->PIPE               5459.531 KB     
PIPE-->q4_layer_ctrl:out_stream0               3194.625 KB     
q4_layer_ctrl:activation_stream2-->PIPE               5171.531 KB     
PIPE-->q4_layer_ctrl:out_stream1               3194.625 KB     
PIPE-->q4_layer_ctrl:out_stream2               3003.000 KB     
PIPE-->q4_layer_ctrl:out_stream3               3003.000 KB     
q4_layer_ctrl:task_stream0-->PIPE               9.984 KB        
q4_layer_ctrl:task_stream1-->PIPE               9.984 KB        
q4_layer_ctrl:task_stream2-->PIPE               9.344 KB        
q4_layer_ctrl:task_stream3-->PIPE               9.344 KB        
q4_layer_ctrl:vector_stream0a-->PIPE               1035.938 KB     
q4_layer_ctrl:vector_stream0b-->PIPE               931.938 KB      
q4_layer_ctrl:vector_stream1a-->PIPE               1035.938 KB     
q4_layer_ctrl:activation_stream3-->PIPE               5171.531 KB     
q4_layer_ctrl:vector_stream1b-->PIPE               931.938 KB      
q4_layer_ctrl:vector_stream2a-->PIPE               975.000 KB      

phase=prefill sequence_length=66 position=0 kv_context_length=0 block_size=8 blocks=9 tasks=639,639,598,598 opencl_event_us_not_device_time=2.89814e+10
INFO::[ Vitis-EM 22 ] [Time elapsed: 483 minute(s) 39 seconds, Emulation time: 8.91198 ms]
Data transfer between kernel(s) and global memory(s)
q4_layer_ctrl:m_axi_scales-HBM[6]          RD = 0.984 KB               WR = 0.000 KB        
q4_layer_ctrl:m_axi_weight0a-HBM[8]          RD = 43488.000 KB           WR = 0.000 KB        
q4_layer_ctrl:m_axi_weight0b-HBM[9]          RD = 43488.000 KB           WR = 0.000 KB        
q4_layer_ctrl:m_axi_weight1a-HBM[10]          RD = 43488.000 KB           WR = 0.000 KB        
q4_layer_ctrl:m_axi_weight1b-HBM[11]          RD = 43488.000 KB           WR = 0.000 KB        
q4_layer_ctrl:m_axi_weight2a-HBM[12]          RD = 41184.000 KB           WR = 0.000 KB        
q4_layer_ctrl:m_axi_weight2b-HBM[13]          RD = 41184.000 KB           WR = 0.000 KB        
q4_layer_ctrl:m_axi_weight3a-HBM[14]          RD = 41184.000 KB           WR = 0.000 KB        
q4_layer_ctrl:m_axi_weight3b-HBM[15]          RD = 41184.000 KB           WR = 0.000 KB        
q4_layer_ctrl:m_axi_hidden_in-HBM[0]          RD = 268.000 KB             WR = 0.000 KB        
q4_layer_ctrl:m_axi_hidden_out-HBM[1]          RD = 0.000 KB               WR = 264.000 KB      
q4_layer_ctrl:m_axi_kv_k-HBM[2]          RD = 177.000 KB             WR = 33.000 KB       
q4_layer_ctrl:m_axi_kv_v-HBM[3]          RD = 177.000 KB             WR = 33.000 KB       
q4_layer_ctrl:m_axi_norm-HBM[4]          RD = 76.000 KB              WR = 0.000 KB        
q4_layer_ctrl:m_axi_rope-HBM[5]          RD = 264.000 KB             WR = 0.000 KB        

Data transfer on stream interfaces
q4_layer_ctrl:activation_stream0-->PIPE               5459.531 KB     
q4_layer_ctrl:activation_stream1-->PIPE               5459.531 KB     
PIPE-->q4_layer_ctrl:out_stream0               3194.625 KB     
q4_layer_ctrl:activation_stream2-->PIPE               5171.531 KB     
PIPE-->q4_layer_ctrl:out_stream1               3194.625 KB     
PIPE-->q4_layer_ctrl:out_stream2               3003.000 KB     
PIPE-->q4_layer_ctrl:out_stream3               3003.000 KB     
q4_layer_ctrl:task_stream0-->PIPE               10.000 KB       
q4_layer_ctrl:task_stream1-->PIPE               9.984 KB        
q4_layer_ctrl:task_stream2-->PIPE               9.344 KB        
q4_layer_ctrl:task_stream3-->PIPE               9.344 KB        
q4_layer_ctrl:vector_stream0a-->PIPE               1037.867 KB     
q4_layer_ctrl:vector_stream0b-->PIPE               938.438 KB      
q4_layer_ctrl:vector_stream1a-->PIPE               1035.938 KB     
q4_layer_ctrl:activation_stream3-->PIPE               5171.531 KB     
q4_layer_ctrl:vector_stream1b-->PIPE               931.938 KB      
q4_layer_ctrl:vector_stream2a-->PIPE               975.000 KB      

INFO::[ Vitis-EM 22 ] [Time elapsed: 483 minute(s) 59 seconds, Emulation time: 8.93132 ms]
Data transfer between kernel(s) and global memory(s)
q4_layer_ctrl:m_axi_scales-HBM[6]          RD = 0.984 KB               WR = 0.000 KB        
q4_layer_ctrl:m_axi_weight0a-HBM[8]          RD = 43488.000 KB           WR = 0.000 KB        
q4_layer_ctrl:m_axi_weight0b-HBM[9]          RD = 43488.000 KB           WR = 0.000 KB        
q4_layer_ctrl:m_axi_weight1a-HBM[10]          RD = 43488.000 KB           WR = 0.000 KB        
q4_layer_ctrl:m_axi_weight1b-HBM[11]          RD = 43488.000 KB           WR = 0.000 KB        
q4_layer_ctrl:m_axi_weight2a-HBM[12]          RD = 41184.000 KB           WR = 0.000 KB        
q4_layer_ctrl:m_axi_weight2b-HBM[13]          RD = 41184.000 KB           WR = 0.000 KB        
q4_layer_ctrl:m_axi_weight3a-HBM[14]          RD = 41184.000 KB           WR = 0.000 KB        
q4_layer_ctrl:m_axi_weight3b-HBM[15]          RD = 41184.000 KB           WR = 0.000 KB        
q4_layer_ctrl:m_axi_hidden_in-HBM[0]          RD = 268.000 KB             WR = 0.000 KB        
q4_layer_ctrl:m_axi_hidden_out-HBM[1]          RD = 0.000 KB               WR = 264.000 KB      
q4_layer_ctrl:m_axi_kv_k-HBM[2]          RD = 177.000 KB             WR = 33.000 KB       
q4_layer_ctrl:m_axi_kv_v-HBM[3]          RD = 177.000 KB             WR = 33.000 KB       
q4_layer_ctrl:m_axi_norm-HBM[4]          RD = 76.000 KB              WR = 0.000 KB        
q4_layer_ctrl:m_axi_rope-HBM[5]          RD = 264.000 KB             WR = 0.000 KB        

Data transfer on stream interfaces
q4_layer_ctrl:activation_stream0-->PIPE               5459.531 KB     
q4_layer_ctrl:activation_stream1-->PIPE               5459.531 KB     
PIPE-->q4_layer_ctrl:out_stream0               3196.430 KB     
q4_layer_ctrl:activation_stream2-->PIPE               5171.531 KB     
PIPE-->q4_layer_ctrl:out_stream1               3194.625 KB     
PIPE-->q4_layer_ctrl:out_stream2               3003.000 KB     
PIPE-->q4_layer_ctrl:out_stream3               3003.000 KB     
q4_layer_ctrl:task_stream0-->PIPE               10.000 KB       
q4_layer_ctrl:task_stream1-->PIPE               9.984 KB        
q4_layer_ctrl:task_stream2-->PIPE               9.344 KB        
q4_layer_ctrl:task_stream3-->PIPE               9.344 KB        
q4_layer_ctrl:vector_stream0a-->PIPE               1042.438 KB     
q4_layer_ctrl:vector_stream0b-->PIPE               938.438 KB      
q4_layer_ctrl:vector_stream1a-->PIPE               1035.938 KB     
q4_layer_ctrl:activation_stream3-->PIPE               5171.531 KB     
q4_layer_ctrl:vector_stream1b-->PIPE               931.938 KB      
q4_layer_ctrl:vector_stream2a-->PIPE               975.000 KB      

INFO::[ Vitis-EM 22 ] [Time elapsed: 484 minute(s) 40 seconds, Emulation time: 8.95259 ms]
Data transfer between kernel(s) and global memory(s)
q4_layer_ctrl:m_axi_scales-HBM[6]          RD = 1.000 KB               WR = 0.000 KB        
q4_layer_ctrl:m_axi_weight0a-HBM[8]          RD = 43584.000 KB           WR = 0.000 KB        
q4_layer_ctrl:m_axi_weight0b-HBM[9]          RD = 43584.000 KB           WR = 0.000 KB        
q4_layer_ctrl:m_axi_weight1a-HBM[10]          RD = 43584.000 KB           WR = 0.000 KB        
q4_layer_ctrl:m_axi_weight1b-HBM[11]          RD = 43584.000 KB           WR = 0.000 KB        
q4_layer_ctrl:m_axi_weight2a-HBM[12]          RD = 41280.000 KB           WR = 0.000 KB        
q4_layer_ctrl:m_axi_weight2b-HBM[13]          RD = 41280.000 KB           WR = 0.000 KB        
q4_layer_ctrl:m_axi_weight3a-HBM[14]          RD = 41280.000 KB           WR = 0.000 KB        
q4_layer_ctrl:m_axi_weight3b-HBM[15]          RD = 41280.000 KB           WR = 0.000 KB        
q4_layer_ctrl:m_axi_hidden_in-HBM[0]          RD = 268.000 KB             WR = 0.000 KB        
q4_layer_ctrl:m_axi_hidden_out-HBM[1]          RD = 0.000 KB               WR = 264.000 KB      
q4_layer_ctrl:m_axi_kv_k-HBM[2]          RD = 177.000 KB             WR = 33.000 KB       
q4_layer_ctrl:m_axi_kv_v-HBM[3]          RD = 177.000 KB             WR = 33.000 KB       
q4_layer_ctrl:m_axi_norm-HBM[4]          RD = 76.000 KB              WR = 0.000 KB        
q4_layer_ctrl:m_axi_rope-HBM[5]          RD = 264.000 KB             WR = 0.000 KB        

Data transfer on stream interfaces
q4_layer_ctrl:activation_stream0-->PIPE               5471.082 KB     
q4_layer_ctrl:activation_stream1-->PIPE               5471.082 KB     
PIPE-->q4_layer_ctrl:out_stream0               3205.125 KB     
q4_layer_ctrl:activation_stream2-->PIPE               5183.082 KB     
PIPE-->q4_layer_ctrl:out_stream1               3198.125 KB     
PIPE-->q4_layer_ctrl:out_stream2               3006.500 KB     
PIPE-->q4_layer_ctrl:out_stream3               3006.500 KB     
q4_layer_ctrl:task_stream0-->PIPE               10.031 KB       
q4_layer_ctrl:task_stream1-->PIPE               10.016 KB       
q4_layer_ctrl:task_stream2-->PIPE               9.375 KB        
q4_layer_ctrl:task_stream3-->PIPE               9.375 KB        
q4_layer_ctrl:vector_stream0a-->PIPE               1042.438 KB     
q4_layer_ctrl:vector_stream0b-->PIPE               938.438 KB      
q4_layer_ctrl:vector_stream1a-->PIPE               1035.938 KB     
q4_layer_ctrl:activation_stream3-->PIPE               5183.082 KB     
q4_layer_ctrl:vector_stream1b-->PIPE               931.938 KB      
q4_layer_ctrl:vector_stream2a-->PIPE               975.000 KB      

INFO::[ Vitis-EM 22 ] [Time elapsed: 487 minute(s) 26 seconds, Emulation time: 9.04168 ms]
Data transfer between kernel(s) and global memory(s)
q4_layer_ctrl:m_axi_scales-HBM[6]          RD = 1.047 KB               WR = 0.000 KB        
q4_layer_ctrl:m_axi_weight0a-HBM[8]          RD = 43955.500 KB           WR = 0.000 KB        
q4_layer_ctrl:m_axi_weight0b-HBM[9]          RD = 43955.500 KB           WR = 0.000 KB        
q4_layer_ctrl:m_axi_weight1a-HBM[10]          RD = 43955.500 KB           WR = 0.000 KB        
q4_layer_ctrl:m_axi_weight1b-HBM[11]          RD = 43955.500 KB           WR = 0.000 KB        
q4_layer_ctrl:m_axi_weight2a-HBM[12]          RD = 41523.500 KB           WR = 0.000 KB        
q4_layer_ctrl:m_axi_weight2b-HBM[13]          RD = 41523.500 KB           WR = 0.000 KB        
q4_layer_ctrl:m_axi_weight3a-HBM[14]          RD = 41523.500 KB           WR = 0.000 KB        
q4_layer_ctrl:m_axi_weight3b-HBM[15]          RD = 41523.500 KB           WR = 0.000 KB        
q4_layer_ctrl:m_axi_hidden_in-HBM[0]          RD = 268.000 KB             WR = 0.000 KB        
q4_layer_ctrl:m_axi_hidden_out-HBM[1]          RD = 0.000 KB               WR = 264.000 KB      
q4_layer_ctrl:m_axi_kv_k-HBM[2]          RD = 210.500 KB             WR = 33.500 KB       
q4_layer_ctrl:m_axi_kv_v-HBM[3]          RD = 210.500 KB             WR = 33.500 KB       
q4_layer_ctrl:m_axi_norm-HBM[4]          RD = 76.000 KB              WR = 0.000 KB        
q4_layer_ctrl:m_axi_rope-HBM[5]          RD = 268.000 KB             WR = 0.000 KB        

Data transfer on stream interfaces
q4_layer_ctrl:activation_stream0-->PIPE               5518.289 KB     
q4_layer_ctrl:activation_stream1-->PIPE               5518.289 KB     
PIPE-->q4_layer_ctrl:out_stream0               3233.125 KB     
q4_layer_ctrl:activation_stream2-->PIPE               5213.527 KB     
PIPE-->q4_layer_ctrl:out_stream1               3226.125 KB     
PIPE-->q4_layer_ctrl:out_stream2               3020.500 KB     
PIPE-->q4_layer_ctrl:out_stream3               3020.500 KB     
q4_layer_ctrl:task_stream0-->PIPE               10.156 KB       
q4_layer_ctrl:task_stream1-->PIPE               10.141 KB       
q4_layer_ctrl:task_stream2-->PIPE               9.438 KB        
q4_layer_ctrl:task_stream3-->PIPE               9.438 KB        
q4_layer_ctrl:vector_stream0a-->PIPE               1042.438 KB     
q4_layer_ctrl:vector_stream0b-->PIPE               938.438 KB      
q4_layer_ctrl:vector_stream1a-->PIPE               1035.938 KB     
q4_layer_ctrl:activation_stream3-->PIPE               5213.527 KB     
q4_layer_ctrl:vector_stream1b-->PIPE               931.938 KB      
q4_layer_ctrl:vector_stream2a-->PIPE               975.000 KB      

INFO::[ Vitis-EM 22 ] [Time elapsed: 487 minute(s) 45 seconds, Emulation time: 9.04671 ms]
Data transfer between kernel(s) and global memory(s)
q4_layer_ctrl:m_axi_scales-HBM[6]          RD = 1.047 KB               WR = 0.000 KB        
q4_layer_ctrl:m_axi_weight0a-HBM[8]          RD = 44000.000 KB           WR = 0.000 KB        
q4_layer_ctrl:m_axi_weight0b-HBM[9]          RD = 44000.000 KB           WR = 0.000 KB        
q4_layer_ctrl:m_axi_weight1a-HBM[10]          RD = 44000.000 KB           WR = 0.000 KB        
q4_layer_ctrl:m_axi_weight1b-HBM[11]          RD = 44000.000 KB           WR = 0.000 KB        
q4_layer_ctrl:m_axi_weight2a-HBM[12]          RD = 41568.000 KB           WR = 0.000 KB        
q4_layer_ctrl:m_axi_weight2b-HBM[13]          RD = 41568.000 KB           WR = 0.000 KB        
q4_layer_ctrl:m_axi_weight3a-HBM[14]          RD = 41568.000 KB           WR = 0.000 KB        
q4_layer_ctrl:m_axi_weight3b-HBM[15]          RD = 41568.000 KB           WR = 0.000 KB        
q4_layer_ctrl:m_axi_hidden_in-HBM[0]          RD = 268.000 KB             WR = 0.000 KB        
q4_layer_ctrl:m_axi_hidden_out-HBM[1]          RD = 0.000 KB               WR = 264.000 KB      
q4_layer_ctrl:m_axi_kv_k-HBM[2]          RD = 210.500 KB             WR = 33.500 KB       
q4_layer_ctrl:m_axi_kv_v-HBM[3]          RD = 210.500 KB             WR = 33.500 KB       
q4_layer_ctrl:m_axi_norm-HBM[4]          RD = 76.000 KB              WR = 0.000 KB        
q4_layer_ctrl:m_axi_rope-HBM[5]          RD = 268.000 KB             WR = 0.000 KB        

Data transfer on stream interfaces
q4_layer_ctrl:activation_stream0-->PIPE               5524.176 KB     
q4_layer_ctrl:activation_stream1-->PIPE               5524.176 KB     
PIPE-->q4_layer_ctrl:out_stream0               3233.125 KB     
q4_layer_ctrl:activation_stream2-->PIPE               5219.414 KB     
PIPE-->q4_layer_ctrl:out_stream1               3226.125 KB     
PIPE-->q4_layer_ctrl:out_stream2               3020.500 KB     
PIPE-->q4_layer_ctrl:out_stream3               3020.500 KB     
q4_layer_ctrl:task_stream0-->PIPE               10.156 KB       
q4_layer_ctrl:task_stream1-->PIPE               10.141 KB       
q4_layer_ctrl:task_stream2-->PIPE               9.438 KB        
q4_layer_ctrl:task_stream3-->PIPE               9.438 KB        
q4_layer_ctrl:vector_stream0a-->PIPE               1042.438 KB     
q4_layer_ctrl:vector_stream0b-->PIPE               938.438 KB      
q4_layer_ctrl:vector_stream1a-->PIPE               1035.938 KB     
q4_layer_ctrl:activation_stream3-->PIPE               5219.414 KB     
q4_layer_ctrl:vector_stream1b-->PIPE               931.938 KB      
q4_layer_ctrl:vector_stream2a-->PIPE               975.000 KB      

INFO::[ Vitis-EM 22 ] [Time elapsed: 487 minute(s) 56 seconds, Emulation time: 9.04972 ms]
Data transfer between kernel(s) and global memory(s)
q4_layer_ctrl:m_axi_scales-HBM[6]          RD = 1.047 KB               WR = 0.000 KB        
q4_layer_ctrl:m_axi_weight0a-HBM[8]          RD = 44029.000 KB           WR = 0.000 KB        
q4_layer_ctrl:m_axi_weight0b-HBM[9]          RD = 44029.000 KB           WR = 0.000 KB        
q4_layer_ctrl:m_axi_weight1a-HBM[10]          RD = 44029.000 KB           WR = 0.000 KB        
q4_layer_ctrl:m_axi_weight1b-HBM[11]          RD = 44029.000 KB           WR = 0.000 KB        
q4_layer_ctrl:m_axi_weight2a-HBM[12]          RD = 41597.000 KB           WR = 0.000 KB        
q4_layer_ctrl:m_axi_weight2b-HBM[13]          RD = 41597.000 KB           WR = 0.000 KB        
q4_layer_ctrl:m_axi_weight3a-HBM[14]          RD = 41597.000 KB           WR = 0.000 KB        
q4_layer_ctrl:m_axi_weight3b-HBM[15]          RD = 41597.000 KB           WR = 0.000 KB        
q4_layer_ctrl:m_axi_hidden_in-HBM[0]          RD = 268.000 KB             WR = 0.000 KB        
q4_layer_ctrl:m_axi_hidden_out-HBM[1]          RD = 0.000 KB               WR = 264.000 KB      
q4_layer_ctrl:m_axi_kv_k-HBM[2]          RD = 210.500 KB             WR = 33.500 KB       
q4_layer_ctrl:m_axi_kv_v-HBM[3]          RD = 210.500 KB             WR = 33.500 KB       
q4_layer_ctrl:m_axi_norm-HBM[4]          RD = 76.000 KB              WR = 0.000 KB        
q4_layer_ctrl:m_axi_rope-HBM[5]          RD = 268.000 KB             WR = 0.000 KB        

Data transfer on stream interfaces
q4_layer_ctrl:activation_stream0-->PIPE               5527.422 KB     
q4_layer_ctrl:activation_stream1-->PIPE               5527.422 KB     
PIPE-->q4_layer_ctrl:out_stream0               3236.625 KB     
q4_layer_ctrl:activation_stream2-->PIPE               5222.660 KB     
PIPE-->q4_layer_ctrl:out_stream1               3229.625 KB     
PIPE-->q4_layer_ctrl:out_stream2               3024.000 KB     
PIPE-->q4_layer_ctrl:out_stream3               3024.000 KB     
q4_layer_ctrl:task_stream0-->PIPE               10.172 KB       
q4_layer_ctrl:task_stream1-->PIPE               10.156 KB       
q4_layer_ctrl:task_stream2-->PIPE               9.453 KB        
q4_layer_ctrl:task_stream3-->PIPE               9.453 KB        
q4_layer_ctrl:vector_stream0a-->PIPE               1042.438 KB     
q4_layer_ctrl:vector_stream0b-->PIPE               938.438 KB      
q4_layer_ctrl:vector_stream1a-->PIPE               1035.938 KB     
q4_layer_ctrl:activation_stream3-->PIPE               5222.660 KB     
q4_layer_ctrl:vector_stream1b-->PIPE               931.938 KB      
q4_layer_ctrl:vector_stream2a-->PIPE               975.000 KB      

INFO::[ Vitis-EM 22 ] [Time elapsed: 488 minute(s) 23 seconds, Emulation time: 9.05776 ms]
Data transfer between kernel(s) and global memory(s)
q4_layer_ctrl:m_axi_scales-HBM[6]          RD = 1.047 KB               WR = 0.000 KB        
q4_layer_ctrl:m_axi_weight0a-HBM[8]          RD = 44102.000 KB           WR = 0.000 KB        
q4_layer_ctrl:m_axi_weight0b-HBM[9]          RD = 44102.000 KB           WR = 0.000 KB        
q4_layer_ctrl:m_axi_weight1a-HBM[10]          RD = 44102.000 KB           WR = 0.000 KB        
q4_layer_ctrl:m_axi_weight1b-HBM[11]          RD = 44102.000 KB           WR = 0.000 KB        
q4_layer_ctrl:m_axi_weight2a-HBM[12]          RD = 41670.000 KB           WR = 0.000 KB        
q4_layer_ctrl:m_axi_weight2b-HBM[13]          RD = 41670.000 KB           WR = 0.000 KB        
q4_layer_ctrl:m_axi_weight3a-HBM[14]          RD = 41670.000 KB           WR = 0.000 KB        
q4_layer_ctrl:m_axi_weight3b-HBM[15]          RD = 41670.000 KB           WR = 0.000 KB        
q4_layer_ctrl:m_axi_hidden_in-HBM[0]          RD = 268.000 KB             WR = 0.000 KB        
q4_layer_ctrl:m_axi_hidden_out-HBM[1]          RD = 0.000 KB               WR = 264.000 KB      
q4_layer_ctrl:m_axi_kv_k-HBM[2]          RD = 210.500 KB             WR = 33.500 KB       
q4_layer_ctrl:m_axi_kv_v-HBM[3]          RD = 210.500 KB             WR = 33.500 KB       
q4_layer_ctrl:m_axi_norm-HBM[4]          RD = 76.000 KB              WR = 0.000 KB        
q4_layer_ctrl:m_axi_rope-HBM[5]          RD = 268.000 KB             WR = 0.000 KB        

Data transfer on stream interfaces
q4_layer_ctrl:activation_stream0-->PIPE               5536.551 KB     
q4_layer_ctrl:activation_stream1-->PIPE               5536.551 KB     
PIPE-->q4_layer_ctrl:out_stream0               3240.125 KB     
q4_layer_ctrl:activation_stream2-->PIPE               5231.789 KB     
PIPE-->q4_layer_ctrl:out_stream1               3233.125 KB     
PIPE-->q4_layer_ctrl:out_stream2               3027.500 KB     
PIPE-->q4_layer_ctrl:out_stream3               3027.500 KB     
q4_layer_ctrl:task_stream0-->PIPE               10.188 KB       
q4_layer_ctrl:task_stream1-->PIPE               10.172 KB       
q4_layer_ctrl:task_stream2-->PIPE               9.469 KB        
q4_layer_ctrl:task_stream3-->PIPE               9.469 KB        
q4_layer_ctrl:vector_stream0a-->PIPE               1042.438 KB     
q4_layer_ctrl:vector_stream0b-->PIPE               938.438 KB      
q4_layer_ctrl:vector_stream1a-->PIPE               1035.938 KB     
q4_layer_ctrl:activation_stream3-->PIPE               5231.789 KB     
q4_layer_ctrl:vector_stream1b-->PIPE               931.938 KB      
q4_layer_ctrl:vector_stream2a-->PIPE               975.000 KB      

INFO::[ Vitis-EM 22 ] [Time elapsed: 488 minute(s) 36 seconds, Emulation time: 9.0618 ms]
Data transfer between kernel(s) and global memory(s)
q4_layer_ctrl:m_axi_scales-HBM[6]          RD = 1.047 KB               WR = 0.000 KB        
q4_layer_ctrl:m_axi_weight0a-HBM[8]          RD = 44128.000 KB           WR = 0.000 KB        
q4_layer_ctrl:m_axi_weight0b-HBM[9]          RD = 44128.000 KB           WR = 0.000 KB        
q4_layer_ctrl:m_axi_weight1a-HBM[10]          RD = 44128.000 KB           WR = 0.000 KB        
q4_layer_ctrl:m_axi_weight1b-HBM[11]          RD = 44128.000 KB           WR = 0.000 KB        
q4_layer_ctrl:m_axi_weight2a-HBM[12]          RD = 41696.000 KB           WR = 0.000 KB        
q4_layer_ctrl:m_axi_weight2b-HBM[13]          RD = 41696.000 KB           WR = 0.000 KB        
q4_layer_ctrl:m_axi_weight3a-HBM[14]          RD = 41696.000 KB           WR = 0.000 KB        
q4_layer_ctrl:m_axi_weight3b-HBM[15]          RD = 41696.000 KB           WR = 0.000 KB        
q4_layer_ctrl:m_axi_hidden_in-HBM[0]          RD = 268.000 KB             WR = 0.000 KB        
q4_layer_ctrl:m_axi_hidden_out-HBM[1]          RD = 0.000 KB               WR = 264.000 KB      
q4_layer_ctrl:m_axi_kv_k-HBM[2]          RD = 210.500 KB             WR = 33.500 KB       
q4_layer_ctrl:m_axi_kv_v-HBM[3]          RD = 210.500 KB             WR = 33.500 KB       
q4_layer_ctrl:m_axi_norm-HBM[4]          RD = 76.000 KB              WR = 0.000 KB        
q4_layer_ctrl:m_axi_rope-HBM[5]          RD = 268.000 KB             WR = 0.000 KB        

Data transfer on stream interfaces
q4_layer_ctrl:activation_stream0-->PIPE               5540.293 KB     
q4_layer_ctrl:activation_stream1-->PIPE               5540.293 KB     
PIPE-->q4_layer_ctrl:out_stream0               3243.625 KB     
q4_layer_ctrl:activation_stream2-->PIPE               5235.531 KB     
PIPE-->q4_layer_ctrl:out_stream1               3236.625 KB     
PIPE-->q4_layer_ctrl:out_stream2               3031.000 KB     
PIPE-->q4_layer_ctrl:out_stream3               3031.000 KB     
q4_layer_ctrl:task_stream0-->PIPE               10.188 KB       
q4_layer_ctrl:task_stream1-->PIPE               10.172 KB       
q4_layer_ctrl:task_stream2-->PIPE               9.469 KB        
q4_layer_ctrl:task_stream3-->PIPE               9.469 KB        
q4_layer_ctrl:vector_stream0a-->PIPE               1042.438 KB     
q4_layer_ctrl:vector_stream0b-->PIPE               938.438 KB      
q4_layer_ctrl:vector_stream1a-->PIPE               1035.938 KB     
q4_layer_ctrl:activation_stream3-->PIPE               5235.531 KB     
q4_layer_ctrl:vector_stream1b-->PIPE               931.938 KB      
q4_layer_ctrl:vector_stream2a-->PIPE               975.000 KB      

INFO::[ Vitis-EM 22 ] [Time elapsed: 489 minute(s) 3 seconds, Emulation time: 9.07905 ms]
Data transfer between kernel(s) and global memory(s)
q4_layer_ctrl:m_axi_scales-HBM[6]          RD = 1.047 KB               WR = 0.000 KB        
q4_layer_ctrl:m_axi_weight0a-HBM[8]          RD = 44128.000 KB           WR = 0.000 KB        
q4_layer_ctrl:m_axi_weight0b-HBM[9]          RD = 44128.000 KB           WR = 0.000 KB        
q4_layer_ctrl:m_axi_weight1a-HBM[10]          RD = 44128.000 KB           WR = 0.000 KB        
q4_layer_ctrl:m_axi_weight1b-HBM[11]          RD = 44128.000 KB           WR = 0.000 KB        
q4_layer_ctrl:m_axi_weight2a-HBM[12]          RD = 41696.000 KB           WR = 0.000 KB        
q4_layer_ctrl:m_axi_weight2b-HBM[13]          RD = 41696.000 KB           WR = 0.000 KB        
q4_layer_ctrl:m_axi_weight3a-HBM[14]          RD = 41696.000 KB           WR = 0.000 KB        
q4_layer_ctrl:m_axi_weight3b-HBM[15]          RD = 41696.000 KB           WR = 0.000 KB        
q4_layer_ctrl:m_axi_hidden_in-HBM[0]          RD = 268.000 KB             WR = 0.000 KB        
q4_layer_ctrl:m_axi_hidden_out-HBM[1]          RD = 0.000 KB               WR = 264.000 KB      
q4_layer_ctrl:m_axi_kv_k-HBM[2]          RD = 210.500 KB             WR = 33.500 KB       
q4_layer_ctrl:m_axi_kv_v-HBM[3]          RD = 210.500 KB             WR = 33.500 KB       
q4_layer_ctrl:m_axi_norm-HBM[4]          RD = 80.000 KB              WR = 0.000 KB        
q4_layer_ctrl:m_axi_rope-HBM[5]          RD = 268.000 KB             WR = 0.000 KB        

Data transfer on stream interfaces
q4_layer_ctrl:activation_stream0-->PIPE               5540.293 KB     
q4_layer_ctrl:activation_stream1-->PIPE               5540.293 KB     
PIPE-->q4_layer_ctrl:out_stream0               3245.375 KB     
q4_layer_ctrl:activation_stream2-->PIPE               5235.531 KB     
PIPE-->q4_layer_ctrl:out_stream1               3238.375 KB     
PIPE-->q4_layer_ctrl:out_stream2               3032.750 KB     
PIPE-->q4_layer_ctrl:out_stream3               3032.750 KB     
q4_layer_ctrl:task_stream0-->PIPE               10.219 KB       
q4_layer_ctrl:task_stream1-->PIPE               10.188 KB       
q4_layer_ctrl:task_stream2-->PIPE               9.484 KB        
q4_layer_ctrl:task_stream3-->PIPE               9.484 KB        
q4_layer_ctrl:vector_stream0a-->PIPE               1046.195 KB     
q4_layer_ctrl:vector_stream0b-->PIPE               946.562 KB      
q4_layer_ctrl:vector_stream1a-->PIPE               1037.562 KB     
q4_layer_ctrl:activation_stream3-->PIPE               5235.531 KB     
q4_layer_ctrl:vector_stream1b-->PIPE               933.562 KB      
q4_layer_ctrl:vector_stream2a-->PIPE               976.625 KB      

INFO::[ Vitis-EM 22 ] [Time elapsed: 489 minute(s) 16 seconds, Emulation time: 9.08717 ms]
Data transfer between kernel(s) and global memory(s)
q4_layer_ctrl:m_axi_scales-HBM[6]          RD = 1.047 KB               WR = 0.000 KB        
q4_layer_ctrl:m_axi_weight0a-HBM[8]          RD = 44128.000 KB           WR = 0.000 KB        
q4_layer_ctrl:m_axi_weight0b-HBM[9]          RD = 44128.000 KB           WR = 0.000 KB        
q4_layer_ctrl:m_axi_weight1a-HBM[10]          RD = 44128.000 KB           WR = 0.000 KB        
q4_layer_ctrl:m_axi_weight1b-HBM[11]          RD = 44128.000 KB           WR = 0.000 KB        
q4_layer_ctrl:m_axi_weight2a-HBM[12]          RD = 41696.000 KB           WR = 0.000 KB        
q4_layer_ctrl:m_axi_weight2b-HBM[13]          RD = 41696.000 KB           WR = 0.000 KB        
q4_layer_ctrl:m_axi_weight3a-HBM[14]          RD = 41696.000 KB           WR = 0.000 KB        
q4_layer_ctrl:m_axi_weight3b-HBM[15]          RD = 41696.000 KB           WR = 0.000 KB        
q4_layer_ctrl:m_axi_hidden_in-HBM[0]          RD = 268.000 KB             WR = 0.000 KB        
q4_layer_ctrl:m_axi_hidden_out-HBM[1]          RD = 0.000 KB               WR = 264.000 KB      
q4_layer_ctrl:m_axi_kv_k-HBM[2]          RD = 210.500 KB             WR = 33.500 KB       
q4_layer_ctrl:m_axi_kv_v-HBM[3]          RD = 210.500 KB             WR = 33.500 KB       
q4_layer_ctrl:m_axi_norm-HBM[4]          RD = 80.000 KB              WR = 0.000 KB        
q4_layer_ctrl:m_axi_rope-HBM[5]          RD = 268.000 KB             WR = 0.000 KB        

Data transfer on stream interfaces
q4_layer_ctrl:activation_stream0-->PIPE               5540.293 KB     
q4_layer_ctrl:activation_stream1-->PIPE               5540.293 KB     
PIPE-->q4_layer_ctrl:out_stream0               3245.375 KB     
q4_layer_ctrl:activation_stream2-->PIPE               5235.531 KB     
PIPE-->q4_layer_ctrl:out_stream1               3238.375 KB     
PIPE-->q4_layer_ctrl:out_stream2               3032.750 KB     
PIPE-->q4_layer_ctrl:out_stream3               3032.750 KB     
q4_layer_ctrl:task_stream0-->PIPE               10.219 KB       
q4_layer_ctrl:task_stream1-->PIPE               10.188 KB       
q4_layer_ctrl:task_stream2-->PIPE               9.484 KB        
q4_layer_ctrl:task_stream3-->PIPE               9.484 KB        
q4_layer_ctrl:vector_stream0a-->PIPE               1050.562 KB     
q4_layer_ctrl:vector_stream0b-->PIPE               946.562 KB      
q4_layer_ctrl:vector_stream1a-->PIPE               1037.562 KB     
q4_layer_ctrl:activation_stream3-->PIPE               5235.531 KB     
q4_layer_ctrl:vector_stream1b-->PIPE               933.562 KB      
q4_layer_ctrl:vector_stream2a-->PIPE               976.625 KB      

INFO::[ Vitis-EM 22 ] [Time elapsed: 489 minute(s) 28 seconds, Emulation time: 9.09736 ms]
Data transfer between kernel(s) and global memory(s)
q4_layer_ctrl:m_axi_scales-HBM[6]          RD = 1.047 KB               WR = 0.000 KB        
q4_layer_ctrl:m_axi_weight0a-HBM[8]          RD = 44128.000 KB           WR = 0.000 KB        
q4_layer_ctrl:m_axi_weight0b-HBM[9]          RD = 44128.000 KB           WR = 0.000 KB        
q4_layer_ctrl:m_axi_weight1a-HBM[10]          RD = 44128.000 KB           WR = 0.000 KB        
q4_layer_ctrl:m_axi_weight1b-HBM[11]          RD = 44128.000 KB           WR = 0.000 KB        
q4_layer_ctrl:m_axi_weight2a-HBM[12]          RD = 41696.000 KB           WR = 0.000 KB        
q4_layer_ctrl:m_axi_weight2b-HBM[13]          RD = 41696.000 KB           WR = 0.000 KB        
q4_layer_ctrl:m_axi_weight3a-HBM[14]          RD = 41696.000 KB           WR = 0.000 KB        
q4_layer_ctrl:m_axi_weight3b-HBM[15]          RD = 41696.000 KB           WR = 0.000 KB        
q4_layer_ctrl:m_axi_hidden_in-HBM[0]          RD = 268.000 KB             WR = 0.000 KB        
q4_layer_ctrl:m_axi_hidden_out-HBM[1]          RD = 0.000 KB               WR = 264.000 KB      
q4_layer_ctrl:m_axi_kv_k-HBM[2]          RD = 210.500 KB             WR = 33.500 KB       
q4_layer_ctrl:m_axi_kv_v-HBM[3]          RD = 210.500 KB             WR = 33.500 KB       
q4_layer_ctrl:m_axi_norm-HBM[4]          RD = 80.000 KB              WR = 0.000 KB        
q4_layer_ctrl:m_axi_rope-HBM[5]          RD = 268.000 KB             WR = 0.000 KB        

Data transfer on stream interfaces
q4_layer_ctrl:activation_stream0-->PIPE               5540.293 KB     
q4_layer_ctrl:activation_stream1-->PIPE               5540.293 KB     
PIPE-->q4_layer_ctrl:out_stream0               3246.797 KB     
q4_layer_ctrl:activation_stream2-->PIPE               5235.531 KB     
PIPE-->q4_layer_ctrl:out_stream1               3238.375 KB     
PIPE-->q4_layer_ctrl:out_stream2               3032.750 KB     
PIPE-->q4_layer_ctrl:out_stream3               3032.750 KB     
q4_layer_ctrl:task_stream0-->PIPE               10.219 KB       
q4_layer_ctrl:task_stream1-->PIPE               10.188 KB       
q4_layer_ctrl:task_stream2-->PIPE               9.484 KB        
q4_layer_ctrl:task_stream3-->PIPE               9.484 KB        
q4_layer_ctrl:vector_stream0a-->PIPE               1050.562 KB     
q4_layer_ctrl:vector_stream0b-->PIPE               946.562 KB      
q4_layer_ctrl:vector_stream1a-->PIPE               1037.562 KB     
q4_layer_ctrl:activation_stream3-->PIPE               5235.531 KB     
q4_layer_ctrl:vector_stream1b-->PIPE               933.562 KB      
q4_layer_ctrl:vector_stream2a-->PIPE               976.625 KB      

INFO::[ Vitis-EM 22 ] [Time elapsed: 505 minute(s) 2 seconds, Emulation time: 9.43798 ms]
Data transfer between kernel(s) and global memory(s)
q4_layer_ctrl:m_axi_scales-HBM[6]          RD = 1.078 KB               WR = 0.000 KB        
q4_layer_ctrl:m_axi_weight0a-HBM[8]          RD = 46944.000 KB           WR = 0.000 KB        
q4_layer_ctrl:m_axi_weight0b-HBM[9]          RD = 46944.000 KB           WR = 0.000 KB        
q4_layer_ctrl:m_axi_weight1a-HBM[10]          RD = 46944.000 KB           WR = 0.000 KB        
q4_layer_ctrl:m_axi_weight1b-HBM[11]          RD = 46944.000 KB           WR = 0.000 KB        
q4_layer_ctrl:m_axi_weight2a-HBM[12]          RD = 44384.000 KB           WR = 0.000 KB        
q4_layer_ctrl:m_axi_weight2b-HBM[13]          RD = 44384.000 KB           WR = 0.000 KB        
q4_layer_ctrl:m_axi_weight3a-HBM[14]          RD = 44384.000 KB           WR = 0.000 KB        
q4_layer_ctrl:m_axi_weight3b-HBM[15]          RD = 44384.000 KB           WR = 0.000 KB        
q4_layer_ctrl:m_axi_hidden_in-HBM[0]          RD = 268.000 KB             WR = 0.000 KB        
q4_layer_ctrl:m_axi_hidden_out-HBM[1]          RD = 0.000 KB               WR = 264.000 KB      
q4_layer_ctrl:m_axi_kv_k-HBM[2]          RD = 210.500 KB             WR = 33.500 KB       
q4_layer_ctrl:m_axi_kv_v-HBM[3]          RD = 210.500 KB             WR = 33.500 KB       
q4_layer_ctrl:m_axi_norm-HBM[4]          RD = 80.000 KB              WR = 0.000 KB        
q4_layer_ctrl:m_axi_rope-HBM[5]          RD = 268.000 KB             WR = 0.000 KB        

Data transfer on stream interfaces
q4_layer_ctrl:activation_stream0-->PIPE               5892.293 KB     
q4_layer_ctrl:activation_stream1-->PIPE               5892.293 KB     
PIPE-->q4_layer_ctrl:out_stream0               3411.406 KB     
q4_layer_ctrl:activation_stream2-->PIPE               5571.531 KB     
PIPE-->q4_layer_ctrl:out_stream1               3397.406 KB     
PIPE-->q4_layer_ctrl:out_stream2               3184.781 KB     
PIPE-->q4_layer_ctrl:out_stream3               3184.781 KB     
q4_layer_ctrl:task_stream0-->PIPE               10.922 KB       
q4_layer_ctrl:task_stream1-->PIPE               10.891 KB       
q4_layer_ctrl:task_stream2-->PIPE               10.156 KB       
q4_layer_ctrl:task_stream3-->PIPE               10.156 KB       
q4_layer_ctrl:vector_stream0a-->PIPE               1057.316 KB     
q4_layer_ctrl:vector_stream0b-->PIPE               953.316 KB      
q4_layer_ctrl:vector_stream1a-->PIPE               1044.316 KB     
q4_layer_ctrl:activation_stream3-->PIPE               5571.531 KB     
q4_layer_ctrl:vector_stream1b-->PIPE               940.316 KB      
q4_layer_ctrl:vector_stream2a-->PIPE               983.379 KB      

INFO::[ Vitis-EM 22 ] [Time elapsed: 512 minute(s) 3 seconds, Emulation time: 9.6045 ms]
Data transfer between kernel(s) and global memory(s)
q4_layer_ctrl:m_axi_scales-HBM[6]          RD = 1.094 KB               WR = 0.000 KB        
q4_layer_ctrl:m_axi_weight0a-HBM[8]          RD = 48320.000 KB           WR = 0.000 KB        
q4_layer_ctrl:m_axi_weight0b-HBM[9]          RD = 48320.000 KB           WR = 0.000 KB        
q4_layer_ctrl:m_axi_weight1a-HBM[10]          RD = 48320.000 KB           WR = 0.000 KB        
q4_layer_ctrl:m_axi_weight1b-HBM[11]          RD = 48320.000 KB           WR = 0.000 KB        
q4_layer_ctrl:m_axi_weight2a-HBM[12]          RD = 45760.000 KB           WR = 0.000 KB        
q4_layer_ctrl:m_axi_weight2b-HBM[13]          RD = 45760.000 KB           WR = 0.000 KB        
q4_layer_ctrl:m_axi_weight3a-HBM[14]          RD = 45760.000 KB           WR = 0.000 KB        
q4_layer_ctrl:m_axi_weight3b-HBM[15]          RD = 45760.000 KB           WR = 0.000 KB        
q4_layer_ctrl:m_axi_hidden_in-HBM[0]          RD = 268.000 KB             WR = 0.000 KB        
q4_layer_ctrl:m_axi_hidden_out-HBM[1]          RD = 0.000 KB               WR = 268.000 KB      
q4_layer_ctrl:m_axi_kv_k-HBM[2]          RD = 210.500 KB             WR = 33.500 KB       
q4_layer_ctrl:m_axi_kv_v-HBM[3]          RD = 210.500 KB             WR = 33.500 KB       
q4_layer_ctrl:m_axi_norm-HBM[4]          RD = 80.000 KB              WR = 0.000 KB        
q4_layer_ctrl:m_axi_rope-HBM[5]          RD = 268.000 KB             WR = 0.000 KB        

Data transfer on stream interfaces
q4_layer_ctrl:activation_stream0-->PIPE               6064.293 KB     
q4_layer_ctrl:activation_stream1-->PIPE               6064.293 KB     
PIPE-->q4_layer_ctrl:out_stream0               3431.531 KB     
q4_layer_ctrl:activation_stream2-->PIPE               5743.531 KB     
PIPE-->q4_layer_ctrl:out_stream1               3417.531 KB     
PIPE-->q4_layer_ctrl:out_stream2               3204.906 KB     
PIPE-->q4_layer_ctrl:out_stream3               3204.906 KB     
q4_layer_ctrl:task_stream0-->PIPE               11.000 KB       
q4_layer_ctrl:task_stream1-->PIPE               10.969 KB       
q4_layer_ctrl:task_stream2-->PIPE               10.234 KB       
q4_layer_ctrl:task_stream3-->PIPE               10.234 KB       
q4_layer_ctrl:vector_stream0a-->PIPE               1060.922 KB     
q4_layer_ctrl:vector_stream0b-->PIPE               956.922 KB      
q4_layer_ctrl:vector_stream1a-->PIPE               1047.922 KB     
q4_layer_ctrl:activation_stream3-->PIPE               5743.531 KB     
q4_layer_ctrl:vector_stream1b-->PIPE               943.922 KB      
q4_layer_ctrl:vector_stream2a-->PIPE               986.984 KB      

phase=decode sequence_length=1 position=66 kv_context_length=66 block_size=8 blocks=1 tasks=65,63,57,57 opencl_event_us_not_device_time=1.72717e+09
numerical_dump=/home/wt/git/achieve/llm_fpga_active_studies/quantized_layer_integration_20260927_110109_m1ZkO1/w4/pipeline/evaluation/w4/actual_outputs.tsv validation=post_inference_pending
Q4 FULL-LAYER HW EMU PASS prefill=66 decode=1 block_size=8 weight_mode=random controller_owned_kv=1 host_intermediate_compute=0 prefill_checksum=11753421808208372082 decode_checksum=5957608185316055431

 socket connect is not established/broken 
INFO: [HW-EMU 06-0] Waiting for the simulator process to exit
INFO: [HW-EMU 06-1] All the simulator processes exited successfully
INFO: [HW-EMU 07-0] Please refer the path "/home/wt/git/achieve/llm_fpga_active_studies/quantized_layer_integration_20260927_110109_m1ZkO1/w4/pipeline/build/build.hw_emu.f200.xilinx_u50_gen3x16_xdma_5_202210_1/.run/2860677/hw_em/device0/binary_0/behav_waveform/xsim/simulate.log" for more detailed simulation infos, errors and warnings.
completed_at=2026-09-28T22:22:50+08:00
numerical_dump_sha256=7642e2f188910cecaecafe5540d19464803db22932351fc92741d0beb236738b
finished_at=2026-09-28T22:23:45+08:00
exit_status=0
