signal	time_ps	value
/pfm_top_wrapper/pfm_top_i/pfm_dynamic_inst/q4_layer_ctrl/inst/ap_clk	0.000	0
/pfm_top_wrapper/pfm_top_i/pfm_dynamic_inst/q4_layer_ctrl/inst/ap_clk	1667.000	1
/pfm_top_wrapper/pfm_top_i/pfm_dynamic_inst/q4_layer_ctrl/inst/ap_clk	3334.000	0
/pfm_top_wrapper/pfm_top_i/pfm_dynamic_inst/q4_layer_ctrl/inst/ap_clk	5001.000	1
/pfm_top_wrapper/pfm_top_i/pfm_dynamic_inst/q4_layer_ctrl/inst/ap_clk	6668.000	0
/pfm_top_wrapper/pfm_top_i/pfm_dynamic_inst/q4_layer_ctrl/inst/ap_clk	8335.000	1
/pfm_top_wrapper/pfm_top_i/pfm_dynamic_inst/q4_layer_ctrl/inst/ap_clk	10002.000	0
/pfm_top_wrapper/pfm_top_i/pfm_dynamic_inst/q4_layer_ctrl/inst/ap_clk	11669.000	1
/pfm_top_wrapper/pfm_top_i/pfm_dynamic_inst/q4_layer_ctrl/inst/ap_clk	13336.000	0
/pfm_top_wrapper/pfm_top_i/pfm_dynamic_inst/q4_layer_ctrl/inst/ap_clk	15003.000	1
/pfm_top_wrapper/pfm_top_i/pfm_dynamic_inst/q4_layer_ctrl/inst/ap_clk	16670.000	0
/pfm_top_wrapper/pfm_top_i/pfm_dynamic_inst/q4_layer_ctrl/inst/ap_clk	18337.000	1
/pfm_top_wrapper/pfm_top_i/pfm_dynamic_inst/q4_layer_ctrl/inst/ap_clk	20004.000	0
/pfm_top_wrapper/pfm_top_i/pfm_dynamic_inst/q4_layer_ctrl/inst/ap_clk	21671.000	1
/pfm_top_wrapper/pfm_top_i/pfm_dynamic_inst/q4_layer_ctrl/inst/ap_clk	23338.000	0
/pfm_top_wrapper/pfm_top_i/pfm_dynamic_inst/q4_layer_ctrl/inst/ap_clk	25005.000	1
/pfm_top_wrapper/pfm_top_i/pfm_dynamic_inst/q4_layer_ctrl/inst/ap_clk	26672.000	0
/pfm_top_wrapper/pfm_top_i/pfm_dynamic_inst/q4_layer_ctrl/inst/ap_clk	28339.000	1
/pfm_top_wrapper/pfm_top_i/pfm_dynamic_inst/q4_layer_ctrl/inst/ap_clk	30006.000	0
/pfm_top_wrapper/pfm_top_i/pfm_dynamic_inst/q4_layer_ctrl/inst/ap_clk	31673.000	1
/pfm_top_wrapper/pfm_top_i/pfm_dynamic_inst/q4_layer_ctrl/inst/ap_clk	33340.000	0
/pfm_top_wrapper/pfm_top_i/pfm_dynamic_inst/q4_layer_ctrl/inst/ap_clk	35007.000	1
/pfm_top_wrapper/pfm_top_i/pfm_dynamic_inst/q4_layer_ctrl/inst/ap_clk	36674.000	0
/pfm_top_wrapper/pfm_top_i/pfm_dynamic_inst/q4_layer_ctrl/inst/ap_clk	38341.000	1
/pfm_top_wrapper/pfm_top_i/pfm_dynamic_inst/q4_layer_ctrl/inst/ap_clk	40008.000	0
/pfm_top_wrapper/pfm_top_i/pfm_dynamic_inst/q4_layer_ctrl/inst/ap_clk	41675.000	1
/pfm_top_wrapper/pfm_top_i/pfm_dynamic_inst/q4_layer_ctrl/inst/ap_clk	43342.000	0
/pfm_top_wrapper/pfm_top_i/pfm_dynamic_inst/q4_layer_ctrl/inst/ap_clk	45009.000	1
/pfm_top_wrapper/pfm_top_i/pfm_dynamic_inst/q4_layer_ctrl/inst/ap_clk	46676.000	0
/pfm_top_wrapper/pfm_top_i/pfm_dynamic_inst/q4_layer_ctrl/inst/ap_clk	48343.000	1
/pfm_top_wrapper/pfm_top_i/pfm_dynamic_inst/q4_layer_ctrl/inst/ap_clk	50010.000	0
/pfm_top_wrapper/pfm_top_i/pfm_dynamic_inst/q4_layer_ctrl/inst/ap_clk	51677.000	1
/pfm_top_wrapper/pfm_top_i/pfm_dynamic_inst/q4_layer_ctrl/inst/ap_clk	53344.000	0
/pfm_top_wrapper/pfm_top_i/pfm_dynamic_inst/q4_layer_ctrl/inst/ap_clk	55011.000	1
/pfm_top_wrapper/pfm_top_i/pfm_dynamic_inst/q4_layer_ctrl/inst/ap_clk	56678.000	0
/pfm_top_wrapper/pfm_top_i/pfm_dynamic_inst/q4_layer_ctrl/inst/ap_clk	58345.000	1
/pfm_top_wrapper/pfm_top_i/pfm_dynamic_inst/q4_layer_ctrl/inst/ap_clk	60012.000	0
/pfm_top_wrapper/pfm_top_i/pfm_dynamic_inst/q4_layer_ctrl/inst/ap_clk	61679.000	1
/pfm_top_wrapper/pfm_top_i/pfm_dynamic_inst/q4_layer_ctrl/inst/ap_clk	63346.000	0
/pfm_top_wrapper/pfm_top_i/pfm_dynamic_inst/q4_layer_ctrl/inst/ap_clk	65013.000	1
/pfm_top_wrapper/pfm_top_i/pfm_dynamic_inst/q4_layer_ctrl/inst/ap_clk	66680.000	0
/pfm_top_wrapper/pfm_top_i/pfm_dynamic_inst/q4_layer_ctrl/inst/ap_clk	68347.000	1
/pfm_top_wrapper/pfm_top_i/pfm_dynamic_inst/q4_layer_ctrl/inst/ap_clk	70014.000	0
/pfm_top_wrapper/pfm_top_i/pfm_dynamic_inst/q4_layer_ctrl/inst/ap_clk	71681.000	1
/pfm_top_wrapper/pfm_top_i/pfm_dynamic_inst/q4_layer_ctrl/inst/ap_clk	73348.000	0
/pfm_top_wrapper/pfm_top_i/pfm_dynamic_inst/q4_layer_ctrl/inst/ap_clk	75015.000	1
/pfm_top_wrapper/pfm_top_i/pfm_dynamic_inst/q4_layer_ctrl/inst/ap_clk	76682.000	0
/pfm_top_wrapper/pfm_top_i/pfm_dynamic_inst/q4_layer_ctrl/inst/ap_clk	78349.000	1
/pfm_top_wrapper/pfm_top_i/pfm_dynamic_inst/q4_layer_ctrl/inst/ap_clk	80016.000	0
/pfm_top_wrapper/pfm_top_i/pfm_dynamic_inst/q4_layer_ctrl/inst/ap_clk	81683.000	1
/pfm_top_wrapper/pfm_top_i/pfm_dynamic_inst/q4_layer_ctrl/inst/ap_clk	83350.000	0
/pfm_top_wrapper/pfm_top_i/pfm_dynamic_inst/q4_layer_ctrl/inst/ap_clk	85017.000	1
/pfm_top_wrapper/pfm_top_i/pfm_dynamic_inst/q4_layer_ctrl/inst/ap_clk	86684.000	0
/pfm_top_wrapper/pfm_top_i/pfm_dynamic_inst/q4_layer_ctrl/inst/ap_clk	88351.000	1
/pfm_top_wrapper/pfm_top_i/pfm_dynamic_inst/q4_layer_ctrl/inst/ap_clk	90018.000	0
/pfm_top_wrapper/pfm_top_i/pfm_dynamic_inst/q4_layer_ctrl/inst/ap_clk	91685.000	1
/pfm_top_wrapper/pfm_top_i/pfm_dynamic_inst/q4_layer_ctrl/inst/ap_clk	93352.000	0
/pfm_top_wrapper/pfm_top_i/pfm_dynamic_inst/q4_layer_ctrl/inst/ap_clk	95019.000	1
/pfm_top_wrapper/pfm_top_i/pfm_dynamic_inst/q4_layer_ctrl/inst/ap_clk	96686.000	0
/pfm_top_wrapper/pfm_top_i/pfm_dynamic_inst/q4_layer_ctrl/inst/ap_clk	98353.000	1
/pfm_top_wrapper/pfm_top_i/pfm_dynamic_inst/q4_layer_ctrl/inst/ap_clk	100020.000	0
/pfm_top_wrapper/pfm_top_i/pfm_dynamic_inst/q4_layer_ctrl/inst/ap_clk	101687.000	1
/pfm_top_wrapper/pfm_top_i/pfm_dynamic_inst/q4_layer_ctrl/inst/ap_clk	103354.000	0
/pfm_top_wrapper/pfm_top_i/pfm_dynamic_inst/q4_layer_ctrl/inst/ap_clk	105021.000	1
/pfm_top_wrapper/pfm_top_i/pfm_dynamic_inst/q4_layer_ctrl/inst/ap_clk	106688.000	0
/pfm_top_wrapper/pfm_top_i/pfm_dynamic_inst/q4_layer_ctrl/inst/ap_clk	108355.000	1
/pfm_top_wrapper/pfm_top_i/pfm_dynamic_inst/q4_layer_ctrl/inst/ap_clk	110022.000	0
/pfm_top_wrapper/pfm_top_i/pfm_dynamic_inst/q4_layer_ctrl/inst/ap_clk	111689.000	1
/pfm_top_wrapper/pfm_top_i/pfm_dynamic_inst/q4_layer_ctrl/inst/ap_clk	113356.000	0
/pfm_top_wrapper/pfm_top_i/pfm_dynamic_inst/q4_layer_ctrl/inst/ap_clk	115023.000	1
/pfm_top_wrapper/pfm_top_i/pfm_dynamic_inst/q4_layer_ctrl/inst/ap_clk	116690.000	0
/pfm_top_wrapper/pfm_top_i/pfm_dynamic_inst/q4_layer_ctrl/inst/ap_clk	118357.000	1
/pfm_top_wrapper/pfm_top_i/pfm_dynamic_inst/q4_layer_ctrl/inst/ap_clk	120024.000	0
/pfm_top_wrapper/pfm_top_i/pfm_dynamic_inst/q4_layer_ctrl/inst/ap_clk	121691.000	1
/pfm_top_wrapper/pfm_top_i/pfm_dynamic_inst/q4_layer_ctrl/inst/ap_clk	123358.000	0
/pfm_top_wrapper/pfm_top_i/pfm_dynamic_inst/q4_layer_ctrl/inst/ap_clk	125025.000	1
/pfm_top_wrapper/pfm_top_i/pfm_dynamic_inst/q4_layer_ctrl/inst/ap_clk	126692.000	0
/pfm_top_wrapper/pfm_top_i/pfm_dynamic_inst/q4_layer_ctrl/inst/ap_clk	128359.000	1
/pfm_top_wrapper/pfm_top_i/pfm_dynamic_inst/q4_layer_ctrl/inst/ap_clk	130026.000	0
/pfm_top_wrapper/pfm_top_i/pfm_dynamic_inst/q4_layer_ctrl/inst/ap_clk	131693.000	1
/pfm_top_wrapper/pfm_top_i/pfm_dynamic_inst/q4_layer_ctrl/inst/ap_clk	133360.000	0
/pfm_top_wrapper/pfm_top_i/pfm_dynamic_inst/q4_layer_ctrl/inst/ap_clk	135027.000	1
/pfm_top_wrapper/pfm_top_i/pfm_dynamic_inst/q4_layer_ctrl/inst/ap_clk	136694.000	0
/pfm_top_wrapper/pfm_top_i/pfm_dynamic_inst/q4_layer_ctrl/inst/ap_clk	138361.000	1
/pfm_top_wrapper/pfm_top_i/pfm_dynamic_inst/q4_layer_ctrl/inst/ap_clk	140028.000	0
/pfm_top_wrapper/pfm_top_i/pfm_dynamic_inst/q4_layer_ctrl/inst/ap_clk	141695.000	1
/pfm_top_wrapper/pfm_top_i/pfm_dynamic_inst/q4_layer_ctrl/inst/ap_clk	143362.000	0
/pfm_top_wrapper/pfm_top_i/pfm_dynamic_inst/q4_layer_ctrl/inst/ap_clk	145029.000	1
/pfm_top_wrapper/pfm_top_i/pfm_dynamic_inst/q4_layer_ctrl/inst/ap_clk	146696.000	0
/pfm_top_wrapper/pfm_top_i/pfm_dynamic_inst/q4_layer_ctrl/inst/ap_clk	148363.000	1
/pfm_top_wrapper/pfm_top_i/pfm_dynamic_inst/q4_layer_ctrl/inst/ap_clk	150030.000	0
/pfm_top_wrapper/pfm_top_i/pfm_dynamic_inst/q4_layer_ctrl/inst/ap_clk	151697.000	1
/pfm_top_wrapper/pfm_top_i/pfm_dynamic_inst/q4_layer_ctrl/inst/ap_clk	153364.000	0
/pfm_top_wrapper/pfm_top_i/pfm_dynamic_inst/q4_layer_ctrl/inst/ap_clk	155031.000	1
/pfm_top_wrapper/pfm_top_i/pfm_dynamic_inst/q4_layer_ctrl/inst/ap_clk	156698.000	0
/pfm_top_wrapper/pfm_top_i/pfm_dynamic_inst/q4_layer_ctrl/inst/ap_clk	158365.000	1
/pfm_top_wrapper/pfm_top_i/pfm_dynamic_inst/q4_layer_ctrl/inst/ap_clk	160032.000	0
/pfm_top_wrapper/pfm_top_i/pfm_dynamic_inst/q4_layer_ctrl/inst/ap_clk	161699.000	1
/pfm_top_wrapper/pfm_top_i/pfm_dynamic_inst/q4_layer_ctrl/inst/ap_clk	163366.000	0
/pfm_top_wrapper/pfm_top_i/pfm_dynamic_inst/q4_layer_ctrl/inst/ap_clk	165033.000	1
/pfm_top_wrapper/pfm_top_i/pfm_dynamic_inst/q4_layer_ctrl/inst/ap_clk	166700.000	0
/pfm_top_wrapper/pfm_top_i/pfm_dynamic_inst/q4_layer_ctrl/inst/ap_clk	168367.000	1
/pfm_top_wrapper/pfm_top_i/pfm_dynamic_inst/q4_layer_ctrl/inst/ap_clk	170034.000	0
/pfm_top_wrapper/pfm_top_i/pfm_dynamic_inst/q4_layer_ctrl/inst/ap_clk	171701.000	1
/pfm_top_wrapper/pfm_top_i/pfm_dynamic_inst/q4_layer_ctrl/inst/ap_clk	173368.000	0
/pfm_top_wrapper/pfm_top_i/pfm_dynamic_inst/q4_layer_ctrl/inst/ap_clk	175035.000	1
/pfm_top_wrapper/pfm_top_i/pfm_dynamic_inst/q4_layer_ctrl/inst/ap_clk	176702.000	0
/pfm_top_wrapper/pfm_top_i/pfm_dynamic_inst/q4_layer_ctrl/inst/ap_clk	178369.000	1
/pfm_top_wrapper/pfm_top_i/pfm_dynamic_inst/q4_layer_ctrl/inst/ap_clk	180036.000	0
/pfm_top_wrapper/pfm_top_i/pfm_dynamic_inst/q4_layer_ctrl/inst/ap_clk	181703.000	1
/pfm_top_wrapper/pfm_top_i/pfm_dynamic_inst/q4_layer_ctrl/inst/ap_clk	183370.000	0
/pfm_top_wrapper/pfm_top_i/pfm_dynamic_inst/q4_layer_ctrl/inst/ap_clk	185037.000	1
/pfm_top_wrapper/pfm_top_i/pfm_dynamic_inst/q4_layer_ctrl/inst/ap_clk	186704.000	0
/pfm_top_wrapper/pfm_top_i/pfm_dynamic_inst/q4_layer_ctrl/inst/ap_clk	188371.000	1
/pfm_top_wrapper/pfm_top_i/pfm_dynamic_inst/q4_layer_ctrl/inst/ap_clk	190038.000	0
/pfm_top_wrapper/pfm_top_i/pfm_dynamic_inst/q4_layer_ctrl/inst/ap_clk	191705.000	1
/pfm_top_wrapper/pfm_top_i/pfm_dynamic_inst/q4_layer_ctrl/inst/ap_clk	193372.000	0
/pfm_top_wrapper/pfm_top_i/pfm_dynamic_inst/q4_layer_ctrl/inst/ap_clk	195039.000	1
/pfm_top_wrapper/pfm_top_i/pfm_dynamic_inst/q4_layer_ctrl/inst/ap_clk	196706.000	0
/pfm_top_wrapper/pfm_top_i/pfm_dynamic_inst/q4_layer_ctrl/inst/ap_clk	198373.000	1
/pfm_top_wrapper/pfm_top_i/pfm_dynamic_inst/q4_layer_ctrl/inst/ap_clk	200040.000	0
/pfm_top_wrapper/pfm_top_i/pfm_dynamic_inst/q4_layer_ctrl/inst/ap_clk	201707.000	1
/pfm_top_wrapper/pfm_top_i/pfm_dynamic_inst/q4_layer_ctrl/inst/ap_clk	203374.000	0
/pfm_top_wrapper/pfm_top_i/pfm_dynamic_inst/q4_layer_ctrl/inst/ap_clk	205041.000	1
/pfm_top_wrapper/pfm_top_i/pfm_dynamic_inst/q4_layer_ctrl/inst/ap_clk	206708.000	0
/pfm_top_wrapper/pfm_top_i/pfm_dynamic_inst/q4_layer_ctrl/inst/ap_clk	208375.000	1
/pfm_top_wrapper/pfm_top_i/pfm_dynamic_inst/q4_layer_ctrl/inst/ap_clk	210042.000	0
/pfm_top_wrapper/pfm_top_i/pfm_dynamic_inst/q4_layer_ctrl/inst/ap_clk	211709.000	1
/pfm_top_wrapper/pfm_top_i/pfm_dynamic_inst/q4_layer_ctrl/inst/ap_clk	213376.000	0
/pfm_top_wrapper/pfm_top_i/pfm_dynamic_inst/q4_layer_ctrl/inst/ap_clk	215043.000	1
/pfm_top_wrapper/pfm_top_i/pfm_dynamic_inst/q4_layer_ctrl/inst/ap_clk	216710.000	0
/pfm_top_wrapper/pfm_top_i/pfm_dynamic_inst/q4_layer_ctrl/inst/ap_clk	218377.000	1
/pfm_top_wrapper/pfm_top_i/pfm_dynamic_inst/q4_layer_ctrl/inst/ap_clk	220044.000	0
/pfm_top_wrapper/pfm_top_i/pfm_dynamic_inst/q4_layer_ctrl/inst/ap_clk	221711.000	1
/pfm_top_wrapper/pfm_top_i/pfm_dynamic_inst/q4_layer_ctrl/inst/ap_clk	223378.000	0
/pfm_top_wrapper/pfm_top_i/pfm_dynamic_inst/q4_layer_ctrl/inst/ap_clk	225045.000	1
/pfm_top_wrapper/pfm_top_i/pfm_dynamic_inst/q4_layer_ctrl/inst/ap_clk	226712.000	0
/pfm_top_wrapper/pfm_top_i/pfm_dynamic_inst/q4_layer_ctrl/inst/ap_clk	228379.000	1
/pfm_top_wrapper/pfm_top_i/pfm_dynamic_inst/q4_layer_ctrl/inst/ap_clk	230046.000	0
/pfm_top_wrapper/pfm_top_i/pfm_dynamic_inst/q4_layer_ctrl/inst/ap_clk	231713.000	1
/pfm_top_wrapper/pfm_top_i/pfm_dynamic_inst/q4_layer_ctrl/inst/ap_clk	233380.000	0
/pfm_top_wrapper/pfm_top_i/pfm_dynamic_inst/q4_layer_ctrl/inst/ap_clk	235047.000	1
/pfm_top_wrapper/pfm_top_i/pfm_dynamic_inst/q4_layer_ctrl/inst/ap_clk	236714.000	0
/pfm_top_wrapper/pfm_top_i/pfm_dynamic_inst/q4_layer_ctrl/inst/ap_clk	238381.000	1
/pfm_top_wrapper/pfm_top_i/pfm_dynamic_inst/q4_layer_ctrl/inst/ap_clk	240048.000	0
/pfm_top_wrapper/pfm_top_i/pfm_dynamic_inst/q4_layer_ctrl/inst/ap_clk	241715.000	1
/pfm_top_wrapper/pfm_top_i/pfm_dynamic_inst/q4_layer_ctrl/inst/ap_clk	243382.000	0
/pfm_top_wrapper/pfm_top_i/pfm_dynamic_inst/q4_layer_ctrl/inst/ap_clk	245049.000	1
/pfm_top_wrapper/pfm_top_i/pfm_dynamic_inst/q4_layer_ctrl/inst/ap_clk	246716.000	0
/pfm_top_wrapper/pfm_top_i/pfm_dynamic_inst/q4_layer_ctrl/inst/ap_clk	248383.000	1
/pfm_top_wrapper/pfm_top_i/pfm_dynamic_inst/q4_layer_ctrl/inst/ap_clk	250050.000	0
/pfm_top_wrapper/pfm_top_i/pfm_dynamic_inst/q4_layer_ctrl/inst/ap_clk	251717.000	1
/pfm_top_wrapper/pfm_top_i/pfm_dynamic_inst/q4_layer_ctrl/inst/ap_clk	253384.000	0
/pfm_top_wrapper/pfm_top_i/pfm_dynamic_inst/q4_layer_ctrl/inst/ap_clk	255051.000	1
/pfm_top_wrapper/pfm_top_i/pfm_dynamic_inst/q4_layer_ctrl/inst/ap_clk	256718.000	0
/pfm_top_wrapper/pfm_top_i/pfm_dynamic_inst/q4_layer_ctrl/inst/ap_clk	258385.000	1
/pfm_top_wrapper/pfm_top_i/pfm_dynamic_inst/q4_layer_ctrl/inst/ap_clk	260052.000	0
/pfm_top_wrapper/pfm_top_i/pfm_dynamic_inst/q4_layer_ctrl/inst/ap_clk	261719.000	1
/pfm_top_wrapper/pfm_top_i/pfm_dynamic_inst/q4_layer_ctrl/inst/ap_clk	263386.000	0
/pfm_top_wrapper/pfm_top_i/pfm_dynamic_inst/q4_layer_ctrl/inst/ap_clk	265053.000	1
/pfm_top_wrapper/pfm_top_i/pfm_dynamic_inst/q4_layer_ctrl/inst/ap_clk	266720.000	0
/pfm_top_wrapper/pfm_top_i/pfm_dynamic_inst/q4_layer_ctrl/inst/ap_clk	268387.000	1
/pfm_top_wrapper/pfm_top_i/pfm_dynamic_inst/q4_layer_ctrl/inst/ap_clk	270054.000	0
/pfm_top_wrapper/pfm_top_i/pfm_dynamic_inst/q4_layer_ctrl/inst/ap_clk	271721.000	1
/pfm_top_wrapper/pfm_top_i/pfm_dynamic_inst/q4_layer_ctrl/inst/ap_clk	273388.000	0
/pfm_top_wrapper/pfm_top_i/pfm_dynamic_inst/q4_layer_ctrl/inst/ap_clk	275055.000	1
/pfm_top_wrapper/pfm_top_i/pfm_dynamic_inst/q4_layer_ctrl/inst/ap_clk	276722.000	0
/pfm_top_wrapper/pfm_top_i/pfm_dynamic_inst/q4_layer_ctrl/inst/ap_clk	278389.000	1
/pfm_top_wrapper/pfm_top_i/pfm_dynamic_inst/q4_layer_ctrl/inst/ap_clk	280056.000	0
/pfm_top_wrapper/pfm_top_i/pfm_dynamic_inst/q4_layer_ctrl/inst/ap_clk	281723.000	1
/pfm_top_wrapper/pfm_top_i/pfm_dynamic_inst/q4_layer_ctrl/inst/ap_clk	283390.000	0
/pfm_top_wrapper/pfm_top_i/pfm_dynamic_inst/q4_layer_ctrl/inst/ap_clk	285057.000	1
/pfm_top_wrapper/pfm_top_i/pfm_dynamic_inst/q4_layer_ctrl/inst/ap_clk	286724.000	0
/pfm_top_wrapper/pfm_top_i/pfm_dynamic_inst/q4_layer_ctrl/inst/ap_clk	288391.000	1
/pfm_top_wrapper/pfm_top_i/pfm_dynamic_inst/q4_layer_ctrl/inst/ap_clk	290058.000	0
/pfm_top_wrapper/pfm_top_i/pfm_dynamic_inst/q4_layer_ctrl/inst/ap_clk	291725.000	1
/pfm_top_wrapper/pfm_top_i/pfm_dynamic_inst/q4_layer_ctrl/inst/ap_clk	293392.000	0
/pfm_top_wrapper/pfm_top_i/pfm_dynamic_inst/q4_layer_ctrl/inst/ap_clk	295059.000	1
/pfm_top_wrapper/pfm_top_i/pfm_dynamic_inst/q4_layer_ctrl/inst/ap_clk	296726.000	0
/pfm_top_wrapper/pfm_top_i/pfm_dynamic_inst/q4_layer_ctrl/inst/ap_clk	298393.000	1
/pfm_top_wrapper/pfm_top_i/pfm_dynamic_inst/q4_layer_ctrl/inst/ap_clk	300060.000	0
/pfm_top_wrapper/pfm_top_i/pfm_dynamic_inst/q4_layer_ctrl/inst/ap_clk	301727.000	1
/pfm_top_wrapper/pfm_top_i/pfm_dynamic_inst/q4_layer_ctrl/inst/ap_clk	303394.000	0
/pfm_top_wrapper/pfm_top_i/pfm_dynamic_inst/q4_layer_ctrl/inst/ap_clk	305061.000	1
/pfm_top_wrapper/pfm_top_i/pfm_dynamic_inst/q4_layer_ctrl/inst/ap_clk	306728.000	0
/pfm_top_wrapper/pfm_top_i/pfm_dynamic_inst/q4_layer_ctrl/inst/ap_clk	308395.000	1
/pfm_top_wrapper/pfm_top_i/pfm_dynamic_inst/q4_layer_ctrl/inst/ap_clk	310062.000	0
/pfm_top_wrapper/pfm_top_i/pfm_dynamic_inst/q4_layer_ctrl/inst/ap_clk	311729.000	1
/pfm_top_wrapper/pfm_top_i/pfm_dynamic_inst/q4_layer_ctrl/inst/ap_clk	313396.000	0
/pfm_top_wrapper/pfm_top_i/pfm_dynamic_inst/q4_layer_ctrl/inst/ap_clk	315063.000	1
/pfm_top_wrapper/pfm_top_i/pfm_dynamic_inst/q4_layer_ctrl/inst/ap_clk	316730.000	0
/pfm_top_wrapper/pfm_top_i/pfm_dynamic_inst/q4_layer_ctrl/inst/ap_clk	318397.000	1
/pfm_top_wrapper/pfm_top_i/pfm_dynamic_inst/q4_layer_ctrl/inst/ap_clk	320064.000	0
/pfm_top_wrapper/pfm_top_i/pfm_dynamic_inst/q4_layer_ctrl/inst/ap_clk	321731.000	1
/pfm_top_wrapper/pfm_top_i/pfm_dynamic_inst/q4_layer_ctrl/inst/ap_clk	323398.000	0
/pfm_top_wrapper/pfm_top_i/pfm_dynamic_inst/q4_layer_ctrl/inst/ap_clk	325065.000	1
/pfm_top_wrapper/pfm_top_i/pfm_dynamic_inst/q4_layer_ctrl/inst/ap_clk	326732.000	0
/pfm_top_wrapper/pfm_top_i/pfm_dynamic_inst/q4_layer_ctrl/inst/ap_clk	328399.000	1
/pfm_top_wrapper/pfm_top_i/pfm_dynamic_inst/q4_layer_ctrl/inst/ap_clk	330066.000	0
/pfm_top_wrapper/pfm_top_i/pfm_dynamic_inst/q4_layer_ctrl/inst/ap_clk	331733.000	1
/pfm_top_wrapper/pfm_top_i/pfm_dynamic_inst/q4_layer_ctrl/inst/ap_clk	333400.000	0
/pfm_top_wrapper/pfm_top_i/pfm_dynamic_inst/q4_layer_ctrl/inst/ap_clk	335067.000	1
/pfm_top_wrapper/pfm_top_i/pfm_dynamic_inst/q4_layer_ctrl/inst/ap_clk	336734.000	0
/pfm_top_wrapper/pfm_top_i/pfm_dynamic_inst/q4_layer_ctrl/inst/ap_clk	338401.000	1
/pfm_top_wrapper/pfm_top_i/pfm_dynamic_inst/q4_layer_ctrl/inst/ap_clk	340068.000	0
/pfm_top_wrapper/pfm_top_i/pfm_dynamic_inst/q4_layer_ctrl/inst/ap_clk	341735.000	1
/pfm_top_wrapper/pfm_top_i/pfm_dynamic_inst/q4_layer_ctrl/inst/ap_clk	343402.000	0
/pfm_top_wrapper/pfm_top_i/pfm_dynamic_inst/q4_layer_ctrl/inst/ap_clk	345069.000	1
/pfm_top_wrapper/pfm_top_i/pfm_dynamic_inst/q4_layer_ctrl/inst/ap_clk	346736.000	0
/pfm_top_wrapper/pfm_top_i/pfm_dynamic_inst/q4_layer_ctrl/inst/ap_clk	348403.000	1
/pfm_top_wrapper/pfm_top_i/pfm_dynamic_inst/q4_layer_ctrl/inst/ap_clk	350070.000	0
/pfm_top_wrapper/pfm_top_i/pfm_dynamic_inst/q4_layer_ctrl/inst/ap_clk	351737.000	1
/pfm_top_wrapper/pfm_top_i/pfm_dynamic_inst/q4_layer_ctrl/inst/ap_clk	353404.000	0
/pfm_top_wrapper/pfm_top_i/pfm_dynamic_inst/q4_layer_ctrl/inst/ap_clk	355071.000	1
/pfm_top_wrapper/pfm_top_i/pfm_dynamic_inst/q4_layer_ctrl/inst/ap_clk	356738.000	0
/pfm_top_wrapper/pfm_top_i/pfm_dynamic_inst/q4_layer_ctrl/inst/ap_clk	358405.000	1
/pfm_top_wrapper/pfm_top_i/pfm_dynamic_inst/q4_layer_ctrl/inst/ap_clk	360072.000	0
/pfm_top_wrapper/pfm_top_i/pfm_dynamic_inst/q4_layer_ctrl/inst/ap_clk	361739.000	1
/pfm_top_wrapper/pfm_top_i/pfm_dynamic_inst/q4_layer_ctrl/inst/ap_clk	363406.000	0
/pfm_top_wrapper/pfm_top_i/pfm_dynamic_inst/q4_layer_ctrl/inst/ap_clk	365073.000	1
/pfm_top_wrapper/pfm_top_i/pfm_dynamic_inst/q4_layer_ctrl/inst/ap_clk	366740.000	0
/pfm_top_wrapper/pfm_top_i/pfm_dynamic_inst/q4_layer_ctrl/inst/ap_clk	368407.000	1
/pfm_top_wrapper/pfm_top_i/pfm_dynamic_inst/q4_layer_ctrl/inst/ap_clk	370074.000	0
/pfm_top_wrapper/pfm_top_i/pfm_dynamic_inst/q4_layer_ctrl/inst/ap_clk	371741.000	1
/pfm_top_wrapper/pfm_top_i/pfm_dynamic_inst/q4_layer_ctrl/inst/ap_clk	373408.000	0
/pfm_top_wrapper/pfm_top_i/pfm_dynamic_inst/q4_layer_ctrl/inst/ap_clk	375075.000	1
/pfm_top_wrapper/pfm_top_i/pfm_dynamic_inst/q4_layer_ctrl/inst/ap_clk	376742.000	0
/pfm_top_wrapper/pfm_top_i/pfm_dynamic_inst/q4_layer_ctrl/inst/ap_clk	378409.000	1
/pfm_top_wrapper/pfm_top_i/pfm_dynamic_inst/q4_layer_ctrl/inst/ap_clk	380076.000	0
/pfm_top_wrapper/pfm_top_i/pfm_dynamic_inst/q4_layer_ctrl/inst/ap_clk	381743.000	1
/pfm_top_wrapper/pfm_top_i/pfm_dynamic_inst/q4_layer_ctrl/inst/ap_clk	383410.000	0
/pfm_top_wrapper/pfm_top_i/pfm_dynamic_inst/q4_layer_ctrl/inst/ap_clk	385077.000	1
/pfm_top_wrapper/pfm_top_i/pfm_dynamic_inst/q4_layer_ctrl/inst/ap_clk	386744.000	0
/pfm_top_wrapper/pfm_top_i/pfm_dynamic_inst/q4_layer_ctrl/inst/ap_clk	388411.000	1
/pfm_top_wrapper/pfm_top_i/pfm_dynamic_inst/q4_layer_ctrl/inst/ap_clk	390078.000	0
/pfm_top_wrapper/pfm_top_i/pfm_dynamic_inst/q4_layer_ctrl/inst/ap_clk	391745.000	1
/pfm_top_wrapper/pfm_top_i/pfm_dynamic_inst/q4_layer_ctrl/inst/ap_clk	393412.000	0
/pfm_top_wrapper/pfm_top_i/pfm_dynamic_inst/q4_layer_ctrl/inst/ap_clk	395079.000	1
/pfm_top_wrapper/pfm_top_i/pfm_dynamic_inst/q4_layer_ctrl/inst/ap_clk	396746.000	0
/pfm_top_wrapper/pfm_top_i/pfm_dynamic_inst/q4_layer_ctrl/inst/ap_clk	398413.000	1
/pfm_top_wrapper/pfm_top_i/pfm_dynamic_inst/q4_layer_ctrl/inst/ap_clk	400080.000	0
/pfm_top_wrapper/pfm_top_i/pfm_dynamic_inst/q4_layer_ctrl/inst/ap_clk	401747.000	1
/pfm_top_wrapper/pfm_top_i/pfm_dynamic_inst/q4_layer_ctrl/inst/ap_clk	403414.000	0
/pfm_top_wrapper/pfm_top_i/pfm_dynamic_inst/q4_layer_ctrl/inst/ap_clk	405081.000	1
/pfm_top_wrapper/pfm_top_i/pfm_dynamic_inst/q4_layer_ctrl/inst/ap_clk	406748.000	0
/pfm_top_wrapper/pfm_top_i/pfm_dynamic_inst/q4_layer_ctrl/inst/ap_clk	408415.000	1
/pfm_top_wrapper/pfm_top_i/pfm_dynamic_inst/q4_layer_ctrl/inst/ap_clk	410082.000	0
/pfm_top_wrapper/pfm_top_i/pfm_dynamic_inst/q4_layer_ctrl/inst/ap_clk	411749.000	1
/pfm_top_wrapper/pfm_top_i/pfm_dynamic_inst/q4_layer_ctrl/inst/ap_clk	413416.000	0
/pfm_top_wrapper/pfm_top_i/pfm_dynamic_inst/q4_layer_ctrl/inst/ap_clk	415083.000	1
/pfm_top_wrapper/pfm_top_i/pfm_dynamic_inst/q4_layer_ctrl/inst/ap_clk	416750.000	0
/pfm_top_wrapper/pfm_top_i/pfm_dynamic_inst/q4_layer_ctrl/inst/ap_clk	418417.000	1
/pfm_top_wrapper/pfm_top_i/pfm_dynamic_inst/q4_layer_ctrl/inst/ap_clk	420084.000	0
/pfm_top_wrapper/pfm_top_i/pfm_dynamic_inst/q4_layer_ctrl/inst/ap_clk	421751.000	1
/pfm_top_wrapper/pfm_top_i/pfm_dynamic_inst/q4_layer_ctrl/inst/ap_clk	423418.000	0
/pfm_top_wrapper/pfm_top_i/pfm_dynamic_inst/q4_layer_ctrl/inst/ap_clk	425085.000	1
/pfm_top_wrapper/pfm_top_i/pfm_dynamic_inst/q4_layer_ctrl/inst/ap_clk	426752.000	0
/pfm_top_wrapper/pfm_top_i/pfm_dynamic_inst/q4_layer_ctrl/inst/ap_clk	428419.000	1
/pfm_top_wrapper/pfm_top_i/pfm_dynamic_inst/q4_layer_ctrl/inst/ap_clk	430086.000	0
/pfm_top_wrapper/pfm_top_i/pfm_dynamic_inst/q4_layer_ctrl/inst/ap_clk	431753.000	1
/pfm_top_wrapper/pfm_top_i/pfm_dynamic_inst/q4_layer_ctrl/inst/ap_clk	433420.000	0
/pfm_top_wrapper/pfm_top_i/pfm_dynamic_inst/q4_layer_ctrl/inst/ap_clk	435087.000	1
/pfm_top_wrapper/pfm_top_i/pfm_dynamic_inst/q4_layer_ctrl/inst/ap_clk	436754.000	0
/pfm_top_wrapper/pfm_top_i/pfm_dynamic_inst/q4_layer_ctrl/inst/ap_clk	438421.000	1
/pfm_top_wrapper/pfm_top_i/pfm_dynamic_inst/q4_layer_ctrl/inst/ap_clk	440088.000	0
/pfm_top_wrapper/pfm_top_i/pfm_dynamic_inst/q4_layer_ctrl/inst/ap_clk	441755.000	1
/pfm_top_wrapper/pfm_top_i/pfm_dynamic_inst/q4_layer_ctrl/inst/ap_clk	443422.000	0
/pfm_top_wrapper/pfm_top_i/pfm_dynamic_inst/q4_layer_ctrl/inst/ap_clk	445089.000	1
/pfm_top_wrapper/pfm_top_i/pfm_dynamic_inst/q4_layer_ctrl/inst/ap_clk	446756.000	0
/pfm_top_wrapper/pfm_top_i/pfm_dynamic_inst/q4_layer_ctrl/inst/ap_clk	448423.000	1
/pfm_top_wrapper/pfm_top_i/pfm_dynamic_inst/q4_layer_ctrl/inst/ap_clk	450090.000	0
/pfm_top_wrapper/pfm_top_i/pfm_dynamic_inst/q4_layer_ctrl/inst/ap_clk	451757.000	1
/pfm_top_wrapper/pfm_top_i/pfm_dynamic_inst/q4_layer_ctrl/inst/ap_clk	453424.000	0
/pfm_top_wrapper/pfm_top_i/pfm_dynamic_inst/q4_layer_ctrl/inst/ap_clk	455091.000	1
/pfm_top_wrapper/pfm_top_i/pfm_dynamic_inst/q4_layer_ctrl/inst/ap_clk	456758.000	0
/pfm_top_wrapper/pfm_top_i/pfm_dynamic_inst/q4_layer_ctrl/inst/ap_clk	458425.000	1
/pfm_top_wrapper/pfm_top_i/pfm_dynamic_inst/q4_layer_ctrl/inst/ap_clk	460092.000	0
/pfm_top_wrapper/pfm_top_i/pfm_dynamic_inst/q4_layer_ctrl/inst/ap_clk	461759.000	1
/pfm_top_wrapper/pfm_top_i/pfm_dynamic_inst/q4_layer_ctrl/inst/ap_clk	463426.000	0
/pfm_top_wrapper/pfm_top_i/pfm_dynamic_inst/q4_layer_ctrl/inst/ap_clk	465093.000	1
/pfm_top_wrapper/pfm_top_i/pfm_dynamic_inst/q4_layer_ctrl/inst/ap_clk	466760.000	0
/pfm_top_wrapper/pfm_top_i/pfm_dynamic_inst/q4_layer_ctrl/inst/ap_clk	468427.000	1
/pfm_top_wrapper/pfm_top_i/pfm_dynamic_inst/q4_layer_ctrl/inst/ap_clk	470094.000	0
/pfm_top_wrapper/pfm_top_i/pfm_dynamic_inst/q4_layer_ctrl/inst/ap_clk	471761.000	1
/pfm_top_wrapper/pfm_top_i/pfm_dynamic_inst/q4_layer_ctrl/inst/ap_clk	473428.000	0
/pfm_top_wrapper/pfm_top_i/pfm_dynamic_inst/q4_layer_ctrl/inst/ap_clk	475095.000	1
/pfm_top_wrapper/pfm_top_i/pfm_dynamic_inst/q4_layer_ctrl/inst/ap_clk	476762.000	0
/pfm_top_wrapper/pfm_top_i/pfm_dynamic_inst/q4_layer_ctrl/inst/ap_clk	478429.000	1
/pfm_top_wrapper/pfm_top_i/pfm_dynamic_inst/q4_layer_ctrl/inst/ap_clk	480096.000	0
/pfm_top_wrapper/pfm_top_i/pfm_dynamic_inst/q4_layer_ctrl/inst/ap_clk	481763.000	1
/pfm_top_wrapper/pfm_top_i/pfm_dynamic_inst/q4_layer_ctrl/inst/ap_clk	483430.000	0
/pfm_top_wrapper/pfm_top_i/pfm_dynamic_inst/q4_layer_ctrl/inst/ap_clk	485097.000	1
/pfm_top_wrapper/pfm_top_i/pfm_dynamic_inst/q4_layer_ctrl/inst/ap_clk	486764.000	0
/pfm_top_wrapper/pfm_top_i/pfm_dynamic_inst/q4_layer_ctrl/inst/ap_clk	488431.000	1
/pfm_top_wrapper/pfm_top_i/pfm_dynamic_inst/q4_layer_ctrl/inst/ap_clk	490098.000	0
/pfm_top_wrapper/pfm_top_i/pfm_dynamic_inst/q4_layer_ctrl/inst/ap_clk	491765.000	1
/pfm_top_wrapper/pfm_top_i/pfm_dynamic_inst/q4_layer_ctrl/inst/ap_clk	493432.000	0
/pfm_top_wrapper/pfm_top_i/pfm_dynamic_inst/q4_layer_ctrl/inst/ap_clk	495099.000	1
/pfm_top_wrapper/pfm_top_i/pfm_dynamic_inst/q4_layer_ctrl/inst/ap_clk	496766.000	0
/pfm_top_wrapper/pfm_top_i/pfm_dynamic_inst/q4_layer_ctrl/inst/ap_clk	498433.000	1
/pfm_top_wrapper/pfm_top_i/pfm_dynamic_inst/q4_layer_ctrl/inst/ap_clk	500100.000	0
/pfm_top_wrapper/pfm_top_i/pfm_dynamic_inst/q4_layer_ctrl/inst/ap_clk	501767.000	1
/pfm_top_wrapper/pfm_top_i/pfm_dynamic_inst/q4_layer_ctrl/inst/ap_clk	503434.000	0
/pfm_top_wrapper/pfm_top_i/pfm_dynamic_inst/q4_layer_ctrl/inst/ap_clk	505101.000	1
/pfm_top_wrapper/pfm_top_i/pfm_dynamic_inst/q4_layer_ctrl/inst/ap_clk	506768.000	0
/pfm_top_wrapper/pfm_top_i/pfm_dynamic_inst/q4_layer_ctrl/inst/ap_clk	508435.000	1
/pfm_top_wrapper/pfm_top_i/pfm_dynamic_inst/q4_layer_ctrl/inst/ap_clk	510102.000	0
/pfm_top_wrapper/pfm_top_i/pfm_dynamic_inst/q4_layer_ctrl/inst/ap_clk	511769.000	1
/pfm_top_wrapper/pfm_top_i/pfm_dynamic_inst/q4_layer_ctrl/inst/ap_clk	513436.000	0
/pfm_top_wrapper/pfm_top_i/pfm_dynamic_inst/q4_layer_ctrl/inst/ap_clk	515103.000	1
/pfm_top_wrapper/pfm_top_i/pfm_dynamic_inst/q4_layer_ctrl/inst/ap_clk	516770.000	0
/pfm_top_wrapper/pfm_top_i/pfm_dynamic_inst/q4_layer_ctrl/inst/ap_clk	518437.000	1
/pfm_top_wrapper/pfm_top_i/pfm_dynamic_inst/q4_layer_ctrl/inst/ap_clk	520104.000	0
/pfm_top_wrapper/pfm_top_i/pfm_dynamic_inst/q4_layer_ctrl/inst/ap_clk	521771.000	1
/pfm_top_wrapper/pfm_top_i/pfm_dynamic_inst/q4_layer_ctrl/inst/ap_clk	523438.000	0
/pfm_top_wrapper/pfm_top_i/pfm_dynamic_inst/q4_layer_ctrl/inst/ap_clk	525105.000	1
/pfm_top_wrapper/pfm_top_i/pfm_dynamic_inst/q4_layer_ctrl/inst/ap_clk	526772.000	0
/pfm_top_wrapper/pfm_top_i/pfm_dynamic_inst/q4_layer_ctrl/inst/ap_clk	528439.000	1
/pfm_top_wrapper/pfm_top_i/pfm_dynamic_inst/q4_layer_ctrl/inst/ap_clk	530106.000	0
/pfm_top_wrapper/pfm_top_i/pfm_dynamic_inst/q4_layer_ctrl/inst/ap_clk	531773.000	1
/pfm_top_wrapper/pfm_top_i/pfm_dynamic_inst/q4_layer_ctrl/inst/ap_clk	533440.000	0
/pfm_top_wrapper/pfm_top_i/pfm_dynamic_inst/q4_layer_ctrl/inst/ap_clk	535107.000	1
/pfm_top_wrapper/pfm_top_i/pfm_dynamic_inst/q4_layer_ctrl/inst/ap_clk	536774.000	0
/pfm_top_wrapper/pfm_top_i/pfm_dynamic_inst/q4_layer_ctrl/inst/ap_clk	538441.000	1
/pfm_top_wrapper/pfm_top_i/pfm_dynamic_inst/q4_layer_ctrl/inst/ap_clk	540108.000	0
/pfm_top_wrapper/pfm_top_i/pfm_dynamic_inst/q4_layer_ctrl/inst/ap_clk	541775.000	1
/pfm_top_wrapper/pfm_top_i/pfm_dynamic_inst/q4_layer_ctrl/inst/ap_clk	543442.000	0
/pfm_top_wrapper/pfm_top_i/pfm_dynamic_inst/q4_layer_ctrl/inst/ap_clk	545109.000	1
/pfm_top_wrapper/pfm_top_i/pfm_dynamic_inst/q4_layer_ctrl/inst/ap_clk	546776.000	0
/pfm_top_wrapper/pfm_top_i/pfm_dynamic_inst/q4_layer_ctrl/inst/ap_clk	548443.000	1
/pfm_top_wrapper/pfm_top_i/pfm_dynamic_inst/q4_layer_ctrl/inst/ap_clk	550110.000	0
/pfm_top_wrapper/pfm_top_i/pfm_dynamic_inst/q4_layer_ctrl/inst/ap_clk	551777.000	1
/pfm_top_wrapper/pfm_top_i/pfm_dynamic_inst/q4_layer_ctrl/inst/ap_clk	553444.000	0
/pfm_top_wrapper/pfm_top_i/pfm_dynamic_inst/q4_layer_ctrl/inst/ap_clk	555111.000	1
/pfm_top_wrapper/pfm_top_i/pfm_dynamic_inst/q4_layer_ctrl/inst/ap_clk	556778.000	0
/pfm_top_wrapper/pfm_top_i/pfm_dynamic_inst/q4_layer_ctrl/inst/ap_clk	558445.000	1
/pfm_top_wrapper/pfm_top_i/pfm_dynamic_inst/q4_layer_ctrl/inst/ap_clk	560112.000	0
/pfm_top_wrapper/pfm_top_i/pfm_dynamic_inst/q4_layer_ctrl/inst/ap_clk	561779.000	1
/pfm_top_wrapper/pfm_top_i/pfm_dynamic_inst/q4_layer_ctrl/inst/ap_clk	563446.000	0
/pfm_top_wrapper/pfm_top_i/pfm_dynamic_inst/q4_layer_ctrl/inst/ap_clk	565113.000	1
/pfm_top_wrapper/pfm_top_i/pfm_dynamic_inst/q4_layer_ctrl/inst/ap_clk	566780.000	0
/pfm_top_wrapper/pfm_top_i/pfm_dynamic_inst/q4_layer_ctrl/inst/ap_clk	568447.000	1
/pfm_top_wrapper/pfm_top_i/pfm_dynamic_inst/q4_layer_ctrl/inst/ap_clk	570114.000	0
/pfm_top_wrapper/pfm_top_i/pfm_dynamic_inst/q4_layer_ctrl/inst/ap_clk	571781.000	1
/pfm_top_wrapper/pfm_top_i/pfm_dynamic_inst/q4_layer_ctrl/inst/ap_clk	573448.000	0
/pfm_top_wrapper/pfm_top_i/pfm_dynamic_inst/q4_layer_ctrl/inst/ap_clk	575115.000	1
/pfm_top_wrapper/pfm_top_i/pfm_dynamic_inst/q4_layer_ctrl/inst/ap_clk	576782.000	0
/pfm_top_wrapper/pfm_top_i/pfm_dynamic_inst/q4_layer_ctrl/inst/ap_clk	578449.000	1
/pfm_top_wrapper/pfm_top_i/pfm_dynamic_inst/q4_layer_ctrl/inst/ap_clk	580116.000	0
/pfm_top_wrapper/pfm_top_i/pfm_dynamic_inst/q4_layer_ctrl/inst/ap_clk	581783.000	1
/pfm_top_wrapper/pfm_top_i/pfm_dynamic_inst/q4_layer_ctrl/inst/ap_clk	583450.000	0
/pfm_top_wrapper/pfm_top_i/pfm_dynamic_inst/q4_layer_ctrl/inst/ap_clk	585117.000	1
/pfm_top_wrapper/pfm_top_i/pfm_dynamic_inst/q4_layer_ctrl/inst/ap_clk	586784.000	0
/pfm_top_wrapper/pfm_top_i/pfm_dynamic_inst/q4_layer_ctrl/inst/ap_clk	588451.000	1
/pfm_top_wrapper/pfm_top_i/pfm_dynamic_inst/q4_layer_ctrl/inst/ap_clk	590118.000	0
/pfm_top_wrapper/pfm_top_i/pfm_dynamic_inst/q4_layer_ctrl/inst/ap_clk	591785.000	1
/pfm_top_wrapper/pfm_top_i/pfm_dynamic_inst/q4_layer_ctrl/inst/ap_clk	593452.000	0
/pfm_top_wrapper/pfm_top_i/pfm_dynamic_inst/q4_layer_ctrl/inst/ap_clk	595119.000	1
/pfm_top_wrapper/pfm_top_i/pfm_dynamic_inst/q4_layer_ctrl/inst/ap_clk	596786.000	0
/pfm_top_wrapper/pfm_top_i/pfm_dynamic_inst/q4_layer_ctrl/inst/ap_clk	598453.000	1
/pfm_top_wrapper/pfm_top_i/pfm_dynamic_inst/q4_layer_ctrl/inst/ap_clk	600120.000	0
/pfm_top_wrapper/pfm_top_i/pfm_dynamic_inst/q4_layer_ctrl/inst/ap_clk	601787.000	1
/pfm_top_wrapper/pfm_top_i/pfm_dynamic_inst/q4_layer_ctrl/inst/ap_clk	603454.000	0
/pfm_top_wrapper/pfm_top_i/pfm_dynamic_inst/q4_layer_ctrl/inst/ap_clk	605121.000	1
/pfm_top_wrapper/pfm_top_i/pfm_dynamic_inst/q4_layer_ctrl/inst/ap_clk	606788.000	0
/pfm_top_wrapper/pfm_top_i/pfm_dynamic_inst/q4_layer_ctrl/inst/ap_clk	608455.000	1
/pfm_top_wrapper/pfm_top_i/pfm_dynamic_inst/q4_layer_ctrl/inst/ap_clk	610122.000	0
/pfm_top_wrapper/pfm_top_i/pfm_dynamic_inst/q4_layer_ctrl/inst/ap_clk	611789.000	1
/pfm_top_wrapper/pfm_top_i/pfm_dynamic_inst/q4_layer_ctrl/inst/ap_clk	613456.000	0
/pfm_top_wrapper/pfm_top_i/pfm_dynamic_inst/q4_layer_ctrl/inst/ap_clk	615123.000	1
/pfm_top_wrapper/pfm_top_i/pfm_dynamic_inst/q4_layer_ctrl/inst/ap_clk	616790.000	0
/pfm_top_wrapper/pfm_top_i/pfm_dynamic_inst/q4_layer_ctrl/inst/ap_clk	618457.000	1
/pfm_top_wrapper/pfm_top_i/pfm_dynamic_inst/q4_layer_ctrl/inst/ap_clk	620124.000	0
/pfm_top_wrapper/pfm_top_i/pfm_dynamic_inst/q4_layer_ctrl/inst/ap_clk	621791.000	1
/pfm_top_wrapper/pfm_top_i/pfm_dynamic_inst/q4_layer_ctrl/inst/ap_clk	623458.000	0
/pfm_top_wrapper/pfm_top_i/pfm_dynamic_inst/q4_layer_ctrl/inst/ap_clk	625125.000	1
/pfm_top_wrapper/pfm_top_i/pfm_dynamic_inst/q4_layer_ctrl/inst/ap_clk	626792.000	0
/pfm_top_wrapper/pfm_top_i/pfm_dynamic_inst/q4_layer_ctrl/inst/ap_clk	628459.000	1
/pfm_top_wrapper/pfm_top_i/pfm_dynamic_inst/q4_layer_ctrl/inst/ap_clk	630126.000	0
/pfm_top_wrapper/pfm_top_i/pfm_dynamic_inst/q4_layer_ctrl/inst/ap_clk	631793.000	1
/pfm_top_wrapper/pfm_top_i/pfm_dynamic_inst/q4_layer_ctrl/inst/ap_clk	633460.000	0
/pfm_top_wrapper/pfm_top_i/pfm_dynamic_inst/q4_layer_ctrl/inst/ap_clk	635127.000	1
/pfm_top_wrapper/pfm_top_i/pfm_dynamic_inst/q4_layer_ctrl/inst/ap_clk	636794.000	0
/pfm_top_wrapper/pfm_top_i/pfm_dynamic_inst/q4_layer_ctrl/inst/ap_clk	638461.000	1
/pfm_top_wrapper/pfm_top_i/pfm_dynamic_inst/q4_layer_ctrl/inst/ap_clk	640128.000	0
/pfm_top_wrapper/pfm_top_i/pfm_dynamic_inst/q4_layer_ctrl/inst/ap_clk	641795.000	1
/pfm_top_wrapper/pfm_top_i/pfm_dynamic_inst/q4_layer_ctrl/inst/ap_clk	643462.000	0
/pfm_top_wrapper/pfm_top_i/pfm_dynamic_inst/q4_layer_ctrl/inst/ap_clk	645129.000	1
/pfm_top_wrapper/pfm_top_i/pfm_dynamic_inst/q4_layer_ctrl/inst/ap_clk	646796.000	0
/pfm_top_wrapper/pfm_top_i/pfm_dynamic_inst/q4_layer_ctrl/inst/ap_clk	648463.000	1
/pfm_top_wrapper/pfm_top_i/pfm_dynamic_inst/q4_layer_ctrl/inst/ap_clk	650130.000	0
/pfm_top_wrapper/pfm_top_i/pfm_dynamic_inst/q4_layer_ctrl/inst/ap_clk	651797.000	1
/pfm_top_wrapper/pfm_top_i/pfm_dynamic_inst/q4_layer_ctrl/inst/ap_clk	653464.000	0
/pfm_top_wrapper/pfm_top_i/pfm_dynamic_inst/q4_layer_ctrl/inst/ap_clk	655131.000	1
/pfm_top_wrapper/pfm_top_i/pfm_dynamic_inst/q4_layer_ctrl/inst/ap_clk	656798.000	0
/pfm_top_wrapper/pfm_top_i/pfm_dynamic_inst/q4_layer_ctrl/inst/ap_clk	658465.000	1
/pfm_top_wrapper/pfm_top_i/pfm_dynamic_inst/q4_layer_ctrl/inst/ap_clk	660132.000	0
/pfm_top_wrapper/pfm_top_i/pfm_dynamic_inst/q4_layer_ctrl/inst/ap_clk	661799.000	1
/pfm_top_wrapper/pfm_top_i/pfm_dynamic_inst/q4_layer_ctrl/inst/ap_clk	663466.000	0
/pfm_top_wrapper/pfm_top_i/pfm_dynamic_inst/q4_layer_ctrl/inst/ap_clk	665133.000	1
/pfm_top_wrapper/pfm_top_i/pfm_dynamic_inst/q4_layer_ctrl/inst/ap_clk	666800.000	0
/pfm_top_wrapper/pfm_top_i/pfm_dynamic_inst/q4_layer_ctrl/inst/ap_clk	668467.000	1
/pfm_top_wrapper/pfm_top_i/pfm_dynamic_inst/q4_layer_ctrl/inst/ap_clk	670134.000	0
/pfm_top_wrapper/pfm_top_i/pfm_dynamic_inst/q4_layer_ctrl/inst/ap_clk	671801.000	1
/pfm_top_wrapper/pfm_top_i/pfm_dynamic_inst/q4_layer_ctrl/inst/ap_clk	673468.000	0
/pfm_top_wrapper/pfm_top_i/pfm_dynamic_inst/q4_layer_ctrl/inst/ap_clk	675135.000	1
/pfm_top_wrapper/pfm_top_i/pfm_dynamic_inst/q4_layer_ctrl/inst/ap_clk	676802.000	0
/pfm_top_wrapper/pfm_top_i/pfm_dynamic_inst/q4_layer_ctrl/inst/ap_clk	678469.000	1
/pfm_top_wrapper/pfm_top_i/pfm_dynamic_inst/q4_layer_ctrl/inst/ap_clk	680136.000	0
/pfm_top_wrapper/pfm_top_i/pfm_dynamic_inst/q4_layer_ctrl/inst/ap_clk	681803.000	1
/pfm_top_wrapper/pfm_top_i/pfm_dynamic_inst/q4_layer_ctrl/inst/ap_clk	683470.000	0
/pfm_top_wrapper/pfm_top_i/pfm_dynamic_inst/q4_layer_ctrl/inst/ap_clk	685137.000	1
/pfm_top_wrapper/pfm_top_i/pfm_dynamic_inst/q4_layer_ctrl/inst/ap_clk	686804.000	0
/pfm_top_wrapper/pfm_top_i/pfm_dynamic_inst/q4_layer_ctrl/inst/ap_clk	688471.000	1
/pfm_top_wrapper/pfm_top_i/pfm_dynamic_inst/q4_layer_ctrl/inst/ap_clk	690138.000	0
/pfm_top_wrapper/pfm_top_i/pfm_dynamic_inst/q4_layer_ctrl/inst/ap_clk	691805.000	1
/pfm_top_wrapper/pfm_top_i/pfm_dynamic_inst/q4_layer_ctrl/inst/ap_clk	693472.000	0
/pfm_top_wrapper/pfm_top_i/pfm_dynamic_inst/q4_layer_ctrl/inst/ap_clk	695139.000	1
/pfm_top_wrapper/pfm_top_i/pfm_dynamic_inst/q4_layer_ctrl/inst/ap_clk	696806.000	0
/pfm_top_wrapper/pfm_top_i/pfm_dynamic_inst/q4_layer_ctrl/inst/ap_clk	698473.000	1
/pfm_top_wrapper/pfm_top_i/pfm_dynamic_inst/q4_layer_ctrl/inst/ap_clk	700140.000	0
/pfm_top_wrapper/pfm_top_i/pfm_dynamic_inst/q4_layer_ctrl/inst/ap_clk	701807.000	1
/pfm_top_wrapper/pfm_top_i/pfm_dynamic_inst/q4_layer_ctrl/inst/ap_clk	703474.000	0
/pfm_top_wrapper/pfm_top_i/pfm_dynamic_inst/q4_layer_ctrl/inst/ap_clk	705141.000	1
/pfm_top_wrapper/pfm_top_i/pfm_dynamic_inst/q4_layer_ctrl/inst/ap_clk	706808.000	0
/pfm_top_wrapper/pfm_top_i/pfm_dynamic_inst/q4_layer_ctrl/inst/ap_clk	708475.000	1
/pfm_top_wrapper/pfm_top_i/pfm_dynamic_inst/q4_layer_ctrl/inst/ap_clk	710142.000	0
/pfm_top_wrapper/pfm_top_i/pfm_dynamic_inst/q4_layer_ctrl/inst/ap_clk	711809.000	1
/pfm_top_wrapper/pfm_top_i/pfm_dynamic_inst/q4_layer_ctrl/inst/ap_clk	713476.000	0
/pfm_top_wrapper/pfm_top_i/pfm_dynamic_inst/q4_layer_ctrl/inst/ap_clk	715143.000	1
/pfm_top_wrapper/pfm_top_i/pfm_dynamic_inst/q4_layer_ctrl/inst/ap_clk	716810.000	0
/pfm_top_wrapper/pfm_top_i/pfm_dynamic_inst/q4_layer_ctrl/inst/ap_clk	718477.000	1
/pfm_top_wrapper/pfm_top_i/pfm_dynamic_inst/q4_layer_ctrl/inst/ap_clk	720144.000	0
/pfm_top_wrapper/pfm_top_i/pfm_dynamic_inst/q4_layer_ctrl/inst/ap_clk	721811.000	1
/pfm_top_wrapper/pfm_top_i/pfm_dynamic_inst/q4_layer_ctrl/inst/ap_clk	723478.000	0
/pfm_top_wrapper/pfm_top_i/pfm_dynamic_inst/q4_layer_ctrl/inst/ap_clk	725145.000	1
/pfm_top_wrapper/pfm_top_i/pfm_dynamic_inst/q4_layer_ctrl/inst/ap_clk	726812.000	0
/pfm_top_wrapper/pfm_top_i/pfm_dynamic_inst/q4_layer_ctrl/inst/ap_clk	728479.000	1
/pfm_top_wrapper/pfm_top_i/pfm_dynamic_inst/q4_layer_ctrl/inst/ap_clk	730146.000	0
/pfm_top_wrapper/pfm_top_i/pfm_dynamic_inst/q4_layer_ctrl/inst/ap_clk	731813.000	1
/pfm_top_wrapper/pfm_top_i/pfm_dynamic_inst/q4_layer_ctrl/inst/ap_clk	733480.000	0
/pfm_top_wrapper/pfm_top_i/pfm_dynamic_inst/q4_layer_ctrl/inst/ap_clk	735147.000	1
/pfm_top_wrapper/pfm_top_i/pfm_dynamic_inst/q4_layer_ctrl/inst/ap_clk	736814.000	0
/pfm_top_wrapper/pfm_top_i/pfm_dynamic_inst/q4_layer_ctrl/inst/ap_clk	738481.000	1
/pfm_top_wrapper/pfm_top_i/pfm_dynamic_inst/q4_layer_ctrl/inst/ap_clk	740148.000	0
/pfm_top_wrapper/pfm_top_i/pfm_dynamic_inst/q4_layer_ctrl/inst/ap_clk	741815.000	1
/pfm_top_wrapper/pfm_top_i/pfm_dynamic_inst/q4_layer_ctrl/inst/ap_clk	743482.000	0
/pfm_top_wrapper/pfm_top_i/pfm_dynamic_inst/q4_layer_ctrl/inst/ap_clk	745149.000	1
/pfm_top_wrapper/pfm_top_i/pfm_dynamic_inst/q4_layer_ctrl/inst/ap_clk	746816.000	0
/pfm_top_wrapper/pfm_top_i/pfm_dynamic_inst/q4_layer_ctrl/inst/ap_clk	748483.000	1
/pfm_top_wrapper/pfm_top_i/pfm_dynamic_inst/q4_layer_ctrl/inst/ap_clk	750150.000	0
/pfm_top_wrapper/pfm_top_i/pfm_dynamic_inst/q4_layer_ctrl/inst/ap_clk	751817.000	1
/pfm_top_wrapper/pfm_top_i/pfm_dynamic_inst/q4_layer_ctrl/inst/ap_clk	753484.000	0
/pfm_top_wrapper/pfm_top_i/pfm_dynamic_inst/q4_layer_ctrl/inst/ap_clk	755151.000	1
/pfm_top_wrapper/pfm_top_i/pfm_dynamic_inst/q4_layer_ctrl/inst/ap_clk	756818.000	0
/pfm_top_wrapper/pfm_top_i/pfm_dynamic_inst/q4_layer_ctrl/inst/ap_clk	758485.000	1
/pfm_top_wrapper/pfm_top_i/pfm_dynamic_inst/q4_layer_ctrl/inst/ap_clk	760152.000	0
/pfm_top_wrapper/pfm_top_i/pfm_dynamic_inst/q4_layer_ctrl/inst/ap_clk	761819.000	1
/pfm_top_wrapper/pfm_top_i/pfm_dynamic_inst/q4_layer_ctrl/inst/ap_clk	763486.000	0
/pfm_top_wrapper/pfm_top_i/pfm_dynamic_inst/q4_layer_ctrl/inst/ap_clk	765153.000	1
/pfm_top_wrapper/pfm_top_i/pfm_dynamic_inst/q4_layer_ctrl/inst/ap_clk	766820.000	0
/pfm_top_wrapper/pfm_top_i/pfm_dynamic_inst/q4_layer_ctrl/inst/ap_clk	768487.000	1
/pfm_top_wrapper/pfm_top_i/pfm_dynamic_inst/q4_layer_ctrl/inst/ap_clk	770154.000	0
/pfm_top_wrapper/pfm_top_i/pfm_dynamic_inst/q4_layer_ctrl/inst/ap_clk	771821.000	1
/pfm_top_wrapper/pfm_top_i/pfm_dynamic_inst/q4_layer_ctrl/inst/ap_clk	773488.000	0
/pfm_top_wrapper/pfm_top_i/pfm_dynamic_inst/q4_layer_ctrl/inst/ap_clk	775155.000	1
/pfm_top_wrapper/pfm_top_i/pfm_dynamic_inst/q4_layer_ctrl/inst/ap_clk	776822.000	0
/pfm_top_wrapper/pfm_top_i/pfm_dynamic_inst/q4_layer_ctrl/inst/ap_clk	778489.000	1
/pfm_top_wrapper/pfm_top_i/pfm_dynamic_inst/q4_layer_ctrl/inst/ap_clk	780156.000	0
/pfm_top_wrapper/pfm_top_i/pfm_dynamic_inst/q4_layer_ctrl/inst/ap_clk	781823.000	1
/pfm_top_wrapper/pfm_top_i/pfm_dynamic_inst/q4_layer_ctrl/inst/ap_clk	783490.000	0
/pfm_top_wrapper/pfm_top_i/pfm_dynamic_inst/q4_layer_ctrl/inst/ap_clk	785157.000	1
/pfm_top_wrapper/pfm_top_i/pfm_dynamic_inst/q4_layer_ctrl/inst/ap_clk	786824.000	0
/pfm_top_wrapper/pfm_top_i/pfm_dynamic_inst/q4_layer_ctrl/inst/ap_clk	788491.000	1
/pfm_top_wrapper/pfm_top_i/pfm_dynamic_inst/q4_layer_ctrl/inst/ap_clk	790158.000	0
/pfm_top_wrapper/pfm_top_i/pfm_dynamic_inst/q4_layer_ctrl/inst/ap_clk	791825.000	1
/pfm_top_wrapper/pfm_top_i/pfm_dynamic_inst/q4_layer_ctrl/inst/ap_clk	793492.000	0
/pfm_top_wrapper/pfm_top_i/pfm_dynamic_inst/q4_layer_ctrl/inst/ap_clk	795159.000	1
/pfm_top_wrapper/pfm_top_i/pfm_dynamic_inst/q4_layer_ctrl/inst/ap_clk	796826.000	0
/pfm_top_wrapper/pfm_top_i/pfm_dynamic_inst/q4_layer_ctrl/inst/ap_clk	798493.000	1
/pfm_top_wrapper/pfm_top_i/pfm_dynamic_inst/q4_layer_ctrl/inst/ap_clk	800160.000	0
/pfm_top_wrapper/pfm_top_i/pfm_dynamic_inst/q4_layer_ctrl/inst/ap_clk	801827.000	1
/pfm_top_wrapper/pfm_top_i/pfm_dynamic_inst/q4_layer_ctrl/inst/ap_clk	803494.000	0
/pfm_top_wrapper/pfm_top_i/pfm_dynamic_inst/q4_layer_ctrl/inst/ap_clk	805161.000	1
/pfm_top_wrapper/pfm_top_i/pfm_dynamic_inst/q4_layer_ctrl/inst/ap_clk	806828.000	0
/pfm_top_wrapper/pfm_top_i/pfm_dynamic_inst/q4_layer_ctrl/inst/ap_clk	808495.000	1
/pfm_top_wrapper/pfm_top_i/pfm_dynamic_inst/q4_layer_ctrl/inst/ap_clk	810162.000	0
/pfm_top_wrapper/pfm_top_i/pfm_dynamic_inst/q4_layer_ctrl/inst/ap_clk	811829.000	1
/pfm_top_wrapper/pfm_top_i/pfm_dynamic_inst/q4_layer_ctrl/inst/ap_clk	813496.000	0
/pfm_top_wrapper/pfm_top_i/pfm_dynamic_inst/q4_layer_ctrl/inst/ap_clk	815163.000	1
/pfm_top_wrapper/pfm_top_i/pfm_dynamic_inst/q4_layer_ctrl/inst/ap_clk	816830.000	0
/pfm_top_wrapper/pfm_top_i/pfm_dynamic_inst/q4_layer_ctrl/inst/ap_clk	818497.000	1
/pfm_top_wrapper/pfm_top_i/pfm_dynamic_inst/q4_layer_ctrl/inst/ap_clk	820164.000	0
/pfm_top_wrapper/pfm_top_i/pfm_dynamic_inst/q4_layer_ctrl/inst/ap_clk	821831.000	1
/pfm_top_wrapper/pfm_top_i/pfm_dynamic_inst/q4_layer_ctrl/inst/ap_clk	823498.000	0
/pfm_top_wrapper/pfm_top_i/pfm_dynamic_inst/q4_layer_ctrl/inst/ap_clk	825165.000	1
/pfm_top_wrapper/pfm_top_i/pfm_dynamic_inst/q4_layer_ctrl/inst/ap_clk	826832.000	0
/pfm_top_wrapper/pfm_top_i/pfm_dynamic_inst/q4_layer_ctrl/inst/ap_clk	828499.000	1
/pfm_top_wrapper/pfm_top_i/pfm_dynamic_inst/q4_layer_ctrl/inst/ap_clk	830166.000	0
/pfm_top_wrapper/pfm_top_i/pfm_dynamic_inst/q4_layer_ctrl/inst/ap_clk	831833.000	1
/pfm_top_wrapper/pfm_top_i/pfm_dynamic_inst/q4_layer_ctrl/inst/ap_clk	833500.000	0
/pfm_top_wrapper/pfm_top_i/pfm_dynamic_inst/q4_layer_ctrl/inst/ap_clk	835167.000	1
/pfm_top_wrapper/pfm_top_i/pfm_dynamic_inst/q4_layer_ctrl/inst/ap_clk	836834.000	0
/pfm_top_wrapper/pfm_top_i/pfm_dynamic_inst/q4_layer_ctrl/inst/ap_clk	838501.000	1
/pfm_top_wrapper/pfm_top_i/pfm_dynamic_inst/q4_layer_ctrl/inst/ap_clk	840168.000	0
/pfm_top_wrapper/pfm_top_i/pfm_dynamic_inst/q4_layer_ctrl/inst/ap_clk	841835.000	1
/pfm_top_wrapper/pfm_top_i/pfm_dynamic_inst/q4_layer_ctrl/inst/ap_clk	843502.000	0
/pfm_top_wrapper/pfm_top_i/pfm_dynamic_inst/q4_layer_ctrl/inst/ap_clk	845169.000	1
/pfm_top_wrapper/pfm_top_i/pfm_dynamic_inst/q4_layer_ctrl/inst/ap_clk	846836.000	0
/pfm_top_wrapper/pfm_top_i/pfm_dynamic_inst/q4_layer_ctrl/inst/ap_clk	848503.000	1
/pfm_top_wrapper/pfm_top_i/pfm_dynamic_inst/q4_layer_ctrl/inst/ap_clk	850170.000	0
/pfm_top_wrapper/pfm_top_i/pfm_dynamic_inst/q4_layer_ctrl/inst/ap_clk	851837.000	1
/pfm_top_wrapper/pfm_top_i/pfm_dynamic_inst/q4_layer_ctrl/inst/ap_clk	853504.000	0
/pfm_top_wrapper/pfm_top_i/pfm_dynamic_inst/q4_layer_ctrl/inst/ap_clk	855171.000	1
/pfm_top_wrapper/pfm_top_i/pfm_dynamic_inst/q4_layer_ctrl/inst/ap_clk	856838.000	0
/pfm_top_wrapper/pfm_top_i/pfm_dynamic_inst/q4_layer_ctrl/inst/ap_clk	858505.000	1
/pfm_top_wrapper/pfm_top_i/pfm_dynamic_inst/q4_layer_ctrl/inst/ap_clk	860172.000	0
/pfm_top_wrapper/pfm_top_i/pfm_dynamic_inst/q4_layer_ctrl/inst/ap_clk	861839.000	1
/pfm_top_wrapper/pfm_top_i/pfm_dynamic_inst/q4_layer_ctrl/inst/ap_clk	863506.000	0
/pfm_top_wrapper/pfm_top_i/pfm_dynamic_inst/q4_layer_ctrl/inst/ap_clk	865173.000	1
/pfm_top_wrapper/pfm_top_i/pfm_dynamic_inst/q4_layer_ctrl/inst/ap_clk	866840.000	0
/pfm_top_wrapper/pfm_top_i/pfm_dynamic_inst/q4_layer_ctrl/inst/ap_clk	868507.000	1
/pfm_top_wrapper/pfm_top_i/pfm_dynamic_inst/q4_layer_ctrl/inst/ap_clk	870174.000	0
/pfm_top_wrapper/pfm_top_i/pfm_dynamic_inst/q4_layer_ctrl/inst/ap_clk	871841.000	1
/pfm_top_wrapper/pfm_top_i/pfm_dynamic_inst/q4_layer_ctrl/inst/ap_clk	873508.000	0
/pfm_top_wrapper/pfm_top_i/pfm_dynamic_inst/q4_layer_ctrl/inst/ap_clk	875175.000	1
/pfm_top_wrapper/pfm_top_i/pfm_dynamic_inst/q4_layer_ctrl/inst/ap_clk	876842.000	0
/pfm_top_wrapper/pfm_top_i/pfm_dynamic_inst/q4_layer_ctrl/inst/ap_clk	878509.000	1
/pfm_top_wrapper/pfm_top_i/pfm_dynamic_inst/q4_layer_ctrl/inst/ap_clk	880176.000	0
/pfm_top_wrapper/pfm_top_i/pfm_dynamic_inst/q4_layer_ctrl/inst/ap_clk	881843.000	1
/pfm_top_wrapper/pfm_top_i/pfm_dynamic_inst/q4_layer_ctrl/inst/ap_clk	883510.000	0
/pfm_top_wrapper/pfm_top_i/pfm_dynamic_inst/q4_layer_ctrl/inst/ap_clk	885177.000	1
/pfm_top_wrapper/pfm_top_i/pfm_dynamic_inst/q4_layer_ctrl/inst/ap_clk	886844.000	0
/pfm_top_wrapper/pfm_top_i/pfm_dynamic_inst/q4_layer_ctrl/inst/ap_clk	888511.000	1
/pfm_top_wrapper/pfm_top_i/pfm_dynamic_inst/q4_layer_ctrl/inst/ap_clk	890178.000	0
/pfm_top_wrapper/pfm_top_i/pfm_dynamic_inst/q4_layer_ctrl/inst/ap_clk	891845.000	1
/pfm_top_wrapper/pfm_top_i/pfm_dynamic_inst/q4_layer_ctrl/inst/ap_clk	893512.000	0
/pfm_top_wrapper/pfm_top_i/pfm_dynamic_inst/q4_layer_ctrl/inst/ap_clk	895179.000	1
/pfm_top_wrapper/pfm_top_i/pfm_dynamic_inst/q4_layer_ctrl/inst/ap_clk	896846.000	0
/pfm_top_wrapper/pfm_top_i/pfm_dynamic_inst/q4_layer_ctrl/inst/ap_clk	898513.000	1
/pfm_top_wrapper/pfm_top_i/pfm_dynamic_inst/q4_layer_ctrl/inst/ap_clk	900180.000	0
/pfm_top_wrapper/pfm_top_i/pfm_dynamic_inst/q4_layer_ctrl/inst/ap_clk	901847.000	1
/pfm_top_wrapper/pfm_top_i/pfm_dynamic_inst/q4_layer_ctrl/inst/ap_clk	903514.000	0
/pfm_top_wrapper/pfm_top_i/pfm_dynamic_inst/q4_layer_ctrl/inst/ap_clk	905181.000	1
/pfm_top_wrapper/pfm_top_i/pfm_dynamic_inst/q4_layer_ctrl/inst/ap_clk	906848.000	0
/pfm_top_wrapper/pfm_top_i/pfm_dynamic_inst/q4_layer_ctrl/inst/ap_clk	908515.000	1
/pfm_top_wrapper/pfm_top_i/pfm_dynamic_inst/q4_layer_ctrl/inst/ap_clk	910182.000	0
/pfm_top_wrapper/pfm_top_i/pfm_dynamic_inst/q4_layer_ctrl/inst/ap_clk	911849.000	1
/pfm_top_wrapper/pfm_top_i/pfm_dynamic_inst/q4_layer_ctrl/inst/ap_clk	913516.000	0
/pfm_top_wrapper/pfm_top_i/pfm_dynamic_inst/q4_layer_ctrl/inst/ap_clk	915183.000	1
/pfm_top_wrapper/pfm_top_i/pfm_dynamic_inst/q4_layer_ctrl/inst/ap_clk	916850.000	0
/pfm_top_wrapper/pfm_top_i/pfm_dynamic_inst/q4_layer_ctrl/inst/ap_clk	918517.000	1
/pfm_top_wrapper/pfm_top_i/pfm_dynamic_inst/q4_layer_ctrl/inst/ap_clk	920184.000	0
/pfm_top_wrapper/pfm_top_i/pfm_dynamic_inst/q4_layer_ctrl/inst/ap_clk	921851.000	1
/pfm_top_wrapper/pfm_top_i/pfm_dynamic_inst/q4_layer_ctrl/inst/ap_clk	923518.000	0
/pfm_top_wrapper/pfm_top_i/pfm_dynamic_inst/q4_layer_ctrl/inst/ap_clk	925185.000	1
/pfm_top_wrapper/pfm_top_i/pfm_dynamic_inst/q4_layer_ctrl/inst/ap_clk	926852.000	0
/pfm_top_wrapper/pfm_top_i/pfm_dynamic_inst/q4_layer_ctrl/inst/ap_clk	928519.000	1
/pfm_top_wrapper/pfm_top_i/pfm_dynamic_inst/q4_layer_ctrl/inst/ap_clk	930186.000	0
/pfm_top_wrapper/pfm_top_i/pfm_dynamic_inst/q4_layer_ctrl/inst/ap_clk	931853.000	1
/pfm_top_wrapper/pfm_top_i/pfm_dynamic_inst/q4_layer_ctrl/inst/ap_clk	933520.000	0
/pfm_top_wrapper/pfm_top_i/pfm_dynamic_inst/q4_layer_ctrl/inst/ap_clk	935187.000	1
/pfm_top_wrapper/pfm_top_i/pfm_dynamic_inst/q4_layer_ctrl/inst/ap_clk	936854.000	0
/pfm_top_wrapper/pfm_top_i/pfm_dynamic_inst/q4_layer_ctrl/inst/ap_clk	938521.000	1
/pfm_top_wrapper/pfm_top_i/pfm_dynamic_inst/q4_layer_ctrl/inst/ap_clk	940188.000	0
/pfm_top_wrapper/pfm_top_i/pfm_dynamic_inst/q4_layer_ctrl/inst/ap_clk	941855.000	1
/pfm_top_wrapper/pfm_top_i/pfm_dynamic_inst/q4_layer_ctrl/inst/ap_clk	943522.000	0
/pfm_top_wrapper/pfm_top_i/pfm_dynamic_inst/q4_layer_ctrl/inst/ap_clk	945189.000	1
/pfm_top_wrapper/pfm_top_i/pfm_dynamic_inst/q4_layer_ctrl/inst/ap_clk	946856.000	0
/pfm_top_wrapper/pfm_top_i/pfm_dynamic_inst/q4_layer_ctrl/inst/ap_clk	948523.000	1
/pfm_top_wrapper/pfm_top_i/pfm_dynamic_inst/q4_layer_ctrl/inst/ap_clk	950190.000	0
/pfm_top_wrapper/pfm_top_i/pfm_dynamic_inst/q4_layer_ctrl/inst/ap_clk	951857.000	1
/pfm_top_wrapper/pfm_top_i/pfm_dynamic_inst/q4_layer_ctrl/inst/ap_clk	953524.000	0
/pfm_top_wrapper/pfm_top_i/pfm_dynamic_inst/q4_layer_ctrl/inst/ap_clk	955191.000	1
/pfm_top_wrapper/pfm_top_i/pfm_dynamic_inst/q4_layer_ctrl/inst/ap_clk	956858.000	0
/pfm_top_wrapper/pfm_top_i/pfm_dynamic_inst/q4_layer_ctrl/inst/ap_clk	958525.000	1
/pfm_top_wrapper/pfm_top_i/pfm_dynamic_inst/q4_layer_ctrl/inst/ap_clk	960192.000	0
/pfm_top_wrapper/pfm_top_i/pfm_dynamic_inst/q4_layer_ctrl/inst/ap_clk	961859.000	1
/pfm_top_wrapper/pfm_top_i/pfm_dynamic_inst/q4_layer_ctrl/inst/ap_clk	963526.000	0
/pfm_top_wrapper/pfm_top_i/pfm_dynamic_inst/q4_layer_ctrl/inst/ap_clk	965193.000	1
/pfm_top_wrapper/pfm_top_i/pfm_dynamic_inst/q4_layer_ctrl/inst/ap_clk	966860.000	0
/pfm_top_wrapper/pfm_top_i/pfm_dynamic_inst/q4_layer_ctrl/inst/ap_clk	968527.000	1
/pfm_top_wrapper/pfm_top_i/pfm_dynamic_inst/q4_layer_ctrl/inst/ap_clk	970194.000	0
/pfm_top_wrapper/pfm_top_i/pfm_dynamic_inst/q4_layer_ctrl/inst/ap_clk	971861.000	1
/pfm_top_wrapper/pfm_top_i/pfm_dynamic_inst/q4_layer_ctrl/inst/ap_clk	973528.000	0
/pfm_top_wrapper/pfm_top_i/pfm_dynamic_inst/q4_layer_ctrl/inst/ap_clk	975195.000	1
/pfm_top_wrapper/pfm_top_i/pfm_dynamic_inst/q4_layer_ctrl/inst/ap_clk	976862.000	0
/pfm_top_wrapper/pfm_top_i/pfm_dynamic_inst/q4_layer_ctrl/inst/ap_clk	978529.000	1
/pfm_top_wrapper/pfm_top_i/pfm_dynamic_inst/q4_layer_ctrl/inst/ap_clk	980196.000	0
/pfm_top_wrapper/pfm_top_i/pfm_dynamic_inst/q4_layer_ctrl/inst/ap_clk	981863.000	1
/pfm_top_wrapper/pfm_top_i/pfm_dynamic_inst/q4_layer_ctrl/inst/ap_clk	983530.000	0
/pfm_top_wrapper/pfm_top_i/pfm_dynamic_inst/q4_layer_ctrl/inst/ap_clk	985197.000	1
/pfm_top_wrapper/pfm_top_i/pfm_dynamic_inst/q4_layer_ctrl/inst/ap_clk	986864.000	0
/pfm_top_wrapper/pfm_top_i/pfm_dynamic_inst/q4_layer_ctrl/inst/ap_clk	988531.000	1
/pfm_top_wrapper/pfm_top_i/pfm_dynamic_inst/q4_layer_ctrl/inst/ap_clk	990198.000	0
/pfm_top_wrapper/pfm_top_i/pfm_dynamic_inst/q4_layer_ctrl/inst/ap_clk	991865.000	1
/pfm_top_wrapper/pfm_top_i/pfm_dynamic_inst/q4_layer_ctrl/inst/ap_clk	993532.000	0
/pfm_top_wrapper/pfm_top_i/pfm_dynamic_inst/q4_layer_ctrl/inst/ap_clk	995199.000	1
/pfm_top_wrapper/pfm_top_i/pfm_dynamic_inst/q4_layer_ctrl/inst/ap_clk	996866.000	0
/pfm_top_wrapper/pfm_top_i/pfm_dynamic_inst/q4_layer_ctrl/inst/ap_clk	998533.000	1
/pfm_top_wrapper/pfm_top_i/pfm_dynamic_inst/q4_layer_ctrl/inst/ap_rst_n	0.000	0
/pfm_top_wrapper/pfm_top_i/pfm_dynamic_inst/q4_layer_ctrl/inst/ap_rst_n	518537.000	1
/pfm_top_wrapper/pfm_top_i/pfm_dynamic_inst/q4_layer_ctrl/inst/ap_start	0.000	0
/pfm_top_wrapper/pfm_top_i/pfm_dynamic_inst/q4_layer_ctrl/inst/ap_start	5112689.000	1
/pfm_top_wrapper/pfm_top_i/pfm_dynamic_inst/q4_layer_ctrl/inst/ap_start	8888245627.000	0
/pfm_top_wrapper/pfm_top_i/pfm_dynamic_inst/q4_layer_ctrl/inst/ap_start	8893306639.000	1
/pfm_top_wrapper/pfm_top_i/pfm_dynamic_inst/q4_layer_ctrl/inst/ap_start	9601408231.000	0
/pfm_top_wrapper/pfm_top_i/pfm_dynamic_inst/q4_layer_ctrl/inst/ap_done	0.000	0
/pfm_top_wrapper/pfm_top_i/pfm_dynamic_inst/q4_layer_ctrl/inst/ap_done	8888242293.000	1
/pfm_top_wrapper/pfm_top_i/pfm_dynamic_inst/q4_layer_ctrl/inst/ap_done	8890792803.000	0
/pfm_top_wrapper/pfm_top_i/pfm_dynamic_inst/q4_layer_ctrl/inst/ap_done	9601404897.000	1
/pfm_top_wrapper/pfm_top_i/pfm_dynamic_inst/q4_layer_ctrl/inst/ap_done	9604475511.000	0
/pfm_top_wrapper/pfm_top_i/pfm_dynamic_inst/q4_layer_ctrl/inst/ap_idle	0.000	1
/pfm_top_wrapper/pfm_top_i/pfm_dynamic_inst/q4_layer_ctrl/inst/ap_idle	5112689.000	0
/pfm_top_wrapper/pfm_top_i/pfm_dynamic_inst/q4_layer_ctrl/inst/ap_idle	8888245627.000	1
/pfm_top_wrapper/pfm_top_i/pfm_dynamic_inst/q4_layer_ctrl/inst/ap_idle	8893306639.000	0
/pfm_top_wrapper/pfm_top_i/pfm_dynamic_inst/q4_layer_ctrl/inst/ap_idle	9601408231.000	1
/pfm_top_wrapper/pfm_top_i/pfm_dynamic_inst/q4_layer_ctrl/inst/ap_ready	0.000	0
/pfm_top_wrapper/pfm_top_i/pfm_dynamic_inst/q4_layer_ctrl/inst/ap_ready	8888242293.000	1
/pfm_top_wrapper/pfm_top_i/pfm_dynamic_inst/q4_layer_ctrl/inst/ap_ready	8888245627.000	0
/pfm_top_wrapper/pfm_top_i/pfm_dynamic_inst/q4_layer_ctrl/inst/ap_ready	9601404897.000	1
/pfm_top_wrapper/pfm_top_i/pfm_dynamic_inst/q4_layer_ctrl/inst/ap_ready	9601408231.000	0
/pfm_top_wrapper/pfm_top_i/pfm_dynamic_inst/q4_layer_cu0/inst/ap_clk	0.000	0
/pfm_top_wrapper/pfm_top_i/pfm_dynamic_inst/q4_layer_cu0/inst/ap_clk	1667.000	1
/pfm_top_wrapper/pfm_top_i/pfm_dynamic_inst/q4_layer_cu0/inst/ap_clk	3334.000	0
/pfm_top_wrapper/pfm_top_i/pfm_dynamic_inst/q4_layer_cu0/inst/ap_clk	5001.000	1
/pfm_top_wrapper/pfm_top_i/pfm_dynamic_inst/q4_layer_cu0/inst/ap_clk	6668.000	0
/pfm_top_wrapper/pfm_top_i/pfm_dynamic_inst/q4_layer_cu0/inst/ap_clk	8335.000	1
/pfm_top_wrapper/pfm_top_i/pfm_dynamic_inst/q4_layer_cu0/inst/ap_clk	10002.000	0
/pfm_top_wrapper/pfm_top_i/pfm_dynamic_inst/q4_layer_cu0/inst/ap_clk	11669.000	1
/pfm_top_wrapper/pfm_top_i/pfm_dynamic_inst/q4_layer_cu0/inst/ap_clk	13336.000	0
/pfm_top_wrapper/pfm_top_i/pfm_dynamic_inst/q4_layer_cu0/inst/ap_clk	15003.000	1
/pfm_top_wrapper/pfm_top_i/pfm_dynamic_inst/q4_layer_cu0/inst/ap_clk	16670.000	0
/pfm_top_wrapper/pfm_top_i/pfm_dynamic_inst/q4_layer_cu0/inst/ap_clk	18337.000	1
/pfm_top_wrapper/pfm_top_i/pfm_dynamic_inst/q4_layer_cu0/inst/ap_clk	20004.000	0
/pfm_top_wrapper/pfm_top_i/pfm_dynamic_inst/q4_layer_cu0/inst/ap_clk	21671.000	1
/pfm_top_wrapper/pfm_top_i/pfm_dynamic_inst/q4_layer_cu0/inst/ap_clk	23338.000	0
/pfm_top_wrapper/pfm_top_i/pfm_dynamic_inst/q4_layer_cu0/inst/ap_clk	25005.000	1
/pfm_top_wrapper/pfm_top_i/pfm_dynamic_inst/q4_layer_cu0/inst/ap_clk	26672.000	0
/pfm_top_wrapper/pfm_top_i/pfm_dynamic_inst/q4_layer_cu0/inst/ap_clk	28339.000	1
/pfm_top_wrapper/pfm_top_i/pfm_dynamic_inst/q4_layer_cu0/inst/ap_clk	30006.000	0
/pfm_top_wrapper/pfm_top_i/pfm_dynamic_inst/q4_layer_cu0/inst/ap_clk	31673.000	1
/pfm_top_wrapper/pfm_top_i/pfm_dynamic_inst/q4_layer_cu0/inst/ap_clk	33340.000	0
/pfm_top_wrapper/pfm_top_i/pfm_dynamic_inst/q4_layer_cu0/inst/ap_clk	35007.000	1
/pfm_top_wrapper/pfm_top_i/pfm_dynamic_inst/q4_layer_cu0/inst/ap_clk	36674.000	0
/pfm_top_wrapper/pfm_top_i/pfm_dynamic_inst/q4_layer_cu0/inst/ap_clk	38341.000	1
/pfm_top_wrapper/pfm_top_i/pfm_dynamic_inst/q4_layer_cu0/inst/ap_clk	40008.000	0
/pfm_top_wrapper/pfm_top_i/pfm_dynamic_inst/q4_layer_cu0/inst/ap_clk	41675.000	1
/pfm_top_wrapper/pfm_top_i/pfm_dynamic_inst/q4_layer_cu0/inst/ap_clk	43342.000	0
/pfm_top_wrapper/pfm_top_i/pfm_dynamic_inst/q4_layer_cu0/inst/ap_clk	45009.000	1
/pfm_top_wrapper/pfm_top_i/pfm_dynamic_inst/q4_layer_cu0/inst/ap_clk	46676.000	0
/pfm_top_wrapper/pfm_top_i/pfm_dynamic_inst/q4_layer_cu0/inst/ap_clk	48343.000	1
/pfm_top_wrapper/pfm_top_i/pfm_dynamic_inst/q4_layer_cu0/inst/ap_clk	50010.000	0
/pfm_top_wrapper/pfm_top_i/pfm_dynamic_inst/q4_layer_cu0/inst/ap_clk	51677.000	1
/pfm_top_wrapper/pfm_top_i/pfm_dynamic_inst/q4_layer_cu0/inst/ap_clk	53344.000	0
/pfm_top_wrapper/pfm_top_i/pfm_dynamic_inst/q4_layer_cu0/inst/ap_clk	55011.000	1
/pfm_top_wrapper/pfm_top_i/pfm_dynamic_inst/q4_layer_cu0/inst/ap_clk	56678.000	0
/pfm_top_wrapper/pfm_top_i/pfm_dynamic_inst/q4_layer_cu0/inst/ap_clk	58345.000	1
/pfm_top_wrapper/pfm_top_i/pfm_dynamic_inst/q4_layer_cu0/inst/ap_clk	60012.000	0
/pfm_top_wrapper/pfm_top_i/pfm_dynamic_inst/q4_layer_cu0/inst/ap_clk	61679.000	1
/pfm_top_wrapper/pfm_top_i/pfm_dynamic_inst/q4_layer_cu0/inst/ap_clk	63346.000	0
/pfm_top_wrapper/pfm_top_i/pfm_dynamic_inst/q4_layer_cu0/inst/ap_clk	65013.000	1
/pfm_top_wrapper/pfm_top_i/pfm_dynamic_inst/q4_layer_cu0/inst/ap_clk	66680.000	0
/pfm_top_wrapper/pfm_top_i/pfm_dynamic_inst/q4_layer_cu0/inst/ap_clk	68347.000	1
/pfm_top_wrapper/pfm_top_i/pfm_dynamic_inst/q4_layer_cu0/inst/ap_clk	70014.000	0
/pfm_top_wrapper/pfm_top_i/pfm_dynamic_inst/q4_layer_cu0/inst/ap_clk	71681.000	1
/pfm_top_wrapper/pfm_top_i/pfm_dynamic_inst/q4_layer_cu0/inst/ap_clk	73348.000	0
/pfm_top_wrapper/pfm_top_i/pfm_dynamic_inst/q4_layer_cu0/inst/ap_clk	75015.000	1
/pfm_top_wrapper/pfm_top_i/pfm_dynamic_inst/q4_layer_cu0/inst/ap_clk	76682.000	0
/pfm_top_wrapper/pfm_top_i/pfm_dynamic_inst/q4_layer_cu0/inst/ap_clk	78349.000	1
/pfm_top_wrapper/pfm_top_i/pfm_dynamic_inst/q4_layer_cu0/inst/ap_clk	80016.000	0
/pfm_top_wrapper/pfm_top_i/pfm_dynamic_inst/q4_layer_cu0/inst/ap_clk	81683.000	1
/pfm_top_wrapper/pfm_top_i/pfm_dynamic_inst/q4_layer_cu0/inst/ap_clk	83350.000	0
/pfm_top_wrapper/pfm_top_i/pfm_dynamic_inst/q4_layer_cu0/inst/ap_clk	85017.000	1
/pfm_top_wrapper/pfm_top_i/pfm_dynamic_inst/q4_layer_cu0/inst/ap_clk	86684.000	0
/pfm_top_wrapper/pfm_top_i/pfm_dynamic_inst/q4_layer_cu0/inst/ap_clk	88351.000	1
/pfm_top_wrapper/pfm_top_i/pfm_dynamic_inst/q4_layer_cu0/inst/ap_clk	90018.000	0
/pfm_top_wrapper/pfm_top_i/pfm_dynamic_inst/q4_layer_cu0/inst/ap_clk	91685.000	1
/pfm_top_wrapper/pfm_top_i/pfm_dynamic_inst/q4_layer_cu0/inst/ap_clk	93352.000	0
/pfm_top_wrapper/pfm_top_i/pfm_dynamic_inst/q4_layer_cu0/inst/ap_clk	95019.000	1
/pfm_top_wrapper/pfm_top_i/pfm_dynamic_inst/q4_layer_cu0/inst/ap_clk	96686.000	0
/pfm_top_wrapper/pfm_top_i/pfm_dynamic_inst/q4_layer_cu0/inst/ap_clk	98353.000	1
/pfm_top_wrapper/pfm_top_i/pfm_dynamic_inst/q4_layer_cu0/inst/ap_clk	100020.000	0
/pfm_top_wrapper/pfm_top_i/pfm_dynamic_inst/q4_layer_cu0/inst/ap_clk	101687.000	1
/pfm_top_wrapper/pfm_top_i/pfm_dynamic_inst/q4_layer_cu0/inst/ap_clk	103354.000	0
/pfm_top_wrapper/pfm_top_i/pfm_dynamic_inst/q4_layer_cu0/inst/ap_clk	105021.000	1
/pfm_top_wrapper/pfm_top_i/pfm_dynamic_inst/q4_layer_cu0/inst/ap_clk	106688.000	0
/pfm_top_wrapper/pfm_top_i/pfm_dynamic_inst/q4_layer_cu0/inst/ap_clk	108355.000	1
/pfm_top_wrapper/pfm_top_i/pfm_dynamic_inst/q4_layer_cu0/inst/ap_clk	110022.000	0
/pfm_top_wrapper/pfm_top_i/pfm_dynamic_inst/q4_layer_cu0/inst/ap_clk	111689.000	1
/pfm_top_wrapper/pfm_top_i/pfm_dynamic_inst/q4_layer_cu0/inst/ap_clk	113356.000	0
/pfm_top_wrapper/pfm_top_i/pfm_dynamic_inst/q4_layer_cu0/inst/ap_clk	115023.000	1
/pfm_top_wrapper/pfm_top_i/pfm_dynamic_inst/q4_layer_cu0/inst/ap_clk	116690.000	0
/pfm_top_wrapper/pfm_top_i/pfm_dynamic_inst/q4_layer_cu0/inst/ap_clk	118357.000	1
/pfm_top_wrapper/pfm_top_i/pfm_dynamic_inst/q4_layer_cu0/inst/ap_clk	120024.000	0
/pfm_top_wrapper/pfm_top_i/pfm_dynamic_inst/q4_layer_cu0/inst/ap_clk	121691.000	1
/pfm_top_wrapper/pfm_top_i/pfm_dynamic_inst/q4_layer_cu0/inst/ap_clk	123358.000	0
/pfm_top_wrapper/pfm_top_i/pfm_dynamic_inst/q4_layer_cu0/inst/ap_clk	125025.000	1
/pfm_top_wrapper/pfm_top_i/pfm_dynamic_inst/q4_layer_cu0/inst/ap_clk	126692.000	0
/pfm_top_wrapper/pfm_top_i/pfm_dynamic_inst/q4_layer_cu0/inst/ap_clk	128359.000	1
/pfm_top_wrapper/pfm_top_i/pfm_dynamic_inst/q4_layer_cu0/inst/ap_clk	130026.000	0
/pfm_top_wrapper/pfm_top_i/pfm_dynamic_inst/q4_layer_cu0/inst/ap_clk	131693.000	1
/pfm_top_wrapper/pfm_top_i/pfm_dynamic_inst/q4_layer_cu0/inst/ap_clk	133360.000	0
/pfm_top_wrapper/pfm_top_i/pfm_dynamic_inst/q4_layer_cu0/inst/ap_clk	135027.000	1
/pfm_top_wrapper/pfm_top_i/pfm_dynamic_inst/q4_layer_cu0/inst/ap_clk	136694.000	0
/pfm_top_wrapper/pfm_top_i/pfm_dynamic_inst/q4_layer_cu0/inst/ap_clk	138361.000	1
/pfm_top_wrapper/pfm_top_i/pfm_dynamic_inst/q4_layer_cu0/inst/ap_clk	140028.000	0
/pfm_top_wrapper/pfm_top_i/pfm_dynamic_inst/q4_layer_cu0/inst/ap_clk	141695.000	1
/pfm_top_wrapper/pfm_top_i/pfm_dynamic_inst/q4_layer_cu0/inst/ap_clk	143362.000	0
/pfm_top_wrapper/pfm_top_i/pfm_dynamic_inst/q4_layer_cu0/inst/ap_clk	145029.000	1
/pfm_top_wrapper/pfm_top_i/pfm_dynamic_inst/q4_layer_cu0/inst/ap_clk	146696.000	0
/pfm_top_wrapper/pfm_top_i/pfm_dynamic_inst/q4_layer_cu0/inst/ap_clk	148363.000	1
/pfm_top_wrapper/pfm_top_i/pfm_dynamic_inst/q4_layer_cu0/inst/ap_clk	150030.000	0
/pfm_top_wrapper/pfm_top_i/pfm_dynamic_inst/q4_layer_cu0/inst/ap_clk	151697.000	1
/pfm_top_wrapper/pfm_top_i/pfm_dynamic_inst/q4_layer_cu0/inst/ap_clk	153364.000	0
/pfm_top_wrapper/pfm_top_i/pfm_dynamic_inst/q4_layer_cu0/inst/ap_clk	155031.000	1
/pfm_top_wrapper/pfm_top_i/pfm_dynamic_inst/q4_layer_cu0/inst/ap_clk	156698.000	0
/pfm_top_wrapper/pfm_top_i/pfm_dynamic_inst/q4_layer_cu0/inst/ap_clk	158365.000	1
/pfm_top_wrapper/pfm_top_i/pfm_dynamic_inst/q4_layer_cu0/inst/ap_clk	160032.000	0
/pfm_top_wrapper/pfm_top_i/pfm_dynamic_inst/q4_layer_cu0/inst/ap_clk	161699.000	1
/pfm_top_wrapper/pfm_top_i/pfm_dynamic_inst/q4_layer_cu0/inst/ap_clk	163366.000	0
/pfm_top_wrapper/pfm_top_i/pfm_dynamic_inst/q4_layer_cu0/inst/ap_clk	165033.000	1
/pfm_top_wrapper/pfm_top_i/pfm_dynamic_inst/q4_layer_cu0/inst/ap_clk	166700.000	0
/pfm_top_wrapper/pfm_top_i/pfm_dynamic_inst/q4_layer_cu0/inst/ap_clk	168367.000	1
/pfm_top_wrapper/pfm_top_i/pfm_dynamic_inst/q4_layer_cu0/inst/ap_clk	170034.000	0
/pfm_top_wrapper/pfm_top_i/pfm_dynamic_inst/q4_layer_cu0/inst/ap_clk	171701.000	1
/pfm_top_wrapper/pfm_top_i/pfm_dynamic_inst/q4_layer_cu0/inst/ap_clk	173368.000	0
/pfm_top_wrapper/pfm_top_i/pfm_dynamic_inst/q4_layer_cu0/inst/ap_clk	175035.000	1
/pfm_top_wrapper/pfm_top_i/pfm_dynamic_inst/q4_layer_cu0/inst/ap_clk	176702.000	0
/pfm_top_wrapper/pfm_top_i/pfm_dynamic_inst/q4_layer_cu0/inst/ap_clk	178369.000	1
/pfm_top_wrapper/pfm_top_i/pfm_dynamic_inst/q4_layer_cu0/inst/ap_clk	180036.000	0
/pfm_top_wrapper/pfm_top_i/pfm_dynamic_inst/q4_layer_cu0/inst/ap_clk	181703.000	1
/pfm_top_wrapper/pfm_top_i/pfm_dynamic_inst/q4_layer_cu0/inst/ap_clk	183370.000	0
/pfm_top_wrapper/pfm_top_i/pfm_dynamic_inst/q4_layer_cu0/inst/ap_clk	185037.000	1
/pfm_top_wrapper/pfm_top_i/pfm_dynamic_inst/q4_layer_cu0/inst/ap_clk	186704.000	0
/pfm_top_wrapper/pfm_top_i/pfm_dynamic_inst/q4_layer_cu0/inst/ap_clk	188371.000	1
/pfm_top_wrapper/pfm_top_i/pfm_dynamic_inst/q4_layer_cu0/inst/ap_clk	190038.000	0
/pfm_top_wrapper/pfm_top_i/pfm_dynamic_inst/q4_layer_cu0/inst/ap_clk	191705.000	1
/pfm_top_wrapper/pfm_top_i/pfm_dynamic_inst/q4_layer_cu0/inst/ap_clk	193372.000	0
/pfm_top_wrapper/pfm_top_i/pfm_dynamic_inst/q4_layer_cu0/inst/ap_clk	195039.000	1
/pfm_top_wrapper/pfm_top_i/pfm_dynamic_inst/q4_layer_cu0/inst/ap_clk	196706.000	0
/pfm_top_wrapper/pfm_top_i/pfm_dynamic_inst/q4_layer_cu0/inst/ap_clk	198373.000	1
/pfm_top_wrapper/pfm_top_i/pfm_dynamic_inst/q4_layer_cu0/inst/ap_clk	200040.000	0
/pfm_top_wrapper/pfm_top_i/pfm_dynamic_inst/q4_layer_cu0/inst/ap_clk	201707.000	1
/pfm_top_wrapper/pfm_top_i/pfm_dynamic_inst/q4_layer_cu0/inst/ap_clk	203374.000	0
/pfm_top_wrapper/pfm_top_i/pfm_dynamic_inst/q4_layer_cu0/inst/ap_clk	205041.000	1
/pfm_top_wrapper/pfm_top_i/pfm_dynamic_inst/q4_layer_cu0/inst/ap_clk	206708.000	0
/pfm_top_wrapper/pfm_top_i/pfm_dynamic_inst/q4_layer_cu0/inst/ap_clk	208375.000	1
/pfm_top_wrapper/pfm_top_i/pfm_dynamic_inst/q4_layer_cu0/inst/ap_clk	210042.000	0
/pfm_top_wrapper/pfm_top_i/pfm_dynamic_inst/q4_layer_cu0/inst/ap_clk	211709.000	1
/pfm_top_wrapper/pfm_top_i/pfm_dynamic_inst/q4_layer_cu0/inst/ap_clk	213376.000	0
/pfm_top_wrapper/pfm_top_i/pfm_dynamic_inst/q4_layer_cu0/inst/ap_clk	215043.000	1
/pfm_top_wrapper/pfm_top_i/pfm_dynamic_inst/q4_layer_cu0/inst/ap_clk	216710.000	0
/pfm_top_wrapper/pfm_top_i/pfm_dynamic_inst/q4_layer_cu0/inst/ap_clk	218377.000	1
/pfm_top_wrapper/pfm_top_i/pfm_dynamic_inst/q4_layer_cu0/inst/ap_clk	220044.000	0
/pfm_top_wrapper/pfm_top_i/pfm_dynamic_inst/q4_layer_cu0/inst/ap_clk	221711.000	1
/pfm_top_wrapper/pfm_top_i/pfm_dynamic_inst/q4_layer_cu0/inst/ap_clk	223378.000	0
/pfm_top_wrapper/pfm_top_i/pfm_dynamic_inst/q4_layer_cu0/inst/ap_clk	225045.000	1
/pfm_top_wrapper/pfm_top_i/pfm_dynamic_inst/q4_layer_cu0/inst/ap_clk	226712.000	0
/pfm_top_wrapper/pfm_top_i/pfm_dynamic_inst/q4_layer_cu0/inst/ap_clk	228379.000	1
/pfm_top_wrapper/pfm_top_i/pfm_dynamic_inst/q4_layer_cu0/inst/ap_clk	230046.000	0
/pfm_top_wrapper/pfm_top_i/pfm_dynamic_inst/q4_layer_cu0/inst/ap_clk	231713.000	1
/pfm_top_wrapper/pfm_top_i/pfm_dynamic_inst/q4_layer_cu0/inst/ap_clk	233380.000	0
/pfm_top_wrapper/pfm_top_i/pfm_dynamic_inst/q4_layer_cu0/inst/ap_clk	235047.000	1
/pfm_top_wrapper/pfm_top_i/pfm_dynamic_inst/q4_layer_cu0/inst/ap_clk	236714.000	0
/pfm_top_wrapper/pfm_top_i/pfm_dynamic_inst/q4_layer_cu0/inst/ap_clk	238381.000	1
/pfm_top_wrapper/pfm_top_i/pfm_dynamic_inst/q4_layer_cu0/inst/ap_clk	240048.000	0
/pfm_top_wrapper/pfm_top_i/pfm_dynamic_inst/q4_layer_cu0/inst/ap_clk	241715.000	1
/pfm_top_wrapper/pfm_top_i/pfm_dynamic_inst/q4_layer_cu0/inst/ap_clk	243382.000	0
/pfm_top_wrapper/pfm_top_i/pfm_dynamic_inst/q4_layer_cu0/inst/ap_clk	245049.000	1
/pfm_top_wrapper/pfm_top_i/pfm_dynamic_inst/q4_layer_cu0/inst/ap_clk	246716.000	0
/pfm_top_wrapper/pfm_top_i/pfm_dynamic_inst/q4_layer_cu0/inst/ap_clk	248383.000	1
/pfm_top_wrapper/pfm_top_i/pfm_dynamic_inst/q4_layer_cu0/inst/ap_clk	250050.000	0
/pfm_top_wrapper/pfm_top_i/pfm_dynamic_inst/q4_layer_cu0/inst/ap_clk	251717.000	1
/pfm_top_wrapper/pfm_top_i/pfm_dynamic_inst/q4_layer_cu0/inst/ap_clk	253384.000	0
/pfm_top_wrapper/pfm_top_i/pfm_dynamic_inst/q4_layer_cu0/inst/ap_clk	255051.000	1
/pfm_top_wrapper/pfm_top_i/pfm_dynamic_inst/q4_layer_cu0/inst/ap_clk	256718.000	0
/pfm_top_wrapper/pfm_top_i/pfm_dynamic_inst/q4_layer_cu0/inst/ap_clk	258385.000	1
/pfm_top_wrapper/pfm_top_i/pfm_dynamic_inst/q4_layer_cu0/inst/ap_clk	260052.000	0
/pfm_top_wrapper/pfm_top_i/pfm_dynamic_inst/q4_layer_cu0/inst/ap_clk	261719.000	1
/pfm_top_wrapper/pfm_top_i/pfm_dynamic_inst/q4_layer_cu0/inst/ap_clk	263386.000	0
/pfm_top_wrapper/pfm_top_i/pfm_dynamic_inst/q4_layer_cu0/inst/ap_clk	265053.000	1
/pfm_top_wrapper/pfm_top_i/pfm_dynamic_inst/q4_layer_cu0/inst/ap_clk	266720.000	0
/pfm_top_wrapper/pfm_top_i/pfm_dynamic_inst/q4_layer_cu0/inst/ap_clk	268387.000	1
/pfm_top_wrapper/pfm_top_i/pfm_dynamic_inst/q4_layer_cu0/inst/ap_clk	270054.000	0
/pfm_top_wrapper/pfm_top_i/pfm_dynamic_inst/q4_layer_cu0/inst/ap_clk	271721.000	1
/pfm_top_wrapper/pfm_top_i/pfm_dynamic_inst/q4_layer_cu0/inst/ap_clk	273388.000	0
/pfm_top_wrapper/pfm_top_i/pfm_dynamic_inst/q4_layer_cu0/inst/ap_clk	275055.000	1
/pfm_top_wrapper/pfm_top_i/pfm_dynamic_inst/q4_layer_cu0/inst/ap_clk	276722.000	0
/pfm_top_wrapper/pfm_top_i/pfm_dynamic_inst/q4_layer_cu0/inst/ap_clk	278389.000	1
/pfm_top_wrapper/pfm_top_i/pfm_dynamic_inst/q4_layer_cu0/inst/ap_clk	280056.000	0
/pfm_top_wrapper/pfm_top_i/pfm_dynamic_inst/q4_layer_cu0/inst/ap_clk	281723.000	1
/pfm_top_wrapper/pfm_top_i/pfm_dynamic_inst/q4_layer_cu0/inst/ap_clk	283390.000	0
/pfm_top_wrapper/pfm_top_i/pfm_dynamic_inst/q4_layer_cu0/inst/ap_clk	285057.000	1
/pfm_top_wrapper/pfm_top_i/pfm_dynamic_inst/q4_layer_cu0/inst/ap_clk	286724.000	0
/pfm_top_wrapper/pfm_top_i/pfm_dynamic_inst/q4_layer_cu0/inst/ap_clk	288391.000	1
/pfm_top_wrapper/pfm_top_i/pfm_dynamic_inst/q4_layer_cu0/inst/ap_clk	290058.000	0
/pfm_top_wrapper/pfm_top_i/pfm_dynamic_inst/q4_layer_cu0/inst/ap_clk	291725.000	1
/pfm_top_wrapper/pfm_top_i/pfm_dynamic_inst/q4_layer_cu0/inst/ap_clk	293392.000	0
/pfm_top_wrapper/pfm_top_i/pfm_dynamic_inst/q4_layer_cu0/inst/ap_clk	295059.000	1
/pfm_top_wrapper/pfm_top_i/pfm_dynamic_inst/q4_layer_cu0/inst/ap_clk	296726.000	0
/pfm_top_wrapper/pfm_top_i/pfm_dynamic_inst/q4_layer_cu0/inst/ap_clk	298393.000	1
/pfm_top_wrapper/pfm_top_i/pfm_dynamic_inst/q4_layer_cu0/inst/ap_clk	300060.000	0
/pfm_top_wrapper/pfm_top_i/pfm_dynamic_inst/q4_layer_cu0/inst/ap_clk	301727.000	1
/pfm_top_wrapper/pfm_top_i/pfm_dynamic_inst/q4_layer_cu0/inst/ap_clk	303394.000	0
/pfm_top_wrapper/pfm_top_i/pfm_dynamic_inst/q4_layer_cu0/inst/ap_clk	305061.000	1
/pfm_top_wrapper/pfm_top_i/pfm_dynamic_inst/q4_layer_cu0/inst/ap_clk	306728.000	0
/pfm_top_wrapper/pfm_top_i/pfm_dynamic_inst/q4_layer_cu0/inst/ap_clk	308395.000	1
/pfm_top_wrapper/pfm_top_i/pfm_dynamic_inst/q4_layer_cu0/inst/ap_clk	310062.000	0
/pfm_top_wrapper/pfm_top_i/pfm_dynamic_inst/q4_layer_cu0/inst/ap_clk	311729.000	1
/pfm_top_wrapper/pfm_top_i/pfm_dynamic_inst/q4_layer_cu0/inst/ap_clk	313396.000	0
/pfm_top_wrapper/pfm_top_i/pfm_dynamic_inst/q4_layer_cu0/inst/ap_clk	315063.000	1
/pfm_top_wrapper/pfm_top_i/pfm_dynamic_inst/q4_layer_cu0/inst/ap_clk	316730.000	0
/pfm_top_wrapper/pfm_top_i/pfm_dynamic_inst/q4_layer_cu0/inst/ap_clk	318397.000	1
/pfm_top_wrapper/pfm_top_i/pfm_dynamic_inst/q4_layer_cu0/inst/ap_clk	320064.000	0
/pfm_top_wrapper/pfm_top_i/pfm_dynamic_inst/q4_layer_cu0/inst/ap_clk	321731.000	1
/pfm_top_wrapper/pfm_top_i/pfm_dynamic_inst/q4_layer_cu0/inst/ap_clk	323398.000	0
/pfm_top_wrapper/pfm_top_i/pfm_dynamic_inst/q4_layer_cu0/inst/ap_clk	325065.000	1
/pfm_top_wrapper/pfm_top_i/pfm_dynamic_inst/q4_layer_cu0/inst/ap_clk	326732.000	0
/pfm_top_wrapper/pfm_top_i/pfm_dynamic_inst/q4_layer_cu0/inst/ap_clk	328399.000	1
/pfm_top_wrapper/pfm_top_i/pfm_dynamic_inst/q4_layer_cu0/inst/ap_clk	330066.000	0
/pfm_top_wrapper/pfm_top_i/pfm_dynamic_inst/q4_layer_cu0/inst/ap_clk	331733.000	1
/pfm_top_wrapper/pfm_top_i/pfm_dynamic_inst/q4_layer_cu0/inst/ap_clk	333400.000	0
/pfm_top_wrapper/pfm_top_i/pfm_dynamic_inst/q4_layer_cu0/inst/ap_clk	335067.000	1
/pfm_top_wrapper/pfm_top_i/pfm_dynamic_inst/q4_layer_cu0/inst/ap_clk	336734.000	0
/pfm_top_wrapper/pfm_top_i/pfm_dynamic_inst/q4_layer_cu0/inst/ap_clk	338401.000	1
/pfm_top_wrapper/pfm_top_i/pfm_dynamic_inst/q4_layer_cu0/inst/ap_clk	340068.000	0
/pfm_top_wrapper/pfm_top_i/pfm_dynamic_inst/q4_layer_cu0/inst/ap_clk	341735.000	1
/pfm_top_wrapper/pfm_top_i/pfm_dynamic_inst/q4_layer_cu0/inst/ap_clk	343402.000	0
/pfm_top_wrapper/pfm_top_i/pfm_dynamic_inst/q4_layer_cu0/inst/ap_clk	345069.000	1
/pfm_top_wrapper/pfm_top_i/pfm_dynamic_inst/q4_layer_cu0/inst/ap_clk	346736.000	0
/pfm_top_wrapper/pfm_top_i/pfm_dynamic_inst/q4_layer_cu0/inst/ap_clk	348403.000	1
/pfm_top_wrapper/pfm_top_i/pfm_dynamic_inst/q4_layer_cu0/inst/ap_clk	350070.000	0
/pfm_top_wrapper/pfm_top_i/pfm_dynamic_inst/q4_layer_cu0/inst/ap_clk	351737.000	1
/pfm_top_wrapper/pfm_top_i/pfm_dynamic_inst/q4_layer_cu0/inst/ap_clk	353404.000	0
/pfm_top_wrapper/pfm_top_i/pfm_dynamic_inst/q4_layer_cu0/inst/ap_clk	355071.000	1
/pfm_top_wrapper/pfm_top_i/pfm_dynamic_inst/q4_layer_cu0/inst/ap_clk	356738.000	0
/pfm_top_wrapper/pfm_top_i/pfm_dynamic_inst/q4_layer_cu0/inst/ap_clk	358405.000	1
/pfm_top_wrapper/pfm_top_i/pfm_dynamic_inst/q4_layer_cu0/inst/ap_clk	360072.000	0
/pfm_top_wrapper/pfm_top_i/pfm_dynamic_inst/q4_layer_cu0/inst/ap_clk	361739.000	1
/pfm_top_wrapper/pfm_top_i/pfm_dynamic_inst/q4_layer_cu0/inst/ap_clk	363406.000	0
/pfm_top_wrapper/pfm_top_i/pfm_dynamic_inst/q4_layer_cu0/inst/ap_clk	365073.000	1
/pfm_top_wrapper/pfm_top_i/pfm_dynamic_inst/q4_layer_cu0/inst/ap_clk	366740.000	0
/pfm_top_wrapper/pfm_top_i/pfm_dynamic_inst/q4_layer_cu0/inst/ap_clk	368407.000	1
/pfm_top_wrapper/pfm_top_i/pfm_dynamic_inst/q4_layer_cu0/inst/ap_clk	370074.000	0
/pfm_top_wrapper/pfm_top_i/pfm_dynamic_inst/q4_layer_cu0/inst/ap_clk	371741.000	1
/pfm_top_wrapper/pfm_top_i/pfm_dynamic_inst/q4_layer_cu0/inst/ap_clk	373408.000	0
/pfm_top_wrapper/pfm_top_i/pfm_dynamic_inst/q4_layer_cu0/inst/ap_clk	375075.000	1
/pfm_top_wrapper/pfm_top_i/pfm_dynamic_inst/q4_layer_cu0/inst/ap_clk	376742.000	0
/pfm_top_wrapper/pfm_top_i/pfm_dynamic_inst/q4_layer_cu0/inst/ap_clk	378409.000	1
/pfm_top_wrapper/pfm_top_i/pfm_dynamic_inst/q4_layer_cu0/inst/ap_clk	380076.000	0
/pfm_top_wrapper/pfm_top_i/pfm_dynamic_inst/q4_layer_cu0/inst/ap_clk	381743.000	1
/pfm_top_wrapper/pfm_top_i/pfm_dynamic_inst/q4_layer_cu0/inst/ap_clk	383410.000	0
/pfm_top_wrapper/pfm_top_i/pfm_dynamic_inst/q4_layer_cu0/inst/ap_clk	385077.000	1
/pfm_top_wrapper/pfm_top_i/pfm_dynamic_inst/q4_layer_cu0/inst/ap_clk	386744.000	0
/pfm_top_wrapper/pfm_top_i/pfm_dynamic_inst/q4_layer_cu0/inst/ap_clk	388411.000	1
/pfm_top_wrapper/pfm_top_i/pfm_dynamic_inst/q4_layer_cu0/inst/ap_clk	390078.000	0
/pfm_top_wrapper/pfm_top_i/pfm_dynamic_inst/q4_layer_cu0/inst/ap_clk	391745.000	1
/pfm_top_wrapper/pfm_top_i/pfm_dynamic_inst/q4_layer_cu0/inst/ap_clk	393412.000	0
/pfm_top_wrapper/pfm_top_i/pfm_dynamic_inst/q4_layer_cu0/inst/ap_clk	395079.000	1
/pfm_top_wrapper/pfm_top_i/pfm_dynamic_inst/q4_layer_cu0/inst/ap_clk	396746.000	0
/pfm_top_wrapper/pfm_top_i/pfm_dynamic_inst/q4_layer_cu0/inst/ap_clk	398413.000	1
/pfm_top_wrapper/pfm_top_i/pfm_dynamic_inst/q4_layer_cu0/inst/ap_clk	400080.000	0
/pfm_top_wrapper/pfm_top_i/pfm_dynamic_inst/q4_layer_cu0/inst/ap_clk	401747.000	1
/pfm_top_wrapper/pfm_top_i/pfm_dynamic_inst/q4_layer_cu0/inst/ap_clk	403414.000	0
/pfm_top_wrapper/pfm_top_i/pfm_dynamic_inst/q4_layer_cu0/inst/ap_clk	405081.000	1
/pfm_top_wrapper/pfm_top_i/pfm_dynamic_inst/q4_layer_cu0/inst/ap_clk	406748.000	0
/pfm_top_wrapper/pfm_top_i/pfm_dynamic_inst/q4_layer_cu0/inst/ap_clk	408415.000	1
/pfm_top_wrapper/pfm_top_i/pfm_dynamic_inst/q4_layer_cu0/inst/ap_clk	410082.000	0
/pfm_top_wrapper/pfm_top_i/pfm_dynamic_inst/q4_layer_cu0/inst/ap_clk	411749.000	1
/pfm_top_wrapper/pfm_top_i/pfm_dynamic_inst/q4_layer_cu0/inst/ap_clk	413416.000	0
/pfm_top_wrapper/pfm_top_i/pfm_dynamic_inst/q4_layer_cu0/inst/ap_clk	415083.000	1
/pfm_top_wrapper/pfm_top_i/pfm_dynamic_inst/q4_layer_cu0/inst/ap_clk	416750.000	0
/pfm_top_wrapper/pfm_top_i/pfm_dynamic_inst/q4_layer_cu0/inst/ap_clk	418417.000	1
/pfm_top_wrapper/pfm_top_i/pfm_dynamic_inst/q4_layer_cu0/inst/ap_clk	420084.000	0
/pfm_top_wrapper/pfm_top_i/pfm_dynamic_inst/q4_layer_cu0/inst/ap_clk	421751.000	1
/pfm_top_wrapper/pfm_top_i/pfm_dynamic_inst/q4_layer_cu0/inst/ap_clk	423418.000	0
/pfm_top_wrapper/pfm_top_i/pfm_dynamic_inst/q4_layer_cu0/inst/ap_clk	425085.000	1
/pfm_top_wrapper/pfm_top_i/pfm_dynamic_inst/q4_layer_cu0/inst/ap_clk	426752.000	0
/pfm_top_wrapper/pfm_top_i/pfm_dynamic_inst/q4_layer_cu0/inst/ap_clk	428419.000	1
/pfm_top_wrapper/pfm_top_i/pfm_dynamic_inst/q4_layer_cu0/inst/ap_clk	430086.000	0
/pfm_top_wrapper/pfm_top_i/pfm_dynamic_inst/q4_layer_cu0/inst/ap_clk	431753.000	1
/pfm_top_wrapper/pfm_top_i/pfm_dynamic_inst/q4_layer_cu0/inst/ap_clk	433420.000	0
/pfm_top_wrapper/pfm_top_i/pfm_dynamic_inst/q4_layer_cu0/inst/ap_clk	435087.000	1
/pfm_top_wrapper/pfm_top_i/pfm_dynamic_inst/q4_layer_cu0/inst/ap_clk	436754.000	0
/pfm_top_wrapper/pfm_top_i/pfm_dynamic_inst/q4_layer_cu0/inst/ap_clk	438421.000	1
/pfm_top_wrapper/pfm_top_i/pfm_dynamic_inst/q4_layer_cu0/inst/ap_clk	440088.000	0
/pfm_top_wrapper/pfm_top_i/pfm_dynamic_inst/q4_layer_cu0/inst/ap_clk	441755.000	1
/pfm_top_wrapper/pfm_top_i/pfm_dynamic_inst/q4_layer_cu0/inst/ap_clk	443422.000	0
/pfm_top_wrapper/pfm_top_i/pfm_dynamic_inst/q4_layer_cu0/inst/ap_clk	445089.000	1
/pfm_top_wrapper/pfm_top_i/pfm_dynamic_inst/q4_layer_cu0/inst/ap_clk	446756.000	0
/pfm_top_wrapper/pfm_top_i/pfm_dynamic_inst/q4_layer_cu0/inst/ap_clk	448423.000	1
/pfm_top_wrapper/pfm_top_i/pfm_dynamic_inst/q4_layer_cu0/inst/ap_clk	450090.000	0
/pfm_top_wrapper/pfm_top_i/pfm_dynamic_inst/q4_layer_cu0/inst/ap_clk	451757.000	1
/pfm_top_wrapper/pfm_top_i/pfm_dynamic_inst/q4_layer_cu0/inst/ap_clk	453424.000	0
/pfm_top_wrapper/pfm_top_i/pfm_dynamic_inst/q4_layer_cu0/inst/ap_clk	455091.000	1
/pfm_top_wrapper/pfm_top_i/pfm_dynamic_inst/q4_layer_cu0/inst/ap_clk	456758.000	0
/pfm_top_wrapper/pfm_top_i/pfm_dynamic_inst/q4_layer_cu0/inst/ap_clk	458425.000	1
/pfm_top_wrapper/pfm_top_i/pfm_dynamic_inst/q4_layer_cu0/inst/ap_clk	460092.000	0
/pfm_top_wrapper/pfm_top_i/pfm_dynamic_inst/q4_layer_cu0/inst/ap_clk	461759.000	1
/pfm_top_wrapper/pfm_top_i/pfm_dynamic_inst/q4_layer_cu0/inst/ap_clk	463426.000	0
/pfm_top_wrapper/pfm_top_i/pfm_dynamic_inst/q4_layer_cu0/inst/ap_clk	465093.000	1
/pfm_top_wrapper/pfm_top_i/pfm_dynamic_inst/q4_layer_cu0/inst/ap_clk	466760.000	0
/pfm_top_wrapper/pfm_top_i/pfm_dynamic_inst/q4_layer_cu0/inst/ap_clk	468427.000	1
/pfm_top_wrapper/pfm_top_i/pfm_dynamic_inst/q4_layer_cu0/inst/ap_clk	470094.000	0
/pfm_top_wrapper/pfm_top_i/pfm_dynamic_inst/q4_layer_cu0/inst/ap_clk	471761.000	1
/pfm_top_wrapper/pfm_top_i/pfm_dynamic_inst/q4_layer_cu0/inst/ap_clk	473428.000	0
/pfm_top_wrapper/pfm_top_i/pfm_dynamic_inst/q4_layer_cu0/inst/ap_clk	475095.000	1
/pfm_top_wrapper/pfm_top_i/pfm_dynamic_inst/q4_layer_cu0/inst/ap_clk	476762.000	0
/pfm_top_wrapper/pfm_top_i/pfm_dynamic_inst/q4_layer_cu0/inst/ap_clk	478429.000	1
/pfm_top_wrapper/pfm_top_i/pfm_dynamic_inst/q4_layer_cu0/inst/ap_clk	480096.000	0
/pfm_top_wrapper/pfm_top_i/pfm_dynamic_inst/q4_layer_cu0/inst/ap_clk	481763.000	1
/pfm_top_wrapper/pfm_top_i/pfm_dynamic_inst/q4_layer_cu0/inst/ap_clk	483430.000	0
/pfm_top_wrapper/pfm_top_i/pfm_dynamic_inst/q4_layer_cu0/inst/ap_clk	485097.000	1
/pfm_top_wrapper/pfm_top_i/pfm_dynamic_inst/q4_layer_cu0/inst/ap_clk	486764.000	0
/pfm_top_wrapper/pfm_top_i/pfm_dynamic_inst/q4_layer_cu0/inst/ap_clk	488431.000	1
/pfm_top_wrapper/pfm_top_i/pfm_dynamic_inst/q4_layer_cu0/inst/ap_clk	490098.000	0
/pfm_top_wrapper/pfm_top_i/pfm_dynamic_inst/q4_layer_cu0/inst/ap_clk	491765.000	1
/pfm_top_wrapper/pfm_top_i/pfm_dynamic_inst/q4_layer_cu0/inst/ap_clk	493432.000	0
/pfm_top_wrapper/pfm_top_i/pfm_dynamic_inst/q4_layer_cu0/inst/ap_clk	495099.000	1
/pfm_top_wrapper/pfm_top_i/pfm_dynamic_inst/q4_layer_cu0/inst/ap_clk	496766.000	0
/pfm_top_wrapper/pfm_top_i/pfm_dynamic_inst/q4_layer_cu0/inst/ap_clk	498433.000	1
/pfm_top_wrapper/pfm_top_i/pfm_dynamic_inst/q4_layer_cu0/inst/ap_clk	500100.000	0
/pfm_top_wrapper/pfm_top_i/pfm_dynamic_inst/q4_layer_cu0/inst/ap_clk	501767.000	1
/pfm_top_wrapper/pfm_top_i/pfm_dynamic_inst/q4_layer_cu0/inst/ap_clk	503434.000	0
/pfm_top_wrapper/pfm_top_i/pfm_dynamic_inst/q4_layer_cu0/inst/ap_clk	505101.000	1
/pfm_top_wrapper/pfm_top_i/pfm_dynamic_inst/q4_layer_cu0/inst/ap_clk	506768.000	0
/pfm_top_wrapper/pfm_top_i/pfm_dynamic_inst/q4_layer_cu0/inst/ap_clk	508435.000	1
/pfm_top_wrapper/pfm_top_i/pfm_dynamic_inst/q4_layer_cu0/inst/ap_clk	510102.000	0
/pfm_top_wrapper/pfm_top_i/pfm_dynamic_inst/q4_layer_cu0/inst/ap_clk	511769.000	1
/pfm_top_wrapper/pfm_top_i/pfm_dynamic_inst/q4_layer_cu0/inst/ap_clk	513436.000	0
/pfm_top_wrapper/pfm_top_i/pfm_dynamic_inst/q4_layer_cu0/inst/ap_clk	515103.000	1
/pfm_top_wrapper/pfm_top_i/pfm_dynamic_inst/q4_layer_cu0/inst/ap_clk	516770.000	0
/pfm_top_wrapper/pfm_top_i/pfm_dynamic_inst/q4_layer_cu0/inst/ap_clk	518437.000	1
/pfm_top_wrapper/pfm_top_i/pfm_dynamic_inst/q4_layer_cu0/inst/ap_clk	520104.000	0
/pfm_top_wrapper/pfm_top_i/pfm_dynamic_inst/q4_layer_cu0/inst/ap_clk	521771.000	1
/pfm_top_wrapper/pfm_top_i/pfm_dynamic_inst/q4_layer_cu0/inst/ap_clk	523438.000	0
/pfm_top_wrapper/pfm_top_i/pfm_dynamic_inst/q4_layer_cu0/inst/ap_clk	525105.000	1
/pfm_top_wrapper/pfm_top_i/pfm_dynamic_inst/q4_layer_cu0/inst/ap_clk	526772.000	0
/pfm_top_wrapper/pfm_top_i/pfm_dynamic_inst/q4_layer_cu0/inst/ap_clk	528439.000	1
/pfm_top_wrapper/pfm_top_i/pfm_dynamic_inst/q4_layer_cu0/inst/ap_clk	530106.000	0
/pfm_top_wrapper/pfm_top_i/pfm_dynamic_inst/q4_layer_cu0/inst/ap_clk	531773.000	1
/pfm_top_wrapper/pfm_top_i/pfm_dynamic_inst/q4_layer_cu0/inst/ap_clk	533440.000	0
/pfm_top_wrapper/pfm_top_i/pfm_dynamic_inst/q4_layer_cu0/inst/ap_clk	535107.000	1
/pfm_top_wrapper/pfm_top_i/pfm_dynamic_inst/q4_layer_cu0/inst/ap_clk	536774.000	0
/pfm_top_wrapper/pfm_top_i/pfm_dynamic_inst/q4_layer_cu0/inst/ap_clk	538441.000	1
/pfm_top_wrapper/pfm_top_i/pfm_dynamic_inst/q4_layer_cu0/inst/ap_clk	540108.000	0
/pfm_top_wrapper/pfm_top_i/pfm_dynamic_inst/q4_layer_cu0/inst/ap_clk	541775.000	1
/pfm_top_wrapper/pfm_top_i/pfm_dynamic_inst/q4_layer_cu0/inst/ap_clk	543442.000	0
/pfm_top_wrapper/pfm_top_i/pfm_dynamic_inst/q4_layer_cu0/inst/ap_clk	545109.000	1
/pfm_top_wrapper/pfm_top_i/pfm_dynamic_inst/q4_layer_cu0/inst/ap_clk	546776.000	0
/pfm_top_wrapper/pfm_top_i/pfm_dynamic_inst/q4_layer_cu0/inst/ap_clk	548443.000	1
/pfm_top_wrapper/pfm_top_i/pfm_dynamic_inst/q4_layer_cu0/inst/ap_clk	550110.000	0
/pfm_top_wrapper/pfm_top_i/pfm_dynamic_inst/q4_layer_cu0/inst/ap_clk	551777.000	1
/pfm_top_wrapper/pfm_top_i/pfm_dynamic_inst/q4_layer_cu0/inst/ap_clk	553444.000	0
/pfm_top_wrapper/pfm_top_i/pfm_dynamic_inst/q4_layer_cu0/inst/ap_clk	555111.000	1
/pfm_top_wrapper/pfm_top_i/pfm_dynamic_inst/q4_layer_cu0/inst/ap_clk	556778.000	0
/pfm_top_wrapper/pfm_top_i/pfm_dynamic_inst/q4_layer_cu0/inst/ap_clk	558445.000	1
/pfm_top_wrapper/pfm_top_i/pfm_dynamic_inst/q4_layer_cu0/inst/ap_clk	560112.000	0
/pfm_top_wrapper/pfm_top_i/pfm_dynamic_inst/q4_layer_cu0/inst/ap_clk	561779.000	1
/pfm_top_wrapper/pfm_top_i/pfm_dynamic_inst/q4_layer_cu0/inst/ap_clk	563446.000	0
/pfm_top_wrapper/pfm_top_i/pfm_dynamic_inst/q4_layer_cu0/inst/ap_clk	565113.000	1
/pfm_top_wrapper/pfm_top_i/pfm_dynamic_inst/q4_layer_cu0/inst/ap_clk	566780.000	0
/pfm_top_wrapper/pfm_top_i/pfm_dynamic_inst/q4_layer_cu0/inst/ap_clk	568447.000	1
/pfm_top_wrapper/pfm_top_i/pfm_dynamic_inst/q4_layer_cu0/inst/ap_clk	570114.000	0
/pfm_top_wrapper/pfm_top_i/pfm_dynamic_inst/q4_layer_cu0/inst/ap_clk	571781.000	1
/pfm_top_wrapper/pfm_top_i/pfm_dynamic_inst/q4_layer_cu0/inst/ap_clk	573448.000	0
/pfm_top_wrapper/pfm_top_i/pfm_dynamic_inst/q4_layer_cu0/inst/ap_clk	575115.000	1
/pfm_top_wrapper/pfm_top_i/pfm_dynamic_inst/q4_layer_cu0/inst/ap_clk	576782.000	0
/pfm_top_wrapper/pfm_top_i/pfm_dynamic_inst/q4_layer_cu0/inst/ap_clk	578449.000	1
/pfm_top_wrapper/pfm_top_i/pfm_dynamic_inst/q4_layer_cu0/inst/ap_clk	580116.000	0
/pfm_top_wrapper/pfm_top_i/pfm_dynamic_inst/q4_layer_cu0/inst/ap_clk	581783.000	1
/pfm_top_wrapper/pfm_top_i/pfm_dynamic_inst/q4_layer_cu0/inst/ap_clk	583450.000	0
/pfm_top_wrapper/pfm_top_i/pfm_dynamic_inst/q4_layer_cu0/inst/ap_clk	585117.000	1
/pfm_top_wrapper/pfm_top_i/pfm_dynamic_inst/q4_layer_cu0/inst/ap_clk	586784.000	0
/pfm_top_wrapper/pfm_top_i/pfm_dynamic_inst/q4_layer_cu0/inst/ap_clk	588451.000	1
/pfm_top_wrapper/pfm_top_i/pfm_dynamic_inst/q4_layer_cu0/inst/ap_clk	590118.000	0
/pfm_top_wrapper/pfm_top_i/pfm_dynamic_inst/q4_layer_cu0/inst/ap_clk	591785.000	1
/pfm_top_wrapper/pfm_top_i/pfm_dynamic_inst/q4_layer_cu0/inst/ap_clk	593452.000	0
/pfm_top_wrapper/pfm_top_i/pfm_dynamic_inst/q4_layer_cu0/inst/ap_clk	595119.000	1
/pfm_top_wrapper/pfm_top_i/pfm_dynamic_inst/q4_layer_cu0/inst/ap_clk	596786.000	0
/pfm_top_wrapper/pfm_top_i/pfm_dynamic_inst/q4_layer_cu0/inst/ap_clk	598453.000	1
/pfm_top_wrapper/pfm_top_i/pfm_dynamic_inst/q4_layer_cu0/inst/ap_clk	600120.000	0
/pfm_top_wrapper/pfm_top_i/pfm_dynamic_inst/q4_layer_cu0/inst/ap_clk	601787.000	1
/pfm_top_wrapper/pfm_top_i/pfm_dynamic_inst/q4_layer_cu0/inst/ap_clk	603454.000	0
/pfm_top_wrapper/pfm_top_i/pfm_dynamic_inst/q4_layer_cu0/inst/ap_clk	605121.000	1
/pfm_top_wrapper/pfm_top_i/pfm_dynamic_inst/q4_layer_cu0/inst/ap_clk	606788.000	0
/pfm_top_wrapper/pfm_top_i/pfm_dynamic_inst/q4_layer_cu0/inst/ap_clk	608455.000	1
/pfm_top_wrapper/pfm_top_i/pfm_dynamic_inst/q4_layer_cu0/inst/ap_clk	610122.000	0
/pfm_top_wrapper/pfm_top_i/pfm_dynamic_inst/q4_layer_cu0/inst/ap_clk	611789.000	1
/pfm_top_wrapper/pfm_top_i/pfm_dynamic_inst/q4_layer_cu0/inst/ap_clk	613456.000	0
/pfm_top_wrapper/pfm_top_i/pfm_dynamic_inst/q4_layer_cu0/inst/ap_clk	615123.000	1
/pfm_top_wrapper/pfm_top_i/pfm_dynamic_inst/q4_layer_cu0/inst/ap_clk	616790.000	0
/pfm_top_wrapper/pfm_top_i/pfm_dynamic_inst/q4_layer_cu0/inst/ap_clk	618457.000	1
/pfm_top_wrapper/pfm_top_i/pfm_dynamic_inst/q4_layer_cu0/inst/ap_clk	620124.000	0
/pfm_top_wrapper/pfm_top_i/pfm_dynamic_inst/q4_layer_cu0/inst/ap_clk	621791.000	1
/pfm_top_wrapper/pfm_top_i/pfm_dynamic_inst/q4_layer_cu0/inst/ap_clk	623458.000	0
/pfm_top_wrapper/pfm_top_i/pfm_dynamic_inst/q4_layer_cu0/inst/ap_clk	625125.000	1
/pfm_top_wrapper/pfm_top_i/pfm_dynamic_inst/q4_layer_cu0/inst/ap_clk	626792.000	0
/pfm_top_wrapper/pfm_top_i/pfm_dynamic_inst/q4_layer_cu0/inst/ap_clk	628459.000	1
/pfm_top_wrapper/pfm_top_i/pfm_dynamic_inst/q4_layer_cu0/inst/ap_clk	630126.000	0
/pfm_top_wrapper/pfm_top_i/pfm_dynamic_inst/q4_layer_cu0/inst/ap_clk	631793.000	1
/pfm_top_wrapper/pfm_top_i/pfm_dynamic_inst/q4_layer_cu0/inst/ap_clk	633460.000	0
/pfm_top_wrapper/pfm_top_i/pfm_dynamic_inst/q4_layer_cu0/inst/ap_clk	635127.000	1
/pfm_top_wrapper/pfm_top_i/pfm_dynamic_inst/q4_layer_cu0/inst/ap_clk	636794.000	0
/pfm_top_wrapper/pfm_top_i/pfm_dynamic_inst/q4_layer_cu0/inst/ap_clk	638461.000	1
/pfm_top_wrapper/pfm_top_i/pfm_dynamic_inst/q4_layer_cu0/inst/ap_clk	640128.000	0
/pfm_top_wrapper/pfm_top_i/pfm_dynamic_inst/q4_layer_cu0/inst/ap_clk	641795.000	1
/pfm_top_wrapper/pfm_top_i/pfm_dynamic_inst/q4_layer_cu0/inst/ap_clk	643462.000	0
/pfm_top_wrapper/pfm_top_i/pfm_dynamic_inst/q4_layer_cu0/inst/ap_clk	645129.000	1
/pfm_top_wrapper/pfm_top_i/pfm_dynamic_inst/q4_layer_cu0/inst/ap_clk	646796.000	0
/pfm_top_wrapper/pfm_top_i/pfm_dynamic_inst/q4_layer_cu0/inst/ap_clk	648463.000	1
/pfm_top_wrapper/pfm_top_i/pfm_dynamic_inst/q4_layer_cu0/inst/ap_clk	650130.000	0
/pfm_top_wrapper/pfm_top_i/pfm_dynamic_inst/q4_layer_cu0/inst/ap_clk	651797.000	1
/pfm_top_wrapper/pfm_top_i/pfm_dynamic_inst/q4_layer_cu0/inst/ap_clk	653464.000	0
/pfm_top_wrapper/pfm_top_i/pfm_dynamic_inst/q4_layer_cu0/inst/ap_clk	655131.000	1
/pfm_top_wrapper/pfm_top_i/pfm_dynamic_inst/q4_layer_cu0/inst/ap_clk	656798.000	0
/pfm_top_wrapper/pfm_top_i/pfm_dynamic_inst/q4_layer_cu0/inst/ap_clk	658465.000	1
/pfm_top_wrapper/pfm_top_i/pfm_dynamic_inst/q4_layer_cu0/inst/ap_clk	660132.000	0
/pfm_top_wrapper/pfm_top_i/pfm_dynamic_inst/q4_layer_cu0/inst/ap_clk	661799.000	1
/pfm_top_wrapper/pfm_top_i/pfm_dynamic_inst/q4_layer_cu0/inst/ap_clk	663466.000	0
/pfm_top_wrapper/pfm_top_i/pfm_dynamic_inst/q4_layer_cu0/inst/ap_clk	665133.000	1
/pfm_top_wrapper/pfm_top_i/pfm_dynamic_inst/q4_layer_cu0/inst/ap_clk	666800.000	0
/pfm_top_wrapper/pfm_top_i/pfm_dynamic_inst/q4_layer_cu0/inst/ap_clk	668467.000	1
/pfm_top_wrapper/pfm_top_i/pfm_dynamic_inst/q4_layer_cu0/inst/ap_clk	670134.000	0
/pfm_top_wrapper/pfm_top_i/pfm_dynamic_inst/q4_layer_cu0/inst/ap_clk	671801.000	1
/pfm_top_wrapper/pfm_top_i/pfm_dynamic_inst/q4_layer_cu0/inst/ap_clk	673468.000	0
/pfm_top_wrapper/pfm_top_i/pfm_dynamic_inst/q4_layer_cu0/inst/ap_clk	675135.000	1
/pfm_top_wrapper/pfm_top_i/pfm_dynamic_inst/q4_layer_cu0/inst/ap_clk	676802.000	0
/pfm_top_wrapper/pfm_top_i/pfm_dynamic_inst/q4_layer_cu0/inst/ap_clk	678469.000	1
/pfm_top_wrapper/pfm_top_i/pfm_dynamic_inst/q4_layer_cu0/inst/ap_clk	680136.000	0
/pfm_top_wrapper/pfm_top_i/pfm_dynamic_inst/q4_layer_cu0/inst/ap_clk	681803.000	1
/pfm_top_wrapper/pfm_top_i/pfm_dynamic_inst/q4_layer_cu0/inst/ap_clk	683470.000	0
/pfm_top_wrapper/pfm_top_i/pfm_dynamic_inst/q4_layer_cu0/inst/ap_clk	685137.000	1
/pfm_top_wrapper/pfm_top_i/pfm_dynamic_inst/q4_layer_cu0/inst/ap_clk	686804.000	0
/pfm_top_wrapper/pfm_top_i/pfm_dynamic_inst/q4_layer_cu0/inst/ap_clk	688471.000	1
/pfm_top_wrapper/pfm_top_i/pfm_dynamic_inst/q4_layer_cu0/inst/ap_clk	690138.000	0
/pfm_top_wrapper/pfm_top_i/pfm_dynamic_inst/q4_layer_cu0/inst/ap_clk	691805.000	1
/pfm_top_wrapper/pfm_top_i/pfm_dynamic_inst/q4_layer_cu0/inst/ap_clk	693472.000	0
/pfm_top_wrapper/pfm_top_i/pfm_dynamic_inst/q4_layer_cu0/inst/ap_clk	695139.000	1
/pfm_top_wrapper/pfm_top_i/pfm_dynamic_inst/q4_layer_cu0/inst/ap_clk	696806.000	0
/pfm_top_wrapper/pfm_top_i/pfm_dynamic_inst/q4_layer_cu0/inst/ap_clk	698473.000	1
/pfm_top_wrapper/pfm_top_i/pfm_dynamic_inst/q4_layer_cu0/inst/ap_clk	700140.000	0
/pfm_top_wrapper/pfm_top_i/pfm_dynamic_inst/q4_layer_cu0/inst/ap_clk	701807.000	1
/pfm_top_wrapper/pfm_top_i/pfm_dynamic_inst/q4_layer_cu0/inst/ap_clk	703474.000	0
/pfm_top_wrapper/pfm_top_i/pfm_dynamic_inst/q4_layer_cu0/inst/ap_clk	705141.000	1
/pfm_top_wrapper/pfm_top_i/pfm_dynamic_inst/q4_layer_cu0/inst/ap_clk	706808.000	0
/pfm_top_wrapper/pfm_top_i/pfm_dynamic_inst/q4_layer_cu0/inst/ap_clk	708475.000	1
/pfm_top_wrapper/pfm_top_i/pfm_dynamic_inst/q4_layer_cu0/inst/ap_clk	710142.000	0
/pfm_top_wrapper/pfm_top_i/pfm_dynamic_inst/q4_layer_cu0/inst/ap_clk	711809.000	1
/pfm_top_wrapper/pfm_top_i/pfm_dynamic_inst/q4_layer_cu0/inst/ap_clk	713476.000	0
/pfm_top_wrapper/pfm_top_i/pfm_dynamic_inst/q4_layer_cu0/inst/ap_clk	715143.000	1
/pfm_top_wrapper/pfm_top_i/pfm_dynamic_inst/q4_layer_cu0/inst/ap_clk	716810.000	0
/pfm_top_wrapper/pfm_top_i/pfm_dynamic_inst/q4_layer_cu0/inst/ap_clk	718477.000	1
/pfm_top_wrapper/pfm_top_i/pfm_dynamic_inst/q4_layer_cu0/inst/ap_clk	720144.000	0
/pfm_top_wrapper/pfm_top_i/pfm_dynamic_inst/q4_layer_cu0/inst/ap_clk	721811.000	1
/pfm_top_wrapper/pfm_top_i/pfm_dynamic_inst/q4_layer_cu0/inst/ap_clk	723478.000	0
/pfm_top_wrapper/pfm_top_i/pfm_dynamic_inst/q4_layer_cu0/inst/ap_clk	725145.000	1
/pfm_top_wrapper/pfm_top_i/pfm_dynamic_inst/q4_layer_cu0/inst/ap_clk	726812.000	0
/pfm_top_wrapper/pfm_top_i/pfm_dynamic_inst/q4_layer_cu0/inst/ap_clk	728479.000	1
/pfm_top_wrapper/pfm_top_i/pfm_dynamic_inst/q4_layer_cu0/inst/ap_clk	730146.000	0
/pfm_top_wrapper/pfm_top_i/pfm_dynamic_inst/q4_layer_cu0/inst/ap_clk	731813.000	1
/pfm_top_wrapper/pfm_top_i/pfm_dynamic_inst/q4_layer_cu0/inst/ap_clk	733480.000	0
/pfm_top_wrapper/pfm_top_i/pfm_dynamic_inst/q4_layer_cu0/inst/ap_clk	735147.000	1
/pfm_top_wrapper/pfm_top_i/pfm_dynamic_inst/q4_layer_cu0/inst/ap_clk	736814.000	0
/pfm_top_wrapper/pfm_top_i/pfm_dynamic_inst/q4_layer_cu0/inst/ap_clk	738481.000	1
/pfm_top_wrapper/pfm_top_i/pfm_dynamic_inst/q4_layer_cu0/inst/ap_clk	740148.000	0
/pfm_top_wrapper/pfm_top_i/pfm_dynamic_inst/q4_layer_cu0/inst/ap_clk	741815.000	1
/pfm_top_wrapper/pfm_top_i/pfm_dynamic_inst/q4_layer_cu0/inst/ap_clk	743482.000	0
/pfm_top_wrapper/pfm_top_i/pfm_dynamic_inst/q4_layer_cu0/inst/ap_clk	745149.000	1
/pfm_top_wrapper/pfm_top_i/pfm_dynamic_inst/q4_layer_cu0/inst/ap_clk	746816.000	0
/pfm_top_wrapper/pfm_top_i/pfm_dynamic_inst/q4_layer_cu0/inst/ap_clk	748483.000	1
/pfm_top_wrapper/pfm_top_i/pfm_dynamic_inst/q4_layer_cu0/inst/ap_clk	750150.000	0
/pfm_top_wrapper/pfm_top_i/pfm_dynamic_inst/q4_layer_cu0/inst/ap_clk	751817.000	1
/pfm_top_wrapper/pfm_top_i/pfm_dynamic_inst/q4_layer_cu0/inst/ap_clk	753484.000	0
/pfm_top_wrapper/pfm_top_i/pfm_dynamic_inst/q4_layer_cu0/inst/ap_clk	755151.000	1
/pfm_top_wrapper/pfm_top_i/pfm_dynamic_inst/q4_layer_cu0/inst/ap_clk	756818.000	0
/pfm_top_wrapper/pfm_top_i/pfm_dynamic_inst/q4_layer_cu0/inst/ap_clk	758485.000	1
/pfm_top_wrapper/pfm_top_i/pfm_dynamic_inst/q4_layer_cu0/inst/ap_clk	760152.000	0
/pfm_top_wrapper/pfm_top_i/pfm_dynamic_inst/q4_layer_cu0/inst/ap_clk	761819.000	1
/pfm_top_wrapper/pfm_top_i/pfm_dynamic_inst/q4_layer_cu0/inst/ap_clk	763486.000	0
/pfm_top_wrapper/pfm_top_i/pfm_dynamic_inst/q4_layer_cu0/inst/ap_clk	765153.000	1
/pfm_top_wrapper/pfm_top_i/pfm_dynamic_inst/q4_layer_cu0/inst/ap_clk	766820.000	0
/pfm_top_wrapper/pfm_top_i/pfm_dynamic_inst/q4_layer_cu0/inst/ap_clk	768487.000	1
/pfm_top_wrapper/pfm_top_i/pfm_dynamic_inst/q4_layer_cu0/inst/ap_clk	770154.000	0
/pfm_top_wrapper/pfm_top_i/pfm_dynamic_inst/q4_layer_cu0/inst/ap_clk	771821.000	1
/pfm_top_wrapper/pfm_top_i/pfm_dynamic_inst/q4_layer_cu0/inst/ap_clk	773488.000	0
/pfm_top_wrapper/pfm_top_i/pfm_dynamic_inst/q4_layer_cu0/inst/ap_clk	775155.000	1
/pfm_top_wrapper/pfm_top_i/pfm_dynamic_inst/q4_layer_cu0/inst/ap_clk	776822.000	0
/pfm_top_wrapper/pfm_top_i/pfm_dynamic_inst/q4_layer_cu0/inst/ap_clk	778489.000	1
/pfm_top_wrapper/pfm_top_i/pfm_dynamic_inst/q4_layer_cu0/inst/ap_clk	780156.000	0
/pfm_top_wrapper/pfm_top_i/pfm_dynamic_inst/q4_layer_cu0/inst/ap_clk	781823.000	1
/pfm_top_wrapper/pfm_top_i/pfm_dynamic_inst/q4_layer_cu0/inst/ap_clk	783490.000	0
/pfm_top_wrapper/pfm_top_i/pfm_dynamic_inst/q4_layer_cu0/inst/ap_clk	785157.000	1
/pfm_top_wrapper/pfm_top_i/pfm_dynamic_inst/q4_layer_cu0/inst/ap_clk	786824.000	0
/pfm_top_wrapper/pfm_top_i/pfm_dynamic_inst/q4_layer_cu0/inst/ap_clk	788491.000	1
/pfm_top_wrapper/pfm_top_i/pfm_dynamic_inst/q4_layer_cu0/inst/ap_clk	790158.000	0
/pfm_top_wrapper/pfm_top_i/pfm_dynamic_inst/q4_layer_cu0/inst/ap_clk	791825.000	1
/pfm_top_wrapper/pfm_top_i/pfm_dynamic_inst/q4_layer_cu0/inst/ap_clk	793492.000	0
/pfm_top_wrapper/pfm_top_i/pfm_dynamic_inst/q4_layer_cu0/inst/ap_clk	795159.000	1
/pfm_top_wrapper/pfm_top_i/pfm_dynamic_inst/q4_layer_cu0/inst/ap_clk	796826.000	0
/pfm_top_wrapper/pfm_top_i/pfm_dynamic_inst/q4_layer_cu0/inst/ap_clk	798493.000	1
/pfm_top_wrapper/pfm_top_i/pfm_dynamic_inst/q4_layer_cu0/inst/ap_clk	800160.000	0
/pfm_top_wrapper/pfm_top_i/pfm_dynamic_inst/q4_layer_cu0/inst/ap_clk	801827.000	1
/pfm_top_wrapper/pfm_top_i/pfm_dynamic_inst/q4_layer_cu0/inst/ap_clk	803494.000	0
/pfm_top_wrapper/pfm_top_i/pfm_dynamic_inst/q4_layer_cu0/inst/ap_clk	805161.000	1
/pfm_top_wrapper/pfm_top_i/pfm_dynamic_inst/q4_layer_cu0/inst/ap_clk	806828.000	0
/pfm_top_wrapper/pfm_top_i/pfm_dynamic_inst/q4_layer_cu0/inst/ap_clk	808495.000	1
/pfm_top_wrapper/pfm_top_i/pfm_dynamic_inst/q4_layer_cu0/inst/ap_clk	810162.000	0
/pfm_top_wrapper/pfm_top_i/pfm_dynamic_inst/q4_layer_cu0/inst/ap_clk	811829.000	1
/pfm_top_wrapper/pfm_top_i/pfm_dynamic_inst/q4_layer_cu0/inst/ap_clk	813496.000	0
/pfm_top_wrapper/pfm_top_i/pfm_dynamic_inst/q4_layer_cu0/inst/ap_clk	815163.000	1
/pfm_top_wrapper/pfm_top_i/pfm_dynamic_inst/q4_layer_cu0/inst/ap_clk	816830.000	0
/pfm_top_wrapper/pfm_top_i/pfm_dynamic_inst/q4_layer_cu0/inst/ap_clk	818497.000	1
/pfm_top_wrapper/pfm_top_i/pfm_dynamic_inst/q4_layer_cu0/inst/ap_clk	820164.000	0
/pfm_top_wrapper/pfm_top_i/pfm_dynamic_inst/q4_layer_cu0/inst/ap_clk	821831.000	1
/pfm_top_wrapper/pfm_top_i/pfm_dynamic_inst/q4_layer_cu0/inst/ap_clk	823498.000	0
/pfm_top_wrapper/pfm_top_i/pfm_dynamic_inst/q4_layer_cu0/inst/ap_clk	825165.000	1
/pfm_top_wrapper/pfm_top_i/pfm_dynamic_inst/q4_layer_cu0/inst/ap_clk	826832.000	0
/pfm_top_wrapper/pfm_top_i/pfm_dynamic_inst/q4_layer_cu0/inst/ap_clk	828499.000	1
/pfm_top_wrapper/pfm_top_i/pfm_dynamic_inst/q4_layer_cu0/inst/ap_clk	830166.000	0
/pfm_top_wrapper/pfm_top_i/pfm_dynamic_inst/q4_layer_cu0/inst/ap_clk	831833.000	1
/pfm_top_wrapper/pfm_top_i/pfm_dynamic_inst/q4_layer_cu0/inst/ap_clk	833500.000	0
/pfm_top_wrapper/pfm_top_i/pfm_dynamic_inst/q4_layer_cu0/inst/ap_clk	835167.000	1
/pfm_top_wrapper/pfm_top_i/pfm_dynamic_inst/q4_layer_cu0/inst/ap_clk	836834.000	0
/pfm_top_wrapper/pfm_top_i/pfm_dynamic_inst/q4_layer_cu0/inst/ap_clk	838501.000	1
/pfm_top_wrapper/pfm_top_i/pfm_dynamic_inst/q4_layer_cu0/inst/ap_clk	840168.000	0
/pfm_top_wrapper/pfm_top_i/pfm_dynamic_inst/q4_layer_cu0/inst/ap_clk	841835.000	1
/pfm_top_wrapper/pfm_top_i/pfm_dynamic_inst/q4_layer_cu0/inst/ap_clk	843502.000	0
/pfm_top_wrapper/pfm_top_i/pfm_dynamic_inst/q4_layer_cu0/inst/ap_clk	845169.000	1
/pfm_top_wrapper/pfm_top_i/pfm_dynamic_inst/q4_layer_cu0/inst/ap_clk	846836.000	0
/pfm_top_wrapper/pfm_top_i/pfm_dynamic_inst/q4_layer_cu0/inst/ap_clk	848503.000	1
/pfm_top_wrapper/pfm_top_i/pfm_dynamic_inst/q4_layer_cu0/inst/ap_clk	850170.000	0
/pfm_top_wrapper/pfm_top_i/pfm_dynamic_inst/q4_layer_cu0/inst/ap_clk	851837.000	1
/pfm_top_wrapper/pfm_top_i/pfm_dynamic_inst/q4_layer_cu0/inst/ap_clk	853504.000	0
/pfm_top_wrapper/pfm_top_i/pfm_dynamic_inst/q4_layer_cu0/inst/ap_clk	855171.000	1
/pfm_top_wrapper/pfm_top_i/pfm_dynamic_inst/q4_layer_cu0/inst/ap_clk	856838.000	0
/pfm_top_wrapper/pfm_top_i/pfm_dynamic_inst/q4_layer_cu0/inst/ap_clk	858505.000	1
/pfm_top_wrapper/pfm_top_i/pfm_dynamic_inst/q4_layer_cu0/inst/ap_clk	860172.000	0
/pfm_top_wrapper/pfm_top_i/pfm_dynamic_inst/q4_layer_cu0/inst/ap_clk	861839.000	1
/pfm_top_wrapper/pfm_top_i/pfm_dynamic_inst/q4_layer_cu0/inst/ap_clk	863506.000	0
/pfm_top_wrapper/pfm_top_i/pfm_dynamic_inst/q4_layer_cu0/inst/ap_clk	865173.000	1
/pfm_top_wrapper/pfm_top_i/pfm_dynamic_inst/q4_layer_cu0/inst/ap_clk	866840.000	0
/pfm_top_wrapper/pfm_top_i/pfm_dynamic_inst/q4_layer_cu0/inst/ap_clk	868507.000	1
/pfm_top_wrapper/pfm_top_i/pfm_dynamic_inst/q4_layer_cu0/inst/ap_clk	870174.000	0
/pfm_top_wrapper/pfm_top_i/pfm_dynamic_inst/q4_layer_cu0/inst/ap_clk	871841.000	1
/pfm_top_wrapper/pfm_top_i/pfm_dynamic_inst/q4_layer_cu0/inst/ap_clk	873508.000	0
/pfm_top_wrapper/pfm_top_i/pfm_dynamic_inst/q4_layer_cu0/inst/ap_clk	875175.000	1
/pfm_top_wrapper/pfm_top_i/pfm_dynamic_inst/q4_layer_cu0/inst/ap_clk	876842.000	0
/pfm_top_wrapper/pfm_top_i/pfm_dynamic_inst/q4_layer_cu0/inst/ap_clk	878509.000	1
/pfm_top_wrapper/pfm_top_i/pfm_dynamic_inst/q4_layer_cu0/inst/ap_clk	880176.000	0
/pfm_top_wrapper/pfm_top_i/pfm_dynamic_inst/q4_layer_cu0/inst/ap_clk	881843.000	1
/pfm_top_wrapper/pfm_top_i/pfm_dynamic_inst/q4_layer_cu0/inst/ap_clk	883510.000	0
/pfm_top_wrapper/pfm_top_i/pfm_dynamic_inst/q4_layer_cu0/inst/ap_clk	885177.000	1
/pfm_top_wrapper/pfm_top_i/pfm_dynamic_inst/q4_layer_cu0/inst/ap_clk	886844.000	0
/pfm_top_wrapper/pfm_top_i/pfm_dynamic_inst/q4_layer_cu0/inst/ap_clk	888511.000	1
/pfm_top_wrapper/pfm_top_i/pfm_dynamic_inst/q4_layer_cu0/inst/ap_clk	890178.000	0
/pfm_top_wrapper/pfm_top_i/pfm_dynamic_inst/q4_layer_cu0/inst/ap_clk	891845.000	1
/pfm_top_wrapper/pfm_top_i/pfm_dynamic_inst/q4_layer_cu0/inst/ap_clk	893512.000	0
/pfm_top_wrapper/pfm_top_i/pfm_dynamic_inst/q4_layer_cu0/inst/ap_clk	895179.000	1
/pfm_top_wrapper/pfm_top_i/pfm_dynamic_inst/q4_layer_cu0/inst/ap_clk	896846.000	0
/pfm_top_wrapper/pfm_top_i/pfm_dynamic_inst/q4_layer_cu0/inst/ap_clk	898513.000	1
/pfm_top_wrapper/pfm_top_i/pfm_dynamic_inst/q4_layer_cu0/inst/ap_clk	900180.000	0
/pfm_top_wrapper/pfm_top_i/pfm_dynamic_inst/q4_layer_cu0/inst/ap_clk	901847.000	1
/pfm_top_wrapper/pfm_top_i/pfm_dynamic_inst/q4_layer_cu0/inst/ap_clk	903514.000	0
/pfm_top_wrapper/pfm_top_i/pfm_dynamic_inst/q4_layer_cu0/inst/ap_clk	905181.000	1
/pfm_top_wrapper/pfm_top_i/pfm_dynamic_inst/q4_layer_cu0/inst/ap_clk	906848.000	0
/pfm_top_wrapper/pfm_top_i/pfm_dynamic_inst/q4_layer_cu0/inst/ap_clk	908515.000	1
/pfm_top_wrapper/pfm_top_i/pfm_dynamic_inst/q4_layer_cu0/inst/ap_clk	910182.000	0
/pfm_top_wrapper/pfm_top_i/pfm_dynamic_inst/q4_layer_cu0/inst/ap_clk	911849.000	1
/pfm_top_wrapper/pfm_top_i/pfm_dynamic_inst/q4_layer_cu0/inst/ap_clk	913516.000	0
/pfm_top_wrapper/pfm_top_i/pfm_dynamic_inst/q4_layer_cu0/inst/ap_clk	915183.000	1
/pfm_top_wrapper/pfm_top_i/pfm_dynamic_inst/q4_layer_cu0/inst/ap_clk	916850.000	0
/pfm_top_wrapper/pfm_top_i/pfm_dynamic_inst/q4_layer_cu0/inst/ap_clk	918517.000	1
/pfm_top_wrapper/pfm_top_i/pfm_dynamic_inst/q4_layer_cu0/inst/ap_clk	920184.000	0
/pfm_top_wrapper/pfm_top_i/pfm_dynamic_inst/q4_layer_cu0/inst/ap_clk	921851.000	1
/pfm_top_wrapper/pfm_top_i/pfm_dynamic_inst/q4_layer_cu0/inst/ap_clk	923518.000	0
/pfm_top_wrapper/pfm_top_i/pfm_dynamic_inst/q4_layer_cu0/inst/ap_clk	925185.000	1
/pfm_top_wrapper/pfm_top_i/pfm_dynamic_inst/q4_layer_cu0/inst/ap_clk	926852.000	0
/pfm_top_wrapper/pfm_top_i/pfm_dynamic_inst/q4_layer_cu0/inst/ap_clk	928519.000	1
/pfm_top_wrapper/pfm_top_i/pfm_dynamic_inst/q4_layer_cu0/inst/ap_clk	930186.000	0
/pfm_top_wrapper/pfm_top_i/pfm_dynamic_inst/q4_layer_cu0/inst/ap_clk	931853.000	1
/pfm_top_wrapper/pfm_top_i/pfm_dynamic_inst/q4_layer_cu0/inst/ap_clk	933520.000	0
/pfm_top_wrapper/pfm_top_i/pfm_dynamic_inst/q4_layer_cu0/inst/ap_clk	935187.000	1
/pfm_top_wrapper/pfm_top_i/pfm_dynamic_inst/q4_layer_cu0/inst/ap_clk	936854.000	0
/pfm_top_wrapper/pfm_top_i/pfm_dynamic_inst/q4_layer_cu0/inst/ap_clk	938521.000	1
/pfm_top_wrapper/pfm_top_i/pfm_dynamic_inst/q4_layer_cu0/inst/ap_clk	940188.000	0
/pfm_top_wrapper/pfm_top_i/pfm_dynamic_inst/q4_layer_cu0/inst/ap_clk	941855.000	1
/pfm_top_wrapper/pfm_top_i/pfm_dynamic_inst/q4_layer_cu0/inst/ap_clk	943522.000	0
/pfm_top_wrapper/pfm_top_i/pfm_dynamic_inst/q4_layer_cu0/inst/ap_clk	945189.000	1
/pfm_top_wrapper/pfm_top_i/pfm_dynamic_inst/q4_layer_cu0/inst/ap_clk	946856.000	0
/pfm_top_wrapper/pfm_top_i/pfm_dynamic_inst/q4_layer_cu0/inst/ap_clk	948523.000	1
/pfm_top_wrapper/pfm_top_i/pfm_dynamic_inst/q4_layer_cu0/inst/ap_clk	950190.000	0
/pfm_top_wrapper/pfm_top_i/pfm_dynamic_inst/q4_layer_cu0/inst/ap_clk	951857.000	1
/pfm_top_wrapper/pfm_top_i/pfm_dynamic_inst/q4_layer_cu0/inst/ap_clk	953524.000	0
/pfm_top_wrapper/pfm_top_i/pfm_dynamic_inst/q4_layer_cu0/inst/ap_clk	955191.000	1
/pfm_top_wrapper/pfm_top_i/pfm_dynamic_inst/q4_layer_cu0/inst/ap_clk	956858.000	0
/pfm_top_wrapper/pfm_top_i/pfm_dynamic_inst/q4_layer_cu0/inst/ap_clk	958525.000	1
/pfm_top_wrapper/pfm_top_i/pfm_dynamic_inst/q4_layer_cu0/inst/ap_clk	960192.000	0
/pfm_top_wrapper/pfm_top_i/pfm_dynamic_inst/q4_layer_cu0/inst/ap_clk	961859.000	1
/pfm_top_wrapper/pfm_top_i/pfm_dynamic_inst/q4_layer_cu0/inst/ap_clk	963526.000	0
/pfm_top_wrapper/pfm_top_i/pfm_dynamic_inst/q4_layer_cu0/inst/ap_clk	965193.000	1
/pfm_top_wrapper/pfm_top_i/pfm_dynamic_inst/q4_layer_cu0/inst/ap_clk	966860.000	0
/pfm_top_wrapper/pfm_top_i/pfm_dynamic_inst/q4_layer_cu0/inst/ap_clk	968527.000	1
/pfm_top_wrapper/pfm_top_i/pfm_dynamic_inst/q4_layer_cu0/inst/ap_clk	970194.000	0
/pfm_top_wrapper/pfm_top_i/pfm_dynamic_inst/q4_layer_cu0/inst/ap_clk	971861.000	1
/pfm_top_wrapper/pfm_top_i/pfm_dynamic_inst/q4_layer_cu0/inst/ap_clk	973528.000	0
/pfm_top_wrapper/pfm_top_i/pfm_dynamic_inst/q4_layer_cu0/inst/ap_clk	975195.000	1
/pfm_top_wrapper/pfm_top_i/pfm_dynamic_inst/q4_layer_cu0/inst/ap_clk	976862.000	0
/pfm_top_wrapper/pfm_top_i/pfm_dynamic_inst/q4_layer_cu0/inst/ap_clk	978529.000	1
/pfm_top_wrapper/pfm_top_i/pfm_dynamic_inst/q4_layer_cu0/inst/ap_clk	980196.000	0
/pfm_top_wrapper/pfm_top_i/pfm_dynamic_inst/q4_layer_cu0/inst/ap_clk	981863.000	1
/pfm_top_wrapper/pfm_top_i/pfm_dynamic_inst/q4_layer_cu0/inst/ap_clk	983530.000	0
/pfm_top_wrapper/pfm_top_i/pfm_dynamic_inst/q4_layer_cu0/inst/ap_clk	985197.000	1
/pfm_top_wrapper/pfm_top_i/pfm_dynamic_inst/q4_layer_cu0/inst/ap_clk	986864.000	0
/pfm_top_wrapper/pfm_top_i/pfm_dynamic_inst/q4_layer_cu0/inst/ap_clk	988531.000	1
/pfm_top_wrapper/pfm_top_i/pfm_dynamic_inst/q4_layer_cu0/inst/ap_clk	990198.000	0
/pfm_top_wrapper/pfm_top_i/pfm_dynamic_inst/q4_layer_cu0/inst/ap_clk	991865.000	1
/pfm_top_wrapper/pfm_top_i/pfm_dynamic_inst/q4_layer_cu0/inst/ap_clk	993532.000	0
/pfm_top_wrapper/pfm_top_i/pfm_dynamic_inst/q4_layer_cu0/inst/ap_clk	995199.000	1
/pfm_top_wrapper/pfm_top_i/pfm_dynamic_inst/q4_layer_cu0/inst/ap_clk	996866.000	0
/pfm_top_wrapper/pfm_top_i/pfm_dynamic_inst/q4_layer_cu0/inst/ap_clk	998533.000	1
/pfm_top_wrapper/pfm_top_i/pfm_dynamic_inst/q4_layer_cu0/inst/ap_rst_n	0.000	0
/pfm_top_wrapper/pfm_top_i/pfm_dynamic_inst/q4_layer_cu0/inst/ap_rst_n	518537.000	1
/pfm_top_wrapper/pfm_top_i/pfm_dynamic_inst/q4_layer_cu0/inst/ap_start	0.000	0
/pfm_top_wrapper/pfm_top_i/pfm_dynamic_inst/q4_layer_cu0/inst/ap_start	6279589.000	1
/pfm_top_wrapper/pfm_top_i/pfm_dynamic_inst/q4_layer_cu0/inst/ap_start	8884014781.000	0
/pfm_top_wrapper/pfm_top_i/pfm_dynamic_inst/q4_layer_cu0/inst/ap_start	8893466671.000	1
/pfm_top_wrapper/pfm_top_i/pfm_dynamic_inst/q4_layer_cu0/inst/ap_start	9597247399.000	0
/pfm_top_wrapper/pfm_top_i/pfm_dynamic_inst/q4_layer_cu0/inst/ap_done	0.000	0
/pfm_top_wrapper/pfm_top_i/pfm_dynamic_inst/q4_layer_cu0/inst/ap_done	8884011447.000	1
/pfm_top_wrapper/pfm_top_i/pfm_dynamic_inst/q4_layer_cu0/inst/ap_done	8887662177.000	0
/pfm_top_wrapper/pfm_top_i/pfm_dynamic_inst/q4_layer_cu0/inst/ap_done	9597244065.000	1
/pfm_top_wrapper/pfm_top_i/pfm_dynamic_inst/q4_layer_cu0/inst/ap_done	9599231129.000	0
/pfm_top_wrapper/pfm_top_i/pfm_dynamic_inst/q4_layer_cu0/inst/ap_idle	0.000	1
/pfm_top_wrapper/pfm_top_i/pfm_dynamic_inst/q4_layer_cu0/inst/ap_idle	6279589.000	0
/pfm_top_wrapper/pfm_top_i/pfm_dynamic_inst/q4_layer_cu0/inst/ap_idle	8884014781.000	1
/pfm_top_wrapper/pfm_top_i/pfm_dynamic_inst/q4_layer_cu0/inst/ap_idle	8893466671.000	0
/pfm_top_wrapper/pfm_top_i/pfm_dynamic_inst/q4_layer_cu0/inst/ap_idle	9597247399.000	1
/pfm_top_wrapper/pfm_top_i/pfm_dynamic_inst/q4_layer_cu0/inst/ap_ready	0.000	0
/pfm_top_wrapper/pfm_top_i/pfm_dynamic_inst/q4_layer_cu0/inst/ap_ready	8884011447.000	1
/pfm_top_wrapper/pfm_top_i/pfm_dynamic_inst/q4_layer_cu0/inst/ap_ready	8884014781.000	0
/pfm_top_wrapper/pfm_top_i/pfm_dynamic_inst/q4_layer_cu0/inst/ap_ready	9597244065.000	1
/pfm_top_wrapper/pfm_top_i/pfm_dynamic_inst/q4_layer_cu0/inst/ap_ready	9597247399.000	0
/pfm_top_wrapper/pfm_top_i/pfm_dynamic_inst/q4_layer_cu1/inst/ap_clk	0.000	0
/pfm_top_wrapper/pfm_top_i/pfm_dynamic_inst/q4_layer_cu1/inst/ap_clk	1667.000	1
/pfm_top_wrapper/pfm_top_i/pfm_dynamic_inst/q4_layer_cu1/inst/ap_clk	3334.000	0
/pfm_top_wrapper/pfm_top_i/pfm_dynamic_inst/q4_layer_cu1/inst/ap_clk	5001.000	1
/pfm_top_wrapper/pfm_top_i/pfm_dynamic_inst/q4_layer_cu1/inst/ap_clk	6668.000	0
/pfm_top_wrapper/pfm_top_i/pfm_dynamic_inst/q4_layer_cu1/inst/ap_clk	8335.000	1
/pfm_top_wrapper/pfm_top_i/pfm_dynamic_inst/q4_layer_cu1/inst/ap_clk	10002.000	0
/pfm_top_wrapper/pfm_top_i/pfm_dynamic_inst/q4_layer_cu1/inst/ap_clk	11669.000	1
/pfm_top_wrapper/pfm_top_i/pfm_dynamic_inst/q4_layer_cu1/inst/ap_clk	13336.000	0
/pfm_top_wrapper/pfm_top_i/pfm_dynamic_inst/q4_layer_cu1/inst/ap_clk	15003.000	1
/pfm_top_wrapper/pfm_top_i/pfm_dynamic_inst/q4_layer_cu1/inst/ap_clk	16670.000	0
/pfm_top_wrapper/pfm_top_i/pfm_dynamic_inst/q4_layer_cu1/inst/ap_clk	18337.000	1
/pfm_top_wrapper/pfm_top_i/pfm_dynamic_inst/q4_layer_cu1/inst/ap_clk	20004.000	0
/pfm_top_wrapper/pfm_top_i/pfm_dynamic_inst/q4_layer_cu1/inst/ap_clk	21671.000	1
/pfm_top_wrapper/pfm_top_i/pfm_dynamic_inst/q4_layer_cu1/inst/ap_clk	23338.000	0
/pfm_top_wrapper/pfm_top_i/pfm_dynamic_inst/q4_layer_cu1/inst/ap_clk	25005.000	1
/pfm_top_wrapper/pfm_top_i/pfm_dynamic_inst/q4_layer_cu1/inst/ap_clk	26672.000	0
/pfm_top_wrapper/pfm_top_i/pfm_dynamic_inst/q4_layer_cu1/inst/ap_clk	28339.000	1
/pfm_top_wrapper/pfm_top_i/pfm_dynamic_inst/q4_layer_cu1/inst/ap_clk	30006.000	0
/pfm_top_wrapper/pfm_top_i/pfm_dynamic_inst/q4_layer_cu1/inst/ap_clk	31673.000	1
/pfm_top_wrapper/pfm_top_i/pfm_dynamic_inst/q4_layer_cu1/inst/ap_clk	33340.000	0
/pfm_top_wrapper/pfm_top_i/pfm_dynamic_inst/q4_layer_cu1/inst/ap_clk	35007.000	1
/pfm_top_wrapper/pfm_top_i/pfm_dynamic_inst/q4_layer_cu1/inst/ap_clk	36674.000	0
/pfm_top_wrapper/pfm_top_i/pfm_dynamic_inst/q4_layer_cu1/inst/ap_clk	38341.000	1
/pfm_top_wrapper/pfm_top_i/pfm_dynamic_inst/q4_layer_cu1/inst/ap_clk	40008.000	0
/pfm_top_wrapper/pfm_top_i/pfm_dynamic_inst/q4_layer_cu1/inst/ap_clk	41675.000	1
/pfm_top_wrapper/pfm_top_i/pfm_dynamic_inst/q4_layer_cu1/inst/ap_clk	43342.000	0
/pfm_top_wrapper/pfm_top_i/pfm_dynamic_inst/q4_layer_cu1/inst/ap_clk	45009.000	1
/pfm_top_wrapper/pfm_top_i/pfm_dynamic_inst/q4_layer_cu1/inst/ap_clk	46676.000	0
/pfm_top_wrapper/pfm_top_i/pfm_dynamic_inst/q4_layer_cu1/inst/ap_clk	48343.000	1
/pfm_top_wrapper/pfm_top_i/pfm_dynamic_inst/q4_layer_cu1/inst/ap_clk	50010.000	0
/pfm_top_wrapper/pfm_top_i/pfm_dynamic_inst/q4_layer_cu1/inst/ap_clk	51677.000	1
/pfm_top_wrapper/pfm_top_i/pfm_dynamic_inst/q4_layer_cu1/inst/ap_clk	53344.000	0
/pfm_top_wrapper/pfm_top_i/pfm_dynamic_inst/q4_layer_cu1/inst/ap_clk	55011.000	1
/pfm_top_wrapper/pfm_top_i/pfm_dynamic_inst/q4_layer_cu1/inst/ap_clk	56678.000	0
/pfm_top_wrapper/pfm_top_i/pfm_dynamic_inst/q4_layer_cu1/inst/ap_clk	58345.000	1
/pfm_top_wrapper/pfm_top_i/pfm_dynamic_inst/q4_layer_cu1/inst/ap_clk	60012.000	0
/pfm_top_wrapper/pfm_top_i/pfm_dynamic_inst/q4_layer_cu1/inst/ap_clk	61679.000	1
/pfm_top_wrapper/pfm_top_i/pfm_dynamic_inst/q4_layer_cu1/inst/ap_clk	63346.000	0
/pfm_top_wrapper/pfm_top_i/pfm_dynamic_inst/q4_layer_cu1/inst/ap_clk	65013.000	1
/pfm_top_wrapper/pfm_top_i/pfm_dynamic_inst/q4_layer_cu1/inst/ap_clk	66680.000	0
/pfm_top_wrapper/pfm_top_i/pfm_dynamic_inst/q4_layer_cu1/inst/ap_clk	68347.000	1
/pfm_top_wrapper/pfm_top_i/pfm_dynamic_inst/q4_layer_cu1/inst/ap_clk	70014.000	0
/pfm_top_wrapper/pfm_top_i/pfm_dynamic_inst/q4_layer_cu1/inst/ap_clk	71681.000	1
/pfm_top_wrapper/pfm_top_i/pfm_dynamic_inst/q4_layer_cu1/inst/ap_clk	73348.000	0
/pfm_top_wrapper/pfm_top_i/pfm_dynamic_inst/q4_layer_cu1/inst/ap_clk	75015.000	1
/pfm_top_wrapper/pfm_top_i/pfm_dynamic_inst/q4_layer_cu1/inst/ap_clk	76682.000	0
/pfm_top_wrapper/pfm_top_i/pfm_dynamic_inst/q4_layer_cu1/inst/ap_clk	78349.000	1
/pfm_top_wrapper/pfm_top_i/pfm_dynamic_inst/q4_layer_cu1/inst/ap_clk	80016.000	0
/pfm_top_wrapper/pfm_top_i/pfm_dynamic_inst/q4_layer_cu1/inst/ap_clk	81683.000	1
/pfm_top_wrapper/pfm_top_i/pfm_dynamic_inst/q4_layer_cu1/inst/ap_clk	83350.000	0
/pfm_top_wrapper/pfm_top_i/pfm_dynamic_inst/q4_layer_cu1/inst/ap_clk	85017.000	1
/pfm_top_wrapper/pfm_top_i/pfm_dynamic_inst/q4_layer_cu1/inst/ap_clk	86684.000	0
/pfm_top_wrapper/pfm_top_i/pfm_dynamic_inst/q4_layer_cu1/inst/ap_clk	88351.000	1
/pfm_top_wrapper/pfm_top_i/pfm_dynamic_inst/q4_layer_cu1/inst/ap_clk	90018.000	0
/pfm_top_wrapper/pfm_top_i/pfm_dynamic_inst/q4_layer_cu1/inst/ap_clk	91685.000	1
/pfm_top_wrapper/pfm_top_i/pfm_dynamic_inst/q4_layer_cu1/inst/ap_clk	93352.000	0
/pfm_top_wrapper/pfm_top_i/pfm_dynamic_inst/q4_layer_cu1/inst/ap_clk	95019.000	1
/pfm_top_wrapper/pfm_top_i/pfm_dynamic_inst/q4_layer_cu1/inst/ap_clk	96686.000	0
/pfm_top_wrapper/pfm_top_i/pfm_dynamic_inst/q4_layer_cu1/inst/ap_clk	98353.000	1
/pfm_top_wrapper/pfm_top_i/pfm_dynamic_inst/q4_layer_cu1/inst/ap_clk	100020.000	0
/pfm_top_wrapper/pfm_top_i/pfm_dynamic_inst/q4_layer_cu1/inst/ap_clk	101687.000	1
/pfm_top_wrapper/pfm_top_i/pfm_dynamic_inst/q4_layer_cu1/inst/ap_clk	103354.000	0
/pfm_top_wrapper/pfm_top_i/pfm_dynamic_inst/q4_layer_cu1/inst/ap_clk	105021.000	1
/pfm_top_wrapper/pfm_top_i/pfm_dynamic_inst/q4_layer_cu1/inst/ap_clk	106688.000	0
/pfm_top_wrapper/pfm_top_i/pfm_dynamic_inst/q4_layer_cu1/inst/ap_clk	108355.000	1
/pfm_top_wrapper/pfm_top_i/pfm_dynamic_inst/q4_layer_cu1/inst/ap_clk	110022.000	0
/pfm_top_wrapper/pfm_top_i/pfm_dynamic_inst/q4_layer_cu1/inst/ap_clk	111689.000	1
/pfm_top_wrapper/pfm_top_i/pfm_dynamic_inst/q4_layer_cu1/inst/ap_clk	113356.000	0
/pfm_top_wrapper/pfm_top_i/pfm_dynamic_inst/q4_layer_cu1/inst/ap_clk	115023.000	1
/pfm_top_wrapper/pfm_top_i/pfm_dynamic_inst/q4_layer_cu1/inst/ap_clk	116690.000	0
/pfm_top_wrapper/pfm_top_i/pfm_dynamic_inst/q4_layer_cu1/inst/ap_clk	118357.000	1
/pfm_top_wrapper/pfm_top_i/pfm_dynamic_inst/q4_layer_cu1/inst/ap_clk	120024.000	0
/pfm_top_wrapper/pfm_top_i/pfm_dynamic_inst/q4_layer_cu1/inst/ap_clk	121691.000	1
/pfm_top_wrapper/pfm_top_i/pfm_dynamic_inst/q4_layer_cu1/inst/ap_clk	123358.000	0
/pfm_top_wrapper/pfm_top_i/pfm_dynamic_inst/q4_layer_cu1/inst/ap_clk	125025.000	1
/pfm_top_wrapper/pfm_top_i/pfm_dynamic_inst/q4_layer_cu1/inst/ap_clk	126692.000	0
/pfm_top_wrapper/pfm_top_i/pfm_dynamic_inst/q4_layer_cu1/inst/ap_clk	128359.000	1
/pfm_top_wrapper/pfm_top_i/pfm_dynamic_inst/q4_layer_cu1/inst/ap_clk	130026.000	0
/pfm_top_wrapper/pfm_top_i/pfm_dynamic_inst/q4_layer_cu1/inst/ap_clk	131693.000	1
/pfm_top_wrapper/pfm_top_i/pfm_dynamic_inst/q4_layer_cu1/inst/ap_clk	133360.000	0
/pfm_top_wrapper/pfm_top_i/pfm_dynamic_inst/q4_layer_cu1/inst/ap_clk	135027.000	1
/pfm_top_wrapper/pfm_top_i/pfm_dynamic_inst/q4_layer_cu1/inst/ap_clk	136694.000	0
/pfm_top_wrapper/pfm_top_i/pfm_dynamic_inst/q4_layer_cu1/inst/ap_clk	138361.000	1
/pfm_top_wrapper/pfm_top_i/pfm_dynamic_inst/q4_layer_cu1/inst/ap_clk	140028.000	0
/pfm_top_wrapper/pfm_top_i/pfm_dynamic_inst/q4_layer_cu1/inst/ap_clk	141695.000	1
/pfm_top_wrapper/pfm_top_i/pfm_dynamic_inst/q4_layer_cu1/inst/ap_clk	143362.000	0
/pfm_top_wrapper/pfm_top_i/pfm_dynamic_inst/q4_layer_cu1/inst/ap_clk	145029.000	1
/pfm_top_wrapper/pfm_top_i/pfm_dynamic_inst/q4_layer_cu1/inst/ap_clk	146696.000	0
/pfm_top_wrapper/pfm_top_i/pfm_dynamic_inst/q4_layer_cu1/inst/ap_clk	148363.000	1
/pfm_top_wrapper/pfm_top_i/pfm_dynamic_inst/q4_layer_cu1/inst/ap_clk	150030.000	0
/pfm_top_wrapper/pfm_top_i/pfm_dynamic_inst/q4_layer_cu1/inst/ap_clk	151697.000	1
/pfm_top_wrapper/pfm_top_i/pfm_dynamic_inst/q4_layer_cu1/inst/ap_clk	153364.000	0
/pfm_top_wrapper/pfm_top_i/pfm_dynamic_inst/q4_layer_cu1/inst/ap_clk	155031.000	1
/pfm_top_wrapper/pfm_top_i/pfm_dynamic_inst/q4_layer_cu1/inst/ap_clk	156698.000	0
/pfm_top_wrapper/pfm_top_i/pfm_dynamic_inst/q4_layer_cu1/inst/ap_clk	158365.000	1
/pfm_top_wrapper/pfm_top_i/pfm_dynamic_inst/q4_layer_cu1/inst/ap_clk	160032.000	0
/pfm_top_wrapper/pfm_top_i/pfm_dynamic_inst/q4_layer_cu1/inst/ap_clk	161699.000	1
/pfm_top_wrapper/pfm_top_i/pfm_dynamic_inst/q4_layer_cu1/inst/ap_clk	163366.000	0
/pfm_top_wrapper/pfm_top_i/pfm_dynamic_inst/q4_layer_cu1/inst/ap_clk	165033.000	1
/pfm_top_wrapper/pfm_top_i/pfm_dynamic_inst/q4_layer_cu1/inst/ap_clk	166700.000	0
/pfm_top_wrapper/pfm_top_i/pfm_dynamic_inst/q4_layer_cu1/inst/ap_clk	168367.000	1
/pfm_top_wrapper/pfm_top_i/pfm_dynamic_inst/q4_layer_cu1/inst/ap_clk	170034.000	0
/pfm_top_wrapper/pfm_top_i/pfm_dynamic_inst/q4_layer_cu1/inst/ap_clk	171701.000	1
/pfm_top_wrapper/pfm_top_i/pfm_dynamic_inst/q4_layer_cu1/inst/ap_clk	173368.000	0
/pfm_top_wrapper/pfm_top_i/pfm_dynamic_inst/q4_layer_cu1/inst/ap_clk	175035.000	1
/pfm_top_wrapper/pfm_top_i/pfm_dynamic_inst/q4_layer_cu1/inst/ap_clk	176702.000	0
/pfm_top_wrapper/pfm_top_i/pfm_dynamic_inst/q4_layer_cu1/inst/ap_clk	178369.000	1
/pfm_top_wrapper/pfm_top_i/pfm_dynamic_inst/q4_layer_cu1/inst/ap_clk	180036.000	0
/pfm_top_wrapper/pfm_top_i/pfm_dynamic_inst/q4_layer_cu1/inst/ap_clk	181703.000	1
/pfm_top_wrapper/pfm_top_i/pfm_dynamic_inst/q4_layer_cu1/inst/ap_clk	183370.000	0
/pfm_top_wrapper/pfm_top_i/pfm_dynamic_inst/q4_layer_cu1/inst/ap_clk	185037.000	1
/pfm_top_wrapper/pfm_top_i/pfm_dynamic_inst/q4_layer_cu1/inst/ap_clk	186704.000	0
/pfm_top_wrapper/pfm_top_i/pfm_dynamic_inst/q4_layer_cu1/inst/ap_clk	188371.000	1
/pfm_top_wrapper/pfm_top_i/pfm_dynamic_inst/q4_layer_cu1/inst/ap_clk	190038.000	0
/pfm_top_wrapper/pfm_top_i/pfm_dynamic_inst/q4_layer_cu1/inst/ap_clk	191705.000	1
/pfm_top_wrapper/pfm_top_i/pfm_dynamic_inst/q4_layer_cu1/inst/ap_clk	193372.000	0
/pfm_top_wrapper/pfm_top_i/pfm_dynamic_inst/q4_layer_cu1/inst/ap_clk	195039.000	1
/pfm_top_wrapper/pfm_top_i/pfm_dynamic_inst/q4_layer_cu1/inst/ap_clk	196706.000	0
/pfm_top_wrapper/pfm_top_i/pfm_dynamic_inst/q4_layer_cu1/inst/ap_clk	198373.000	1
/pfm_top_wrapper/pfm_top_i/pfm_dynamic_inst/q4_layer_cu1/inst/ap_clk	200040.000	0
/pfm_top_wrapper/pfm_top_i/pfm_dynamic_inst/q4_layer_cu1/inst/ap_clk	201707.000	1
/pfm_top_wrapper/pfm_top_i/pfm_dynamic_inst/q4_layer_cu1/inst/ap_clk	203374.000	0
/pfm_top_wrapper/pfm_top_i/pfm_dynamic_inst/q4_layer_cu1/inst/ap_clk	205041.000	1
/pfm_top_wrapper/pfm_top_i/pfm_dynamic_inst/q4_layer_cu1/inst/ap_clk	206708.000	0
/pfm_top_wrapper/pfm_top_i/pfm_dynamic_inst/q4_layer_cu1/inst/ap_clk	208375.000	1
/pfm_top_wrapper/pfm_top_i/pfm_dynamic_inst/q4_layer_cu1/inst/ap_clk	210042.000	0
/pfm_top_wrapper/pfm_top_i/pfm_dynamic_inst/q4_layer_cu1/inst/ap_clk	211709.000	1
/pfm_top_wrapper/pfm_top_i/pfm_dynamic_inst/q4_layer_cu1/inst/ap_clk	213376.000	0
/pfm_top_wrapper/pfm_top_i/pfm_dynamic_inst/q4_layer_cu1/inst/ap_clk	215043.000	1
/pfm_top_wrapper/pfm_top_i/pfm_dynamic_inst/q4_layer_cu1/inst/ap_clk	216710.000	0
/pfm_top_wrapper/pfm_top_i/pfm_dynamic_inst/q4_layer_cu1/inst/ap_clk	218377.000	1
/pfm_top_wrapper/pfm_top_i/pfm_dynamic_inst/q4_layer_cu1/inst/ap_clk	220044.000	0
/pfm_top_wrapper/pfm_top_i/pfm_dynamic_inst/q4_layer_cu1/inst/ap_clk	221711.000	1
/pfm_top_wrapper/pfm_top_i/pfm_dynamic_inst/q4_layer_cu1/inst/ap_clk	223378.000	0
/pfm_top_wrapper/pfm_top_i/pfm_dynamic_inst/q4_layer_cu1/inst/ap_clk	225045.000	1
/pfm_top_wrapper/pfm_top_i/pfm_dynamic_inst/q4_layer_cu1/inst/ap_clk	226712.000	0
/pfm_top_wrapper/pfm_top_i/pfm_dynamic_inst/q4_layer_cu1/inst/ap_clk	228379.000	1
/pfm_top_wrapper/pfm_top_i/pfm_dynamic_inst/q4_layer_cu1/inst/ap_clk	230046.000	0
/pfm_top_wrapper/pfm_top_i/pfm_dynamic_inst/q4_layer_cu1/inst/ap_clk	231713.000	1
/pfm_top_wrapper/pfm_top_i/pfm_dynamic_inst/q4_layer_cu1/inst/ap_clk	233380.000	0
/pfm_top_wrapper/pfm_top_i/pfm_dynamic_inst/q4_layer_cu1/inst/ap_clk	235047.000	1
/pfm_top_wrapper/pfm_top_i/pfm_dynamic_inst/q4_layer_cu1/inst/ap_clk	236714.000	0
/pfm_top_wrapper/pfm_top_i/pfm_dynamic_inst/q4_layer_cu1/inst/ap_clk	238381.000	1
/pfm_top_wrapper/pfm_top_i/pfm_dynamic_inst/q4_layer_cu1/inst/ap_clk	240048.000	0
/pfm_top_wrapper/pfm_top_i/pfm_dynamic_inst/q4_layer_cu1/inst/ap_clk	241715.000	1
/pfm_top_wrapper/pfm_top_i/pfm_dynamic_inst/q4_layer_cu1/inst/ap_clk	243382.000	0
/pfm_top_wrapper/pfm_top_i/pfm_dynamic_inst/q4_layer_cu1/inst/ap_clk	245049.000	1
/pfm_top_wrapper/pfm_top_i/pfm_dynamic_inst/q4_layer_cu1/inst/ap_clk	246716.000	0
/pfm_top_wrapper/pfm_top_i/pfm_dynamic_inst/q4_layer_cu1/inst/ap_clk	248383.000	1
/pfm_top_wrapper/pfm_top_i/pfm_dynamic_inst/q4_layer_cu1/inst/ap_clk	250050.000	0
/pfm_top_wrapper/pfm_top_i/pfm_dynamic_inst/q4_layer_cu1/inst/ap_clk	251717.000	1
/pfm_top_wrapper/pfm_top_i/pfm_dynamic_inst/q4_layer_cu1/inst/ap_clk	253384.000	0
/pfm_top_wrapper/pfm_top_i/pfm_dynamic_inst/q4_layer_cu1/inst/ap_clk	255051.000	1
/pfm_top_wrapper/pfm_top_i/pfm_dynamic_inst/q4_layer_cu1/inst/ap_clk	256718.000	0
/pfm_top_wrapper/pfm_top_i/pfm_dynamic_inst/q4_layer_cu1/inst/ap_clk	258385.000	1
/pfm_top_wrapper/pfm_top_i/pfm_dynamic_inst/q4_layer_cu1/inst/ap_clk	260052.000	0
/pfm_top_wrapper/pfm_top_i/pfm_dynamic_inst/q4_layer_cu1/inst/ap_clk	261719.000	1
/pfm_top_wrapper/pfm_top_i/pfm_dynamic_inst/q4_layer_cu1/inst/ap_clk	263386.000	0
/pfm_top_wrapper/pfm_top_i/pfm_dynamic_inst/q4_layer_cu1/inst/ap_clk	265053.000	1
/pfm_top_wrapper/pfm_top_i/pfm_dynamic_inst/q4_layer_cu1/inst/ap_clk	266720.000	0
/pfm_top_wrapper/pfm_top_i/pfm_dynamic_inst/q4_layer_cu1/inst/ap_clk	268387.000	1
/pfm_top_wrapper/pfm_top_i/pfm_dynamic_inst/q4_layer_cu1/inst/ap_clk	270054.000	0
/pfm_top_wrapper/pfm_top_i/pfm_dynamic_inst/q4_layer_cu1/inst/ap_clk	271721.000	1
/pfm_top_wrapper/pfm_top_i/pfm_dynamic_inst/q4_layer_cu1/inst/ap_clk	273388.000	0
/pfm_top_wrapper/pfm_top_i/pfm_dynamic_inst/q4_layer_cu1/inst/ap_clk	275055.000	1
/pfm_top_wrapper/pfm_top_i/pfm_dynamic_inst/q4_layer_cu1/inst/ap_clk	276722.000	0
/pfm_top_wrapper/pfm_top_i/pfm_dynamic_inst/q4_layer_cu1/inst/ap_clk	278389.000	1
/pfm_top_wrapper/pfm_top_i/pfm_dynamic_inst/q4_layer_cu1/inst/ap_clk	280056.000	0
/pfm_top_wrapper/pfm_top_i/pfm_dynamic_inst/q4_layer_cu1/inst/ap_clk	281723.000	1
/pfm_top_wrapper/pfm_top_i/pfm_dynamic_inst/q4_layer_cu1/inst/ap_clk	283390.000	0
/pfm_top_wrapper/pfm_top_i/pfm_dynamic_inst/q4_layer_cu1/inst/ap_clk	285057.000	1
/pfm_top_wrapper/pfm_top_i/pfm_dynamic_inst/q4_layer_cu1/inst/ap_clk	286724.000	0
/pfm_top_wrapper/pfm_top_i/pfm_dynamic_inst/q4_layer_cu1/inst/ap_clk	288391.000	1
/pfm_top_wrapper/pfm_top_i/pfm_dynamic_inst/q4_layer_cu1/inst/ap_clk	290058.000	0
/pfm_top_wrapper/pfm_top_i/pfm_dynamic_inst/q4_layer_cu1/inst/ap_clk	291725.000	1
/pfm_top_wrapper/pfm_top_i/pfm_dynamic_inst/q4_layer_cu1/inst/ap_clk	293392.000	0
/pfm_top_wrapper/pfm_top_i/pfm_dynamic_inst/q4_layer_cu1/inst/ap_clk	295059.000	1
/pfm_top_wrapper/pfm_top_i/pfm_dynamic_inst/q4_layer_cu1/inst/ap_clk	296726.000	0
/pfm_top_wrapper/pfm_top_i/pfm_dynamic_inst/q4_layer_cu1/inst/ap_clk	298393.000	1
/pfm_top_wrapper/pfm_top_i/pfm_dynamic_inst/q4_layer_cu1/inst/ap_clk	300060.000	0
/pfm_top_wrapper/pfm_top_i/pfm_dynamic_inst/q4_layer_cu1/inst/ap_clk	301727.000	1
/pfm_top_wrapper/pfm_top_i/pfm_dynamic_inst/q4_layer_cu1/inst/ap_clk	303394.000	0
/pfm_top_wrapper/pfm_top_i/pfm_dynamic_inst/q4_layer_cu1/inst/ap_clk	305061.000	1
/pfm_top_wrapper/pfm_top_i/pfm_dynamic_inst/q4_layer_cu1/inst/ap_clk	306728.000	0
/pfm_top_wrapper/pfm_top_i/pfm_dynamic_inst/q4_layer_cu1/inst/ap_clk	308395.000	1
/pfm_top_wrapper/pfm_top_i/pfm_dynamic_inst/q4_layer_cu1/inst/ap_clk	310062.000	0
/pfm_top_wrapper/pfm_top_i/pfm_dynamic_inst/q4_layer_cu1/inst/ap_clk	311729.000	1
/pfm_top_wrapper/pfm_top_i/pfm_dynamic_inst/q4_layer_cu1/inst/ap_clk	313396.000	0
/pfm_top_wrapper/pfm_top_i/pfm_dynamic_inst/q4_layer_cu1/inst/ap_clk	315063.000	1
/pfm_top_wrapper/pfm_top_i/pfm_dynamic_inst/q4_layer_cu1/inst/ap_clk	316730.000	0
/pfm_top_wrapper/pfm_top_i/pfm_dynamic_inst/q4_layer_cu1/inst/ap_clk	318397.000	1
/pfm_top_wrapper/pfm_top_i/pfm_dynamic_inst/q4_layer_cu1/inst/ap_clk	320064.000	0
/pfm_top_wrapper/pfm_top_i/pfm_dynamic_inst/q4_layer_cu1/inst/ap_clk	321731.000	1
/pfm_top_wrapper/pfm_top_i/pfm_dynamic_inst/q4_layer_cu1/inst/ap_clk	323398.000	0
/pfm_top_wrapper/pfm_top_i/pfm_dynamic_inst/q4_layer_cu1/inst/ap_clk	325065.000	1
/pfm_top_wrapper/pfm_top_i/pfm_dynamic_inst/q4_layer_cu1/inst/ap_clk	326732.000	0
/pfm_top_wrapper/pfm_top_i/pfm_dynamic_inst/q4_layer_cu1/inst/ap_clk	328399.000	1
/pfm_top_wrapper/pfm_top_i/pfm_dynamic_inst/q4_layer_cu1/inst/ap_clk	330066.000	0
/pfm_top_wrapper/pfm_top_i/pfm_dynamic_inst/q4_layer_cu1/inst/ap_clk	331733.000	1
/pfm_top_wrapper/pfm_top_i/pfm_dynamic_inst/q4_layer_cu1/inst/ap_clk	333400.000	0
/pfm_top_wrapper/pfm_top_i/pfm_dynamic_inst/q4_layer_cu1/inst/ap_clk	335067.000	1
/pfm_top_wrapper/pfm_top_i/pfm_dynamic_inst/q4_layer_cu1/inst/ap_clk	336734.000	0
/pfm_top_wrapper/pfm_top_i/pfm_dynamic_inst/q4_layer_cu1/inst/ap_clk	338401.000	1
/pfm_top_wrapper/pfm_top_i/pfm_dynamic_inst/q4_layer_cu1/inst/ap_clk	340068.000	0
/pfm_top_wrapper/pfm_top_i/pfm_dynamic_inst/q4_layer_cu1/inst/ap_clk	341735.000	1
/pfm_top_wrapper/pfm_top_i/pfm_dynamic_inst/q4_layer_cu1/inst/ap_clk	343402.000	0
/pfm_top_wrapper/pfm_top_i/pfm_dynamic_inst/q4_layer_cu1/inst/ap_clk	345069.000	1
/pfm_top_wrapper/pfm_top_i/pfm_dynamic_inst/q4_layer_cu1/inst/ap_clk	346736.000	0
/pfm_top_wrapper/pfm_top_i/pfm_dynamic_inst/q4_layer_cu1/inst/ap_clk	348403.000	1
/pfm_top_wrapper/pfm_top_i/pfm_dynamic_inst/q4_layer_cu1/inst/ap_clk	350070.000	0
/pfm_top_wrapper/pfm_top_i/pfm_dynamic_inst/q4_layer_cu1/inst/ap_clk	351737.000	1
/pfm_top_wrapper/pfm_top_i/pfm_dynamic_inst/q4_layer_cu1/inst/ap_clk	353404.000	0
/pfm_top_wrapper/pfm_top_i/pfm_dynamic_inst/q4_layer_cu1/inst/ap_clk	355071.000	1
/pfm_top_wrapper/pfm_top_i/pfm_dynamic_inst/q4_layer_cu1/inst/ap_clk	356738.000	0
/pfm_top_wrapper/pfm_top_i/pfm_dynamic_inst/q4_layer_cu1/inst/ap_clk	358405.000	1
/pfm_top_wrapper/pfm_top_i/pfm_dynamic_inst/q4_layer_cu1/inst/ap_clk	360072.000	0
/pfm_top_wrapper/pfm_top_i/pfm_dynamic_inst/q4_layer_cu1/inst/ap_clk	361739.000	1
/pfm_top_wrapper/pfm_top_i/pfm_dynamic_inst/q4_layer_cu1/inst/ap_clk	363406.000	0
/pfm_top_wrapper/pfm_top_i/pfm_dynamic_inst/q4_layer_cu1/inst/ap_clk	365073.000	1
/pfm_top_wrapper/pfm_top_i/pfm_dynamic_inst/q4_layer_cu1/inst/ap_clk	366740.000	0
/pfm_top_wrapper/pfm_top_i/pfm_dynamic_inst/q4_layer_cu1/inst/ap_clk	368407.000	1
/pfm_top_wrapper/pfm_top_i/pfm_dynamic_inst/q4_layer_cu1/inst/ap_clk	370074.000	0
/pfm_top_wrapper/pfm_top_i/pfm_dynamic_inst/q4_layer_cu1/inst/ap_clk	371741.000	1
/pfm_top_wrapper/pfm_top_i/pfm_dynamic_inst/q4_layer_cu1/inst/ap_clk	373408.000	0
/pfm_top_wrapper/pfm_top_i/pfm_dynamic_inst/q4_layer_cu1/inst/ap_clk	375075.000	1
/pfm_top_wrapper/pfm_top_i/pfm_dynamic_inst/q4_layer_cu1/inst/ap_clk	376742.000	0
/pfm_top_wrapper/pfm_top_i/pfm_dynamic_inst/q4_layer_cu1/inst/ap_clk	378409.000	1
/pfm_top_wrapper/pfm_top_i/pfm_dynamic_inst/q4_layer_cu1/inst/ap_clk	380076.000	0
/pfm_top_wrapper/pfm_top_i/pfm_dynamic_inst/q4_layer_cu1/inst/ap_clk	381743.000	1
/pfm_top_wrapper/pfm_top_i/pfm_dynamic_inst/q4_layer_cu1/inst/ap_clk	383410.000	0
/pfm_top_wrapper/pfm_top_i/pfm_dynamic_inst/q4_layer_cu1/inst/ap_clk	385077.000	1
/pfm_top_wrapper/pfm_top_i/pfm_dynamic_inst/q4_layer_cu1/inst/ap_clk	386744.000	0
/pfm_top_wrapper/pfm_top_i/pfm_dynamic_inst/q4_layer_cu1/inst/ap_clk	388411.000	1
/pfm_top_wrapper/pfm_top_i/pfm_dynamic_inst/q4_layer_cu1/inst/ap_clk	390078.000	0
/pfm_top_wrapper/pfm_top_i/pfm_dynamic_inst/q4_layer_cu1/inst/ap_clk	391745.000	1
/pfm_top_wrapper/pfm_top_i/pfm_dynamic_inst/q4_layer_cu1/inst/ap_clk	393412.000	0
/pfm_top_wrapper/pfm_top_i/pfm_dynamic_inst/q4_layer_cu1/inst/ap_clk	395079.000	1
/pfm_top_wrapper/pfm_top_i/pfm_dynamic_inst/q4_layer_cu1/inst/ap_clk	396746.000	0
/pfm_top_wrapper/pfm_top_i/pfm_dynamic_inst/q4_layer_cu1/inst/ap_clk	398413.000	1
/pfm_top_wrapper/pfm_top_i/pfm_dynamic_inst/q4_layer_cu1/inst/ap_clk	400080.000	0
/pfm_top_wrapper/pfm_top_i/pfm_dynamic_inst/q4_layer_cu1/inst/ap_clk	401747.000	1
/pfm_top_wrapper/pfm_top_i/pfm_dynamic_inst/q4_layer_cu1/inst/ap_clk	403414.000	0
/pfm_top_wrapper/pfm_top_i/pfm_dynamic_inst/q4_layer_cu1/inst/ap_clk	405081.000	1
/pfm_top_wrapper/pfm_top_i/pfm_dynamic_inst/q4_layer_cu1/inst/ap_clk	406748.000	0
/pfm_top_wrapper/pfm_top_i/pfm_dynamic_inst/q4_layer_cu1/inst/ap_clk	408415.000	1
/pfm_top_wrapper/pfm_top_i/pfm_dynamic_inst/q4_layer_cu1/inst/ap_clk	410082.000	0
/pfm_top_wrapper/pfm_top_i/pfm_dynamic_inst/q4_layer_cu1/inst/ap_clk	411749.000	1
/pfm_top_wrapper/pfm_top_i/pfm_dynamic_inst/q4_layer_cu1/inst/ap_clk	413416.000	0
/pfm_top_wrapper/pfm_top_i/pfm_dynamic_inst/q4_layer_cu1/inst/ap_clk	415083.000	1
/pfm_top_wrapper/pfm_top_i/pfm_dynamic_inst/q4_layer_cu1/inst/ap_clk	416750.000	0
/pfm_top_wrapper/pfm_top_i/pfm_dynamic_inst/q4_layer_cu1/inst/ap_clk	418417.000	1
/pfm_top_wrapper/pfm_top_i/pfm_dynamic_inst/q4_layer_cu1/inst/ap_clk	420084.000	0
/pfm_top_wrapper/pfm_top_i/pfm_dynamic_inst/q4_layer_cu1/inst/ap_clk	421751.000	1
/pfm_top_wrapper/pfm_top_i/pfm_dynamic_inst/q4_layer_cu1/inst/ap_clk	423418.000	0
/pfm_top_wrapper/pfm_top_i/pfm_dynamic_inst/q4_layer_cu1/inst/ap_clk	425085.000	1
/pfm_top_wrapper/pfm_top_i/pfm_dynamic_inst/q4_layer_cu1/inst/ap_clk	426752.000	0
/pfm_top_wrapper/pfm_top_i/pfm_dynamic_inst/q4_layer_cu1/inst/ap_clk	428419.000	1
/pfm_top_wrapper/pfm_top_i/pfm_dynamic_inst/q4_layer_cu1/inst/ap_clk	430086.000	0
/pfm_top_wrapper/pfm_top_i/pfm_dynamic_inst/q4_layer_cu1/inst/ap_clk	431753.000	1
/pfm_top_wrapper/pfm_top_i/pfm_dynamic_inst/q4_layer_cu1/inst/ap_clk	433420.000	0
/pfm_top_wrapper/pfm_top_i/pfm_dynamic_inst/q4_layer_cu1/inst/ap_clk	435087.000	1
/pfm_top_wrapper/pfm_top_i/pfm_dynamic_inst/q4_layer_cu1/inst/ap_clk	436754.000	0
/pfm_top_wrapper/pfm_top_i/pfm_dynamic_inst/q4_layer_cu1/inst/ap_clk	438421.000	1
/pfm_top_wrapper/pfm_top_i/pfm_dynamic_inst/q4_layer_cu1/inst/ap_clk	440088.000	0
/pfm_top_wrapper/pfm_top_i/pfm_dynamic_inst/q4_layer_cu1/inst/ap_clk	441755.000	1
/pfm_top_wrapper/pfm_top_i/pfm_dynamic_inst/q4_layer_cu1/inst/ap_clk	443422.000	0
/pfm_top_wrapper/pfm_top_i/pfm_dynamic_inst/q4_layer_cu1/inst/ap_clk	445089.000	1
/pfm_top_wrapper/pfm_top_i/pfm_dynamic_inst/q4_layer_cu1/inst/ap_clk	446756.000	0
/pfm_top_wrapper/pfm_top_i/pfm_dynamic_inst/q4_layer_cu1/inst/ap_clk	448423.000	1
/pfm_top_wrapper/pfm_top_i/pfm_dynamic_inst/q4_layer_cu1/inst/ap_clk	450090.000	0
/pfm_top_wrapper/pfm_top_i/pfm_dynamic_inst/q4_layer_cu1/inst/ap_clk	451757.000	1
/pfm_top_wrapper/pfm_top_i/pfm_dynamic_inst/q4_layer_cu1/inst/ap_clk	453424.000	0
/pfm_top_wrapper/pfm_top_i/pfm_dynamic_inst/q4_layer_cu1/inst/ap_clk	455091.000	1
/pfm_top_wrapper/pfm_top_i/pfm_dynamic_inst/q4_layer_cu1/inst/ap_clk	456758.000	0
/pfm_top_wrapper/pfm_top_i/pfm_dynamic_inst/q4_layer_cu1/inst/ap_clk	458425.000	1
/pfm_top_wrapper/pfm_top_i/pfm_dynamic_inst/q4_layer_cu1/inst/ap_clk	460092.000	0
/pfm_top_wrapper/pfm_top_i/pfm_dynamic_inst/q4_layer_cu1/inst/ap_clk	461759.000	1
/pfm_top_wrapper/pfm_top_i/pfm_dynamic_inst/q4_layer_cu1/inst/ap_clk	463426.000	0
/pfm_top_wrapper/pfm_top_i/pfm_dynamic_inst/q4_layer_cu1/inst/ap_clk	465093.000	1
/pfm_top_wrapper/pfm_top_i/pfm_dynamic_inst/q4_layer_cu1/inst/ap_clk	466760.000	0
/pfm_top_wrapper/pfm_top_i/pfm_dynamic_inst/q4_layer_cu1/inst/ap_clk	468427.000	1
/pfm_top_wrapper/pfm_top_i/pfm_dynamic_inst/q4_layer_cu1/inst/ap_clk	470094.000	0
/pfm_top_wrapper/pfm_top_i/pfm_dynamic_inst/q4_layer_cu1/inst/ap_clk	471761.000	1
/pfm_top_wrapper/pfm_top_i/pfm_dynamic_inst/q4_layer_cu1/inst/ap_clk	473428.000	0
/pfm_top_wrapper/pfm_top_i/pfm_dynamic_inst/q4_layer_cu1/inst/ap_clk	475095.000	1
/pfm_top_wrapper/pfm_top_i/pfm_dynamic_inst/q4_layer_cu1/inst/ap_clk	476762.000	0
/pfm_top_wrapper/pfm_top_i/pfm_dynamic_inst/q4_layer_cu1/inst/ap_clk	478429.000	1
/pfm_top_wrapper/pfm_top_i/pfm_dynamic_inst/q4_layer_cu1/inst/ap_clk	480096.000	0
/pfm_top_wrapper/pfm_top_i/pfm_dynamic_inst/q4_layer_cu1/inst/ap_clk	481763.000	1
/pfm_top_wrapper/pfm_top_i/pfm_dynamic_inst/q4_layer_cu1/inst/ap_clk	483430.000	0
/pfm_top_wrapper/pfm_top_i/pfm_dynamic_inst/q4_layer_cu1/inst/ap_clk	485097.000	1
/pfm_top_wrapper/pfm_top_i/pfm_dynamic_inst/q4_layer_cu1/inst/ap_clk	486764.000	0
/pfm_top_wrapper/pfm_top_i/pfm_dynamic_inst/q4_layer_cu1/inst/ap_clk	488431.000	1
/pfm_top_wrapper/pfm_top_i/pfm_dynamic_inst/q4_layer_cu1/inst/ap_clk	490098.000	0
/pfm_top_wrapper/pfm_top_i/pfm_dynamic_inst/q4_layer_cu1/inst/ap_clk	491765.000	1
/pfm_top_wrapper/pfm_top_i/pfm_dynamic_inst/q4_layer_cu1/inst/ap_clk	493432.000	0
/pfm_top_wrapper/pfm_top_i/pfm_dynamic_inst/q4_layer_cu1/inst/ap_clk	495099.000	1
/pfm_top_wrapper/pfm_top_i/pfm_dynamic_inst/q4_layer_cu1/inst/ap_clk	496766.000	0
/pfm_top_wrapper/pfm_top_i/pfm_dynamic_inst/q4_layer_cu1/inst/ap_clk	498433.000	1
/pfm_top_wrapper/pfm_top_i/pfm_dynamic_inst/q4_layer_cu1/inst/ap_clk	500100.000	0
/pfm_top_wrapper/pfm_top_i/pfm_dynamic_inst/q4_layer_cu1/inst/ap_clk	501767.000	1
/pfm_top_wrapper/pfm_top_i/pfm_dynamic_inst/q4_layer_cu1/inst/ap_clk	503434.000	0
/pfm_top_wrapper/pfm_top_i/pfm_dynamic_inst/q4_layer_cu1/inst/ap_clk	505101.000	1
/pfm_top_wrapper/pfm_top_i/pfm_dynamic_inst/q4_layer_cu1/inst/ap_clk	506768.000	0
/pfm_top_wrapper/pfm_top_i/pfm_dynamic_inst/q4_layer_cu1/inst/ap_clk	508435.000	1
/pfm_top_wrapper/pfm_top_i/pfm_dynamic_inst/q4_layer_cu1/inst/ap_clk	510102.000	0
/pfm_top_wrapper/pfm_top_i/pfm_dynamic_inst/q4_layer_cu1/inst/ap_clk	511769.000	1
/pfm_top_wrapper/pfm_top_i/pfm_dynamic_inst/q4_layer_cu1/inst/ap_clk	513436.000	0
/pfm_top_wrapper/pfm_top_i/pfm_dynamic_inst/q4_layer_cu1/inst/ap_clk	515103.000	1
/pfm_top_wrapper/pfm_top_i/pfm_dynamic_inst/q4_layer_cu1/inst/ap_clk	516770.000	0
/pfm_top_wrapper/pfm_top_i/pfm_dynamic_inst/q4_layer_cu1/inst/ap_clk	518437.000	1
/pfm_top_wrapper/pfm_top_i/pfm_dynamic_inst/q4_layer_cu1/inst/ap_clk	520104.000	0
/pfm_top_wrapper/pfm_top_i/pfm_dynamic_inst/q4_layer_cu1/inst/ap_clk	521771.000	1
/pfm_top_wrapper/pfm_top_i/pfm_dynamic_inst/q4_layer_cu1/inst/ap_clk	523438.000	0
/pfm_top_wrapper/pfm_top_i/pfm_dynamic_inst/q4_layer_cu1/inst/ap_clk	525105.000	1
/pfm_top_wrapper/pfm_top_i/pfm_dynamic_inst/q4_layer_cu1/inst/ap_clk	526772.000	0
/pfm_top_wrapper/pfm_top_i/pfm_dynamic_inst/q4_layer_cu1/inst/ap_clk	528439.000	1
/pfm_top_wrapper/pfm_top_i/pfm_dynamic_inst/q4_layer_cu1/inst/ap_clk	530106.000	0
/pfm_top_wrapper/pfm_top_i/pfm_dynamic_inst/q4_layer_cu1/inst/ap_clk	531773.000	1
/pfm_top_wrapper/pfm_top_i/pfm_dynamic_inst/q4_layer_cu1/inst/ap_clk	533440.000	0
/pfm_top_wrapper/pfm_top_i/pfm_dynamic_inst/q4_layer_cu1/inst/ap_clk	535107.000	1
/pfm_top_wrapper/pfm_top_i/pfm_dynamic_inst/q4_layer_cu1/inst/ap_clk	536774.000	0
/pfm_top_wrapper/pfm_top_i/pfm_dynamic_inst/q4_layer_cu1/inst/ap_clk	538441.000	1
/pfm_top_wrapper/pfm_top_i/pfm_dynamic_inst/q4_layer_cu1/inst/ap_clk	540108.000	0
/pfm_top_wrapper/pfm_top_i/pfm_dynamic_inst/q4_layer_cu1/inst/ap_clk	541775.000	1
/pfm_top_wrapper/pfm_top_i/pfm_dynamic_inst/q4_layer_cu1/inst/ap_clk	543442.000	0
/pfm_top_wrapper/pfm_top_i/pfm_dynamic_inst/q4_layer_cu1/inst/ap_clk	545109.000	1
/pfm_top_wrapper/pfm_top_i/pfm_dynamic_inst/q4_layer_cu1/inst/ap_clk	546776.000	0
/pfm_top_wrapper/pfm_top_i/pfm_dynamic_inst/q4_layer_cu1/inst/ap_clk	548443.000	1
/pfm_top_wrapper/pfm_top_i/pfm_dynamic_inst/q4_layer_cu1/inst/ap_clk	550110.000	0
/pfm_top_wrapper/pfm_top_i/pfm_dynamic_inst/q4_layer_cu1/inst/ap_clk	551777.000	1
/pfm_top_wrapper/pfm_top_i/pfm_dynamic_inst/q4_layer_cu1/inst/ap_clk	553444.000	0
/pfm_top_wrapper/pfm_top_i/pfm_dynamic_inst/q4_layer_cu1/inst/ap_clk	555111.000	1
/pfm_top_wrapper/pfm_top_i/pfm_dynamic_inst/q4_layer_cu1/inst/ap_clk	556778.000	0
/pfm_top_wrapper/pfm_top_i/pfm_dynamic_inst/q4_layer_cu1/inst/ap_clk	558445.000	1
/pfm_top_wrapper/pfm_top_i/pfm_dynamic_inst/q4_layer_cu1/inst/ap_clk	560112.000	0
/pfm_top_wrapper/pfm_top_i/pfm_dynamic_inst/q4_layer_cu1/inst/ap_clk	561779.000	1
/pfm_top_wrapper/pfm_top_i/pfm_dynamic_inst/q4_layer_cu1/inst/ap_clk	563446.000	0
/pfm_top_wrapper/pfm_top_i/pfm_dynamic_inst/q4_layer_cu1/inst/ap_clk	565113.000	1
/pfm_top_wrapper/pfm_top_i/pfm_dynamic_inst/q4_layer_cu1/inst/ap_clk	566780.000	0
/pfm_top_wrapper/pfm_top_i/pfm_dynamic_inst/q4_layer_cu1/inst/ap_clk	568447.000	1
/pfm_top_wrapper/pfm_top_i/pfm_dynamic_inst/q4_layer_cu1/inst/ap_clk	570114.000	0
/pfm_top_wrapper/pfm_top_i/pfm_dynamic_inst/q4_layer_cu1/inst/ap_clk	571781.000	1
/pfm_top_wrapper/pfm_top_i/pfm_dynamic_inst/q4_layer_cu1/inst/ap_clk	573448.000	0
/pfm_top_wrapper/pfm_top_i/pfm_dynamic_inst/q4_layer_cu1/inst/ap_clk	575115.000	1
/pfm_top_wrapper/pfm_top_i/pfm_dynamic_inst/q4_layer_cu1/inst/ap_clk	576782.000	0
/pfm_top_wrapper/pfm_top_i/pfm_dynamic_inst/q4_layer_cu1/inst/ap_clk	578449.000	1
/pfm_top_wrapper/pfm_top_i/pfm_dynamic_inst/q4_layer_cu1/inst/ap_clk	580116.000	0
/pfm_top_wrapper/pfm_top_i/pfm_dynamic_inst/q4_layer_cu1/inst/ap_clk	581783.000	1
/pfm_top_wrapper/pfm_top_i/pfm_dynamic_inst/q4_layer_cu1/inst/ap_clk	583450.000	0
/pfm_top_wrapper/pfm_top_i/pfm_dynamic_inst/q4_layer_cu1/inst/ap_clk	585117.000	1
/pfm_top_wrapper/pfm_top_i/pfm_dynamic_inst/q4_layer_cu1/inst/ap_clk	586784.000	0
/pfm_top_wrapper/pfm_top_i/pfm_dynamic_inst/q4_layer_cu1/inst/ap_clk	588451.000	1
/pfm_top_wrapper/pfm_top_i/pfm_dynamic_inst/q4_layer_cu1/inst/ap_clk	590118.000	0
/pfm_top_wrapper/pfm_top_i/pfm_dynamic_inst/q4_layer_cu1/inst/ap_clk	591785.000	1
/pfm_top_wrapper/pfm_top_i/pfm_dynamic_inst/q4_layer_cu1/inst/ap_clk	593452.000	0
/pfm_top_wrapper/pfm_top_i/pfm_dynamic_inst/q4_layer_cu1/inst/ap_clk	595119.000	1
/pfm_top_wrapper/pfm_top_i/pfm_dynamic_inst/q4_layer_cu1/inst/ap_clk	596786.000	0
/pfm_top_wrapper/pfm_top_i/pfm_dynamic_inst/q4_layer_cu1/inst/ap_clk	598453.000	1
/pfm_top_wrapper/pfm_top_i/pfm_dynamic_inst/q4_layer_cu1/inst/ap_clk	600120.000	0
/pfm_top_wrapper/pfm_top_i/pfm_dynamic_inst/q4_layer_cu1/inst/ap_clk	601787.000	1
/pfm_top_wrapper/pfm_top_i/pfm_dynamic_inst/q4_layer_cu1/inst/ap_clk	603454.000	0
/pfm_top_wrapper/pfm_top_i/pfm_dynamic_inst/q4_layer_cu1/inst/ap_clk	605121.000	1
/pfm_top_wrapper/pfm_top_i/pfm_dynamic_inst/q4_layer_cu1/inst/ap_clk	606788.000	0
/pfm_top_wrapper/pfm_top_i/pfm_dynamic_inst/q4_layer_cu1/inst/ap_clk	608455.000	1
/pfm_top_wrapper/pfm_top_i/pfm_dynamic_inst/q4_layer_cu1/inst/ap_clk	610122.000	0
/pfm_top_wrapper/pfm_top_i/pfm_dynamic_inst/q4_layer_cu1/inst/ap_clk	611789.000	1
/pfm_top_wrapper/pfm_top_i/pfm_dynamic_inst/q4_layer_cu1/inst/ap_clk	613456.000	0
/pfm_top_wrapper/pfm_top_i/pfm_dynamic_inst/q4_layer_cu1/inst/ap_clk	615123.000	1
/pfm_top_wrapper/pfm_top_i/pfm_dynamic_inst/q4_layer_cu1/inst/ap_clk	616790.000	0
/pfm_top_wrapper/pfm_top_i/pfm_dynamic_inst/q4_layer_cu1/inst/ap_clk	618457.000	1
/pfm_top_wrapper/pfm_top_i/pfm_dynamic_inst/q4_layer_cu1/inst/ap_clk	620124.000	0
/pfm_top_wrapper/pfm_top_i/pfm_dynamic_inst/q4_layer_cu1/inst/ap_clk	621791.000	1
/pfm_top_wrapper/pfm_top_i/pfm_dynamic_inst/q4_layer_cu1/inst/ap_clk	623458.000	0
/pfm_top_wrapper/pfm_top_i/pfm_dynamic_inst/q4_layer_cu1/inst/ap_clk	625125.000	1
/pfm_top_wrapper/pfm_top_i/pfm_dynamic_inst/q4_layer_cu1/inst/ap_clk	626792.000	0
/pfm_top_wrapper/pfm_top_i/pfm_dynamic_inst/q4_layer_cu1/inst/ap_clk	628459.000	1
/pfm_top_wrapper/pfm_top_i/pfm_dynamic_inst/q4_layer_cu1/inst/ap_clk	630126.000	0
/pfm_top_wrapper/pfm_top_i/pfm_dynamic_inst/q4_layer_cu1/inst/ap_clk	631793.000	1
/pfm_top_wrapper/pfm_top_i/pfm_dynamic_inst/q4_layer_cu1/inst/ap_clk	633460.000	0
/pfm_top_wrapper/pfm_top_i/pfm_dynamic_inst/q4_layer_cu1/inst/ap_clk	635127.000	1
/pfm_top_wrapper/pfm_top_i/pfm_dynamic_inst/q4_layer_cu1/inst/ap_clk	636794.000	0
/pfm_top_wrapper/pfm_top_i/pfm_dynamic_inst/q4_layer_cu1/inst/ap_clk	638461.000	1
/pfm_top_wrapper/pfm_top_i/pfm_dynamic_inst/q4_layer_cu1/inst/ap_clk	640128.000	0
/pfm_top_wrapper/pfm_top_i/pfm_dynamic_inst/q4_layer_cu1/inst/ap_clk	641795.000	1
/pfm_top_wrapper/pfm_top_i/pfm_dynamic_inst/q4_layer_cu1/inst/ap_clk	643462.000	0
/pfm_top_wrapper/pfm_top_i/pfm_dynamic_inst/q4_layer_cu1/inst/ap_clk	645129.000	1
/pfm_top_wrapper/pfm_top_i/pfm_dynamic_inst/q4_layer_cu1/inst/ap_clk	646796.000	0
/pfm_top_wrapper/pfm_top_i/pfm_dynamic_inst/q4_layer_cu1/inst/ap_clk	648463.000	1
/pfm_top_wrapper/pfm_top_i/pfm_dynamic_inst/q4_layer_cu1/inst/ap_clk	650130.000	0
/pfm_top_wrapper/pfm_top_i/pfm_dynamic_inst/q4_layer_cu1/inst/ap_clk	651797.000	1
/pfm_top_wrapper/pfm_top_i/pfm_dynamic_inst/q4_layer_cu1/inst/ap_clk	653464.000	0
/pfm_top_wrapper/pfm_top_i/pfm_dynamic_inst/q4_layer_cu1/inst/ap_clk	655131.000	1
/pfm_top_wrapper/pfm_top_i/pfm_dynamic_inst/q4_layer_cu1/inst/ap_clk	656798.000	0
/pfm_top_wrapper/pfm_top_i/pfm_dynamic_inst/q4_layer_cu1/inst/ap_clk	658465.000	1
/pfm_top_wrapper/pfm_top_i/pfm_dynamic_inst/q4_layer_cu1/inst/ap_clk	660132.000	0
/pfm_top_wrapper/pfm_top_i/pfm_dynamic_inst/q4_layer_cu1/inst/ap_clk	661799.000	1
/pfm_top_wrapper/pfm_top_i/pfm_dynamic_inst/q4_layer_cu1/inst/ap_clk	663466.000	0
/pfm_top_wrapper/pfm_top_i/pfm_dynamic_inst/q4_layer_cu1/inst/ap_clk	665133.000	1
/pfm_top_wrapper/pfm_top_i/pfm_dynamic_inst/q4_layer_cu1/inst/ap_clk	666800.000	0
/pfm_top_wrapper/pfm_top_i/pfm_dynamic_inst/q4_layer_cu1/inst/ap_clk	668467.000	1
/pfm_top_wrapper/pfm_top_i/pfm_dynamic_inst/q4_layer_cu1/inst/ap_clk	670134.000	0
/pfm_top_wrapper/pfm_top_i/pfm_dynamic_inst/q4_layer_cu1/inst/ap_clk	671801.000	1
/pfm_top_wrapper/pfm_top_i/pfm_dynamic_inst/q4_layer_cu1/inst/ap_clk	673468.000	0
/pfm_top_wrapper/pfm_top_i/pfm_dynamic_inst/q4_layer_cu1/inst/ap_clk	675135.000	1
/pfm_top_wrapper/pfm_top_i/pfm_dynamic_inst/q4_layer_cu1/inst/ap_clk	676802.000	0
/pfm_top_wrapper/pfm_top_i/pfm_dynamic_inst/q4_layer_cu1/inst/ap_clk	678469.000	1
/pfm_top_wrapper/pfm_top_i/pfm_dynamic_inst/q4_layer_cu1/inst/ap_clk	680136.000	0
/pfm_top_wrapper/pfm_top_i/pfm_dynamic_inst/q4_layer_cu1/inst/ap_clk	681803.000	1
/pfm_top_wrapper/pfm_top_i/pfm_dynamic_inst/q4_layer_cu1/inst/ap_clk	683470.000	0
/pfm_top_wrapper/pfm_top_i/pfm_dynamic_inst/q4_layer_cu1/inst/ap_clk	685137.000	1
/pfm_top_wrapper/pfm_top_i/pfm_dynamic_inst/q4_layer_cu1/inst/ap_clk	686804.000	0
/pfm_top_wrapper/pfm_top_i/pfm_dynamic_inst/q4_layer_cu1/inst/ap_clk	688471.000	1
/pfm_top_wrapper/pfm_top_i/pfm_dynamic_inst/q4_layer_cu1/inst/ap_clk	690138.000	0
/pfm_top_wrapper/pfm_top_i/pfm_dynamic_inst/q4_layer_cu1/inst/ap_clk	691805.000	1
/pfm_top_wrapper/pfm_top_i/pfm_dynamic_inst/q4_layer_cu1/inst/ap_clk	693472.000	0
/pfm_top_wrapper/pfm_top_i/pfm_dynamic_inst/q4_layer_cu1/inst/ap_clk	695139.000	1
/pfm_top_wrapper/pfm_top_i/pfm_dynamic_inst/q4_layer_cu1/inst/ap_clk	696806.000	0
/pfm_top_wrapper/pfm_top_i/pfm_dynamic_inst/q4_layer_cu1/inst/ap_clk	698473.000	1
/pfm_top_wrapper/pfm_top_i/pfm_dynamic_inst/q4_layer_cu1/inst/ap_clk	700140.000	0
/pfm_top_wrapper/pfm_top_i/pfm_dynamic_inst/q4_layer_cu1/inst/ap_clk	701807.000	1
/pfm_top_wrapper/pfm_top_i/pfm_dynamic_inst/q4_layer_cu1/inst/ap_clk	703474.000	0
/pfm_top_wrapper/pfm_top_i/pfm_dynamic_inst/q4_layer_cu1/inst/ap_clk	705141.000	1
/pfm_top_wrapper/pfm_top_i/pfm_dynamic_inst/q4_layer_cu1/inst/ap_clk	706808.000	0
/pfm_top_wrapper/pfm_top_i/pfm_dynamic_inst/q4_layer_cu1/inst/ap_clk	708475.000	1
/pfm_top_wrapper/pfm_top_i/pfm_dynamic_inst/q4_layer_cu1/inst/ap_clk	710142.000	0
/pfm_top_wrapper/pfm_top_i/pfm_dynamic_inst/q4_layer_cu1/inst/ap_clk	711809.000	1
/pfm_top_wrapper/pfm_top_i/pfm_dynamic_inst/q4_layer_cu1/inst/ap_clk	713476.000	0
/pfm_top_wrapper/pfm_top_i/pfm_dynamic_inst/q4_layer_cu1/inst/ap_clk	715143.000	1
/pfm_top_wrapper/pfm_top_i/pfm_dynamic_inst/q4_layer_cu1/inst/ap_clk	716810.000	0
/pfm_top_wrapper/pfm_top_i/pfm_dynamic_inst/q4_layer_cu1/inst/ap_clk	718477.000	1
/pfm_top_wrapper/pfm_top_i/pfm_dynamic_inst/q4_layer_cu1/inst/ap_clk	720144.000	0
/pfm_top_wrapper/pfm_top_i/pfm_dynamic_inst/q4_layer_cu1/inst/ap_clk	721811.000	1
/pfm_top_wrapper/pfm_top_i/pfm_dynamic_inst/q4_layer_cu1/inst/ap_clk	723478.000	0
/pfm_top_wrapper/pfm_top_i/pfm_dynamic_inst/q4_layer_cu1/inst/ap_clk	725145.000	1
/pfm_top_wrapper/pfm_top_i/pfm_dynamic_inst/q4_layer_cu1/inst/ap_clk	726812.000	0
/pfm_top_wrapper/pfm_top_i/pfm_dynamic_inst/q4_layer_cu1/inst/ap_clk	728479.000	1
/pfm_top_wrapper/pfm_top_i/pfm_dynamic_inst/q4_layer_cu1/inst/ap_clk	730146.000	0
/pfm_top_wrapper/pfm_top_i/pfm_dynamic_inst/q4_layer_cu1/inst/ap_clk	731813.000	1
/pfm_top_wrapper/pfm_top_i/pfm_dynamic_inst/q4_layer_cu1/inst/ap_clk	733480.000	0
/pfm_top_wrapper/pfm_top_i/pfm_dynamic_inst/q4_layer_cu1/inst/ap_clk	735147.000	1
/pfm_top_wrapper/pfm_top_i/pfm_dynamic_inst/q4_layer_cu1/inst/ap_clk	736814.000	0
/pfm_top_wrapper/pfm_top_i/pfm_dynamic_inst/q4_layer_cu1/inst/ap_clk	738481.000	1
/pfm_top_wrapper/pfm_top_i/pfm_dynamic_inst/q4_layer_cu1/inst/ap_clk	740148.000	0
/pfm_top_wrapper/pfm_top_i/pfm_dynamic_inst/q4_layer_cu1/inst/ap_clk	741815.000	1
/pfm_top_wrapper/pfm_top_i/pfm_dynamic_inst/q4_layer_cu1/inst/ap_clk	743482.000	0
/pfm_top_wrapper/pfm_top_i/pfm_dynamic_inst/q4_layer_cu1/inst/ap_clk	745149.000	1
/pfm_top_wrapper/pfm_top_i/pfm_dynamic_inst/q4_layer_cu1/inst/ap_clk	746816.000	0
/pfm_top_wrapper/pfm_top_i/pfm_dynamic_inst/q4_layer_cu1/inst/ap_clk	748483.000	1
/pfm_top_wrapper/pfm_top_i/pfm_dynamic_inst/q4_layer_cu1/inst/ap_clk	750150.000	0
/pfm_top_wrapper/pfm_top_i/pfm_dynamic_inst/q4_layer_cu1/inst/ap_clk	751817.000	1
/pfm_top_wrapper/pfm_top_i/pfm_dynamic_inst/q4_layer_cu1/inst/ap_clk	753484.000	0
/pfm_top_wrapper/pfm_top_i/pfm_dynamic_inst/q4_layer_cu1/inst/ap_clk	755151.000	1
/pfm_top_wrapper/pfm_top_i/pfm_dynamic_inst/q4_layer_cu1/inst/ap_clk	756818.000	0
/pfm_top_wrapper/pfm_top_i/pfm_dynamic_inst/q4_layer_cu1/inst/ap_clk	758485.000	1
/pfm_top_wrapper/pfm_top_i/pfm_dynamic_inst/q4_layer_cu1/inst/ap_clk	760152.000	0
/pfm_top_wrapper/pfm_top_i/pfm_dynamic_inst/q4_layer_cu1/inst/ap_clk	761819.000	1
/pfm_top_wrapper/pfm_top_i/pfm_dynamic_inst/q4_layer_cu1/inst/ap_clk	763486.000	0
/pfm_top_wrapper/pfm_top_i/pfm_dynamic_inst/q4_layer_cu1/inst/ap_clk	765153.000	1
/pfm_top_wrapper/pfm_top_i/pfm_dynamic_inst/q4_layer_cu1/inst/ap_clk	766820.000	0
/pfm_top_wrapper/pfm_top_i/pfm_dynamic_inst/q4_layer_cu1/inst/ap_clk	768487.000	1
/pfm_top_wrapper/pfm_top_i/pfm_dynamic_inst/q4_layer_cu1/inst/ap_clk	770154.000	0
/pfm_top_wrapper/pfm_top_i/pfm_dynamic_inst/q4_layer_cu1/inst/ap_clk	771821.000	1
/pfm_top_wrapper/pfm_top_i/pfm_dynamic_inst/q4_layer_cu1/inst/ap_clk	773488.000	0
/pfm_top_wrapper/pfm_top_i/pfm_dynamic_inst/q4_layer_cu1/inst/ap_clk	775155.000	1
/pfm_top_wrapper/pfm_top_i/pfm_dynamic_inst/q4_layer_cu1/inst/ap_clk	776822.000	0
/pfm_top_wrapper/pfm_top_i/pfm_dynamic_inst/q4_layer_cu1/inst/ap_clk	778489.000	1
/pfm_top_wrapper/pfm_top_i/pfm_dynamic_inst/q4_layer_cu1/inst/ap_clk	780156.000	0
/pfm_top_wrapper/pfm_top_i/pfm_dynamic_inst/q4_layer_cu1/inst/ap_clk	781823.000	1
/pfm_top_wrapper/pfm_top_i/pfm_dynamic_inst/q4_layer_cu1/inst/ap_clk	783490.000	0
/pfm_top_wrapper/pfm_top_i/pfm_dynamic_inst/q4_layer_cu1/inst/ap_clk	785157.000	1
/pfm_top_wrapper/pfm_top_i/pfm_dynamic_inst/q4_layer_cu1/inst/ap_clk	786824.000	0
/pfm_top_wrapper/pfm_top_i/pfm_dynamic_inst/q4_layer_cu1/inst/ap_clk	788491.000	1
/pfm_top_wrapper/pfm_top_i/pfm_dynamic_inst/q4_layer_cu1/inst/ap_clk	790158.000	0
/pfm_top_wrapper/pfm_top_i/pfm_dynamic_inst/q4_layer_cu1/inst/ap_clk	791825.000	1
/pfm_top_wrapper/pfm_top_i/pfm_dynamic_inst/q4_layer_cu1/inst/ap_clk	793492.000	0
/pfm_top_wrapper/pfm_top_i/pfm_dynamic_inst/q4_layer_cu1/inst/ap_clk	795159.000	1
/pfm_top_wrapper/pfm_top_i/pfm_dynamic_inst/q4_layer_cu1/inst/ap_clk	796826.000	0
/pfm_top_wrapper/pfm_top_i/pfm_dynamic_inst/q4_layer_cu1/inst/ap_clk	798493.000	1
/pfm_top_wrapper/pfm_top_i/pfm_dynamic_inst/q4_layer_cu1/inst/ap_clk	800160.000	0
/pfm_top_wrapper/pfm_top_i/pfm_dynamic_inst/q4_layer_cu1/inst/ap_clk	801827.000	1
/pfm_top_wrapper/pfm_top_i/pfm_dynamic_inst/q4_layer_cu1/inst/ap_clk	803494.000	0
/pfm_top_wrapper/pfm_top_i/pfm_dynamic_inst/q4_layer_cu1/inst/ap_clk	805161.000	1
/pfm_top_wrapper/pfm_top_i/pfm_dynamic_inst/q4_layer_cu1/inst/ap_clk	806828.000	0
/pfm_top_wrapper/pfm_top_i/pfm_dynamic_inst/q4_layer_cu1/inst/ap_clk	808495.000	1
/pfm_top_wrapper/pfm_top_i/pfm_dynamic_inst/q4_layer_cu1/inst/ap_clk	810162.000	0
/pfm_top_wrapper/pfm_top_i/pfm_dynamic_inst/q4_layer_cu1/inst/ap_clk	811829.000	1
/pfm_top_wrapper/pfm_top_i/pfm_dynamic_inst/q4_layer_cu1/inst/ap_clk	813496.000	0
/pfm_top_wrapper/pfm_top_i/pfm_dynamic_inst/q4_layer_cu1/inst/ap_clk	815163.000	1
/pfm_top_wrapper/pfm_top_i/pfm_dynamic_inst/q4_layer_cu1/inst/ap_clk	816830.000	0
/pfm_top_wrapper/pfm_top_i/pfm_dynamic_inst/q4_layer_cu1/inst/ap_clk	818497.000	1
/pfm_top_wrapper/pfm_top_i/pfm_dynamic_inst/q4_layer_cu1/inst/ap_clk	820164.000	0
/pfm_top_wrapper/pfm_top_i/pfm_dynamic_inst/q4_layer_cu1/inst/ap_clk	821831.000	1
/pfm_top_wrapper/pfm_top_i/pfm_dynamic_inst/q4_layer_cu1/inst/ap_clk	823498.000	0
/pfm_top_wrapper/pfm_top_i/pfm_dynamic_inst/q4_layer_cu1/inst/ap_clk	825165.000	1
/pfm_top_wrapper/pfm_top_i/pfm_dynamic_inst/q4_layer_cu1/inst/ap_clk	826832.000	0
/pfm_top_wrapper/pfm_top_i/pfm_dynamic_inst/q4_layer_cu1/inst/ap_clk	828499.000	1
/pfm_top_wrapper/pfm_top_i/pfm_dynamic_inst/q4_layer_cu1/inst/ap_clk	830166.000	0
/pfm_top_wrapper/pfm_top_i/pfm_dynamic_inst/q4_layer_cu1/inst/ap_clk	831833.000	1
/pfm_top_wrapper/pfm_top_i/pfm_dynamic_inst/q4_layer_cu1/inst/ap_clk	833500.000	0
/pfm_top_wrapper/pfm_top_i/pfm_dynamic_inst/q4_layer_cu1/inst/ap_clk	835167.000	1
/pfm_top_wrapper/pfm_top_i/pfm_dynamic_inst/q4_layer_cu1/inst/ap_clk	836834.000	0
/pfm_top_wrapper/pfm_top_i/pfm_dynamic_inst/q4_layer_cu1/inst/ap_clk	838501.000	1
/pfm_top_wrapper/pfm_top_i/pfm_dynamic_inst/q4_layer_cu1/inst/ap_clk	840168.000	0
/pfm_top_wrapper/pfm_top_i/pfm_dynamic_inst/q4_layer_cu1/inst/ap_clk	841835.000	1
/pfm_top_wrapper/pfm_top_i/pfm_dynamic_inst/q4_layer_cu1/inst/ap_clk	843502.000	0
/pfm_top_wrapper/pfm_top_i/pfm_dynamic_inst/q4_layer_cu1/inst/ap_clk	845169.000	1
/pfm_top_wrapper/pfm_top_i/pfm_dynamic_inst/q4_layer_cu1/inst/ap_clk	846836.000	0
/pfm_top_wrapper/pfm_top_i/pfm_dynamic_inst/q4_layer_cu1/inst/ap_clk	848503.000	1
/pfm_top_wrapper/pfm_top_i/pfm_dynamic_inst/q4_layer_cu1/inst/ap_clk	850170.000	0
/pfm_top_wrapper/pfm_top_i/pfm_dynamic_inst/q4_layer_cu1/inst/ap_clk	851837.000	1
/pfm_top_wrapper/pfm_top_i/pfm_dynamic_inst/q4_layer_cu1/inst/ap_clk	853504.000	0
/pfm_top_wrapper/pfm_top_i/pfm_dynamic_inst/q4_layer_cu1/inst/ap_clk	855171.000	1
/pfm_top_wrapper/pfm_top_i/pfm_dynamic_inst/q4_layer_cu1/inst/ap_clk	856838.000	0
/pfm_top_wrapper/pfm_top_i/pfm_dynamic_inst/q4_layer_cu1/inst/ap_clk	858505.000	1
/pfm_top_wrapper/pfm_top_i/pfm_dynamic_inst/q4_layer_cu1/inst/ap_clk	860172.000	0
/pfm_top_wrapper/pfm_top_i/pfm_dynamic_inst/q4_layer_cu1/inst/ap_clk	861839.000	1
/pfm_top_wrapper/pfm_top_i/pfm_dynamic_inst/q4_layer_cu1/inst/ap_clk	863506.000	0
/pfm_top_wrapper/pfm_top_i/pfm_dynamic_inst/q4_layer_cu1/inst/ap_clk	865173.000	1
/pfm_top_wrapper/pfm_top_i/pfm_dynamic_inst/q4_layer_cu1/inst/ap_clk	866840.000	0
/pfm_top_wrapper/pfm_top_i/pfm_dynamic_inst/q4_layer_cu1/inst/ap_clk	868507.000	1
/pfm_top_wrapper/pfm_top_i/pfm_dynamic_inst/q4_layer_cu1/inst/ap_clk	870174.000	0
/pfm_top_wrapper/pfm_top_i/pfm_dynamic_inst/q4_layer_cu1/inst/ap_clk	871841.000	1
/pfm_top_wrapper/pfm_top_i/pfm_dynamic_inst/q4_layer_cu1/inst/ap_clk	873508.000	0
/pfm_top_wrapper/pfm_top_i/pfm_dynamic_inst/q4_layer_cu1/inst/ap_clk	875175.000	1
/pfm_top_wrapper/pfm_top_i/pfm_dynamic_inst/q4_layer_cu1/inst/ap_clk	876842.000	0
/pfm_top_wrapper/pfm_top_i/pfm_dynamic_inst/q4_layer_cu1/inst/ap_clk	878509.000	1
/pfm_top_wrapper/pfm_top_i/pfm_dynamic_inst/q4_layer_cu1/inst/ap_clk	880176.000	0
/pfm_top_wrapper/pfm_top_i/pfm_dynamic_inst/q4_layer_cu1/inst/ap_clk	881843.000	1
/pfm_top_wrapper/pfm_top_i/pfm_dynamic_inst/q4_layer_cu1/inst/ap_clk	883510.000	0
/pfm_top_wrapper/pfm_top_i/pfm_dynamic_inst/q4_layer_cu1/inst/ap_clk	885177.000	1
/pfm_top_wrapper/pfm_top_i/pfm_dynamic_inst/q4_layer_cu1/inst/ap_clk	886844.000	0
/pfm_top_wrapper/pfm_top_i/pfm_dynamic_inst/q4_layer_cu1/inst/ap_clk	888511.000	1
/pfm_top_wrapper/pfm_top_i/pfm_dynamic_inst/q4_layer_cu1/inst/ap_clk	890178.000	0
/pfm_top_wrapper/pfm_top_i/pfm_dynamic_inst/q4_layer_cu1/inst/ap_clk	891845.000	1
/pfm_top_wrapper/pfm_top_i/pfm_dynamic_inst/q4_layer_cu1/inst/ap_clk	893512.000	0
/pfm_top_wrapper/pfm_top_i/pfm_dynamic_inst/q4_layer_cu1/inst/ap_clk	895179.000	1
/pfm_top_wrapper/pfm_top_i/pfm_dynamic_inst/q4_layer_cu1/inst/ap_clk	896846.000	0
/pfm_top_wrapper/pfm_top_i/pfm_dynamic_inst/q4_layer_cu1/inst/ap_clk	898513.000	1
/pfm_top_wrapper/pfm_top_i/pfm_dynamic_inst/q4_layer_cu1/inst/ap_clk	900180.000	0
/pfm_top_wrapper/pfm_top_i/pfm_dynamic_inst/q4_layer_cu1/inst/ap_clk	901847.000	1
/pfm_top_wrapper/pfm_top_i/pfm_dynamic_inst/q4_layer_cu1/inst/ap_clk	903514.000	0
/pfm_top_wrapper/pfm_top_i/pfm_dynamic_inst/q4_layer_cu1/inst/ap_clk	905181.000	1
/pfm_top_wrapper/pfm_top_i/pfm_dynamic_inst/q4_layer_cu1/inst/ap_clk	906848.000	0
/pfm_top_wrapper/pfm_top_i/pfm_dynamic_inst/q4_layer_cu1/inst/ap_clk	908515.000	1
/pfm_top_wrapper/pfm_top_i/pfm_dynamic_inst/q4_layer_cu1/inst/ap_clk	910182.000	0
/pfm_top_wrapper/pfm_top_i/pfm_dynamic_inst/q4_layer_cu1/inst/ap_clk	911849.000	1
/pfm_top_wrapper/pfm_top_i/pfm_dynamic_inst/q4_layer_cu1/inst/ap_clk	913516.000	0
/pfm_top_wrapper/pfm_top_i/pfm_dynamic_inst/q4_layer_cu1/inst/ap_clk	915183.000	1
/pfm_top_wrapper/pfm_top_i/pfm_dynamic_inst/q4_layer_cu1/inst/ap_clk	916850.000	0
/pfm_top_wrapper/pfm_top_i/pfm_dynamic_inst/q4_layer_cu1/inst/ap_clk	918517.000	1
/pfm_top_wrapper/pfm_top_i/pfm_dynamic_inst/q4_layer_cu1/inst/ap_clk	920184.000	0
/pfm_top_wrapper/pfm_top_i/pfm_dynamic_inst/q4_layer_cu1/inst/ap_clk	921851.000	1
/pfm_top_wrapper/pfm_top_i/pfm_dynamic_inst/q4_layer_cu1/inst/ap_clk	923518.000	0
/pfm_top_wrapper/pfm_top_i/pfm_dynamic_inst/q4_layer_cu1/inst/ap_clk	925185.000	1
/pfm_top_wrapper/pfm_top_i/pfm_dynamic_inst/q4_layer_cu1/inst/ap_clk	926852.000	0
/pfm_top_wrapper/pfm_top_i/pfm_dynamic_inst/q4_layer_cu1/inst/ap_clk	928519.000	1
/pfm_top_wrapper/pfm_top_i/pfm_dynamic_inst/q4_layer_cu1/inst/ap_clk	930186.000	0
/pfm_top_wrapper/pfm_top_i/pfm_dynamic_inst/q4_layer_cu1/inst/ap_clk	931853.000	1
/pfm_top_wrapper/pfm_top_i/pfm_dynamic_inst/q4_layer_cu1/inst/ap_clk	933520.000	0
/pfm_top_wrapper/pfm_top_i/pfm_dynamic_inst/q4_layer_cu1/inst/ap_clk	935187.000	1
/pfm_top_wrapper/pfm_top_i/pfm_dynamic_inst/q4_layer_cu1/inst/ap_clk	936854.000	0
/pfm_top_wrapper/pfm_top_i/pfm_dynamic_inst/q4_layer_cu1/inst/ap_clk	938521.000	1
/pfm_top_wrapper/pfm_top_i/pfm_dynamic_inst/q4_layer_cu1/inst/ap_clk	940188.000	0
/pfm_top_wrapper/pfm_top_i/pfm_dynamic_inst/q4_layer_cu1/inst/ap_clk	941855.000	1
/pfm_top_wrapper/pfm_top_i/pfm_dynamic_inst/q4_layer_cu1/inst/ap_clk	943522.000	0
/pfm_top_wrapper/pfm_top_i/pfm_dynamic_inst/q4_layer_cu1/inst/ap_clk	945189.000	1
/pfm_top_wrapper/pfm_top_i/pfm_dynamic_inst/q4_layer_cu1/inst/ap_clk	946856.000	0
/pfm_top_wrapper/pfm_top_i/pfm_dynamic_inst/q4_layer_cu1/inst/ap_clk	948523.000	1
/pfm_top_wrapper/pfm_top_i/pfm_dynamic_inst/q4_layer_cu1/inst/ap_clk	950190.000	0
/pfm_top_wrapper/pfm_top_i/pfm_dynamic_inst/q4_layer_cu1/inst/ap_clk	951857.000	1
/pfm_top_wrapper/pfm_top_i/pfm_dynamic_inst/q4_layer_cu1/inst/ap_clk	953524.000	0
/pfm_top_wrapper/pfm_top_i/pfm_dynamic_inst/q4_layer_cu1/inst/ap_clk	955191.000	1
/pfm_top_wrapper/pfm_top_i/pfm_dynamic_inst/q4_layer_cu1/inst/ap_clk	956858.000	0
/pfm_top_wrapper/pfm_top_i/pfm_dynamic_inst/q4_layer_cu1/inst/ap_clk	958525.000	1
/pfm_top_wrapper/pfm_top_i/pfm_dynamic_inst/q4_layer_cu1/inst/ap_clk	960192.000	0
/pfm_top_wrapper/pfm_top_i/pfm_dynamic_inst/q4_layer_cu1/inst/ap_clk	961859.000	1
/pfm_top_wrapper/pfm_top_i/pfm_dynamic_inst/q4_layer_cu1/inst/ap_clk	963526.000	0
/pfm_top_wrapper/pfm_top_i/pfm_dynamic_inst/q4_layer_cu1/inst/ap_clk	965193.000	1
/pfm_top_wrapper/pfm_top_i/pfm_dynamic_inst/q4_layer_cu1/inst/ap_clk	966860.000	0
/pfm_top_wrapper/pfm_top_i/pfm_dynamic_inst/q4_layer_cu1/inst/ap_clk	968527.000	1
/pfm_top_wrapper/pfm_top_i/pfm_dynamic_inst/q4_layer_cu1/inst/ap_clk	970194.000	0
/pfm_top_wrapper/pfm_top_i/pfm_dynamic_inst/q4_layer_cu1/inst/ap_clk	971861.000	1
/pfm_top_wrapper/pfm_top_i/pfm_dynamic_inst/q4_layer_cu1/inst/ap_clk	973528.000	0
/pfm_top_wrapper/pfm_top_i/pfm_dynamic_inst/q4_layer_cu1/inst/ap_clk	975195.000	1
/pfm_top_wrapper/pfm_top_i/pfm_dynamic_inst/q4_layer_cu1/inst/ap_clk	976862.000	0
/pfm_top_wrapper/pfm_top_i/pfm_dynamic_inst/q4_layer_cu1/inst/ap_clk	978529.000	1
/pfm_top_wrapper/pfm_top_i/pfm_dynamic_inst/q4_layer_cu1/inst/ap_clk	980196.000	0
/pfm_top_wrapper/pfm_top_i/pfm_dynamic_inst/q4_layer_cu1/inst/ap_clk	981863.000	1
/pfm_top_wrapper/pfm_top_i/pfm_dynamic_inst/q4_layer_cu1/inst/ap_clk	983530.000	0
/pfm_top_wrapper/pfm_top_i/pfm_dynamic_inst/q4_layer_cu1/inst/ap_clk	985197.000	1
/pfm_top_wrapper/pfm_top_i/pfm_dynamic_inst/q4_layer_cu1/inst/ap_clk	986864.000	0
/pfm_top_wrapper/pfm_top_i/pfm_dynamic_inst/q4_layer_cu1/inst/ap_clk	988531.000	1
/pfm_top_wrapper/pfm_top_i/pfm_dynamic_inst/q4_layer_cu1/inst/ap_clk	990198.000	0
/pfm_top_wrapper/pfm_top_i/pfm_dynamic_inst/q4_layer_cu1/inst/ap_clk	991865.000	1
/pfm_top_wrapper/pfm_top_i/pfm_dynamic_inst/q4_layer_cu1/inst/ap_clk	993532.000	0
/pfm_top_wrapper/pfm_top_i/pfm_dynamic_inst/q4_layer_cu1/inst/ap_clk	995199.000	1
/pfm_top_wrapper/pfm_top_i/pfm_dynamic_inst/q4_layer_cu1/inst/ap_clk	996866.000	0
/pfm_top_wrapper/pfm_top_i/pfm_dynamic_inst/q4_layer_cu1/inst/ap_clk	998533.000	1
/pfm_top_wrapper/pfm_top_i/pfm_dynamic_inst/q4_layer_cu1/inst/ap_rst_n	0.000	0
/pfm_top_wrapper/pfm_top_i/pfm_dynamic_inst/q4_layer_cu1/inst/ap_rst_n	518537.000	1
/pfm_top_wrapper/pfm_top_i/pfm_dynamic_inst/q4_layer_cu1/inst/ap_start	0.000	0
/pfm_top_wrapper/pfm_top_i/pfm_dynamic_inst/q4_layer_cu1/inst/ap_start	6359605.000	1
/pfm_top_wrapper/pfm_top_i/pfm_dynamic_inst/q4_layer_cu1/inst/ap_start	8884014781.000	0
/pfm_top_wrapper/pfm_top_i/pfm_dynamic_inst/q4_layer_cu1/inst/ap_start	8893386655.000	1
/pfm_top_wrapper/pfm_top_i/pfm_dynamic_inst/q4_layer_cu1/inst/ap_start	9597250733.000	0
/pfm_top_wrapper/pfm_top_i/pfm_dynamic_inst/q4_layer_cu1/inst/ap_done	0.000	0
/pfm_top_wrapper/pfm_top_i/pfm_dynamic_inst/q4_layer_cu1/inst/ap_done	8884011447.000	1
/pfm_top_wrapper/pfm_top_i/pfm_dynamic_inst/q4_layer_cu1/inst/ap_done	8888719055.000	0
/pfm_top_wrapper/pfm_top_i/pfm_dynamic_inst/q4_layer_cu1/inst/ap_done	9597247399.000	1
/pfm_top_wrapper/pfm_top_i/pfm_dynamic_inst/q4_layer_cu1/inst/ap_done	9600288007.000	0
/pfm_top_wrapper/pfm_top_i/pfm_dynamic_inst/q4_layer_cu1/inst/ap_idle	0.000	1
/pfm_top_wrapper/pfm_top_i/pfm_dynamic_inst/q4_layer_cu1/inst/ap_idle	6359605.000	0
/pfm_top_wrapper/pfm_top_i/pfm_dynamic_inst/q4_layer_cu1/inst/ap_idle	8884014781.000	1
/pfm_top_wrapper/pfm_top_i/pfm_dynamic_inst/q4_layer_cu1/inst/ap_idle	8893386655.000	0
/pfm_top_wrapper/pfm_top_i/pfm_dynamic_inst/q4_layer_cu1/inst/ap_idle	9597250733.000	1
/pfm_top_wrapper/pfm_top_i/pfm_dynamic_inst/q4_layer_cu1/inst/ap_ready	0.000	0
/pfm_top_wrapper/pfm_top_i/pfm_dynamic_inst/q4_layer_cu1/inst/ap_ready	8884011447.000	1
/pfm_top_wrapper/pfm_top_i/pfm_dynamic_inst/q4_layer_cu1/inst/ap_ready	8884014781.000	0
/pfm_top_wrapper/pfm_top_i/pfm_dynamic_inst/q4_layer_cu1/inst/ap_ready	9597247399.000	1
/pfm_top_wrapper/pfm_top_i/pfm_dynamic_inst/q4_layer_cu1/inst/ap_ready	9597250733.000	0
/pfm_top_wrapper/pfm_top_i/pfm_dynamic_inst/q4_layer_cu2/inst/ap_clk	0.000	0
/pfm_top_wrapper/pfm_top_i/pfm_dynamic_inst/q4_layer_cu2/inst/ap_clk	1667.000	1
/pfm_top_wrapper/pfm_top_i/pfm_dynamic_inst/q4_layer_cu2/inst/ap_clk	3334.000	0
/pfm_top_wrapper/pfm_top_i/pfm_dynamic_inst/q4_layer_cu2/inst/ap_clk	5001.000	1
/pfm_top_wrapper/pfm_top_i/pfm_dynamic_inst/q4_layer_cu2/inst/ap_clk	6668.000	0
/pfm_top_wrapper/pfm_top_i/pfm_dynamic_inst/q4_layer_cu2/inst/ap_clk	8335.000	1
/pfm_top_wrapper/pfm_top_i/pfm_dynamic_inst/q4_layer_cu2/inst/ap_clk	10002.000	0
/pfm_top_wrapper/pfm_top_i/pfm_dynamic_inst/q4_layer_cu2/inst/ap_clk	11669.000	1
/pfm_top_wrapper/pfm_top_i/pfm_dynamic_inst/q4_layer_cu2/inst/ap_clk	13336.000	0
/pfm_top_wrapper/pfm_top_i/pfm_dynamic_inst/q4_layer_cu2/inst/ap_clk	15003.000	1
/pfm_top_wrapper/pfm_top_i/pfm_dynamic_inst/q4_layer_cu2/inst/ap_clk	16670.000	0
/pfm_top_wrapper/pfm_top_i/pfm_dynamic_inst/q4_layer_cu2/inst/ap_clk	18337.000	1
/pfm_top_wrapper/pfm_top_i/pfm_dynamic_inst/q4_layer_cu2/inst/ap_clk	20004.000	0
/pfm_top_wrapper/pfm_top_i/pfm_dynamic_inst/q4_layer_cu2/inst/ap_clk	21671.000	1
/pfm_top_wrapper/pfm_top_i/pfm_dynamic_inst/q4_layer_cu2/inst/ap_clk	23338.000	0
/pfm_top_wrapper/pfm_top_i/pfm_dynamic_inst/q4_layer_cu2/inst/ap_clk	25005.000	1
/pfm_top_wrapper/pfm_top_i/pfm_dynamic_inst/q4_layer_cu2/inst/ap_clk	26672.000	0
/pfm_top_wrapper/pfm_top_i/pfm_dynamic_inst/q4_layer_cu2/inst/ap_clk	28339.000	1
/pfm_top_wrapper/pfm_top_i/pfm_dynamic_inst/q4_layer_cu2/inst/ap_clk	30006.000	0
/pfm_top_wrapper/pfm_top_i/pfm_dynamic_inst/q4_layer_cu2/inst/ap_clk	31673.000	1
/pfm_top_wrapper/pfm_top_i/pfm_dynamic_inst/q4_layer_cu2/inst/ap_clk	33340.000	0
/pfm_top_wrapper/pfm_top_i/pfm_dynamic_inst/q4_layer_cu2/inst/ap_clk	35007.000	1
/pfm_top_wrapper/pfm_top_i/pfm_dynamic_inst/q4_layer_cu2/inst/ap_clk	36674.000	0
/pfm_top_wrapper/pfm_top_i/pfm_dynamic_inst/q4_layer_cu2/inst/ap_clk	38341.000	1
/pfm_top_wrapper/pfm_top_i/pfm_dynamic_inst/q4_layer_cu2/inst/ap_clk	40008.000	0
/pfm_top_wrapper/pfm_top_i/pfm_dynamic_inst/q4_layer_cu2/inst/ap_clk	41675.000	1
/pfm_top_wrapper/pfm_top_i/pfm_dynamic_inst/q4_layer_cu2/inst/ap_clk	43342.000	0
/pfm_top_wrapper/pfm_top_i/pfm_dynamic_inst/q4_layer_cu2/inst/ap_clk	45009.000	1
/pfm_top_wrapper/pfm_top_i/pfm_dynamic_inst/q4_layer_cu2/inst/ap_clk	46676.000	0
/pfm_top_wrapper/pfm_top_i/pfm_dynamic_inst/q4_layer_cu2/inst/ap_clk	48343.000	1
/pfm_top_wrapper/pfm_top_i/pfm_dynamic_inst/q4_layer_cu2/inst/ap_clk	50010.000	0
/pfm_top_wrapper/pfm_top_i/pfm_dynamic_inst/q4_layer_cu2/inst/ap_clk	51677.000	1
/pfm_top_wrapper/pfm_top_i/pfm_dynamic_inst/q4_layer_cu2/inst/ap_clk	53344.000	0
/pfm_top_wrapper/pfm_top_i/pfm_dynamic_inst/q4_layer_cu2/inst/ap_clk	55011.000	1
/pfm_top_wrapper/pfm_top_i/pfm_dynamic_inst/q4_layer_cu2/inst/ap_clk	56678.000	0
/pfm_top_wrapper/pfm_top_i/pfm_dynamic_inst/q4_layer_cu2/inst/ap_clk	58345.000	1
/pfm_top_wrapper/pfm_top_i/pfm_dynamic_inst/q4_layer_cu2/inst/ap_clk	60012.000	0
/pfm_top_wrapper/pfm_top_i/pfm_dynamic_inst/q4_layer_cu2/inst/ap_clk	61679.000	1
/pfm_top_wrapper/pfm_top_i/pfm_dynamic_inst/q4_layer_cu2/inst/ap_clk	63346.000	0
/pfm_top_wrapper/pfm_top_i/pfm_dynamic_inst/q4_layer_cu2/inst/ap_clk	65013.000	1
/pfm_top_wrapper/pfm_top_i/pfm_dynamic_inst/q4_layer_cu2/inst/ap_clk	66680.000	0
/pfm_top_wrapper/pfm_top_i/pfm_dynamic_inst/q4_layer_cu2/inst/ap_clk	68347.000	1
/pfm_top_wrapper/pfm_top_i/pfm_dynamic_inst/q4_layer_cu2/inst/ap_clk	70014.000	0
/pfm_top_wrapper/pfm_top_i/pfm_dynamic_inst/q4_layer_cu2/inst/ap_clk	71681.000	1
/pfm_top_wrapper/pfm_top_i/pfm_dynamic_inst/q4_layer_cu2/inst/ap_clk	73348.000	0
/pfm_top_wrapper/pfm_top_i/pfm_dynamic_inst/q4_layer_cu2/inst/ap_clk	75015.000	1
/pfm_top_wrapper/pfm_top_i/pfm_dynamic_inst/q4_layer_cu2/inst/ap_clk	76682.000	0
/pfm_top_wrapper/pfm_top_i/pfm_dynamic_inst/q4_layer_cu2/inst/ap_clk	78349.000	1
/pfm_top_wrapper/pfm_top_i/pfm_dynamic_inst/q4_layer_cu2/inst/ap_clk	80016.000	0
/pfm_top_wrapper/pfm_top_i/pfm_dynamic_inst/q4_layer_cu2/inst/ap_clk	81683.000	1
/pfm_top_wrapper/pfm_top_i/pfm_dynamic_inst/q4_layer_cu2/inst/ap_clk	83350.000	0
/pfm_top_wrapper/pfm_top_i/pfm_dynamic_inst/q4_layer_cu2/inst/ap_clk	85017.000	1
/pfm_top_wrapper/pfm_top_i/pfm_dynamic_inst/q4_layer_cu2/inst/ap_clk	86684.000	0
/pfm_top_wrapper/pfm_top_i/pfm_dynamic_inst/q4_layer_cu2/inst/ap_clk	88351.000	1
/pfm_top_wrapper/pfm_top_i/pfm_dynamic_inst/q4_layer_cu2/inst/ap_clk	90018.000	0
/pfm_top_wrapper/pfm_top_i/pfm_dynamic_inst/q4_layer_cu2/inst/ap_clk	91685.000	1
/pfm_top_wrapper/pfm_top_i/pfm_dynamic_inst/q4_layer_cu2/inst/ap_clk	93352.000	0
/pfm_top_wrapper/pfm_top_i/pfm_dynamic_inst/q4_layer_cu2/inst/ap_clk	95019.000	1
/pfm_top_wrapper/pfm_top_i/pfm_dynamic_inst/q4_layer_cu2/inst/ap_clk	96686.000	0
/pfm_top_wrapper/pfm_top_i/pfm_dynamic_inst/q4_layer_cu2/inst/ap_clk	98353.000	1
/pfm_top_wrapper/pfm_top_i/pfm_dynamic_inst/q4_layer_cu2/inst/ap_clk	100020.000	0
/pfm_top_wrapper/pfm_top_i/pfm_dynamic_inst/q4_layer_cu2/inst/ap_clk	101687.000	1
/pfm_top_wrapper/pfm_top_i/pfm_dynamic_inst/q4_layer_cu2/inst/ap_clk	103354.000	0
/pfm_top_wrapper/pfm_top_i/pfm_dynamic_inst/q4_layer_cu2/inst/ap_clk	105021.000	1
/pfm_top_wrapper/pfm_top_i/pfm_dynamic_inst/q4_layer_cu2/inst/ap_clk	106688.000	0
/pfm_top_wrapper/pfm_top_i/pfm_dynamic_inst/q4_layer_cu2/inst/ap_clk	108355.000	1
/pfm_top_wrapper/pfm_top_i/pfm_dynamic_inst/q4_layer_cu2/inst/ap_clk	110022.000	0
/pfm_top_wrapper/pfm_top_i/pfm_dynamic_inst/q4_layer_cu2/inst/ap_clk	111689.000	1
/pfm_top_wrapper/pfm_top_i/pfm_dynamic_inst/q4_layer_cu2/inst/ap_clk	113356.000	0
/pfm_top_wrapper/pfm_top_i/pfm_dynamic_inst/q4_layer_cu2/inst/ap_clk	115023.000	1
/pfm_top_wrapper/pfm_top_i/pfm_dynamic_inst/q4_layer_cu2/inst/ap_clk	116690.000	0
/pfm_top_wrapper/pfm_top_i/pfm_dynamic_inst/q4_layer_cu2/inst/ap_clk	118357.000	1
/pfm_top_wrapper/pfm_top_i/pfm_dynamic_inst/q4_layer_cu2/inst/ap_clk	120024.000	0
/pfm_top_wrapper/pfm_top_i/pfm_dynamic_inst/q4_layer_cu2/inst/ap_clk	121691.000	1
/pfm_top_wrapper/pfm_top_i/pfm_dynamic_inst/q4_layer_cu2/inst/ap_clk	123358.000	0
/pfm_top_wrapper/pfm_top_i/pfm_dynamic_inst/q4_layer_cu2/inst/ap_clk	125025.000	1
/pfm_top_wrapper/pfm_top_i/pfm_dynamic_inst/q4_layer_cu2/inst/ap_clk	126692.000	0
/pfm_top_wrapper/pfm_top_i/pfm_dynamic_inst/q4_layer_cu2/inst/ap_clk	128359.000	1
/pfm_top_wrapper/pfm_top_i/pfm_dynamic_inst/q4_layer_cu2/inst/ap_clk	130026.000	0
/pfm_top_wrapper/pfm_top_i/pfm_dynamic_inst/q4_layer_cu2/inst/ap_clk	131693.000	1
/pfm_top_wrapper/pfm_top_i/pfm_dynamic_inst/q4_layer_cu2/inst/ap_clk	133360.000	0
/pfm_top_wrapper/pfm_top_i/pfm_dynamic_inst/q4_layer_cu2/inst/ap_clk	135027.000	1
/pfm_top_wrapper/pfm_top_i/pfm_dynamic_inst/q4_layer_cu2/inst/ap_clk	136694.000	0
/pfm_top_wrapper/pfm_top_i/pfm_dynamic_inst/q4_layer_cu2/inst/ap_clk	138361.000	1
/pfm_top_wrapper/pfm_top_i/pfm_dynamic_inst/q4_layer_cu2/inst/ap_clk	140028.000	0
/pfm_top_wrapper/pfm_top_i/pfm_dynamic_inst/q4_layer_cu2/inst/ap_clk	141695.000	1
/pfm_top_wrapper/pfm_top_i/pfm_dynamic_inst/q4_layer_cu2/inst/ap_clk	143362.000	0
/pfm_top_wrapper/pfm_top_i/pfm_dynamic_inst/q4_layer_cu2/inst/ap_clk	145029.000	1
/pfm_top_wrapper/pfm_top_i/pfm_dynamic_inst/q4_layer_cu2/inst/ap_clk	146696.000	0
/pfm_top_wrapper/pfm_top_i/pfm_dynamic_inst/q4_layer_cu2/inst/ap_clk	148363.000	1
/pfm_top_wrapper/pfm_top_i/pfm_dynamic_inst/q4_layer_cu2/inst/ap_clk	150030.000	0
/pfm_top_wrapper/pfm_top_i/pfm_dynamic_inst/q4_layer_cu2/inst/ap_clk	151697.000	1
/pfm_top_wrapper/pfm_top_i/pfm_dynamic_inst/q4_layer_cu2/inst/ap_clk	153364.000	0
/pfm_top_wrapper/pfm_top_i/pfm_dynamic_inst/q4_layer_cu2/inst/ap_clk	155031.000	1
/pfm_top_wrapper/pfm_top_i/pfm_dynamic_inst/q4_layer_cu2/inst/ap_clk	156698.000	0
/pfm_top_wrapper/pfm_top_i/pfm_dynamic_inst/q4_layer_cu2/inst/ap_clk	158365.000	1
/pfm_top_wrapper/pfm_top_i/pfm_dynamic_inst/q4_layer_cu2/inst/ap_clk	160032.000	0
/pfm_top_wrapper/pfm_top_i/pfm_dynamic_inst/q4_layer_cu2/inst/ap_clk	161699.000	1
/pfm_top_wrapper/pfm_top_i/pfm_dynamic_inst/q4_layer_cu2/inst/ap_clk	163366.000	0
/pfm_top_wrapper/pfm_top_i/pfm_dynamic_inst/q4_layer_cu2/inst/ap_clk	165033.000	1
/pfm_top_wrapper/pfm_top_i/pfm_dynamic_inst/q4_layer_cu2/inst/ap_clk	166700.000	0
/pfm_top_wrapper/pfm_top_i/pfm_dynamic_inst/q4_layer_cu2/inst/ap_clk	168367.000	1
/pfm_top_wrapper/pfm_top_i/pfm_dynamic_inst/q4_layer_cu2/inst/ap_clk	170034.000	0
/pfm_top_wrapper/pfm_top_i/pfm_dynamic_inst/q4_layer_cu2/inst/ap_clk	171701.000	1
/pfm_top_wrapper/pfm_top_i/pfm_dynamic_inst/q4_layer_cu2/inst/ap_clk	173368.000	0
/pfm_top_wrapper/pfm_top_i/pfm_dynamic_inst/q4_layer_cu2/inst/ap_clk	175035.000	1
/pfm_top_wrapper/pfm_top_i/pfm_dynamic_inst/q4_layer_cu2/inst/ap_clk	176702.000	0
/pfm_top_wrapper/pfm_top_i/pfm_dynamic_inst/q4_layer_cu2/inst/ap_clk	178369.000	1
/pfm_top_wrapper/pfm_top_i/pfm_dynamic_inst/q4_layer_cu2/inst/ap_clk	180036.000	0
/pfm_top_wrapper/pfm_top_i/pfm_dynamic_inst/q4_layer_cu2/inst/ap_clk	181703.000	1
/pfm_top_wrapper/pfm_top_i/pfm_dynamic_inst/q4_layer_cu2/inst/ap_clk	183370.000	0
/pfm_top_wrapper/pfm_top_i/pfm_dynamic_inst/q4_layer_cu2/inst/ap_clk	185037.000	1
/pfm_top_wrapper/pfm_top_i/pfm_dynamic_inst/q4_layer_cu2/inst/ap_clk	186704.000	0
/pfm_top_wrapper/pfm_top_i/pfm_dynamic_inst/q4_layer_cu2/inst/ap_clk	188371.000	1
/pfm_top_wrapper/pfm_top_i/pfm_dynamic_inst/q4_layer_cu2/inst/ap_clk	190038.000	0
/pfm_top_wrapper/pfm_top_i/pfm_dynamic_inst/q4_layer_cu2/inst/ap_clk	191705.000	1
/pfm_top_wrapper/pfm_top_i/pfm_dynamic_inst/q4_layer_cu2/inst/ap_clk	193372.000	0
/pfm_top_wrapper/pfm_top_i/pfm_dynamic_inst/q4_layer_cu2/inst/ap_clk	195039.000	1
/pfm_top_wrapper/pfm_top_i/pfm_dynamic_inst/q4_layer_cu2/inst/ap_clk	196706.000	0
/pfm_top_wrapper/pfm_top_i/pfm_dynamic_inst/q4_layer_cu2/inst/ap_clk	198373.000	1
/pfm_top_wrapper/pfm_top_i/pfm_dynamic_inst/q4_layer_cu2/inst/ap_clk	200040.000	0
/pfm_top_wrapper/pfm_top_i/pfm_dynamic_inst/q4_layer_cu2/inst/ap_clk	201707.000	1
/pfm_top_wrapper/pfm_top_i/pfm_dynamic_inst/q4_layer_cu2/inst/ap_clk	203374.000	0
/pfm_top_wrapper/pfm_top_i/pfm_dynamic_inst/q4_layer_cu2/inst/ap_clk	205041.000	1
/pfm_top_wrapper/pfm_top_i/pfm_dynamic_inst/q4_layer_cu2/inst/ap_clk	206708.000	0
/pfm_top_wrapper/pfm_top_i/pfm_dynamic_inst/q4_layer_cu2/inst/ap_clk	208375.000	1
/pfm_top_wrapper/pfm_top_i/pfm_dynamic_inst/q4_layer_cu2/inst/ap_clk	210042.000	0
/pfm_top_wrapper/pfm_top_i/pfm_dynamic_inst/q4_layer_cu2/inst/ap_clk	211709.000	1
/pfm_top_wrapper/pfm_top_i/pfm_dynamic_inst/q4_layer_cu2/inst/ap_clk	213376.000	0
/pfm_top_wrapper/pfm_top_i/pfm_dynamic_inst/q4_layer_cu2/inst/ap_clk	215043.000	1
/pfm_top_wrapper/pfm_top_i/pfm_dynamic_inst/q4_layer_cu2/inst/ap_clk	216710.000	0
/pfm_top_wrapper/pfm_top_i/pfm_dynamic_inst/q4_layer_cu2/inst/ap_clk	218377.000	1
/pfm_top_wrapper/pfm_top_i/pfm_dynamic_inst/q4_layer_cu2/inst/ap_clk	220044.000	0
/pfm_top_wrapper/pfm_top_i/pfm_dynamic_inst/q4_layer_cu2/inst/ap_clk	221711.000	1
/pfm_top_wrapper/pfm_top_i/pfm_dynamic_inst/q4_layer_cu2/inst/ap_clk	223378.000	0
/pfm_top_wrapper/pfm_top_i/pfm_dynamic_inst/q4_layer_cu2/inst/ap_clk	225045.000	1
/pfm_top_wrapper/pfm_top_i/pfm_dynamic_inst/q4_layer_cu2/inst/ap_clk	226712.000	0
/pfm_top_wrapper/pfm_top_i/pfm_dynamic_inst/q4_layer_cu2/inst/ap_clk	228379.000	1
/pfm_top_wrapper/pfm_top_i/pfm_dynamic_inst/q4_layer_cu2/inst/ap_clk	230046.000	0
/pfm_top_wrapper/pfm_top_i/pfm_dynamic_inst/q4_layer_cu2/inst/ap_clk	231713.000	1
/pfm_top_wrapper/pfm_top_i/pfm_dynamic_inst/q4_layer_cu2/inst/ap_clk	233380.000	0
/pfm_top_wrapper/pfm_top_i/pfm_dynamic_inst/q4_layer_cu2/inst/ap_clk	235047.000	1
/pfm_top_wrapper/pfm_top_i/pfm_dynamic_inst/q4_layer_cu2/inst/ap_clk	236714.000	0
/pfm_top_wrapper/pfm_top_i/pfm_dynamic_inst/q4_layer_cu2/inst/ap_clk	238381.000	1
/pfm_top_wrapper/pfm_top_i/pfm_dynamic_inst/q4_layer_cu2/inst/ap_clk	240048.000	0
/pfm_top_wrapper/pfm_top_i/pfm_dynamic_inst/q4_layer_cu2/inst/ap_clk	241715.000	1
/pfm_top_wrapper/pfm_top_i/pfm_dynamic_inst/q4_layer_cu2/inst/ap_clk	243382.000	0
/pfm_top_wrapper/pfm_top_i/pfm_dynamic_inst/q4_layer_cu2/inst/ap_clk	245049.000	1
/pfm_top_wrapper/pfm_top_i/pfm_dynamic_inst/q4_layer_cu2/inst/ap_clk	246716.000	0
/pfm_top_wrapper/pfm_top_i/pfm_dynamic_inst/q4_layer_cu2/inst/ap_clk	248383.000	1
/pfm_top_wrapper/pfm_top_i/pfm_dynamic_inst/q4_layer_cu2/inst/ap_clk	250050.000	0
/pfm_top_wrapper/pfm_top_i/pfm_dynamic_inst/q4_layer_cu2/inst/ap_clk	251717.000	1
/pfm_top_wrapper/pfm_top_i/pfm_dynamic_inst/q4_layer_cu2/inst/ap_clk	253384.000	0
/pfm_top_wrapper/pfm_top_i/pfm_dynamic_inst/q4_layer_cu2/inst/ap_clk	255051.000	1
/pfm_top_wrapper/pfm_top_i/pfm_dynamic_inst/q4_layer_cu2/inst/ap_clk	256718.000	0
/pfm_top_wrapper/pfm_top_i/pfm_dynamic_inst/q4_layer_cu2/inst/ap_clk	258385.000	1
/pfm_top_wrapper/pfm_top_i/pfm_dynamic_inst/q4_layer_cu2/inst/ap_clk	260052.000	0
/pfm_top_wrapper/pfm_top_i/pfm_dynamic_inst/q4_layer_cu2/inst/ap_clk	261719.000	1
/pfm_top_wrapper/pfm_top_i/pfm_dynamic_inst/q4_layer_cu2/inst/ap_clk	263386.000	0
/pfm_top_wrapper/pfm_top_i/pfm_dynamic_inst/q4_layer_cu2/inst/ap_clk	265053.000	1
/pfm_top_wrapper/pfm_top_i/pfm_dynamic_inst/q4_layer_cu2/inst/ap_clk	266720.000	0
/pfm_top_wrapper/pfm_top_i/pfm_dynamic_inst/q4_layer_cu2/inst/ap_clk	268387.000	1
/pfm_top_wrapper/pfm_top_i/pfm_dynamic_inst/q4_layer_cu2/inst/ap_clk	270054.000	0
/pfm_top_wrapper/pfm_top_i/pfm_dynamic_inst/q4_layer_cu2/inst/ap_clk	271721.000	1
/pfm_top_wrapper/pfm_top_i/pfm_dynamic_inst/q4_layer_cu2/inst/ap_clk	273388.000	0
/pfm_top_wrapper/pfm_top_i/pfm_dynamic_inst/q4_layer_cu2/inst/ap_clk	275055.000	1
/pfm_top_wrapper/pfm_top_i/pfm_dynamic_inst/q4_layer_cu2/inst/ap_clk	276722.000	0
/pfm_top_wrapper/pfm_top_i/pfm_dynamic_inst/q4_layer_cu2/inst/ap_clk	278389.000	1
/pfm_top_wrapper/pfm_top_i/pfm_dynamic_inst/q4_layer_cu2/inst/ap_clk	280056.000	0
/pfm_top_wrapper/pfm_top_i/pfm_dynamic_inst/q4_layer_cu2/inst/ap_clk	281723.000	1
/pfm_top_wrapper/pfm_top_i/pfm_dynamic_inst/q4_layer_cu2/inst/ap_clk	283390.000	0
/pfm_top_wrapper/pfm_top_i/pfm_dynamic_inst/q4_layer_cu2/inst/ap_clk	285057.000	1
/pfm_top_wrapper/pfm_top_i/pfm_dynamic_inst/q4_layer_cu2/inst/ap_clk	286724.000	0
/pfm_top_wrapper/pfm_top_i/pfm_dynamic_inst/q4_layer_cu2/inst/ap_clk	288391.000	1
/pfm_top_wrapper/pfm_top_i/pfm_dynamic_inst/q4_layer_cu2/inst/ap_clk	290058.000	0
/pfm_top_wrapper/pfm_top_i/pfm_dynamic_inst/q4_layer_cu2/inst/ap_clk	291725.000	1
/pfm_top_wrapper/pfm_top_i/pfm_dynamic_inst/q4_layer_cu2/inst/ap_clk	293392.000	0
/pfm_top_wrapper/pfm_top_i/pfm_dynamic_inst/q4_layer_cu2/inst/ap_clk	295059.000	1
/pfm_top_wrapper/pfm_top_i/pfm_dynamic_inst/q4_layer_cu2/inst/ap_clk	296726.000	0
/pfm_top_wrapper/pfm_top_i/pfm_dynamic_inst/q4_layer_cu2/inst/ap_clk	298393.000	1
/pfm_top_wrapper/pfm_top_i/pfm_dynamic_inst/q4_layer_cu2/inst/ap_clk	300060.000	0
/pfm_top_wrapper/pfm_top_i/pfm_dynamic_inst/q4_layer_cu2/inst/ap_clk	301727.000	1
/pfm_top_wrapper/pfm_top_i/pfm_dynamic_inst/q4_layer_cu2/inst/ap_clk	303394.000	0
/pfm_top_wrapper/pfm_top_i/pfm_dynamic_inst/q4_layer_cu2/inst/ap_clk	305061.000	1
/pfm_top_wrapper/pfm_top_i/pfm_dynamic_inst/q4_layer_cu2/inst/ap_clk	306728.000	0
/pfm_top_wrapper/pfm_top_i/pfm_dynamic_inst/q4_layer_cu2/inst/ap_clk	308395.000	1
/pfm_top_wrapper/pfm_top_i/pfm_dynamic_inst/q4_layer_cu2/inst/ap_clk	310062.000	0
/pfm_top_wrapper/pfm_top_i/pfm_dynamic_inst/q4_layer_cu2/inst/ap_clk	311729.000	1
/pfm_top_wrapper/pfm_top_i/pfm_dynamic_inst/q4_layer_cu2/inst/ap_clk	313396.000	0
/pfm_top_wrapper/pfm_top_i/pfm_dynamic_inst/q4_layer_cu2/inst/ap_clk	315063.000	1
/pfm_top_wrapper/pfm_top_i/pfm_dynamic_inst/q4_layer_cu2/inst/ap_clk	316730.000	0
/pfm_top_wrapper/pfm_top_i/pfm_dynamic_inst/q4_layer_cu2/inst/ap_clk	318397.000	1
/pfm_top_wrapper/pfm_top_i/pfm_dynamic_inst/q4_layer_cu2/inst/ap_clk	320064.000	0
/pfm_top_wrapper/pfm_top_i/pfm_dynamic_inst/q4_layer_cu2/inst/ap_clk	321731.000	1
/pfm_top_wrapper/pfm_top_i/pfm_dynamic_inst/q4_layer_cu2/inst/ap_clk	323398.000	0
/pfm_top_wrapper/pfm_top_i/pfm_dynamic_inst/q4_layer_cu2/inst/ap_clk	325065.000	1
/pfm_top_wrapper/pfm_top_i/pfm_dynamic_inst/q4_layer_cu2/inst/ap_clk	326732.000	0
/pfm_top_wrapper/pfm_top_i/pfm_dynamic_inst/q4_layer_cu2/inst/ap_clk	328399.000	1
/pfm_top_wrapper/pfm_top_i/pfm_dynamic_inst/q4_layer_cu2/inst/ap_clk	330066.000	0
/pfm_top_wrapper/pfm_top_i/pfm_dynamic_inst/q4_layer_cu2/inst/ap_clk	331733.000	1
/pfm_top_wrapper/pfm_top_i/pfm_dynamic_inst/q4_layer_cu2/inst/ap_clk	333400.000	0
/pfm_top_wrapper/pfm_top_i/pfm_dynamic_inst/q4_layer_cu2/inst/ap_clk	335067.000	1
/pfm_top_wrapper/pfm_top_i/pfm_dynamic_inst/q4_layer_cu2/inst/ap_clk	336734.000	0
/pfm_top_wrapper/pfm_top_i/pfm_dynamic_inst/q4_layer_cu2/inst/ap_clk	338401.000	1
/pfm_top_wrapper/pfm_top_i/pfm_dynamic_inst/q4_layer_cu2/inst/ap_clk	340068.000	0
/pfm_top_wrapper/pfm_top_i/pfm_dynamic_inst/q4_layer_cu2/inst/ap_clk	341735.000	1
/pfm_top_wrapper/pfm_top_i/pfm_dynamic_inst/q4_layer_cu2/inst/ap_clk	343402.000	0
/pfm_top_wrapper/pfm_top_i/pfm_dynamic_inst/q4_layer_cu2/inst/ap_clk	345069.000	1
/pfm_top_wrapper/pfm_top_i/pfm_dynamic_inst/q4_layer_cu2/inst/ap_clk	346736.000	0
/pfm_top_wrapper/pfm_top_i/pfm_dynamic_inst/q4_layer_cu2/inst/ap_clk	348403.000	1
/pfm_top_wrapper/pfm_top_i/pfm_dynamic_inst/q4_layer_cu2/inst/ap_clk	350070.000	0
/pfm_top_wrapper/pfm_top_i/pfm_dynamic_inst/q4_layer_cu2/inst/ap_clk	351737.000	1
/pfm_top_wrapper/pfm_top_i/pfm_dynamic_inst/q4_layer_cu2/inst/ap_clk	353404.000	0
/pfm_top_wrapper/pfm_top_i/pfm_dynamic_inst/q4_layer_cu2/inst/ap_clk	355071.000	1
/pfm_top_wrapper/pfm_top_i/pfm_dynamic_inst/q4_layer_cu2/inst/ap_clk	356738.000	0
/pfm_top_wrapper/pfm_top_i/pfm_dynamic_inst/q4_layer_cu2/inst/ap_clk	358405.000	1
/pfm_top_wrapper/pfm_top_i/pfm_dynamic_inst/q4_layer_cu2/inst/ap_clk	360072.000	0
/pfm_top_wrapper/pfm_top_i/pfm_dynamic_inst/q4_layer_cu2/inst/ap_clk	361739.000	1
/pfm_top_wrapper/pfm_top_i/pfm_dynamic_inst/q4_layer_cu2/inst/ap_clk	363406.000	0
/pfm_top_wrapper/pfm_top_i/pfm_dynamic_inst/q4_layer_cu2/inst/ap_clk	365073.000	1
/pfm_top_wrapper/pfm_top_i/pfm_dynamic_inst/q4_layer_cu2/inst/ap_clk	366740.000	0
/pfm_top_wrapper/pfm_top_i/pfm_dynamic_inst/q4_layer_cu2/inst/ap_clk	368407.000	1
/pfm_top_wrapper/pfm_top_i/pfm_dynamic_inst/q4_layer_cu2/inst/ap_clk	370074.000	0
/pfm_top_wrapper/pfm_top_i/pfm_dynamic_inst/q4_layer_cu2/inst/ap_clk	371741.000	1
/pfm_top_wrapper/pfm_top_i/pfm_dynamic_inst/q4_layer_cu2/inst/ap_clk	373408.000	0
/pfm_top_wrapper/pfm_top_i/pfm_dynamic_inst/q4_layer_cu2/inst/ap_clk	375075.000	1
/pfm_top_wrapper/pfm_top_i/pfm_dynamic_inst/q4_layer_cu2/inst/ap_clk	376742.000	0
/pfm_top_wrapper/pfm_top_i/pfm_dynamic_inst/q4_layer_cu2/inst/ap_clk	378409.000	1
/pfm_top_wrapper/pfm_top_i/pfm_dynamic_inst/q4_layer_cu2/inst/ap_clk	380076.000	0
/pfm_top_wrapper/pfm_top_i/pfm_dynamic_inst/q4_layer_cu2/inst/ap_clk	381743.000	1
/pfm_top_wrapper/pfm_top_i/pfm_dynamic_inst/q4_layer_cu2/inst/ap_clk	383410.000	0
/pfm_top_wrapper/pfm_top_i/pfm_dynamic_inst/q4_layer_cu2/inst/ap_clk	385077.000	1
/pfm_top_wrapper/pfm_top_i/pfm_dynamic_inst/q4_layer_cu2/inst/ap_clk	386744.000	0
/pfm_top_wrapper/pfm_top_i/pfm_dynamic_inst/q4_layer_cu2/inst/ap_clk	388411.000	1
/pfm_top_wrapper/pfm_top_i/pfm_dynamic_inst/q4_layer_cu2/inst/ap_clk	390078.000	0
/pfm_top_wrapper/pfm_top_i/pfm_dynamic_inst/q4_layer_cu2/inst/ap_clk	391745.000	1
/pfm_top_wrapper/pfm_top_i/pfm_dynamic_inst/q4_layer_cu2/inst/ap_clk	393412.000	0
/pfm_top_wrapper/pfm_top_i/pfm_dynamic_inst/q4_layer_cu2/inst/ap_clk	395079.000	1
/pfm_top_wrapper/pfm_top_i/pfm_dynamic_inst/q4_layer_cu2/inst/ap_clk	396746.000	0
/pfm_top_wrapper/pfm_top_i/pfm_dynamic_inst/q4_layer_cu2/inst/ap_clk	398413.000	1
/pfm_top_wrapper/pfm_top_i/pfm_dynamic_inst/q4_layer_cu2/inst/ap_clk	400080.000	0
/pfm_top_wrapper/pfm_top_i/pfm_dynamic_inst/q4_layer_cu2/inst/ap_clk	401747.000	1
/pfm_top_wrapper/pfm_top_i/pfm_dynamic_inst/q4_layer_cu2/inst/ap_clk	403414.000	0
/pfm_top_wrapper/pfm_top_i/pfm_dynamic_inst/q4_layer_cu2/inst/ap_clk	405081.000	1
/pfm_top_wrapper/pfm_top_i/pfm_dynamic_inst/q4_layer_cu2/inst/ap_clk	406748.000	0
/pfm_top_wrapper/pfm_top_i/pfm_dynamic_inst/q4_layer_cu2/inst/ap_clk	408415.000	1
/pfm_top_wrapper/pfm_top_i/pfm_dynamic_inst/q4_layer_cu2/inst/ap_clk	410082.000	0
/pfm_top_wrapper/pfm_top_i/pfm_dynamic_inst/q4_layer_cu2/inst/ap_clk	411749.000	1
/pfm_top_wrapper/pfm_top_i/pfm_dynamic_inst/q4_layer_cu2/inst/ap_clk	413416.000	0
/pfm_top_wrapper/pfm_top_i/pfm_dynamic_inst/q4_layer_cu2/inst/ap_clk	415083.000	1
/pfm_top_wrapper/pfm_top_i/pfm_dynamic_inst/q4_layer_cu2/inst/ap_clk	416750.000	0
/pfm_top_wrapper/pfm_top_i/pfm_dynamic_inst/q4_layer_cu2/inst/ap_clk	418417.000	1
/pfm_top_wrapper/pfm_top_i/pfm_dynamic_inst/q4_layer_cu2/inst/ap_clk	420084.000	0
/pfm_top_wrapper/pfm_top_i/pfm_dynamic_inst/q4_layer_cu2/inst/ap_clk	421751.000	1
/pfm_top_wrapper/pfm_top_i/pfm_dynamic_inst/q4_layer_cu2/inst/ap_clk	423418.000	0
/pfm_top_wrapper/pfm_top_i/pfm_dynamic_inst/q4_layer_cu2/inst/ap_clk	425085.000	1
/pfm_top_wrapper/pfm_top_i/pfm_dynamic_inst/q4_layer_cu2/inst/ap_clk	426752.000	0
/pfm_top_wrapper/pfm_top_i/pfm_dynamic_inst/q4_layer_cu2/inst/ap_clk	428419.000	1
/pfm_top_wrapper/pfm_top_i/pfm_dynamic_inst/q4_layer_cu2/inst/ap_clk	430086.000	0
/pfm_top_wrapper/pfm_top_i/pfm_dynamic_inst/q4_layer_cu2/inst/ap_clk	431753.000	1
/pfm_top_wrapper/pfm_top_i/pfm_dynamic_inst/q4_layer_cu2/inst/ap_clk	433420.000	0
/pfm_top_wrapper/pfm_top_i/pfm_dynamic_inst/q4_layer_cu2/inst/ap_clk	435087.000	1
/pfm_top_wrapper/pfm_top_i/pfm_dynamic_inst/q4_layer_cu2/inst/ap_clk	436754.000	0
/pfm_top_wrapper/pfm_top_i/pfm_dynamic_inst/q4_layer_cu2/inst/ap_clk	438421.000	1
/pfm_top_wrapper/pfm_top_i/pfm_dynamic_inst/q4_layer_cu2/inst/ap_clk	440088.000	0
/pfm_top_wrapper/pfm_top_i/pfm_dynamic_inst/q4_layer_cu2/inst/ap_clk	441755.000	1
/pfm_top_wrapper/pfm_top_i/pfm_dynamic_inst/q4_layer_cu2/inst/ap_clk	443422.000	0
/pfm_top_wrapper/pfm_top_i/pfm_dynamic_inst/q4_layer_cu2/inst/ap_clk	445089.000	1
/pfm_top_wrapper/pfm_top_i/pfm_dynamic_inst/q4_layer_cu2/inst/ap_clk	446756.000	0
/pfm_top_wrapper/pfm_top_i/pfm_dynamic_inst/q4_layer_cu2/inst/ap_clk	448423.000	1
/pfm_top_wrapper/pfm_top_i/pfm_dynamic_inst/q4_layer_cu2/inst/ap_clk	450090.000	0
/pfm_top_wrapper/pfm_top_i/pfm_dynamic_inst/q4_layer_cu2/inst/ap_clk	451757.000	1
/pfm_top_wrapper/pfm_top_i/pfm_dynamic_inst/q4_layer_cu2/inst/ap_clk	453424.000	0
/pfm_top_wrapper/pfm_top_i/pfm_dynamic_inst/q4_layer_cu2/inst/ap_clk	455091.000	1
/pfm_top_wrapper/pfm_top_i/pfm_dynamic_inst/q4_layer_cu2/inst/ap_clk	456758.000	0
/pfm_top_wrapper/pfm_top_i/pfm_dynamic_inst/q4_layer_cu2/inst/ap_clk	458425.000	1
/pfm_top_wrapper/pfm_top_i/pfm_dynamic_inst/q4_layer_cu2/inst/ap_clk	460092.000	0
/pfm_top_wrapper/pfm_top_i/pfm_dynamic_inst/q4_layer_cu2/inst/ap_clk	461759.000	1
/pfm_top_wrapper/pfm_top_i/pfm_dynamic_inst/q4_layer_cu2/inst/ap_clk	463426.000	0
/pfm_top_wrapper/pfm_top_i/pfm_dynamic_inst/q4_layer_cu2/inst/ap_clk	465093.000	1
/pfm_top_wrapper/pfm_top_i/pfm_dynamic_inst/q4_layer_cu2/inst/ap_clk	466760.000	0
/pfm_top_wrapper/pfm_top_i/pfm_dynamic_inst/q4_layer_cu2/inst/ap_clk	468427.000	1
/pfm_top_wrapper/pfm_top_i/pfm_dynamic_inst/q4_layer_cu2/inst/ap_clk	470094.000	0
/pfm_top_wrapper/pfm_top_i/pfm_dynamic_inst/q4_layer_cu2/inst/ap_clk	471761.000	1
/pfm_top_wrapper/pfm_top_i/pfm_dynamic_inst/q4_layer_cu2/inst/ap_clk	473428.000	0
/pfm_top_wrapper/pfm_top_i/pfm_dynamic_inst/q4_layer_cu2/inst/ap_clk	475095.000	1
/pfm_top_wrapper/pfm_top_i/pfm_dynamic_inst/q4_layer_cu2/inst/ap_clk	476762.000	0
/pfm_top_wrapper/pfm_top_i/pfm_dynamic_inst/q4_layer_cu2/inst/ap_clk	478429.000	1
/pfm_top_wrapper/pfm_top_i/pfm_dynamic_inst/q4_layer_cu2/inst/ap_clk	480096.000	0
/pfm_top_wrapper/pfm_top_i/pfm_dynamic_inst/q4_layer_cu2/inst/ap_clk	481763.000	1
/pfm_top_wrapper/pfm_top_i/pfm_dynamic_inst/q4_layer_cu2/inst/ap_clk	483430.000	0
/pfm_top_wrapper/pfm_top_i/pfm_dynamic_inst/q4_layer_cu2/inst/ap_clk	485097.000	1
/pfm_top_wrapper/pfm_top_i/pfm_dynamic_inst/q4_layer_cu2/inst/ap_clk	486764.000	0
/pfm_top_wrapper/pfm_top_i/pfm_dynamic_inst/q4_layer_cu2/inst/ap_clk	488431.000	1
/pfm_top_wrapper/pfm_top_i/pfm_dynamic_inst/q4_layer_cu2/inst/ap_clk	490098.000	0
/pfm_top_wrapper/pfm_top_i/pfm_dynamic_inst/q4_layer_cu2/inst/ap_clk	491765.000	1
/pfm_top_wrapper/pfm_top_i/pfm_dynamic_inst/q4_layer_cu2/inst/ap_clk	493432.000	0
/pfm_top_wrapper/pfm_top_i/pfm_dynamic_inst/q4_layer_cu2/inst/ap_clk	495099.000	1
/pfm_top_wrapper/pfm_top_i/pfm_dynamic_inst/q4_layer_cu2/inst/ap_clk	496766.000	0
/pfm_top_wrapper/pfm_top_i/pfm_dynamic_inst/q4_layer_cu2/inst/ap_clk	498433.000	1
/pfm_top_wrapper/pfm_top_i/pfm_dynamic_inst/q4_layer_cu2/inst/ap_clk	500100.000	0
/pfm_top_wrapper/pfm_top_i/pfm_dynamic_inst/q4_layer_cu2/inst/ap_clk	501767.000	1
/pfm_top_wrapper/pfm_top_i/pfm_dynamic_inst/q4_layer_cu2/inst/ap_clk	503434.000	0
/pfm_top_wrapper/pfm_top_i/pfm_dynamic_inst/q4_layer_cu2/inst/ap_clk	505101.000	1
/pfm_top_wrapper/pfm_top_i/pfm_dynamic_inst/q4_layer_cu2/inst/ap_clk	506768.000	0
/pfm_top_wrapper/pfm_top_i/pfm_dynamic_inst/q4_layer_cu2/inst/ap_clk	508435.000	1
/pfm_top_wrapper/pfm_top_i/pfm_dynamic_inst/q4_layer_cu2/inst/ap_clk	510102.000	0
/pfm_top_wrapper/pfm_top_i/pfm_dynamic_inst/q4_layer_cu2/inst/ap_clk	511769.000	1
/pfm_top_wrapper/pfm_top_i/pfm_dynamic_inst/q4_layer_cu2/inst/ap_clk	513436.000	0
/pfm_top_wrapper/pfm_top_i/pfm_dynamic_inst/q4_layer_cu2/inst/ap_clk	515103.000	1
/pfm_top_wrapper/pfm_top_i/pfm_dynamic_inst/q4_layer_cu2/inst/ap_clk	516770.000	0
/pfm_top_wrapper/pfm_top_i/pfm_dynamic_inst/q4_layer_cu2/inst/ap_clk	518437.000	1
/pfm_top_wrapper/pfm_top_i/pfm_dynamic_inst/q4_layer_cu2/inst/ap_clk	520104.000	0
/pfm_top_wrapper/pfm_top_i/pfm_dynamic_inst/q4_layer_cu2/inst/ap_clk	521771.000	1
/pfm_top_wrapper/pfm_top_i/pfm_dynamic_inst/q4_layer_cu2/inst/ap_clk	523438.000	0
/pfm_top_wrapper/pfm_top_i/pfm_dynamic_inst/q4_layer_cu2/inst/ap_clk	525105.000	1
/pfm_top_wrapper/pfm_top_i/pfm_dynamic_inst/q4_layer_cu2/inst/ap_clk	526772.000	0
/pfm_top_wrapper/pfm_top_i/pfm_dynamic_inst/q4_layer_cu2/inst/ap_clk	528439.000	1
/pfm_top_wrapper/pfm_top_i/pfm_dynamic_inst/q4_layer_cu2/inst/ap_clk	530106.000	0
/pfm_top_wrapper/pfm_top_i/pfm_dynamic_inst/q4_layer_cu2/inst/ap_clk	531773.000	1
/pfm_top_wrapper/pfm_top_i/pfm_dynamic_inst/q4_layer_cu2/inst/ap_clk	533440.000	0
/pfm_top_wrapper/pfm_top_i/pfm_dynamic_inst/q4_layer_cu2/inst/ap_clk	535107.000	1
/pfm_top_wrapper/pfm_top_i/pfm_dynamic_inst/q4_layer_cu2/inst/ap_clk	536774.000	0
/pfm_top_wrapper/pfm_top_i/pfm_dynamic_inst/q4_layer_cu2/inst/ap_clk	538441.000	1
/pfm_top_wrapper/pfm_top_i/pfm_dynamic_inst/q4_layer_cu2/inst/ap_clk	540108.000	0
/pfm_top_wrapper/pfm_top_i/pfm_dynamic_inst/q4_layer_cu2/inst/ap_clk	541775.000	1
/pfm_top_wrapper/pfm_top_i/pfm_dynamic_inst/q4_layer_cu2/inst/ap_clk	543442.000	0
/pfm_top_wrapper/pfm_top_i/pfm_dynamic_inst/q4_layer_cu2/inst/ap_clk	545109.000	1
/pfm_top_wrapper/pfm_top_i/pfm_dynamic_inst/q4_layer_cu2/inst/ap_clk	546776.000	0
/pfm_top_wrapper/pfm_top_i/pfm_dynamic_inst/q4_layer_cu2/inst/ap_clk	548443.000	1
/pfm_top_wrapper/pfm_top_i/pfm_dynamic_inst/q4_layer_cu2/inst/ap_clk	550110.000	0
/pfm_top_wrapper/pfm_top_i/pfm_dynamic_inst/q4_layer_cu2/inst/ap_clk	551777.000	1
/pfm_top_wrapper/pfm_top_i/pfm_dynamic_inst/q4_layer_cu2/inst/ap_clk	553444.000	0
/pfm_top_wrapper/pfm_top_i/pfm_dynamic_inst/q4_layer_cu2/inst/ap_clk	555111.000	1
/pfm_top_wrapper/pfm_top_i/pfm_dynamic_inst/q4_layer_cu2/inst/ap_clk	556778.000	0
/pfm_top_wrapper/pfm_top_i/pfm_dynamic_inst/q4_layer_cu2/inst/ap_clk	558445.000	1
/pfm_top_wrapper/pfm_top_i/pfm_dynamic_inst/q4_layer_cu2/inst/ap_clk	560112.000	0
/pfm_top_wrapper/pfm_top_i/pfm_dynamic_inst/q4_layer_cu2/inst/ap_clk	561779.000	1
/pfm_top_wrapper/pfm_top_i/pfm_dynamic_inst/q4_layer_cu2/inst/ap_clk	563446.000	0
/pfm_top_wrapper/pfm_top_i/pfm_dynamic_inst/q4_layer_cu2/inst/ap_clk	565113.000	1
/pfm_top_wrapper/pfm_top_i/pfm_dynamic_inst/q4_layer_cu2/inst/ap_clk	566780.000	0
/pfm_top_wrapper/pfm_top_i/pfm_dynamic_inst/q4_layer_cu2/inst/ap_clk	568447.000	1
/pfm_top_wrapper/pfm_top_i/pfm_dynamic_inst/q4_layer_cu2/inst/ap_clk	570114.000	0
/pfm_top_wrapper/pfm_top_i/pfm_dynamic_inst/q4_layer_cu2/inst/ap_clk	571781.000	1
/pfm_top_wrapper/pfm_top_i/pfm_dynamic_inst/q4_layer_cu2/inst/ap_clk	573448.000	0
/pfm_top_wrapper/pfm_top_i/pfm_dynamic_inst/q4_layer_cu2/inst/ap_clk	575115.000	1
/pfm_top_wrapper/pfm_top_i/pfm_dynamic_inst/q4_layer_cu2/inst/ap_clk	576782.000	0
/pfm_top_wrapper/pfm_top_i/pfm_dynamic_inst/q4_layer_cu2/inst/ap_clk	578449.000	1
/pfm_top_wrapper/pfm_top_i/pfm_dynamic_inst/q4_layer_cu2/inst/ap_clk	580116.000	0
/pfm_top_wrapper/pfm_top_i/pfm_dynamic_inst/q4_layer_cu2/inst/ap_clk	581783.000	1
/pfm_top_wrapper/pfm_top_i/pfm_dynamic_inst/q4_layer_cu2/inst/ap_clk	583450.000	0
/pfm_top_wrapper/pfm_top_i/pfm_dynamic_inst/q4_layer_cu2/inst/ap_clk	585117.000	1
/pfm_top_wrapper/pfm_top_i/pfm_dynamic_inst/q4_layer_cu2/inst/ap_clk	586784.000	0
/pfm_top_wrapper/pfm_top_i/pfm_dynamic_inst/q4_layer_cu2/inst/ap_clk	588451.000	1
/pfm_top_wrapper/pfm_top_i/pfm_dynamic_inst/q4_layer_cu2/inst/ap_clk	590118.000	0
/pfm_top_wrapper/pfm_top_i/pfm_dynamic_inst/q4_layer_cu2/inst/ap_clk	591785.000	1
/pfm_top_wrapper/pfm_top_i/pfm_dynamic_inst/q4_layer_cu2/inst/ap_clk	593452.000	0
/pfm_top_wrapper/pfm_top_i/pfm_dynamic_inst/q4_layer_cu2/inst/ap_clk	595119.000	1
/pfm_top_wrapper/pfm_top_i/pfm_dynamic_inst/q4_layer_cu2/inst/ap_clk	596786.000	0
/pfm_top_wrapper/pfm_top_i/pfm_dynamic_inst/q4_layer_cu2/inst/ap_clk	598453.000	1
/pfm_top_wrapper/pfm_top_i/pfm_dynamic_inst/q4_layer_cu2/inst/ap_clk	600120.000	0
/pfm_top_wrapper/pfm_top_i/pfm_dynamic_inst/q4_layer_cu2/inst/ap_clk	601787.000	1
/pfm_top_wrapper/pfm_top_i/pfm_dynamic_inst/q4_layer_cu2/inst/ap_clk	603454.000	0
/pfm_top_wrapper/pfm_top_i/pfm_dynamic_inst/q4_layer_cu2/inst/ap_clk	605121.000	1
/pfm_top_wrapper/pfm_top_i/pfm_dynamic_inst/q4_layer_cu2/inst/ap_clk	606788.000	0
/pfm_top_wrapper/pfm_top_i/pfm_dynamic_inst/q4_layer_cu2/inst/ap_clk	608455.000	1
/pfm_top_wrapper/pfm_top_i/pfm_dynamic_inst/q4_layer_cu2/inst/ap_clk	610122.000	0
/pfm_top_wrapper/pfm_top_i/pfm_dynamic_inst/q4_layer_cu2/inst/ap_clk	611789.000	1
/pfm_top_wrapper/pfm_top_i/pfm_dynamic_inst/q4_layer_cu2/inst/ap_clk	613456.000	0
/pfm_top_wrapper/pfm_top_i/pfm_dynamic_inst/q4_layer_cu2/inst/ap_clk	615123.000	1
/pfm_top_wrapper/pfm_top_i/pfm_dynamic_inst/q4_layer_cu2/inst/ap_clk	616790.000	0
/pfm_top_wrapper/pfm_top_i/pfm_dynamic_inst/q4_layer_cu2/inst/ap_clk	618457.000	1
/pfm_top_wrapper/pfm_top_i/pfm_dynamic_inst/q4_layer_cu2/inst/ap_clk	620124.000	0
/pfm_top_wrapper/pfm_top_i/pfm_dynamic_inst/q4_layer_cu2/inst/ap_clk	621791.000	1
/pfm_top_wrapper/pfm_top_i/pfm_dynamic_inst/q4_layer_cu2/inst/ap_clk	623458.000	0
/pfm_top_wrapper/pfm_top_i/pfm_dynamic_inst/q4_layer_cu2/inst/ap_clk	625125.000	1
/pfm_top_wrapper/pfm_top_i/pfm_dynamic_inst/q4_layer_cu2/inst/ap_clk	626792.000	0
/pfm_top_wrapper/pfm_top_i/pfm_dynamic_inst/q4_layer_cu2/inst/ap_clk	628459.000	1
/pfm_top_wrapper/pfm_top_i/pfm_dynamic_inst/q4_layer_cu2/inst/ap_clk	630126.000	0
/pfm_top_wrapper/pfm_top_i/pfm_dynamic_inst/q4_layer_cu2/inst/ap_clk	631793.000	1
/pfm_top_wrapper/pfm_top_i/pfm_dynamic_inst/q4_layer_cu2/inst/ap_clk	633460.000	0
/pfm_top_wrapper/pfm_top_i/pfm_dynamic_inst/q4_layer_cu2/inst/ap_clk	635127.000	1
/pfm_top_wrapper/pfm_top_i/pfm_dynamic_inst/q4_layer_cu2/inst/ap_clk	636794.000	0
/pfm_top_wrapper/pfm_top_i/pfm_dynamic_inst/q4_layer_cu2/inst/ap_clk	638461.000	1
/pfm_top_wrapper/pfm_top_i/pfm_dynamic_inst/q4_layer_cu2/inst/ap_clk	640128.000	0
/pfm_top_wrapper/pfm_top_i/pfm_dynamic_inst/q4_layer_cu2/inst/ap_clk	641795.000	1
/pfm_top_wrapper/pfm_top_i/pfm_dynamic_inst/q4_layer_cu2/inst/ap_clk	643462.000	0
/pfm_top_wrapper/pfm_top_i/pfm_dynamic_inst/q4_layer_cu2/inst/ap_clk	645129.000	1
/pfm_top_wrapper/pfm_top_i/pfm_dynamic_inst/q4_layer_cu2/inst/ap_clk	646796.000	0
/pfm_top_wrapper/pfm_top_i/pfm_dynamic_inst/q4_layer_cu2/inst/ap_clk	648463.000	1
/pfm_top_wrapper/pfm_top_i/pfm_dynamic_inst/q4_layer_cu2/inst/ap_clk	650130.000	0
/pfm_top_wrapper/pfm_top_i/pfm_dynamic_inst/q4_layer_cu2/inst/ap_clk	651797.000	1
/pfm_top_wrapper/pfm_top_i/pfm_dynamic_inst/q4_layer_cu2/inst/ap_clk	653464.000	0
/pfm_top_wrapper/pfm_top_i/pfm_dynamic_inst/q4_layer_cu2/inst/ap_clk	655131.000	1
/pfm_top_wrapper/pfm_top_i/pfm_dynamic_inst/q4_layer_cu2/inst/ap_clk	656798.000	0
/pfm_top_wrapper/pfm_top_i/pfm_dynamic_inst/q4_layer_cu2/inst/ap_clk	658465.000	1
/pfm_top_wrapper/pfm_top_i/pfm_dynamic_inst/q4_layer_cu2/inst/ap_clk	660132.000	0
/pfm_top_wrapper/pfm_top_i/pfm_dynamic_inst/q4_layer_cu2/inst/ap_clk	661799.000	1
/pfm_top_wrapper/pfm_top_i/pfm_dynamic_inst/q4_layer_cu2/inst/ap_clk	663466.000	0
/pfm_top_wrapper/pfm_top_i/pfm_dynamic_inst/q4_layer_cu2/inst/ap_clk	665133.000	1
/pfm_top_wrapper/pfm_top_i/pfm_dynamic_inst/q4_layer_cu2/inst/ap_clk	666800.000	0
/pfm_top_wrapper/pfm_top_i/pfm_dynamic_inst/q4_layer_cu2/inst/ap_clk	668467.000	1
/pfm_top_wrapper/pfm_top_i/pfm_dynamic_inst/q4_layer_cu2/inst/ap_clk	670134.000	0
/pfm_top_wrapper/pfm_top_i/pfm_dynamic_inst/q4_layer_cu2/inst/ap_clk	671801.000	1
/pfm_top_wrapper/pfm_top_i/pfm_dynamic_inst/q4_layer_cu2/inst/ap_clk	673468.000	0
/pfm_top_wrapper/pfm_top_i/pfm_dynamic_inst/q4_layer_cu2/inst/ap_clk	675135.000	1
/pfm_top_wrapper/pfm_top_i/pfm_dynamic_inst/q4_layer_cu2/inst/ap_clk	676802.000	0
/pfm_top_wrapper/pfm_top_i/pfm_dynamic_inst/q4_layer_cu2/inst/ap_clk	678469.000	1
/pfm_top_wrapper/pfm_top_i/pfm_dynamic_inst/q4_layer_cu2/inst/ap_clk	680136.000	0
/pfm_top_wrapper/pfm_top_i/pfm_dynamic_inst/q4_layer_cu2/inst/ap_clk	681803.000	1
/pfm_top_wrapper/pfm_top_i/pfm_dynamic_inst/q4_layer_cu2/inst/ap_clk	683470.000	0
/pfm_top_wrapper/pfm_top_i/pfm_dynamic_inst/q4_layer_cu2/inst/ap_clk	685137.000	1
/pfm_top_wrapper/pfm_top_i/pfm_dynamic_inst/q4_layer_cu2/inst/ap_clk	686804.000	0
/pfm_top_wrapper/pfm_top_i/pfm_dynamic_inst/q4_layer_cu2/inst/ap_clk	688471.000	1
/pfm_top_wrapper/pfm_top_i/pfm_dynamic_inst/q4_layer_cu2/inst/ap_clk	690138.000	0
/pfm_top_wrapper/pfm_top_i/pfm_dynamic_inst/q4_layer_cu2/inst/ap_clk	691805.000	1
/pfm_top_wrapper/pfm_top_i/pfm_dynamic_inst/q4_layer_cu2/inst/ap_clk	693472.000	0
/pfm_top_wrapper/pfm_top_i/pfm_dynamic_inst/q4_layer_cu2/inst/ap_clk	695139.000	1
/pfm_top_wrapper/pfm_top_i/pfm_dynamic_inst/q4_layer_cu2/inst/ap_clk	696806.000	0
/pfm_top_wrapper/pfm_top_i/pfm_dynamic_inst/q4_layer_cu2/inst/ap_clk	698473.000	1
/pfm_top_wrapper/pfm_top_i/pfm_dynamic_inst/q4_layer_cu2/inst/ap_clk	700140.000	0
/pfm_top_wrapper/pfm_top_i/pfm_dynamic_inst/q4_layer_cu2/inst/ap_clk	701807.000	1
/pfm_top_wrapper/pfm_top_i/pfm_dynamic_inst/q4_layer_cu2/inst/ap_clk	703474.000	0
/pfm_top_wrapper/pfm_top_i/pfm_dynamic_inst/q4_layer_cu2/inst/ap_clk	705141.000	1
/pfm_top_wrapper/pfm_top_i/pfm_dynamic_inst/q4_layer_cu2/inst/ap_clk	706808.000	0
/pfm_top_wrapper/pfm_top_i/pfm_dynamic_inst/q4_layer_cu2/inst/ap_clk	708475.000	1
/pfm_top_wrapper/pfm_top_i/pfm_dynamic_inst/q4_layer_cu2/inst/ap_clk	710142.000	0
/pfm_top_wrapper/pfm_top_i/pfm_dynamic_inst/q4_layer_cu2/inst/ap_clk	711809.000	1
/pfm_top_wrapper/pfm_top_i/pfm_dynamic_inst/q4_layer_cu2/inst/ap_clk	713476.000	0
/pfm_top_wrapper/pfm_top_i/pfm_dynamic_inst/q4_layer_cu2/inst/ap_clk	715143.000	1
/pfm_top_wrapper/pfm_top_i/pfm_dynamic_inst/q4_layer_cu2/inst/ap_clk	716810.000	0
/pfm_top_wrapper/pfm_top_i/pfm_dynamic_inst/q4_layer_cu2/inst/ap_clk	718477.000	1
/pfm_top_wrapper/pfm_top_i/pfm_dynamic_inst/q4_layer_cu2/inst/ap_clk	720144.000	0
/pfm_top_wrapper/pfm_top_i/pfm_dynamic_inst/q4_layer_cu2/inst/ap_clk	721811.000	1
/pfm_top_wrapper/pfm_top_i/pfm_dynamic_inst/q4_layer_cu2/inst/ap_clk	723478.000	0
/pfm_top_wrapper/pfm_top_i/pfm_dynamic_inst/q4_layer_cu2/inst/ap_clk	725145.000	1
/pfm_top_wrapper/pfm_top_i/pfm_dynamic_inst/q4_layer_cu2/inst/ap_clk	726812.000	0
/pfm_top_wrapper/pfm_top_i/pfm_dynamic_inst/q4_layer_cu2/inst/ap_clk	728479.000	1
/pfm_top_wrapper/pfm_top_i/pfm_dynamic_inst/q4_layer_cu2/inst/ap_clk	730146.000	0
/pfm_top_wrapper/pfm_top_i/pfm_dynamic_inst/q4_layer_cu2/inst/ap_clk	731813.000	1
/pfm_top_wrapper/pfm_top_i/pfm_dynamic_inst/q4_layer_cu2/inst/ap_clk	733480.000	0
/pfm_top_wrapper/pfm_top_i/pfm_dynamic_inst/q4_layer_cu2/inst/ap_clk	735147.000	1
/pfm_top_wrapper/pfm_top_i/pfm_dynamic_inst/q4_layer_cu2/inst/ap_clk	736814.000	0
/pfm_top_wrapper/pfm_top_i/pfm_dynamic_inst/q4_layer_cu2/inst/ap_clk	738481.000	1
/pfm_top_wrapper/pfm_top_i/pfm_dynamic_inst/q4_layer_cu2/inst/ap_clk	740148.000	0
/pfm_top_wrapper/pfm_top_i/pfm_dynamic_inst/q4_layer_cu2/inst/ap_clk	741815.000	1
/pfm_top_wrapper/pfm_top_i/pfm_dynamic_inst/q4_layer_cu2/inst/ap_clk	743482.000	0
/pfm_top_wrapper/pfm_top_i/pfm_dynamic_inst/q4_layer_cu2/inst/ap_clk	745149.000	1
/pfm_top_wrapper/pfm_top_i/pfm_dynamic_inst/q4_layer_cu2/inst/ap_clk	746816.000	0
/pfm_top_wrapper/pfm_top_i/pfm_dynamic_inst/q4_layer_cu2/inst/ap_clk	748483.000	1
/pfm_top_wrapper/pfm_top_i/pfm_dynamic_inst/q4_layer_cu2/inst/ap_clk	750150.000	0
/pfm_top_wrapper/pfm_top_i/pfm_dynamic_inst/q4_layer_cu2/inst/ap_clk	751817.000	1
/pfm_top_wrapper/pfm_top_i/pfm_dynamic_inst/q4_layer_cu2/inst/ap_clk	753484.000	0
/pfm_top_wrapper/pfm_top_i/pfm_dynamic_inst/q4_layer_cu2/inst/ap_clk	755151.000	1
/pfm_top_wrapper/pfm_top_i/pfm_dynamic_inst/q4_layer_cu2/inst/ap_clk	756818.000	0
/pfm_top_wrapper/pfm_top_i/pfm_dynamic_inst/q4_layer_cu2/inst/ap_clk	758485.000	1
/pfm_top_wrapper/pfm_top_i/pfm_dynamic_inst/q4_layer_cu2/inst/ap_clk	760152.000	0
/pfm_top_wrapper/pfm_top_i/pfm_dynamic_inst/q4_layer_cu2/inst/ap_clk	761819.000	1
/pfm_top_wrapper/pfm_top_i/pfm_dynamic_inst/q4_layer_cu2/inst/ap_clk	763486.000	0
/pfm_top_wrapper/pfm_top_i/pfm_dynamic_inst/q4_layer_cu2/inst/ap_clk	765153.000	1
/pfm_top_wrapper/pfm_top_i/pfm_dynamic_inst/q4_layer_cu2/inst/ap_clk	766820.000	0
/pfm_top_wrapper/pfm_top_i/pfm_dynamic_inst/q4_layer_cu2/inst/ap_clk	768487.000	1
/pfm_top_wrapper/pfm_top_i/pfm_dynamic_inst/q4_layer_cu2/inst/ap_clk	770154.000	0
/pfm_top_wrapper/pfm_top_i/pfm_dynamic_inst/q4_layer_cu2/inst/ap_clk	771821.000	1
/pfm_top_wrapper/pfm_top_i/pfm_dynamic_inst/q4_layer_cu2/inst/ap_clk	773488.000	0
/pfm_top_wrapper/pfm_top_i/pfm_dynamic_inst/q4_layer_cu2/inst/ap_clk	775155.000	1
/pfm_top_wrapper/pfm_top_i/pfm_dynamic_inst/q4_layer_cu2/inst/ap_clk	776822.000	0
/pfm_top_wrapper/pfm_top_i/pfm_dynamic_inst/q4_layer_cu2/inst/ap_clk	778489.000	1
/pfm_top_wrapper/pfm_top_i/pfm_dynamic_inst/q4_layer_cu2/inst/ap_clk	780156.000	0
/pfm_top_wrapper/pfm_top_i/pfm_dynamic_inst/q4_layer_cu2/inst/ap_clk	781823.000	1
/pfm_top_wrapper/pfm_top_i/pfm_dynamic_inst/q4_layer_cu2/inst/ap_clk	783490.000	0
/pfm_top_wrapper/pfm_top_i/pfm_dynamic_inst/q4_layer_cu2/inst/ap_clk	785157.000	1
/pfm_top_wrapper/pfm_top_i/pfm_dynamic_inst/q4_layer_cu2/inst/ap_clk	786824.000	0
/pfm_top_wrapper/pfm_top_i/pfm_dynamic_inst/q4_layer_cu2/inst/ap_clk	788491.000	1
/pfm_top_wrapper/pfm_top_i/pfm_dynamic_inst/q4_layer_cu2/inst/ap_clk	790158.000	0
/pfm_top_wrapper/pfm_top_i/pfm_dynamic_inst/q4_layer_cu2/inst/ap_clk	791825.000	1
/pfm_top_wrapper/pfm_top_i/pfm_dynamic_inst/q4_layer_cu2/inst/ap_clk	793492.000	0
/pfm_top_wrapper/pfm_top_i/pfm_dynamic_inst/q4_layer_cu2/inst/ap_clk	795159.000	1
/pfm_top_wrapper/pfm_top_i/pfm_dynamic_inst/q4_layer_cu2/inst/ap_clk	796826.000	0
/pfm_top_wrapper/pfm_top_i/pfm_dynamic_inst/q4_layer_cu2/inst/ap_clk	798493.000	1
/pfm_top_wrapper/pfm_top_i/pfm_dynamic_inst/q4_layer_cu2/inst/ap_clk	800160.000	0
/pfm_top_wrapper/pfm_top_i/pfm_dynamic_inst/q4_layer_cu2/inst/ap_clk	801827.000	1
/pfm_top_wrapper/pfm_top_i/pfm_dynamic_inst/q4_layer_cu2/inst/ap_clk	803494.000	0
/pfm_top_wrapper/pfm_top_i/pfm_dynamic_inst/q4_layer_cu2/inst/ap_clk	805161.000	1
/pfm_top_wrapper/pfm_top_i/pfm_dynamic_inst/q4_layer_cu2/inst/ap_clk	806828.000	0
/pfm_top_wrapper/pfm_top_i/pfm_dynamic_inst/q4_layer_cu2/inst/ap_clk	808495.000	1
/pfm_top_wrapper/pfm_top_i/pfm_dynamic_inst/q4_layer_cu2/inst/ap_clk	810162.000	0
/pfm_top_wrapper/pfm_top_i/pfm_dynamic_inst/q4_layer_cu2/inst/ap_clk	811829.000	1
/pfm_top_wrapper/pfm_top_i/pfm_dynamic_inst/q4_layer_cu2/inst/ap_clk	813496.000	0
/pfm_top_wrapper/pfm_top_i/pfm_dynamic_inst/q4_layer_cu2/inst/ap_clk	815163.000	1
/pfm_top_wrapper/pfm_top_i/pfm_dynamic_inst/q4_layer_cu2/inst/ap_clk	816830.000	0
/pfm_top_wrapper/pfm_top_i/pfm_dynamic_inst/q4_layer_cu2/inst/ap_clk	818497.000	1
/pfm_top_wrapper/pfm_top_i/pfm_dynamic_inst/q4_layer_cu2/inst/ap_clk	820164.000	0
/pfm_top_wrapper/pfm_top_i/pfm_dynamic_inst/q4_layer_cu2/inst/ap_clk	821831.000	1
/pfm_top_wrapper/pfm_top_i/pfm_dynamic_inst/q4_layer_cu2/inst/ap_clk	823498.000	0
/pfm_top_wrapper/pfm_top_i/pfm_dynamic_inst/q4_layer_cu2/inst/ap_clk	825165.000	1
/pfm_top_wrapper/pfm_top_i/pfm_dynamic_inst/q4_layer_cu2/inst/ap_clk	826832.000	0
/pfm_top_wrapper/pfm_top_i/pfm_dynamic_inst/q4_layer_cu2/inst/ap_clk	828499.000	1
/pfm_top_wrapper/pfm_top_i/pfm_dynamic_inst/q4_layer_cu2/inst/ap_clk	830166.000	0
/pfm_top_wrapper/pfm_top_i/pfm_dynamic_inst/q4_layer_cu2/inst/ap_clk	831833.000	1
/pfm_top_wrapper/pfm_top_i/pfm_dynamic_inst/q4_layer_cu2/inst/ap_clk	833500.000	0
/pfm_top_wrapper/pfm_top_i/pfm_dynamic_inst/q4_layer_cu2/inst/ap_clk	835167.000	1
/pfm_top_wrapper/pfm_top_i/pfm_dynamic_inst/q4_layer_cu2/inst/ap_clk	836834.000	0
/pfm_top_wrapper/pfm_top_i/pfm_dynamic_inst/q4_layer_cu2/inst/ap_clk	838501.000	1
/pfm_top_wrapper/pfm_top_i/pfm_dynamic_inst/q4_layer_cu2/inst/ap_clk	840168.000	0
/pfm_top_wrapper/pfm_top_i/pfm_dynamic_inst/q4_layer_cu2/inst/ap_clk	841835.000	1
/pfm_top_wrapper/pfm_top_i/pfm_dynamic_inst/q4_layer_cu2/inst/ap_clk	843502.000	0
/pfm_top_wrapper/pfm_top_i/pfm_dynamic_inst/q4_layer_cu2/inst/ap_clk	845169.000	1
/pfm_top_wrapper/pfm_top_i/pfm_dynamic_inst/q4_layer_cu2/inst/ap_clk	846836.000	0
/pfm_top_wrapper/pfm_top_i/pfm_dynamic_inst/q4_layer_cu2/inst/ap_clk	848503.000	1
/pfm_top_wrapper/pfm_top_i/pfm_dynamic_inst/q4_layer_cu2/inst/ap_clk	850170.000	0
/pfm_top_wrapper/pfm_top_i/pfm_dynamic_inst/q4_layer_cu2/inst/ap_clk	851837.000	1
/pfm_top_wrapper/pfm_top_i/pfm_dynamic_inst/q4_layer_cu2/inst/ap_clk	853504.000	0
/pfm_top_wrapper/pfm_top_i/pfm_dynamic_inst/q4_layer_cu2/inst/ap_clk	855171.000	1
/pfm_top_wrapper/pfm_top_i/pfm_dynamic_inst/q4_layer_cu2/inst/ap_clk	856838.000	0
/pfm_top_wrapper/pfm_top_i/pfm_dynamic_inst/q4_layer_cu2/inst/ap_clk	858505.000	1
/pfm_top_wrapper/pfm_top_i/pfm_dynamic_inst/q4_layer_cu2/inst/ap_clk	860172.000	0
/pfm_top_wrapper/pfm_top_i/pfm_dynamic_inst/q4_layer_cu2/inst/ap_clk	861839.000	1
/pfm_top_wrapper/pfm_top_i/pfm_dynamic_inst/q4_layer_cu2/inst/ap_clk	863506.000	0
/pfm_top_wrapper/pfm_top_i/pfm_dynamic_inst/q4_layer_cu2/inst/ap_clk	865173.000	1
/pfm_top_wrapper/pfm_top_i/pfm_dynamic_inst/q4_layer_cu2/inst/ap_clk	866840.000	0
/pfm_top_wrapper/pfm_top_i/pfm_dynamic_inst/q4_layer_cu2/inst/ap_clk	868507.000	1
/pfm_top_wrapper/pfm_top_i/pfm_dynamic_inst/q4_layer_cu2/inst/ap_clk	870174.000	0
/pfm_top_wrapper/pfm_top_i/pfm_dynamic_inst/q4_layer_cu2/inst/ap_clk	871841.000	1
/pfm_top_wrapper/pfm_top_i/pfm_dynamic_inst/q4_layer_cu2/inst/ap_clk	873508.000	0
/pfm_top_wrapper/pfm_top_i/pfm_dynamic_inst/q4_layer_cu2/inst/ap_clk	875175.000	1
/pfm_top_wrapper/pfm_top_i/pfm_dynamic_inst/q4_layer_cu2/inst/ap_clk	876842.000	0
/pfm_top_wrapper/pfm_top_i/pfm_dynamic_inst/q4_layer_cu2/inst/ap_clk	878509.000	1
/pfm_top_wrapper/pfm_top_i/pfm_dynamic_inst/q4_layer_cu2/inst/ap_clk	880176.000	0
/pfm_top_wrapper/pfm_top_i/pfm_dynamic_inst/q4_layer_cu2/inst/ap_clk	881843.000	1
/pfm_top_wrapper/pfm_top_i/pfm_dynamic_inst/q4_layer_cu2/inst/ap_clk	883510.000	0
/pfm_top_wrapper/pfm_top_i/pfm_dynamic_inst/q4_layer_cu2/inst/ap_clk	885177.000	1
/pfm_top_wrapper/pfm_top_i/pfm_dynamic_inst/q4_layer_cu2/inst/ap_clk	886844.000	0
/pfm_top_wrapper/pfm_top_i/pfm_dynamic_inst/q4_layer_cu2/inst/ap_clk	888511.000	1
/pfm_top_wrapper/pfm_top_i/pfm_dynamic_inst/q4_layer_cu2/inst/ap_clk	890178.000	0
/pfm_top_wrapper/pfm_top_i/pfm_dynamic_inst/q4_layer_cu2/inst/ap_clk	891845.000	1
/pfm_top_wrapper/pfm_top_i/pfm_dynamic_inst/q4_layer_cu2/inst/ap_clk	893512.000	0
/pfm_top_wrapper/pfm_top_i/pfm_dynamic_inst/q4_layer_cu2/inst/ap_clk	895179.000	1
/pfm_top_wrapper/pfm_top_i/pfm_dynamic_inst/q4_layer_cu2/inst/ap_clk	896846.000	0
/pfm_top_wrapper/pfm_top_i/pfm_dynamic_inst/q4_layer_cu2/inst/ap_clk	898513.000	1
/pfm_top_wrapper/pfm_top_i/pfm_dynamic_inst/q4_layer_cu2/inst/ap_clk	900180.000	0
/pfm_top_wrapper/pfm_top_i/pfm_dynamic_inst/q4_layer_cu2/inst/ap_clk	901847.000	1
/pfm_top_wrapper/pfm_top_i/pfm_dynamic_inst/q4_layer_cu2/inst/ap_clk	903514.000	0
/pfm_top_wrapper/pfm_top_i/pfm_dynamic_inst/q4_layer_cu2/inst/ap_clk	905181.000	1
/pfm_top_wrapper/pfm_top_i/pfm_dynamic_inst/q4_layer_cu2/inst/ap_clk	906848.000	0
/pfm_top_wrapper/pfm_top_i/pfm_dynamic_inst/q4_layer_cu2/inst/ap_clk	908515.000	1
/pfm_top_wrapper/pfm_top_i/pfm_dynamic_inst/q4_layer_cu2/inst/ap_clk	910182.000	0
/pfm_top_wrapper/pfm_top_i/pfm_dynamic_inst/q4_layer_cu2/inst/ap_clk	911849.000	1
/pfm_top_wrapper/pfm_top_i/pfm_dynamic_inst/q4_layer_cu2/inst/ap_clk	913516.000	0
/pfm_top_wrapper/pfm_top_i/pfm_dynamic_inst/q4_layer_cu2/inst/ap_clk	915183.000	1
/pfm_top_wrapper/pfm_top_i/pfm_dynamic_inst/q4_layer_cu2/inst/ap_clk	916850.000	0
/pfm_top_wrapper/pfm_top_i/pfm_dynamic_inst/q4_layer_cu2/inst/ap_clk	918517.000	1
/pfm_top_wrapper/pfm_top_i/pfm_dynamic_inst/q4_layer_cu2/inst/ap_clk	920184.000	0
/pfm_top_wrapper/pfm_top_i/pfm_dynamic_inst/q4_layer_cu2/inst/ap_clk	921851.000	1
/pfm_top_wrapper/pfm_top_i/pfm_dynamic_inst/q4_layer_cu2/inst/ap_clk	923518.000	0
/pfm_top_wrapper/pfm_top_i/pfm_dynamic_inst/q4_layer_cu2/inst/ap_clk	925185.000	1
/pfm_top_wrapper/pfm_top_i/pfm_dynamic_inst/q4_layer_cu2/inst/ap_clk	926852.000	0
/pfm_top_wrapper/pfm_top_i/pfm_dynamic_inst/q4_layer_cu2/inst/ap_clk	928519.000	1
/pfm_top_wrapper/pfm_top_i/pfm_dynamic_inst/q4_layer_cu2/inst/ap_clk	930186.000	0
/pfm_top_wrapper/pfm_top_i/pfm_dynamic_inst/q4_layer_cu2/inst/ap_clk	931853.000	1
/pfm_top_wrapper/pfm_top_i/pfm_dynamic_inst/q4_layer_cu2/inst/ap_clk	933520.000	0
/pfm_top_wrapper/pfm_top_i/pfm_dynamic_inst/q4_layer_cu2/inst/ap_clk	935187.000	1
/pfm_top_wrapper/pfm_top_i/pfm_dynamic_inst/q4_layer_cu2/inst/ap_clk	936854.000	0
/pfm_top_wrapper/pfm_top_i/pfm_dynamic_inst/q4_layer_cu2/inst/ap_clk	938521.000	1
/pfm_top_wrapper/pfm_top_i/pfm_dynamic_inst/q4_layer_cu2/inst/ap_clk	940188.000	0
/pfm_top_wrapper/pfm_top_i/pfm_dynamic_inst/q4_layer_cu2/inst/ap_clk	941855.000	1
/pfm_top_wrapper/pfm_top_i/pfm_dynamic_inst/q4_layer_cu2/inst/ap_clk	943522.000	0
/pfm_top_wrapper/pfm_top_i/pfm_dynamic_inst/q4_layer_cu2/inst/ap_clk	945189.000	1
/pfm_top_wrapper/pfm_top_i/pfm_dynamic_inst/q4_layer_cu2/inst/ap_clk	946856.000	0
/pfm_top_wrapper/pfm_top_i/pfm_dynamic_inst/q4_layer_cu2/inst/ap_clk	948523.000	1
/pfm_top_wrapper/pfm_top_i/pfm_dynamic_inst/q4_layer_cu2/inst/ap_clk	950190.000	0
/pfm_top_wrapper/pfm_top_i/pfm_dynamic_inst/q4_layer_cu2/inst/ap_clk	951857.000	1
/pfm_top_wrapper/pfm_top_i/pfm_dynamic_inst/q4_layer_cu2/inst/ap_clk	953524.000	0
/pfm_top_wrapper/pfm_top_i/pfm_dynamic_inst/q4_layer_cu2/inst/ap_clk	955191.000	1
/pfm_top_wrapper/pfm_top_i/pfm_dynamic_inst/q4_layer_cu2/inst/ap_clk	956858.000	0
/pfm_top_wrapper/pfm_top_i/pfm_dynamic_inst/q4_layer_cu2/inst/ap_clk	958525.000	1
/pfm_top_wrapper/pfm_top_i/pfm_dynamic_inst/q4_layer_cu2/inst/ap_clk	960192.000	0
/pfm_top_wrapper/pfm_top_i/pfm_dynamic_inst/q4_layer_cu2/inst/ap_clk	961859.000	1
/pfm_top_wrapper/pfm_top_i/pfm_dynamic_inst/q4_layer_cu2/inst/ap_clk	963526.000	0
/pfm_top_wrapper/pfm_top_i/pfm_dynamic_inst/q4_layer_cu2/inst/ap_clk	965193.000	1
/pfm_top_wrapper/pfm_top_i/pfm_dynamic_inst/q4_layer_cu2/inst/ap_clk	966860.000	0
/pfm_top_wrapper/pfm_top_i/pfm_dynamic_inst/q4_layer_cu2/inst/ap_clk	968527.000	1
/pfm_top_wrapper/pfm_top_i/pfm_dynamic_inst/q4_layer_cu2/inst/ap_clk	970194.000	0
/pfm_top_wrapper/pfm_top_i/pfm_dynamic_inst/q4_layer_cu2/inst/ap_clk	971861.000	1
/pfm_top_wrapper/pfm_top_i/pfm_dynamic_inst/q4_layer_cu2/inst/ap_clk	973528.000	0
/pfm_top_wrapper/pfm_top_i/pfm_dynamic_inst/q4_layer_cu2/inst/ap_clk	975195.000	1
/pfm_top_wrapper/pfm_top_i/pfm_dynamic_inst/q4_layer_cu2/inst/ap_clk	976862.000	0
/pfm_top_wrapper/pfm_top_i/pfm_dynamic_inst/q4_layer_cu2/inst/ap_clk	978529.000	1
/pfm_top_wrapper/pfm_top_i/pfm_dynamic_inst/q4_layer_cu2/inst/ap_clk	980196.000	0
/pfm_top_wrapper/pfm_top_i/pfm_dynamic_inst/q4_layer_cu2/inst/ap_clk	981863.000	1
/pfm_top_wrapper/pfm_top_i/pfm_dynamic_inst/q4_layer_cu2/inst/ap_clk	983530.000	0
/pfm_top_wrapper/pfm_top_i/pfm_dynamic_inst/q4_layer_cu2/inst/ap_clk	985197.000	1
/pfm_top_wrapper/pfm_top_i/pfm_dynamic_inst/q4_layer_cu2/inst/ap_clk	986864.000	0
/pfm_top_wrapper/pfm_top_i/pfm_dynamic_inst/q4_layer_cu2/inst/ap_clk	988531.000	1
/pfm_top_wrapper/pfm_top_i/pfm_dynamic_inst/q4_layer_cu2/inst/ap_clk	990198.000	0
/pfm_top_wrapper/pfm_top_i/pfm_dynamic_inst/q4_layer_cu2/inst/ap_clk	991865.000	1
/pfm_top_wrapper/pfm_top_i/pfm_dynamic_inst/q4_layer_cu2/inst/ap_clk	993532.000	0
/pfm_top_wrapper/pfm_top_i/pfm_dynamic_inst/q4_layer_cu2/inst/ap_clk	995199.000	1
/pfm_top_wrapper/pfm_top_i/pfm_dynamic_inst/q4_layer_cu2/inst/ap_clk	996866.000	0
/pfm_top_wrapper/pfm_top_i/pfm_dynamic_inst/q4_layer_cu2/inst/ap_clk	998533.000	1
/pfm_top_wrapper/pfm_top_i/pfm_dynamic_inst/q4_layer_cu2/inst/ap_rst_n	0.000	0
/pfm_top_wrapper/pfm_top_i/pfm_dynamic_inst/q4_layer_cu2/inst/ap_rst_n	518537.000	1
/pfm_top_wrapper/pfm_top_i/pfm_dynamic_inst/q4_layer_cu2/inst/ap_start	0.000	0
/pfm_top_wrapper/pfm_top_i/pfm_dynamic_inst/q4_layer_cu2/inst/ap_start	6439621.000	1
/pfm_top_wrapper/pfm_top_i/pfm_dynamic_inst/q4_layer_cu2/inst/ap_start	8882077727.000	0
/pfm_top_wrapper/pfm_top_i/pfm_dynamic_inst/q4_layer_cu2/inst/ap_start	8896597297.000	1
/pfm_top_wrapper/pfm_top_i/pfm_dynamic_inst/q4_layer_cu2/inst/ap_start	9597254067.000	0
/pfm_top_wrapper/pfm_top_i/pfm_dynamic_inst/q4_layer_cu2/inst/ap_done	0.000	0
/pfm_top_wrapper/pfm_top_i/pfm_dynamic_inst/q4_layer_cu2/inst/ap_done	8882074393.000	1
/pfm_top_wrapper/pfm_top_i/pfm_dynamic_inst/q4_layer_cu2/inst/ap_done	8884531551.000	0
/pfm_top_wrapper/pfm_top_i/pfm_dynamic_inst/q4_layer_cu2/inst/ap_done	9597250733.000	1
/pfm_top_wrapper/pfm_top_i/pfm_dynamic_inst/q4_layer_cu2/inst/ap_done	9601344885.000	0
/pfm_top_wrapper/pfm_top_i/pfm_dynamic_inst/q4_layer_cu2/inst/ap_idle	0.000	1
/pfm_top_wrapper/pfm_top_i/pfm_dynamic_inst/q4_layer_cu2/inst/ap_idle	6439621.000	0
/pfm_top_wrapper/pfm_top_i/pfm_dynamic_inst/q4_layer_cu2/inst/ap_idle	8882077727.000	1
/pfm_top_wrapper/pfm_top_i/pfm_dynamic_inst/q4_layer_cu2/inst/ap_idle	8896597297.000	0
/pfm_top_wrapper/pfm_top_i/pfm_dynamic_inst/q4_layer_cu2/inst/ap_idle	9597254067.000	1
/pfm_top_wrapper/pfm_top_i/pfm_dynamic_inst/q4_layer_cu2/inst/ap_ready	0.000	0
/pfm_top_wrapper/pfm_top_i/pfm_dynamic_inst/q4_layer_cu2/inst/ap_ready	8882074393.000	1
/pfm_top_wrapper/pfm_top_i/pfm_dynamic_inst/q4_layer_cu2/inst/ap_ready	8882077727.000	0
/pfm_top_wrapper/pfm_top_i/pfm_dynamic_inst/q4_layer_cu2/inst/ap_ready	9597250733.000	1
/pfm_top_wrapper/pfm_top_i/pfm_dynamic_inst/q4_layer_cu2/inst/ap_ready	9597254067.000	0
/pfm_top_wrapper/pfm_top_i/pfm_dynamic_inst/q4_layer_cu3/inst/ap_clk	0.000	0
/pfm_top_wrapper/pfm_top_i/pfm_dynamic_inst/q4_layer_cu3/inst/ap_clk	1667.000	1
/pfm_top_wrapper/pfm_top_i/pfm_dynamic_inst/q4_layer_cu3/inst/ap_clk	3334.000	0
/pfm_top_wrapper/pfm_top_i/pfm_dynamic_inst/q4_layer_cu3/inst/ap_clk	5001.000	1
/pfm_top_wrapper/pfm_top_i/pfm_dynamic_inst/q4_layer_cu3/inst/ap_clk	6668.000	0
/pfm_top_wrapper/pfm_top_i/pfm_dynamic_inst/q4_layer_cu3/inst/ap_clk	8335.000	1
/pfm_top_wrapper/pfm_top_i/pfm_dynamic_inst/q4_layer_cu3/inst/ap_clk	10002.000	0
/pfm_top_wrapper/pfm_top_i/pfm_dynamic_inst/q4_layer_cu3/inst/ap_clk	11669.000	1
/pfm_top_wrapper/pfm_top_i/pfm_dynamic_inst/q4_layer_cu3/inst/ap_clk	13336.000	0
/pfm_top_wrapper/pfm_top_i/pfm_dynamic_inst/q4_layer_cu3/inst/ap_clk	15003.000	1
/pfm_top_wrapper/pfm_top_i/pfm_dynamic_inst/q4_layer_cu3/inst/ap_clk	16670.000	0
/pfm_top_wrapper/pfm_top_i/pfm_dynamic_inst/q4_layer_cu3/inst/ap_clk	18337.000	1
/pfm_top_wrapper/pfm_top_i/pfm_dynamic_inst/q4_layer_cu3/inst/ap_clk	20004.000	0
/pfm_top_wrapper/pfm_top_i/pfm_dynamic_inst/q4_layer_cu3/inst/ap_clk	21671.000	1
/pfm_top_wrapper/pfm_top_i/pfm_dynamic_inst/q4_layer_cu3/inst/ap_clk	23338.000	0
/pfm_top_wrapper/pfm_top_i/pfm_dynamic_inst/q4_layer_cu3/inst/ap_clk	25005.000	1
/pfm_top_wrapper/pfm_top_i/pfm_dynamic_inst/q4_layer_cu3/inst/ap_clk	26672.000	0
/pfm_top_wrapper/pfm_top_i/pfm_dynamic_inst/q4_layer_cu3/inst/ap_clk	28339.000	1
/pfm_top_wrapper/pfm_top_i/pfm_dynamic_inst/q4_layer_cu3/inst/ap_clk	30006.000	0
/pfm_top_wrapper/pfm_top_i/pfm_dynamic_inst/q4_layer_cu3/inst/ap_clk	31673.000	1
/pfm_top_wrapper/pfm_top_i/pfm_dynamic_inst/q4_layer_cu3/inst/ap_clk	33340.000	0
/pfm_top_wrapper/pfm_top_i/pfm_dynamic_inst/q4_layer_cu3/inst/ap_clk	35007.000	1
/pfm_top_wrapper/pfm_top_i/pfm_dynamic_inst/q4_layer_cu3/inst/ap_clk	36674.000	0
/pfm_top_wrapper/pfm_top_i/pfm_dynamic_inst/q4_layer_cu3/inst/ap_clk	38341.000	1
/pfm_top_wrapper/pfm_top_i/pfm_dynamic_inst/q4_layer_cu3/inst/ap_clk	40008.000	0
/pfm_top_wrapper/pfm_top_i/pfm_dynamic_inst/q4_layer_cu3/inst/ap_clk	41675.000	1
/pfm_top_wrapper/pfm_top_i/pfm_dynamic_inst/q4_layer_cu3/inst/ap_clk	43342.000	0
/pfm_top_wrapper/pfm_top_i/pfm_dynamic_inst/q4_layer_cu3/inst/ap_clk	45009.000	1
/pfm_top_wrapper/pfm_top_i/pfm_dynamic_inst/q4_layer_cu3/inst/ap_clk	46676.000	0
/pfm_top_wrapper/pfm_top_i/pfm_dynamic_inst/q4_layer_cu3/inst/ap_clk	48343.000	1
/pfm_top_wrapper/pfm_top_i/pfm_dynamic_inst/q4_layer_cu3/inst/ap_clk	50010.000	0
/pfm_top_wrapper/pfm_top_i/pfm_dynamic_inst/q4_layer_cu3/inst/ap_clk	51677.000	1
/pfm_top_wrapper/pfm_top_i/pfm_dynamic_inst/q4_layer_cu3/inst/ap_clk	53344.000	0
/pfm_top_wrapper/pfm_top_i/pfm_dynamic_inst/q4_layer_cu3/inst/ap_clk	55011.000	1
/pfm_top_wrapper/pfm_top_i/pfm_dynamic_inst/q4_layer_cu3/inst/ap_clk	56678.000	0
/pfm_top_wrapper/pfm_top_i/pfm_dynamic_inst/q4_layer_cu3/inst/ap_clk	58345.000	1
/pfm_top_wrapper/pfm_top_i/pfm_dynamic_inst/q4_layer_cu3/inst/ap_clk	60012.000	0
/pfm_top_wrapper/pfm_top_i/pfm_dynamic_inst/q4_layer_cu3/inst/ap_clk	61679.000	1
/pfm_top_wrapper/pfm_top_i/pfm_dynamic_inst/q4_layer_cu3/inst/ap_clk	63346.000	0
/pfm_top_wrapper/pfm_top_i/pfm_dynamic_inst/q4_layer_cu3/inst/ap_clk	65013.000	1
/pfm_top_wrapper/pfm_top_i/pfm_dynamic_inst/q4_layer_cu3/inst/ap_clk	66680.000	0
/pfm_top_wrapper/pfm_top_i/pfm_dynamic_inst/q4_layer_cu3/inst/ap_clk	68347.000	1
/pfm_top_wrapper/pfm_top_i/pfm_dynamic_inst/q4_layer_cu3/inst/ap_clk	70014.000	0
/pfm_top_wrapper/pfm_top_i/pfm_dynamic_inst/q4_layer_cu3/inst/ap_clk	71681.000	1
/pfm_top_wrapper/pfm_top_i/pfm_dynamic_inst/q4_layer_cu3/inst/ap_clk	73348.000	0
/pfm_top_wrapper/pfm_top_i/pfm_dynamic_inst/q4_layer_cu3/inst/ap_clk	75015.000	1
/pfm_top_wrapper/pfm_top_i/pfm_dynamic_inst/q4_layer_cu3/inst/ap_clk	76682.000	0
/pfm_top_wrapper/pfm_top_i/pfm_dynamic_inst/q4_layer_cu3/inst/ap_clk	78349.000	1
/pfm_top_wrapper/pfm_top_i/pfm_dynamic_inst/q4_layer_cu3/inst/ap_clk	80016.000	0
/pfm_top_wrapper/pfm_top_i/pfm_dynamic_inst/q4_layer_cu3/inst/ap_clk	81683.000	1
/pfm_top_wrapper/pfm_top_i/pfm_dynamic_inst/q4_layer_cu3/inst/ap_clk	83350.000	0
/pfm_top_wrapper/pfm_top_i/pfm_dynamic_inst/q4_layer_cu3/inst/ap_clk	85017.000	1
/pfm_top_wrapper/pfm_top_i/pfm_dynamic_inst/q4_layer_cu3/inst/ap_clk	86684.000	0
/pfm_top_wrapper/pfm_top_i/pfm_dynamic_inst/q4_layer_cu3/inst/ap_clk	88351.000	1
/pfm_top_wrapper/pfm_top_i/pfm_dynamic_inst/q4_layer_cu3/inst/ap_clk	90018.000	0
/pfm_top_wrapper/pfm_top_i/pfm_dynamic_inst/q4_layer_cu3/inst/ap_clk	91685.000	1
/pfm_top_wrapper/pfm_top_i/pfm_dynamic_inst/q4_layer_cu3/inst/ap_clk	93352.000	0
/pfm_top_wrapper/pfm_top_i/pfm_dynamic_inst/q4_layer_cu3/inst/ap_clk	95019.000	1
/pfm_top_wrapper/pfm_top_i/pfm_dynamic_inst/q4_layer_cu3/inst/ap_clk	96686.000	0
/pfm_top_wrapper/pfm_top_i/pfm_dynamic_inst/q4_layer_cu3/inst/ap_clk	98353.000	1
/pfm_top_wrapper/pfm_top_i/pfm_dynamic_inst/q4_layer_cu3/inst/ap_clk	100020.000	0
/pfm_top_wrapper/pfm_top_i/pfm_dynamic_inst/q4_layer_cu3/inst/ap_clk	101687.000	1
/pfm_top_wrapper/pfm_top_i/pfm_dynamic_inst/q4_layer_cu3/inst/ap_clk	103354.000	0
/pfm_top_wrapper/pfm_top_i/pfm_dynamic_inst/q4_layer_cu3/inst/ap_clk	105021.000	1
/pfm_top_wrapper/pfm_top_i/pfm_dynamic_inst/q4_layer_cu3/inst/ap_clk	106688.000	0
/pfm_top_wrapper/pfm_top_i/pfm_dynamic_inst/q4_layer_cu3/inst/ap_clk	108355.000	1
/pfm_top_wrapper/pfm_top_i/pfm_dynamic_inst/q4_layer_cu3/inst/ap_clk	110022.000	0
/pfm_top_wrapper/pfm_top_i/pfm_dynamic_inst/q4_layer_cu3/inst/ap_clk	111689.000	1
/pfm_top_wrapper/pfm_top_i/pfm_dynamic_inst/q4_layer_cu3/inst/ap_clk	113356.000	0
/pfm_top_wrapper/pfm_top_i/pfm_dynamic_inst/q4_layer_cu3/inst/ap_clk	115023.000	1
/pfm_top_wrapper/pfm_top_i/pfm_dynamic_inst/q4_layer_cu3/inst/ap_clk	116690.000	0
/pfm_top_wrapper/pfm_top_i/pfm_dynamic_inst/q4_layer_cu3/inst/ap_clk	118357.000	1
/pfm_top_wrapper/pfm_top_i/pfm_dynamic_inst/q4_layer_cu3/inst/ap_clk	120024.000	0
/pfm_top_wrapper/pfm_top_i/pfm_dynamic_inst/q4_layer_cu3/inst/ap_clk	121691.000	1
/pfm_top_wrapper/pfm_top_i/pfm_dynamic_inst/q4_layer_cu3/inst/ap_clk	123358.000	0
/pfm_top_wrapper/pfm_top_i/pfm_dynamic_inst/q4_layer_cu3/inst/ap_clk	125025.000	1
/pfm_top_wrapper/pfm_top_i/pfm_dynamic_inst/q4_layer_cu3/inst/ap_clk	126692.000	0
/pfm_top_wrapper/pfm_top_i/pfm_dynamic_inst/q4_layer_cu3/inst/ap_clk	128359.000	1
/pfm_top_wrapper/pfm_top_i/pfm_dynamic_inst/q4_layer_cu3/inst/ap_clk	130026.000	0
/pfm_top_wrapper/pfm_top_i/pfm_dynamic_inst/q4_layer_cu3/inst/ap_clk	131693.000	1
/pfm_top_wrapper/pfm_top_i/pfm_dynamic_inst/q4_layer_cu3/inst/ap_clk	133360.000	0
/pfm_top_wrapper/pfm_top_i/pfm_dynamic_inst/q4_layer_cu3/inst/ap_clk	135027.000	1
/pfm_top_wrapper/pfm_top_i/pfm_dynamic_inst/q4_layer_cu3/inst/ap_clk	136694.000	0
/pfm_top_wrapper/pfm_top_i/pfm_dynamic_inst/q4_layer_cu3/inst/ap_clk	138361.000	1
/pfm_top_wrapper/pfm_top_i/pfm_dynamic_inst/q4_layer_cu3/inst/ap_clk	140028.000	0
/pfm_top_wrapper/pfm_top_i/pfm_dynamic_inst/q4_layer_cu3/inst/ap_clk	141695.000	1
/pfm_top_wrapper/pfm_top_i/pfm_dynamic_inst/q4_layer_cu3/inst/ap_clk	143362.000	0
/pfm_top_wrapper/pfm_top_i/pfm_dynamic_inst/q4_layer_cu3/inst/ap_clk	145029.000	1
/pfm_top_wrapper/pfm_top_i/pfm_dynamic_inst/q4_layer_cu3/inst/ap_clk	146696.000	0
/pfm_top_wrapper/pfm_top_i/pfm_dynamic_inst/q4_layer_cu3/inst/ap_clk	148363.000	1
/pfm_top_wrapper/pfm_top_i/pfm_dynamic_inst/q4_layer_cu3/inst/ap_clk	150030.000	0
/pfm_top_wrapper/pfm_top_i/pfm_dynamic_inst/q4_layer_cu3/inst/ap_clk	151697.000	1
/pfm_top_wrapper/pfm_top_i/pfm_dynamic_inst/q4_layer_cu3/inst/ap_clk	153364.000	0
/pfm_top_wrapper/pfm_top_i/pfm_dynamic_inst/q4_layer_cu3/inst/ap_clk	155031.000	1
/pfm_top_wrapper/pfm_top_i/pfm_dynamic_inst/q4_layer_cu3/inst/ap_clk	156698.000	0
/pfm_top_wrapper/pfm_top_i/pfm_dynamic_inst/q4_layer_cu3/inst/ap_clk	158365.000	1
/pfm_top_wrapper/pfm_top_i/pfm_dynamic_inst/q4_layer_cu3/inst/ap_clk	160032.000	0
/pfm_top_wrapper/pfm_top_i/pfm_dynamic_inst/q4_layer_cu3/inst/ap_clk	161699.000	1
/pfm_top_wrapper/pfm_top_i/pfm_dynamic_inst/q4_layer_cu3/inst/ap_clk	163366.000	0
/pfm_top_wrapper/pfm_top_i/pfm_dynamic_inst/q4_layer_cu3/inst/ap_clk	165033.000	1
/pfm_top_wrapper/pfm_top_i/pfm_dynamic_inst/q4_layer_cu3/inst/ap_clk	166700.000	0
/pfm_top_wrapper/pfm_top_i/pfm_dynamic_inst/q4_layer_cu3/inst/ap_clk	168367.000	1
/pfm_top_wrapper/pfm_top_i/pfm_dynamic_inst/q4_layer_cu3/inst/ap_clk	170034.000	0
/pfm_top_wrapper/pfm_top_i/pfm_dynamic_inst/q4_layer_cu3/inst/ap_clk	171701.000	1
/pfm_top_wrapper/pfm_top_i/pfm_dynamic_inst/q4_layer_cu3/inst/ap_clk	173368.000	0
/pfm_top_wrapper/pfm_top_i/pfm_dynamic_inst/q4_layer_cu3/inst/ap_clk	175035.000	1
/pfm_top_wrapper/pfm_top_i/pfm_dynamic_inst/q4_layer_cu3/inst/ap_clk	176702.000	0
/pfm_top_wrapper/pfm_top_i/pfm_dynamic_inst/q4_layer_cu3/inst/ap_clk	178369.000	1
/pfm_top_wrapper/pfm_top_i/pfm_dynamic_inst/q4_layer_cu3/inst/ap_clk	180036.000	0
/pfm_top_wrapper/pfm_top_i/pfm_dynamic_inst/q4_layer_cu3/inst/ap_clk	181703.000	1
/pfm_top_wrapper/pfm_top_i/pfm_dynamic_inst/q4_layer_cu3/inst/ap_clk	183370.000	0
/pfm_top_wrapper/pfm_top_i/pfm_dynamic_inst/q4_layer_cu3/inst/ap_clk	185037.000	1
/pfm_top_wrapper/pfm_top_i/pfm_dynamic_inst/q4_layer_cu3/inst/ap_clk	186704.000	0
/pfm_top_wrapper/pfm_top_i/pfm_dynamic_inst/q4_layer_cu3/inst/ap_clk	188371.000	1
/pfm_top_wrapper/pfm_top_i/pfm_dynamic_inst/q4_layer_cu3/inst/ap_clk	190038.000	0
/pfm_top_wrapper/pfm_top_i/pfm_dynamic_inst/q4_layer_cu3/inst/ap_clk	191705.000	1
/pfm_top_wrapper/pfm_top_i/pfm_dynamic_inst/q4_layer_cu3/inst/ap_clk	193372.000	0
/pfm_top_wrapper/pfm_top_i/pfm_dynamic_inst/q4_layer_cu3/inst/ap_clk	195039.000	1
/pfm_top_wrapper/pfm_top_i/pfm_dynamic_inst/q4_layer_cu3/inst/ap_clk	196706.000	0
/pfm_top_wrapper/pfm_top_i/pfm_dynamic_inst/q4_layer_cu3/inst/ap_clk	198373.000	1
/pfm_top_wrapper/pfm_top_i/pfm_dynamic_inst/q4_layer_cu3/inst/ap_clk	200040.000	0
/pfm_top_wrapper/pfm_top_i/pfm_dynamic_inst/q4_layer_cu3/inst/ap_clk	201707.000	1
/pfm_top_wrapper/pfm_top_i/pfm_dynamic_inst/q4_layer_cu3/inst/ap_clk	203374.000	0
/pfm_top_wrapper/pfm_top_i/pfm_dynamic_inst/q4_layer_cu3/inst/ap_clk	205041.000	1
/pfm_top_wrapper/pfm_top_i/pfm_dynamic_inst/q4_layer_cu3/inst/ap_clk	206708.000	0
/pfm_top_wrapper/pfm_top_i/pfm_dynamic_inst/q4_layer_cu3/inst/ap_clk	208375.000	1
/pfm_top_wrapper/pfm_top_i/pfm_dynamic_inst/q4_layer_cu3/inst/ap_clk	210042.000	0
/pfm_top_wrapper/pfm_top_i/pfm_dynamic_inst/q4_layer_cu3/inst/ap_clk	211709.000	1
/pfm_top_wrapper/pfm_top_i/pfm_dynamic_inst/q4_layer_cu3/inst/ap_clk	213376.000	0
/pfm_top_wrapper/pfm_top_i/pfm_dynamic_inst/q4_layer_cu3/inst/ap_clk	215043.000	1
/pfm_top_wrapper/pfm_top_i/pfm_dynamic_inst/q4_layer_cu3/inst/ap_clk	216710.000	0
/pfm_top_wrapper/pfm_top_i/pfm_dynamic_inst/q4_layer_cu3/inst/ap_clk	218377.000	1
/pfm_top_wrapper/pfm_top_i/pfm_dynamic_inst/q4_layer_cu3/inst/ap_clk	220044.000	0
/pfm_top_wrapper/pfm_top_i/pfm_dynamic_inst/q4_layer_cu3/inst/ap_clk	221711.000	1
/pfm_top_wrapper/pfm_top_i/pfm_dynamic_inst/q4_layer_cu3/inst/ap_clk	223378.000	0
/pfm_top_wrapper/pfm_top_i/pfm_dynamic_inst/q4_layer_cu3/inst/ap_clk	225045.000	1
/pfm_top_wrapper/pfm_top_i/pfm_dynamic_inst/q4_layer_cu3/inst/ap_clk	226712.000	0
/pfm_top_wrapper/pfm_top_i/pfm_dynamic_inst/q4_layer_cu3/inst/ap_clk	228379.000	1
/pfm_top_wrapper/pfm_top_i/pfm_dynamic_inst/q4_layer_cu3/inst/ap_clk	230046.000	0
/pfm_top_wrapper/pfm_top_i/pfm_dynamic_inst/q4_layer_cu3/inst/ap_clk	231713.000	1
/pfm_top_wrapper/pfm_top_i/pfm_dynamic_inst/q4_layer_cu3/inst/ap_clk	233380.000	0
/pfm_top_wrapper/pfm_top_i/pfm_dynamic_inst/q4_layer_cu3/inst/ap_clk	235047.000	1
/pfm_top_wrapper/pfm_top_i/pfm_dynamic_inst/q4_layer_cu3/inst/ap_clk	236714.000	0
/pfm_top_wrapper/pfm_top_i/pfm_dynamic_inst/q4_layer_cu3/inst/ap_clk	238381.000	1
/pfm_top_wrapper/pfm_top_i/pfm_dynamic_inst/q4_layer_cu3/inst/ap_clk	240048.000	0
/pfm_top_wrapper/pfm_top_i/pfm_dynamic_inst/q4_layer_cu3/inst/ap_clk	241715.000	1
/pfm_top_wrapper/pfm_top_i/pfm_dynamic_inst/q4_layer_cu3/inst/ap_clk	243382.000	0
/pfm_top_wrapper/pfm_top_i/pfm_dynamic_inst/q4_layer_cu3/inst/ap_clk	245049.000	1
/pfm_top_wrapper/pfm_top_i/pfm_dynamic_inst/q4_layer_cu3/inst/ap_clk	246716.000	0
/pfm_top_wrapper/pfm_top_i/pfm_dynamic_inst/q4_layer_cu3/inst/ap_clk	248383.000	1
/pfm_top_wrapper/pfm_top_i/pfm_dynamic_inst/q4_layer_cu3/inst/ap_clk	250050.000	0
/pfm_top_wrapper/pfm_top_i/pfm_dynamic_inst/q4_layer_cu3/inst/ap_clk	251717.000	1
/pfm_top_wrapper/pfm_top_i/pfm_dynamic_inst/q4_layer_cu3/inst/ap_clk	253384.000	0
/pfm_top_wrapper/pfm_top_i/pfm_dynamic_inst/q4_layer_cu3/inst/ap_clk	255051.000	1
/pfm_top_wrapper/pfm_top_i/pfm_dynamic_inst/q4_layer_cu3/inst/ap_clk	256718.000	0
/pfm_top_wrapper/pfm_top_i/pfm_dynamic_inst/q4_layer_cu3/inst/ap_clk	258385.000	1
/pfm_top_wrapper/pfm_top_i/pfm_dynamic_inst/q4_layer_cu3/inst/ap_clk	260052.000	0
/pfm_top_wrapper/pfm_top_i/pfm_dynamic_inst/q4_layer_cu3/inst/ap_clk	261719.000	1
/pfm_top_wrapper/pfm_top_i/pfm_dynamic_inst/q4_layer_cu3/inst/ap_clk	263386.000	0
/pfm_top_wrapper/pfm_top_i/pfm_dynamic_inst/q4_layer_cu3/inst/ap_clk	265053.000	1
/pfm_top_wrapper/pfm_top_i/pfm_dynamic_inst/q4_layer_cu3/inst/ap_clk	266720.000	0
/pfm_top_wrapper/pfm_top_i/pfm_dynamic_inst/q4_layer_cu3/inst/ap_clk	268387.000	1
/pfm_top_wrapper/pfm_top_i/pfm_dynamic_inst/q4_layer_cu3/inst/ap_clk	270054.000	0
/pfm_top_wrapper/pfm_top_i/pfm_dynamic_inst/q4_layer_cu3/inst/ap_clk	271721.000	1
/pfm_top_wrapper/pfm_top_i/pfm_dynamic_inst/q4_layer_cu3/inst/ap_clk	273388.000	0
/pfm_top_wrapper/pfm_top_i/pfm_dynamic_inst/q4_layer_cu3/inst/ap_clk	275055.000	1
/pfm_top_wrapper/pfm_top_i/pfm_dynamic_inst/q4_layer_cu3/inst/ap_clk	276722.000	0
/pfm_top_wrapper/pfm_top_i/pfm_dynamic_inst/q4_layer_cu3/inst/ap_clk	278389.000	1
/pfm_top_wrapper/pfm_top_i/pfm_dynamic_inst/q4_layer_cu3/inst/ap_clk	280056.000	0
/pfm_top_wrapper/pfm_top_i/pfm_dynamic_inst/q4_layer_cu3/inst/ap_clk	281723.000	1
/pfm_top_wrapper/pfm_top_i/pfm_dynamic_inst/q4_layer_cu3/inst/ap_clk	283390.000	0
/pfm_top_wrapper/pfm_top_i/pfm_dynamic_inst/q4_layer_cu3/inst/ap_clk	285057.000	1
/pfm_top_wrapper/pfm_top_i/pfm_dynamic_inst/q4_layer_cu3/inst/ap_clk	286724.000	0
/pfm_top_wrapper/pfm_top_i/pfm_dynamic_inst/q4_layer_cu3/inst/ap_clk	288391.000	1
/pfm_top_wrapper/pfm_top_i/pfm_dynamic_inst/q4_layer_cu3/inst/ap_clk	290058.000	0
/pfm_top_wrapper/pfm_top_i/pfm_dynamic_inst/q4_layer_cu3/inst/ap_clk	291725.000	1
/pfm_top_wrapper/pfm_top_i/pfm_dynamic_inst/q4_layer_cu3/inst/ap_clk	293392.000	0
/pfm_top_wrapper/pfm_top_i/pfm_dynamic_inst/q4_layer_cu3/inst/ap_clk	295059.000	1
/pfm_top_wrapper/pfm_top_i/pfm_dynamic_inst/q4_layer_cu3/inst/ap_clk	296726.000	0
/pfm_top_wrapper/pfm_top_i/pfm_dynamic_inst/q4_layer_cu3/inst/ap_clk	298393.000	1
/pfm_top_wrapper/pfm_top_i/pfm_dynamic_inst/q4_layer_cu3/inst/ap_clk	300060.000	0
/pfm_top_wrapper/pfm_top_i/pfm_dynamic_inst/q4_layer_cu3/inst/ap_clk	301727.000	1
/pfm_top_wrapper/pfm_top_i/pfm_dynamic_inst/q4_layer_cu3/inst/ap_clk	303394.000	0
/pfm_top_wrapper/pfm_top_i/pfm_dynamic_inst/q4_layer_cu3/inst/ap_clk	305061.000	1
/pfm_top_wrapper/pfm_top_i/pfm_dynamic_inst/q4_layer_cu3/inst/ap_clk	306728.000	0
/pfm_top_wrapper/pfm_top_i/pfm_dynamic_inst/q4_layer_cu3/inst/ap_clk	308395.000	1
/pfm_top_wrapper/pfm_top_i/pfm_dynamic_inst/q4_layer_cu3/inst/ap_clk	310062.000	0
/pfm_top_wrapper/pfm_top_i/pfm_dynamic_inst/q4_layer_cu3/inst/ap_clk	311729.000	1
/pfm_top_wrapper/pfm_top_i/pfm_dynamic_inst/q4_layer_cu3/inst/ap_clk	313396.000	0
/pfm_top_wrapper/pfm_top_i/pfm_dynamic_inst/q4_layer_cu3/inst/ap_clk	315063.000	1
/pfm_top_wrapper/pfm_top_i/pfm_dynamic_inst/q4_layer_cu3/inst/ap_clk	316730.000	0
/pfm_top_wrapper/pfm_top_i/pfm_dynamic_inst/q4_layer_cu3/inst/ap_clk	318397.000	1
/pfm_top_wrapper/pfm_top_i/pfm_dynamic_inst/q4_layer_cu3/inst/ap_clk	320064.000	0
/pfm_top_wrapper/pfm_top_i/pfm_dynamic_inst/q4_layer_cu3/inst/ap_clk	321731.000	1
/pfm_top_wrapper/pfm_top_i/pfm_dynamic_inst/q4_layer_cu3/inst/ap_clk	323398.000	0
/pfm_top_wrapper/pfm_top_i/pfm_dynamic_inst/q4_layer_cu3/inst/ap_clk	325065.000	1
/pfm_top_wrapper/pfm_top_i/pfm_dynamic_inst/q4_layer_cu3/inst/ap_clk	326732.000	0
/pfm_top_wrapper/pfm_top_i/pfm_dynamic_inst/q4_layer_cu3/inst/ap_clk	328399.000	1
/pfm_top_wrapper/pfm_top_i/pfm_dynamic_inst/q4_layer_cu3/inst/ap_clk	330066.000	0
/pfm_top_wrapper/pfm_top_i/pfm_dynamic_inst/q4_layer_cu3/inst/ap_clk	331733.000	1
/pfm_top_wrapper/pfm_top_i/pfm_dynamic_inst/q4_layer_cu3/inst/ap_clk	333400.000	0
/pfm_top_wrapper/pfm_top_i/pfm_dynamic_inst/q4_layer_cu3/inst/ap_clk	335067.000	1
/pfm_top_wrapper/pfm_top_i/pfm_dynamic_inst/q4_layer_cu3/inst/ap_clk	336734.000	0
/pfm_top_wrapper/pfm_top_i/pfm_dynamic_inst/q4_layer_cu3/inst/ap_clk	338401.000	1
/pfm_top_wrapper/pfm_top_i/pfm_dynamic_inst/q4_layer_cu3/inst/ap_clk	340068.000	0
/pfm_top_wrapper/pfm_top_i/pfm_dynamic_inst/q4_layer_cu3/inst/ap_clk	341735.000	1
/pfm_top_wrapper/pfm_top_i/pfm_dynamic_inst/q4_layer_cu3/inst/ap_clk	343402.000	0
/pfm_top_wrapper/pfm_top_i/pfm_dynamic_inst/q4_layer_cu3/inst/ap_clk	345069.000	1
/pfm_top_wrapper/pfm_top_i/pfm_dynamic_inst/q4_layer_cu3/inst/ap_clk	346736.000	0
/pfm_top_wrapper/pfm_top_i/pfm_dynamic_inst/q4_layer_cu3/inst/ap_clk	348403.000	1
/pfm_top_wrapper/pfm_top_i/pfm_dynamic_inst/q4_layer_cu3/inst/ap_clk	350070.000	0
/pfm_top_wrapper/pfm_top_i/pfm_dynamic_inst/q4_layer_cu3/inst/ap_clk	351737.000	1
/pfm_top_wrapper/pfm_top_i/pfm_dynamic_inst/q4_layer_cu3/inst/ap_clk	353404.000	0
/pfm_top_wrapper/pfm_top_i/pfm_dynamic_inst/q4_layer_cu3/inst/ap_clk	355071.000	1
/pfm_top_wrapper/pfm_top_i/pfm_dynamic_inst/q4_layer_cu3/inst/ap_clk	356738.000	0
/pfm_top_wrapper/pfm_top_i/pfm_dynamic_inst/q4_layer_cu3/inst/ap_clk	358405.000	1
/pfm_top_wrapper/pfm_top_i/pfm_dynamic_inst/q4_layer_cu3/inst/ap_clk	360072.000	0
/pfm_top_wrapper/pfm_top_i/pfm_dynamic_inst/q4_layer_cu3/inst/ap_clk	361739.000	1
/pfm_top_wrapper/pfm_top_i/pfm_dynamic_inst/q4_layer_cu3/inst/ap_clk	363406.000	0
/pfm_top_wrapper/pfm_top_i/pfm_dynamic_inst/q4_layer_cu3/inst/ap_clk	365073.000	1
/pfm_top_wrapper/pfm_top_i/pfm_dynamic_inst/q4_layer_cu3/inst/ap_clk	366740.000	0
/pfm_top_wrapper/pfm_top_i/pfm_dynamic_inst/q4_layer_cu3/inst/ap_clk	368407.000	1
/pfm_top_wrapper/pfm_top_i/pfm_dynamic_inst/q4_layer_cu3/inst/ap_clk	370074.000	0
/pfm_top_wrapper/pfm_top_i/pfm_dynamic_inst/q4_layer_cu3/inst/ap_clk	371741.000	1
/pfm_top_wrapper/pfm_top_i/pfm_dynamic_inst/q4_layer_cu3/inst/ap_clk	373408.000	0
/pfm_top_wrapper/pfm_top_i/pfm_dynamic_inst/q4_layer_cu3/inst/ap_clk	375075.000	1
/pfm_top_wrapper/pfm_top_i/pfm_dynamic_inst/q4_layer_cu3/inst/ap_clk	376742.000	0
/pfm_top_wrapper/pfm_top_i/pfm_dynamic_inst/q4_layer_cu3/inst/ap_clk	378409.000	1
/pfm_top_wrapper/pfm_top_i/pfm_dynamic_inst/q4_layer_cu3/inst/ap_clk	380076.000	0
/pfm_top_wrapper/pfm_top_i/pfm_dynamic_inst/q4_layer_cu3/inst/ap_clk	381743.000	1
/pfm_top_wrapper/pfm_top_i/pfm_dynamic_inst/q4_layer_cu3/inst/ap_clk	383410.000	0
/pfm_top_wrapper/pfm_top_i/pfm_dynamic_inst/q4_layer_cu3/inst/ap_clk	385077.000	1
/pfm_top_wrapper/pfm_top_i/pfm_dynamic_inst/q4_layer_cu3/inst/ap_clk	386744.000	0
/pfm_top_wrapper/pfm_top_i/pfm_dynamic_inst/q4_layer_cu3/inst/ap_clk	388411.000	1
/pfm_top_wrapper/pfm_top_i/pfm_dynamic_inst/q4_layer_cu3/inst/ap_clk	390078.000	0
/pfm_top_wrapper/pfm_top_i/pfm_dynamic_inst/q4_layer_cu3/inst/ap_clk	391745.000	1
/pfm_top_wrapper/pfm_top_i/pfm_dynamic_inst/q4_layer_cu3/inst/ap_clk	393412.000	0
/pfm_top_wrapper/pfm_top_i/pfm_dynamic_inst/q4_layer_cu3/inst/ap_clk	395079.000	1
/pfm_top_wrapper/pfm_top_i/pfm_dynamic_inst/q4_layer_cu3/inst/ap_clk	396746.000	0
/pfm_top_wrapper/pfm_top_i/pfm_dynamic_inst/q4_layer_cu3/inst/ap_clk	398413.000	1
/pfm_top_wrapper/pfm_top_i/pfm_dynamic_inst/q4_layer_cu3/inst/ap_clk	400080.000	0
/pfm_top_wrapper/pfm_top_i/pfm_dynamic_inst/q4_layer_cu3/inst/ap_clk	401747.000	1
/pfm_top_wrapper/pfm_top_i/pfm_dynamic_inst/q4_layer_cu3/inst/ap_clk	403414.000	0
/pfm_top_wrapper/pfm_top_i/pfm_dynamic_inst/q4_layer_cu3/inst/ap_clk	405081.000	1
/pfm_top_wrapper/pfm_top_i/pfm_dynamic_inst/q4_layer_cu3/inst/ap_clk	406748.000	0
/pfm_top_wrapper/pfm_top_i/pfm_dynamic_inst/q4_layer_cu3/inst/ap_clk	408415.000	1
/pfm_top_wrapper/pfm_top_i/pfm_dynamic_inst/q4_layer_cu3/inst/ap_clk	410082.000	0
/pfm_top_wrapper/pfm_top_i/pfm_dynamic_inst/q4_layer_cu3/inst/ap_clk	411749.000	1
/pfm_top_wrapper/pfm_top_i/pfm_dynamic_inst/q4_layer_cu3/inst/ap_clk	413416.000	0
/pfm_top_wrapper/pfm_top_i/pfm_dynamic_inst/q4_layer_cu3/inst/ap_clk	415083.000	1
/pfm_top_wrapper/pfm_top_i/pfm_dynamic_inst/q4_layer_cu3/inst/ap_clk	416750.000	0
/pfm_top_wrapper/pfm_top_i/pfm_dynamic_inst/q4_layer_cu3/inst/ap_clk	418417.000	1
/pfm_top_wrapper/pfm_top_i/pfm_dynamic_inst/q4_layer_cu3/inst/ap_clk	420084.000	0
/pfm_top_wrapper/pfm_top_i/pfm_dynamic_inst/q4_layer_cu3/inst/ap_clk	421751.000	1
/pfm_top_wrapper/pfm_top_i/pfm_dynamic_inst/q4_layer_cu3/inst/ap_clk	423418.000	0
/pfm_top_wrapper/pfm_top_i/pfm_dynamic_inst/q4_layer_cu3/inst/ap_clk	425085.000	1
/pfm_top_wrapper/pfm_top_i/pfm_dynamic_inst/q4_layer_cu3/inst/ap_clk	426752.000	0
/pfm_top_wrapper/pfm_top_i/pfm_dynamic_inst/q4_layer_cu3/inst/ap_clk	428419.000	1
/pfm_top_wrapper/pfm_top_i/pfm_dynamic_inst/q4_layer_cu3/inst/ap_clk	430086.000	0
/pfm_top_wrapper/pfm_top_i/pfm_dynamic_inst/q4_layer_cu3/inst/ap_clk	431753.000	1
/pfm_top_wrapper/pfm_top_i/pfm_dynamic_inst/q4_layer_cu3/inst/ap_clk	433420.000	0
/pfm_top_wrapper/pfm_top_i/pfm_dynamic_inst/q4_layer_cu3/inst/ap_clk	435087.000	1
/pfm_top_wrapper/pfm_top_i/pfm_dynamic_inst/q4_layer_cu3/inst/ap_clk	436754.000	0
/pfm_top_wrapper/pfm_top_i/pfm_dynamic_inst/q4_layer_cu3/inst/ap_clk	438421.000	1
/pfm_top_wrapper/pfm_top_i/pfm_dynamic_inst/q4_layer_cu3/inst/ap_clk	440088.000	0
/pfm_top_wrapper/pfm_top_i/pfm_dynamic_inst/q4_layer_cu3/inst/ap_clk	441755.000	1
/pfm_top_wrapper/pfm_top_i/pfm_dynamic_inst/q4_layer_cu3/inst/ap_clk	443422.000	0
/pfm_top_wrapper/pfm_top_i/pfm_dynamic_inst/q4_layer_cu3/inst/ap_clk	445089.000	1
/pfm_top_wrapper/pfm_top_i/pfm_dynamic_inst/q4_layer_cu3/inst/ap_clk	446756.000	0
/pfm_top_wrapper/pfm_top_i/pfm_dynamic_inst/q4_layer_cu3/inst/ap_clk	448423.000	1
/pfm_top_wrapper/pfm_top_i/pfm_dynamic_inst/q4_layer_cu3/inst/ap_clk	450090.000	0
/pfm_top_wrapper/pfm_top_i/pfm_dynamic_inst/q4_layer_cu3/inst/ap_clk	451757.000	1
/pfm_top_wrapper/pfm_top_i/pfm_dynamic_inst/q4_layer_cu3/inst/ap_clk	453424.000	0
/pfm_top_wrapper/pfm_top_i/pfm_dynamic_inst/q4_layer_cu3/inst/ap_clk	455091.000	1
/pfm_top_wrapper/pfm_top_i/pfm_dynamic_inst/q4_layer_cu3/inst/ap_clk	456758.000	0
/pfm_top_wrapper/pfm_top_i/pfm_dynamic_inst/q4_layer_cu3/inst/ap_clk	458425.000	1
/pfm_top_wrapper/pfm_top_i/pfm_dynamic_inst/q4_layer_cu3/inst/ap_clk	460092.000	0
/pfm_top_wrapper/pfm_top_i/pfm_dynamic_inst/q4_layer_cu3/inst/ap_clk	461759.000	1
/pfm_top_wrapper/pfm_top_i/pfm_dynamic_inst/q4_layer_cu3/inst/ap_clk	463426.000	0
/pfm_top_wrapper/pfm_top_i/pfm_dynamic_inst/q4_layer_cu3/inst/ap_clk	465093.000	1
/pfm_top_wrapper/pfm_top_i/pfm_dynamic_inst/q4_layer_cu3/inst/ap_clk	466760.000	0
/pfm_top_wrapper/pfm_top_i/pfm_dynamic_inst/q4_layer_cu3/inst/ap_clk	468427.000	1
/pfm_top_wrapper/pfm_top_i/pfm_dynamic_inst/q4_layer_cu3/inst/ap_clk	470094.000	0
/pfm_top_wrapper/pfm_top_i/pfm_dynamic_inst/q4_layer_cu3/inst/ap_clk	471761.000	1
/pfm_top_wrapper/pfm_top_i/pfm_dynamic_inst/q4_layer_cu3/inst/ap_clk	473428.000	0
/pfm_top_wrapper/pfm_top_i/pfm_dynamic_inst/q4_layer_cu3/inst/ap_clk	475095.000	1
/pfm_top_wrapper/pfm_top_i/pfm_dynamic_inst/q4_layer_cu3/inst/ap_clk	476762.000	0
/pfm_top_wrapper/pfm_top_i/pfm_dynamic_inst/q4_layer_cu3/inst/ap_clk	478429.000	1
/pfm_top_wrapper/pfm_top_i/pfm_dynamic_inst/q4_layer_cu3/inst/ap_clk	480096.000	0
/pfm_top_wrapper/pfm_top_i/pfm_dynamic_inst/q4_layer_cu3/inst/ap_clk	481763.000	1
/pfm_top_wrapper/pfm_top_i/pfm_dynamic_inst/q4_layer_cu3/inst/ap_clk	483430.000	0
/pfm_top_wrapper/pfm_top_i/pfm_dynamic_inst/q4_layer_cu3/inst/ap_clk	485097.000	1
/pfm_top_wrapper/pfm_top_i/pfm_dynamic_inst/q4_layer_cu3/inst/ap_clk	486764.000	0
/pfm_top_wrapper/pfm_top_i/pfm_dynamic_inst/q4_layer_cu3/inst/ap_clk	488431.000	1
/pfm_top_wrapper/pfm_top_i/pfm_dynamic_inst/q4_layer_cu3/inst/ap_clk	490098.000	0
/pfm_top_wrapper/pfm_top_i/pfm_dynamic_inst/q4_layer_cu3/inst/ap_clk	491765.000	1
/pfm_top_wrapper/pfm_top_i/pfm_dynamic_inst/q4_layer_cu3/inst/ap_clk	493432.000	0
/pfm_top_wrapper/pfm_top_i/pfm_dynamic_inst/q4_layer_cu3/inst/ap_clk	495099.000	1
/pfm_top_wrapper/pfm_top_i/pfm_dynamic_inst/q4_layer_cu3/inst/ap_clk	496766.000	0
/pfm_top_wrapper/pfm_top_i/pfm_dynamic_inst/q4_layer_cu3/inst/ap_clk	498433.000	1
/pfm_top_wrapper/pfm_top_i/pfm_dynamic_inst/q4_layer_cu3/inst/ap_clk	500100.000	0
/pfm_top_wrapper/pfm_top_i/pfm_dynamic_inst/q4_layer_cu3/inst/ap_clk	501767.000	1
/pfm_top_wrapper/pfm_top_i/pfm_dynamic_inst/q4_layer_cu3/inst/ap_clk	503434.000	0
/pfm_top_wrapper/pfm_top_i/pfm_dynamic_inst/q4_layer_cu3/inst/ap_clk	505101.000	1
/pfm_top_wrapper/pfm_top_i/pfm_dynamic_inst/q4_layer_cu3/inst/ap_clk	506768.000	0
/pfm_top_wrapper/pfm_top_i/pfm_dynamic_inst/q4_layer_cu3/inst/ap_clk	508435.000	1
/pfm_top_wrapper/pfm_top_i/pfm_dynamic_inst/q4_layer_cu3/inst/ap_clk	510102.000	0
/pfm_top_wrapper/pfm_top_i/pfm_dynamic_inst/q4_layer_cu3/inst/ap_clk	511769.000	1
/pfm_top_wrapper/pfm_top_i/pfm_dynamic_inst/q4_layer_cu3/inst/ap_clk	513436.000	0
/pfm_top_wrapper/pfm_top_i/pfm_dynamic_inst/q4_layer_cu3/inst/ap_clk	515103.000	1
/pfm_top_wrapper/pfm_top_i/pfm_dynamic_inst/q4_layer_cu3/inst/ap_clk	516770.000	0
/pfm_top_wrapper/pfm_top_i/pfm_dynamic_inst/q4_layer_cu3/inst/ap_clk	518437.000	1
/pfm_top_wrapper/pfm_top_i/pfm_dynamic_inst/q4_layer_cu3/inst/ap_clk	520104.000	0
/pfm_top_wrapper/pfm_top_i/pfm_dynamic_inst/q4_layer_cu3/inst/ap_clk	521771.000	1
/pfm_top_wrapper/pfm_top_i/pfm_dynamic_inst/q4_layer_cu3/inst/ap_clk	523438.000	0
/pfm_top_wrapper/pfm_top_i/pfm_dynamic_inst/q4_layer_cu3/inst/ap_clk	525105.000	1
/pfm_top_wrapper/pfm_top_i/pfm_dynamic_inst/q4_layer_cu3/inst/ap_clk	526772.000	0
/pfm_top_wrapper/pfm_top_i/pfm_dynamic_inst/q4_layer_cu3/inst/ap_clk	528439.000	1
/pfm_top_wrapper/pfm_top_i/pfm_dynamic_inst/q4_layer_cu3/inst/ap_clk	530106.000	0
/pfm_top_wrapper/pfm_top_i/pfm_dynamic_inst/q4_layer_cu3/inst/ap_clk	531773.000	1
/pfm_top_wrapper/pfm_top_i/pfm_dynamic_inst/q4_layer_cu3/inst/ap_clk	533440.000	0
/pfm_top_wrapper/pfm_top_i/pfm_dynamic_inst/q4_layer_cu3/inst/ap_clk	535107.000	1
/pfm_top_wrapper/pfm_top_i/pfm_dynamic_inst/q4_layer_cu3/inst/ap_clk	536774.000	0
/pfm_top_wrapper/pfm_top_i/pfm_dynamic_inst/q4_layer_cu3/inst/ap_clk	538441.000	1
/pfm_top_wrapper/pfm_top_i/pfm_dynamic_inst/q4_layer_cu3/inst/ap_clk	540108.000	0
/pfm_top_wrapper/pfm_top_i/pfm_dynamic_inst/q4_layer_cu3/inst/ap_clk	541775.000	1
/pfm_top_wrapper/pfm_top_i/pfm_dynamic_inst/q4_layer_cu3/inst/ap_clk	543442.000	0
/pfm_top_wrapper/pfm_top_i/pfm_dynamic_inst/q4_layer_cu3/inst/ap_clk	545109.000	1
/pfm_top_wrapper/pfm_top_i/pfm_dynamic_inst/q4_layer_cu3/inst/ap_clk	546776.000	0
/pfm_top_wrapper/pfm_top_i/pfm_dynamic_inst/q4_layer_cu3/inst/ap_clk	548443.000	1
/pfm_top_wrapper/pfm_top_i/pfm_dynamic_inst/q4_layer_cu3/inst/ap_clk	550110.000	0
/pfm_top_wrapper/pfm_top_i/pfm_dynamic_inst/q4_layer_cu3/inst/ap_clk	551777.000	1
/pfm_top_wrapper/pfm_top_i/pfm_dynamic_inst/q4_layer_cu3/inst/ap_clk	553444.000	0
/pfm_top_wrapper/pfm_top_i/pfm_dynamic_inst/q4_layer_cu3/inst/ap_clk	555111.000	1
/pfm_top_wrapper/pfm_top_i/pfm_dynamic_inst/q4_layer_cu3/inst/ap_clk	556778.000	0
/pfm_top_wrapper/pfm_top_i/pfm_dynamic_inst/q4_layer_cu3/inst/ap_clk	558445.000	1
/pfm_top_wrapper/pfm_top_i/pfm_dynamic_inst/q4_layer_cu3/inst/ap_clk	560112.000	0
/pfm_top_wrapper/pfm_top_i/pfm_dynamic_inst/q4_layer_cu3/inst/ap_clk	561779.000	1
/pfm_top_wrapper/pfm_top_i/pfm_dynamic_inst/q4_layer_cu3/inst/ap_clk	563446.000	0
/pfm_top_wrapper/pfm_top_i/pfm_dynamic_inst/q4_layer_cu3/inst/ap_clk	565113.000	1
/pfm_top_wrapper/pfm_top_i/pfm_dynamic_inst/q4_layer_cu3/inst/ap_clk	566780.000	0
/pfm_top_wrapper/pfm_top_i/pfm_dynamic_inst/q4_layer_cu3/inst/ap_clk	568447.000	1
/pfm_top_wrapper/pfm_top_i/pfm_dynamic_inst/q4_layer_cu3/inst/ap_clk	570114.000	0
/pfm_top_wrapper/pfm_top_i/pfm_dynamic_inst/q4_layer_cu3/inst/ap_clk	571781.000	1
/pfm_top_wrapper/pfm_top_i/pfm_dynamic_inst/q4_layer_cu3/inst/ap_clk	573448.000	0
/pfm_top_wrapper/pfm_top_i/pfm_dynamic_inst/q4_layer_cu3/inst/ap_clk	575115.000	1
/pfm_top_wrapper/pfm_top_i/pfm_dynamic_inst/q4_layer_cu3/inst/ap_clk	576782.000	0
/pfm_top_wrapper/pfm_top_i/pfm_dynamic_inst/q4_layer_cu3/inst/ap_clk	578449.000	1
/pfm_top_wrapper/pfm_top_i/pfm_dynamic_inst/q4_layer_cu3/inst/ap_clk	580116.000	0
/pfm_top_wrapper/pfm_top_i/pfm_dynamic_inst/q4_layer_cu3/inst/ap_clk	581783.000	1
/pfm_top_wrapper/pfm_top_i/pfm_dynamic_inst/q4_layer_cu3/inst/ap_clk	583450.000	0
/pfm_top_wrapper/pfm_top_i/pfm_dynamic_inst/q4_layer_cu3/inst/ap_clk	585117.000	1
/pfm_top_wrapper/pfm_top_i/pfm_dynamic_inst/q4_layer_cu3/inst/ap_clk	586784.000	0
/pfm_top_wrapper/pfm_top_i/pfm_dynamic_inst/q4_layer_cu3/inst/ap_clk	588451.000	1
/pfm_top_wrapper/pfm_top_i/pfm_dynamic_inst/q4_layer_cu3/inst/ap_clk	590118.000	0
/pfm_top_wrapper/pfm_top_i/pfm_dynamic_inst/q4_layer_cu3/inst/ap_clk	591785.000	1
/pfm_top_wrapper/pfm_top_i/pfm_dynamic_inst/q4_layer_cu3/inst/ap_clk	593452.000	0
/pfm_top_wrapper/pfm_top_i/pfm_dynamic_inst/q4_layer_cu3/inst/ap_clk	595119.000	1
/pfm_top_wrapper/pfm_top_i/pfm_dynamic_inst/q4_layer_cu3/inst/ap_clk	596786.000	0
/pfm_top_wrapper/pfm_top_i/pfm_dynamic_inst/q4_layer_cu3/inst/ap_clk	598453.000	1
/pfm_top_wrapper/pfm_top_i/pfm_dynamic_inst/q4_layer_cu3/inst/ap_clk	600120.000	0
/pfm_top_wrapper/pfm_top_i/pfm_dynamic_inst/q4_layer_cu3/inst/ap_clk	601787.000	1
/pfm_top_wrapper/pfm_top_i/pfm_dynamic_inst/q4_layer_cu3/inst/ap_clk	603454.000	0
/pfm_top_wrapper/pfm_top_i/pfm_dynamic_inst/q4_layer_cu3/inst/ap_clk	605121.000	1
/pfm_top_wrapper/pfm_top_i/pfm_dynamic_inst/q4_layer_cu3/inst/ap_clk	606788.000	0
/pfm_top_wrapper/pfm_top_i/pfm_dynamic_inst/q4_layer_cu3/inst/ap_clk	608455.000	1
/pfm_top_wrapper/pfm_top_i/pfm_dynamic_inst/q4_layer_cu3/inst/ap_clk	610122.000	0
/pfm_top_wrapper/pfm_top_i/pfm_dynamic_inst/q4_layer_cu3/inst/ap_clk	611789.000	1
/pfm_top_wrapper/pfm_top_i/pfm_dynamic_inst/q4_layer_cu3/inst/ap_clk	613456.000	0
/pfm_top_wrapper/pfm_top_i/pfm_dynamic_inst/q4_layer_cu3/inst/ap_clk	615123.000	1
/pfm_top_wrapper/pfm_top_i/pfm_dynamic_inst/q4_layer_cu3/inst/ap_clk	616790.000	0
/pfm_top_wrapper/pfm_top_i/pfm_dynamic_inst/q4_layer_cu3/inst/ap_clk	618457.000	1
/pfm_top_wrapper/pfm_top_i/pfm_dynamic_inst/q4_layer_cu3/inst/ap_clk	620124.000	0
/pfm_top_wrapper/pfm_top_i/pfm_dynamic_inst/q4_layer_cu3/inst/ap_clk	621791.000	1
/pfm_top_wrapper/pfm_top_i/pfm_dynamic_inst/q4_layer_cu3/inst/ap_clk	623458.000	0
/pfm_top_wrapper/pfm_top_i/pfm_dynamic_inst/q4_layer_cu3/inst/ap_clk	625125.000	1
/pfm_top_wrapper/pfm_top_i/pfm_dynamic_inst/q4_layer_cu3/inst/ap_clk	626792.000	0
/pfm_top_wrapper/pfm_top_i/pfm_dynamic_inst/q4_layer_cu3/inst/ap_clk	628459.000	1
/pfm_top_wrapper/pfm_top_i/pfm_dynamic_inst/q4_layer_cu3/inst/ap_clk	630126.000	0
/pfm_top_wrapper/pfm_top_i/pfm_dynamic_inst/q4_layer_cu3/inst/ap_clk	631793.000	1
/pfm_top_wrapper/pfm_top_i/pfm_dynamic_inst/q4_layer_cu3/inst/ap_clk	633460.000	0
/pfm_top_wrapper/pfm_top_i/pfm_dynamic_inst/q4_layer_cu3/inst/ap_clk	635127.000	1
/pfm_top_wrapper/pfm_top_i/pfm_dynamic_inst/q4_layer_cu3/inst/ap_clk	636794.000	0
/pfm_top_wrapper/pfm_top_i/pfm_dynamic_inst/q4_layer_cu3/inst/ap_clk	638461.000	1
/pfm_top_wrapper/pfm_top_i/pfm_dynamic_inst/q4_layer_cu3/inst/ap_clk	640128.000	0
/pfm_top_wrapper/pfm_top_i/pfm_dynamic_inst/q4_layer_cu3/inst/ap_clk	641795.000	1
/pfm_top_wrapper/pfm_top_i/pfm_dynamic_inst/q4_layer_cu3/inst/ap_clk	643462.000	0
/pfm_top_wrapper/pfm_top_i/pfm_dynamic_inst/q4_layer_cu3/inst/ap_clk	645129.000	1
/pfm_top_wrapper/pfm_top_i/pfm_dynamic_inst/q4_layer_cu3/inst/ap_clk	646796.000	0
/pfm_top_wrapper/pfm_top_i/pfm_dynamic_inst/q4_layer_cu3/inst/ap_clk	648463.000	1
/pfm_top_wrapper/pfm_top_i/pfm_dynamic_inst/q4_layer_cu3/inst/ap_clk	650130.000	0
/pfm_top_wrapper/pfm_top_i/pfm_dynamic_inst/q4_layer_cu3/inst/ap_clk	651797.000	1
/pfm_top_wrapper/pfm_top_i/pfm_dynamic_inst/q4_layer_cu3/inst/ap_clk	653464.000	0
/pfm_top_wrapper/pfm_top_i/pfm_dynamic_inst/q4_layer_cu3/inst/ap_clk	655131.000	1
/pfm_top_wrapper/pfm_top_i/pfm_dynamic_inst/q4_layer_cu3/inst/ap_clk	656798.000	0
/pfm_top_wrapper/pfm_top_i/pfm_dynamic_inst/q4_layer_cu3/inst/ap_clk	658465.000	1
/pfm_top_wrapper/pfm_top_i/pfm_dynamic_inst/q4_layer_cu3/inst/ap_clk	660132.000	0
/pfm_top_wrapper/pfm_top_i/pfm_dynamic_inst/q4_layer_cu3/inst/ap_clk	661799.000	1
/pfm_top_wrapper/pfm_top_i/pfm_dynamic_inst/q4_layer_cu3/inst/ap_clk	663466.000	0
/pfm_top_wrapper/pfm_top_i/pfm_dynamic_inst/q4_layer_cu3/inst/ap_clk	665133.000	1
/pfm_top_wrapper/pfm_top_i/pfm_dynamic_inst/q4_layer_cu3/inst/ap_clk	666800.000	0
/pfm_top_wrapper/pfm_top_i/pfm_dynamic_inst/q4_layer_cu3/inst/ap_clk	668467.000	1
/pfm_top_wrapper/pfm_top_i/pfm_dynamic_inst/q4_layer_cu3/inst/ap_clk	670134.000	0
/pfm_top_wrapper/pfm_top_i/pfm_dynamic_inst/q4_layer_cu3/inst/ap_clk	671801.000	1
/pfm_top_wrapper/pfm_top_i/pfm_dynamic_inst/q4_layer_cu3/inst/ap_clk	673468.000	0
/pfm_top_wrapper/pfm_top_i/pfm_dynamic_inst/q4_layer_cu3/inst/ap_clk	675135.000	1
/pfm_top_wrapper/pfm_top_i/pfm_dynamic_inst/q4_layer_cu3/inst/ap_clk	676802.000	0
/pfm_top_wrapper/pfm_top_i/pfm_dynamic_inst/q4_layer_cu3/inst/ap_clk	678469.000	1
/pfm_top_wrapper/pfm_top_i/pfm_dynamic_inst/q4_layer_cu3/inst/ap_clk	680136.000	0
/pfm_top_wrapper/pfm_top_i/pfm_dynamic_inst/q4_layer_cu3/inst/ap_clk	681803.000	1
/pfm_top_wrapper/pfm_top_i/pfm_dynamic_inst/q4_layer_cu3/inst/ap_clk	683470.000	0
/pfm_top_wrapper/pfm_top_i/pfm_dynamic_inst/q4_layer_cu3/inst/ap_clk	685137.000	1
/pfm_top_wrapper/pfm_top_i/pfm_dynamic_inst/q4_layer_cu3/inst/ap_clk	686804.000	0
/pfm_top_wrapper/pfm_top_i/pfm_dynamic_inst/q4_layer_cu3/inst/ap_clk	688471.000	1
/pfm_top_wrapper/pfm_top_i/pfm_dynamic_inst/q4_layer_cu3/inst/ap_clk	690138.000	0
/pfm_top_wrapper/pfm_top_i/pfm_dynamic_inst/q4_layer_cu3/inst/ap_clk	691805.000	1
/pfm_top_wrapper/pfm_top_i/pfm_dynamic_inst/q4_layer_cu3/inst/ap_clk	693472.000	0
/pfm_top_wrapper/pfm_top_i/pfm_dynamic_inst/q4_layer_cu3/inst/ap_clk	695139.000	1
/pfm_top_wrapper/pfm_top_i/pfm_dynamic_inst/q4_layer_cu3/inst/ap_clk	696806.000	0
/pfm_top_wrapper/pfm_top_i/pfm_dynamic_inst/q4_layer_cu3/inst/ap_clk	698473.000	1
/pfm_top_wrapper/pfm_top_i/pfm_dynamic_inst/q4_layer_cu3/inst/ap_clk	700140.000	0
/pfm_top_wrapper/pfm_top_i/pfm_dynamic_inst/q4_layer_cu3/inst/ap_clk	701807.000	1
/pfm_top_wrapper/pfm_top_i/pfm_dynamic_inst/q4_layer_cu3/inst/ap_clk	703474.000	0
/pfm_top_wrapper/pfm_top_i/pfm_dynamic_inst/q4_layer_cu3/inst/ap_clk	705141.000	1
/pfm_top_wrapper/pfm_top_i/pfm_dynamic_inst/q4_layer_cu3/inst/ap_clk	706808.000	0
/pfm_top_wrapper/pfm_top_i/pfm_dynamic_inst/q4_layer_cu3/inst/ap_clk	708475.000	1
/pfm_top_wrapper/pfm_top_i/pfm_dynamic_inst/q4_layer_cu3/inst/ap_clk	710142.000	0
/pfm_top_wrapper/pfm_top_i/pfm_dynamic_inst/q4_layer_cu3/inst/ap_clk	711809.000	1
/pfm_top_wrapper/pfm_top_i/pfm_dynamic_inst/q4_layer_cu3/inst/ap_clk	713476.000	0
/pfm_top_wrapper/pfm_top_i/pfm_dynamic_inst/q4_layer_cu3/inst/ap_clk	715143.000	1
/pfm_top_wrapper/pfm_top_i/pfm_dynamic_inst/q4_layer_cu3/inst/ap_clk	716810.000	0
/pfm_top_wrapper/pfm_top_i/pfm_dynamic_inst/q4_layer_cu3/inst/ap_clk	718477.000	1
/pfm_top_wrapper/pfm_top_i/pfm_dynamic_inst/q4_layer_cu3/inst/ap_clk	720144.000	0
/pfm_top_wrapper/pfm_top_i/pfm_dynamic_inst/q4_layer_cu3/inst/ap_clk	721811.000	1
/pfm_top_wrapper/pfm_top_i/pfm_dynamic_inst/q4_layer_cu3/inst/ap_clk	723478.000	0
/pfm_top_wrapper/pfm_top_i/pfm_dynamic_inst/q4_layer_cu3/inst/ap_clk	725145.000	1
/pfm_top_wrapper/pfm_top_i/pfm_dynamic_inst/q4_layer_cu3/inst/ap_clk	726812.000	0
/pfm_top_wrapper/pfm_top_i/pfm_dynamic_inst/q4_layer_cu3/inst/ap_clk	728479.000	1
/pfm_top_wrapper/pfm_top_i/pfm_dynamic_inst/q4_layer_cu3/inst/ap_clk	730146.000	0
/pfm_top_wrapper/pfm_top_i/pfm_dynamic_inst/q4_layer_cu3/inst/ap_clk	731813.000	1
/pfm_top_wrapper/pfm_top_i/pfm_dynamic_inst/q4_layer_cu3/inst/ap_clk	733480.000	0
/pfm_top_wrapper/pfm_top_i/pfm_dynamic_inst/q4_layer_cu3/inst/ap_clk	735147.000	1
/pfm_top_wrapper/pfm_top_i/pfm_dynamic_inst/q4_layer_cu3/inst/ap_clk	736814.000	0
/pfm_top_wrapper/pfm_top_i/pfm_dynamic_inst/q4_layer_cu3/inst/ap_clk	738481.000	1
/pfm_top_wrapper/pfm_top_i/pfm_dynamic_inst/q4_layer_cu3/inst/ap_clk	740148.000	0
/pfm_top_wrapper/pfm_top_i/pfm_dynamic_inst/q4_layer_cu3/inst/ap_clk	741815.000	1
/pfm_top_wrapper/pfm_top_i/pfm_dynamic_inst/q4_layer_cu3/inst/ap_clk	743482.000	0
/pfm_top_wrapper/pfm_top_i/pfm_dynamic_inst/q4_layer_cu3/inst/ap_clk	745149.000	1
/pfm_top_wrapper/pfm_top_i/pfm_dynamic_inst/q4_layer_cu3/inst/ap_clk	746816.000	0
/pfm_top_wrapper/pfm_top_i/pfm_dynamic_inst/q4_layer_cu3/inst/ap_clk	748483.000	1
/pfm_top_wrapper/pfm_top_i/pfm_dynamic_inst/q4_layer_cu3/inst/ap_clk	750150.000	0
/pfm_top_wrapper/pfm_top_i/pfm_dynamic_inst/q4_layer_cu3/inst/ap_clk	751817.000	1
/pfm_top_wrapper/pfm_top_i/pfm_dynamic_inst/q4_layer_cu3/inst/ap_clk	753484.000	0
/pfm_top_wrapper/pfm_top_i/pfm_dynamic_inst/q4_layer_cu3/inst/ap_clk	755151.000	1
/pfm_top_wrapper/pfm_top_i/pfm_dynamic_inst/q4_layer_cu3/inst/ap_clk	756818.000	0
/pfm_top_wrapper/pfm_top_i/pfm_dynamic_inst/q4_layer_cu3/inst/ap_clk	758485.000	1
/pfm_top_wrapper/pfm_top_i/pfm_dynamic_inst/q4_layer_cu3/inst/ap_clk	760152.000	0
/pfm_top_wrapper/pfm_top_i/pfm_dynamic_inst/q4_layer_cu3/inst/ap_clk	761819.000	1
/pfm_top_wrapper/pfm_top_i/pfm_dynamic_inst/q4_layer_cu3/inst/ap_clk	763486.000	0
/pfm_top_wrapper/pfm_top_i/pfm_dynamic_inst/q4_layer_cu3/inst/ap_clk	765153.000	1
/pfm_top_wrapper/pfm_top_i/pfm_dynamic_inst/q4_layer_cu3/inst/ap_clk	766820.000	0
/pfm_top_wrapper/pfm_top_i/pfm_dynamic_inst/q4_layer_cu3/inst/ap_clk	768487.000	1
/pfm_top_wrapper/pfm_top_i/pfm_dynamic_inst/q4_layer_cu3/inst/ap_clk	770154.000	0
/pfm_top_wrapper/pfm_top_i/pfm_dynamic_inst/q4_layer_cu3/inst/ap_clk	771821.000	1
/pfm_top_wrapper/pfm_top_i/pfm_dynamic_inst/q4_layer_cu3/inst/ap_clk	773488.000	0
/pfm_top_wrapper/pfm_top_i/pfm_dynamic_inst/q4_layer_cu3/inst/ap_clk	775155.000	1
/pfm_top_wrapper/pfm_top_i/pfm_dynamic_inst/q4_layer_cu3/inst/ap_clk	776822.000	0
/pfm_top_wrapper/pfm_top_i/pfm_dynamic_inst/q4_layer_cu3/inst/ap_clk	778489.000	1
/pfm_top_wrapper/pfm_top_i/pfm_dynamic_inst/q4_layer_cu3/inst/ap_clk	780156.000	0
/pfm_top_wrapper/pfm_top_i/pfm_dynamic_inst/q4_layer_cu3/inst/ap_clk	781823.000	1
/pfm_top_wrapper/pfm_top_i/pfm_dynamic_inst/q4_layer_cu3/inst/ap_clk	783490.000	0
/pfm_top_wrapper/pfm_top_i/pfm_dynamic_inst/q4_layer_cu3/inst/ap_clk	785157.000	1
/pfm_top_wrapper/pfm_top_i/pfm_dynamic_inst/q4_layer_cu3/inst/ap_clk	786824.000	0
/pfm_top_wrapper/pfm_top_i/pfm_dynamic_inst/q4_layer_cu3/inst/ap_clk	788491.000	1
/pfm_top_wrapper/pfm_top_i/pfm_dynamic_inst/q4_layer_cu3/inst/ap_clk	790158.000	0
/pfm_top_wrapper/pfm_top_i/pfm_dynamic_inst/q4_layer_cu3/inst/ap_clk	791825.000	1
/pfm_top_wrapper/pfm_top_i/pfm_dynamic_inst/q4_layer_cu3/inst/ap_clk	793492.000	0
/pfm_top_wrapper/pfm_top_i/pfm_dynamic_inst/q4_layer_cu3/inst/ap_clk	795159.000	1
/pfm_top_wrapper/pfm_top_i/pfm_dynamic_inst/q4_layer_cu3/inst/ap_clk	796826.000	0
/pfm_top_wrapper/pfm_top_i/pfm_dynamic_inst/q4_layer_cu3/inst/ap_clk	798493.000	1
/pfm_top_wrapper/pfm_top_i/pfm_dynamic_inst/q4_layer_cu3/inst/ap_clk	800160.000	0
/pfm_top_wrapper/pfm_top_i/pfm_dynamic_inst/q4_layer_cu3/inst/ap_clk	801827.000	1
/pfm_top_wrapper/pfm_top_i/pfm_dynamic_inst/q4_layer_cu3/inst/ap_clk	803494.000	0
/pfm_top_wrapper/pfm_top_i/pfm_dynamic_inst/q4_layer_cu3/inst/ap_clk	805161.000	1
/pfm_top_wrapper/pfm_top_i/pfm_dynamic_inst/q4_layer_cu3/inst/ap_clk	806828.000	0
/pfm_top_wrapper/pfm_top_i/pfm_dynamic_inst/q4_layer_cu3/inst/ap_clk	808495.000	1
/pfm_top_wrapper/pfm_top_i/pfm_dynamic_inst/q4_layer_cu3/inst/ap_clk	810162.000	0
/pfm_top_wrapper/pfm_top_i/pfm_dynamic_inst/q4_layer_cu3/inst/ap_clk	811829.000	1
/pfm_top_wrapper/pfm_top_i/pfm_dynamic_inst/q4_layer_cu3/inst/ap_clk	813496.000	0
/pfm_top_wrapper/pfm_top_i/pfm_dynamic_inst/q4_layer_cu3/inst/ap_clk	815163.000	1
/pfm_top_wrapper/pfm_top_i/pfm_dynamic_inst/q4_layer_cu3/inst/ap_clk	816830.000	0
/pfm_top_wrapper/pfm_top_i/pfm_dynamic_inst/q4_layer_cu3/inst/ap_clk	818497.000	1
/pfm_top_wrapper/pfm_top_i/pfm_dynamic_inst/q4_layer_cu3/inst/ap_clk	820164.000	0
/pfm_top_wrapper/pfm_top_i/pfm_dynamic_inst/q4_layer_cu3/inst/ap_clk	821831.000	1
/pfm_top_wrapper/pfm_top_i/pfm_dynamic_inst/q4_layer_cu3/inst/ap_clk	823498.000	0
/pfm_top_wrapper/pfm_top_i/pfm_dynamic_inst/q4_layer_cu3/inst/ap_clk	825165.000	1
/pfm_top_wrapper/pfm_top_i/pfm_dynamic_inst/q4_layer_cu3/inst/ap_clk	826832.000	0
/pfm_top_wrapper/pfm_top_i/pfm_dynamic_inst/q4_layer_cu3/inst/ap_clk	828499.000	1
/pfm_top_wrapper/pfm_top_i/pfm_dynamic_inst/q4_layer_cu3/inst/ap_clk	830166.000	0
/pfm_top_wrapper/pfm_top_i/pfm_dynamic_inst/q4_layer_cu3/inst/ap_clk	831833.000	1
/pfm_top_wrapper/pfm_top_i/pfm_dynamic_inst/q4_layer_cu3/inst/ap_clk	833500.000	0
/pfm_top_wrapper/pfm_top_i/pfm_dynamic_inst/q4_layer_cu3/inst/ap_clk	835167.000	1
/pfm_top_wrapper/pfm_top_i/pfm_dynamic_inst/q4_layer_cu3/inst/ap_clk	836834.000	0
/pfm_top_wrapper/pfm_top_i/pfm_dynamic_inst/q4_layer_cu3/inst/ap_clk	838501.000	1
/pfm_top_wrapper/pfm_top_i/pfm_dynamic_inst/q4_layer_cu3/inst/ap_clk	840168.000	0
/pfm_top_wrapper/pfm_top_i/pfm_dynamic_inst/q4_layer_cu3/inst/ap_clk	841835.000	1
/pfm_top_wrapper/pfm_top_i/pfm_dynamic_inst/q4_layer_cu3/inst/ap_clk	843502.000	0
/pfm_top_wrapper/pfm_top_i/pfm_dynamic_inst/q4_layer_cu3/inst/ap_clk	845169.000	1
/pfm_top_wrapper/pfm_top_i/pfm_dynamic_inst/q4_layer_cu3/inst/ap_clk	846836.000	0
/pfm_top_wrapper/pfm_top_i/pfm_dynamic_inst/q4_layer_cu3/inst/ap_clk	848503.000	1
/pfm_top_wrapper/pfm_top_i/pfm_dynamic_inst/q4_layer_cu3/inst/ap_clk	850170.000	0
/pfm_top_wrapper/pfm_top_i/pfm_dynamic_inst/q4_layer_cu3/inst/ap_clk	851837.000	1
/pfm_top_wrapper/pfm_top_i/pfm_dynamic_inst/q4_layer_cu3/inst/ap_clk	853504.000	0
/pfm_top_wrapper/pfm_top_i/pfm_dynamic_inst/q4_layer_cu3/inst/ap_clk	855171.000	1
/pfm_top_wrapper/pfm_top_i/pfm_dynamic_inst/q4_layer_cu3/inst/ap_clk	856838.000	0
/pfm_top_wrapper/pfm_top_i/pfm_dynamic_inst/q4_layer_cu3/inst/ap_clk	858505.000	1
/pfm_top_wrapper/pfm_top_i/pfm_dynamic_inst/q4_layer_cu3/inst/ap_clk	860172.000	0
/pfm_top_wrapper/pfm_top_i/pfm_dynamic_inst/q4_layer_cu3/inst/ap_clk	861839.000	1
/pfm_top_wrapper/pfm_top_i/pfm_dynamic_inst/q4_layer_cu3/inst/ap_clk	863506.000	0
/pfm_top_wrapper/pfm_top_i/pfm_dynamic_inst/q4_layer_cu3/inst/ap_clk	865173.000	1
/pfm_top_wrapper/pfm_top_i/pfm_dynamic_inst/q4_layer_cu3/inst/ap_clk	866840.000	0
/pfm_top_wrapper/pfm_top_i/pfm_dynamic_inst/q4_layer_cu3/inst/ap_clk	868507.000	1
/pfm_top_wrapper/pfm_top_i/pfm_dynamic_inst/q4_layer_cu3/inst/ap_clk	870174.000	0
/pfm_top_wrapper/pfm_top_i/pfm_dynamic_inst/q4_layer_cu3/inst/ap_clk	871841.000	1
/pfm_top_wrapper/pfm_top_i/pfm_dynamic_inst/q4_layer_cu3/inst/ap_clk	873508.000	0
/pfm_top_wrapper/pfm_top_i/pfm_dynamic_inst/q4_layer_cu3/inst/ap_clk	875175.000	1
/pfm_top_wrapper/pfm_top_i/pfm_dynamic_inst/q4_layer_cu3/inst/ap_clk	876842.000	0
/pfm_top_wrapper/pfm_top_i/pfm_dynamic_inst/q4_layer_cu3/inst/ap_clk	878509.000	1
/pfm_top_wrapper/pfm_top_i/pfm_dynamic_inst/q4_layer_cu3/inst/ap_clk	880176.000	0
/pfm_top_wrapper/pfm_top_i/pfm_dynamic_inst/q4_layer_cu3/inst/ap_clk	881843.000	1
/pfm_top_wrapper/pfm_top_i/pfm_dynamic_inst/q4_layer_cu3/inst/ap_clk	883510.000	0
/pfm_top_wrapper/pfm_top_i/pfm_dynamic_inst/q4_layer_cu3/inst/ap_clk	885177.000	1
/pfm_top_wrapper/pfm_top_i/pfm_dynamic_inst/q4_layer_cu3/inst/ap_clk	886844.000	0
/pfm_top_wrapper/pfm_top_i/pfm_dynamic_inst/q4_layer_cu3/inst/ap_clk	888511.000	1
/pfm_top_wrapper/pfm_top_i/pfm_dynamic_inst/q4_layer_cu3/inst/ap_clk	890178.000	0
/pfm_top_wrapper/pfm_top_i/pfm_dynamic_inst/q4_layer_cu3/inst/ap_clk	891845.000	1
/pfm_top_wrapper/pfm_top_i/pfm_dynamic_inst/q4_layer_cu3/inst/ap_clk	893512.000	0
/pfm_top_wrapper/pfm_top_i/pfm_dynamic_inst/q4_layer_cu3/inst/ap_clk	895179.000	1
/pfm_top_wrapper/pfm_top_i/pfm_dynamic_inst/q4_layer_cu3/inst/ap_clk	896846.000	0
/pfm_top_wrapper/pfm_top_i/pfm_dynamic_inst/q4_layer_cu3/inst/ap_clk	898513.000	1
/pfm_top_wrapper/pfm_top_i/pfm_dynamic_inst/q4_layer_cu3/inst/ap_clk	900180.000	0
/pfm_top_wrapper/pfm_top_i/pfm_dynamic_inst/q4_layer_cu3/inst/ap_clk	901847.000	1
/pfm_top_wrapper/pfm_top_i/pfm_dynamic_inst/q4_layer_cu3/inst/ap_clk	903514.000	0
/pfm_top_wrapper/pfm_top_i/pfm_dynamic_inst/q4_layer_cu3/inst/ap_clk	905181.000	1
/pfm_top_wrapper/pfm_top_i/pfm_dynamic_inst/q4_layer_cu3/inst/ap_clk	906848.000	0
/pfm_top_wrapper/pfm_top_i/pfm_dynamic_inst/q4_layer_cu3/inst/ap_clk	908515.000	1
/pfm_top_wrapper/pfm_top_i/pfm_dynamic_inst/q4_layer_cu3/inst/ap_clk	910182.000	0
/pfm_top_wrapper/pfm_top_i/pfm_dynamic_inst/q4_layer_cu3/inst/ap_clk	911849.000	1
/pfm_top_wrapper/pfm_top_i/pfm_dynamic_inst/q4_layer_cu3/inst/ap_clk	913516.000	0
/pfm_top_wrapper/pfm_top_i/pfm_dynamic_inst/q4_layer_cu3/inst/ap_clk	915183.000	1
/pfm_top_wrapper/pfm_top_i/pfm_dynamic_inst/q4_layer_cu3/inst/ap_clk	916850.000	0
/pfm_top_wrapper/pfm_top_i/pfm_dynamic_inst/q4_layer_cu3/inst/ap_clk	918517.000	1
/pfm_top_wrapper/pfm_top_i/pfm_dynamic_inst/q4_layer_cu3/inst/ap_clk	920184.000	0
/pfm_top_wrapper/pfm_top_i/pfm_dynamic_inst/q4_layer_cu3/inst/ap_clk	921851.000	1
/pfm_top_wrapper/pfm_top_i/pfm_dynamic_inst/q4_layer_cu3/inst/ap_clk	923518.000	0
/pfm_top_wrapper/pfm_top_i/pfm_dynamic_inst/q4_layer_cu3/inst/ap_clk	925185.000	1
/pfm_top_wrapper/pfm_top_i/pfm_dynamic_inst/q4_layer_cu3/inst/ap_clk	926852.000	0
/pfm_top_wrapper/pfm_top_i/pfm_dynamic_inst/q4_layer_cu3/inst/ap_clk	928519.000	1
/pfm_top_wrapper/pfm_top_i/pfm_dynamic_inst/q4_layer_cu3/inst/ap_clk	930186.000	0
/pfm_top_wrapper/pfm_top_i/pfm_dynamic_inst/q4_layer_cu3/inst/ap_clk	931853.000	1
/pfm_top_wrapper/pfm_top_i/pfm_dynamic_inst/q4_layer_cu3/inst/ap_clk	933520.000	0
/pfm_top_wrapper/pfm_top_i/pfm_dynamic_inst/q4_layer_cu3/inst/ap_clk	935187.000	1
/pfm_top_wrapper/pfm_top_i/pfm_dynamic_inst/q4_layer_cu3/inst/ap_clk	936854.000	0
/pfm_top_wrapper/pfm_top_i/pfm_dynamic_inst/q4_layer_cu3/inst/ap_clk	938521.000	1
/pfm_top_wrapper/pfm_top_i/pfm_dynamic_inst/q4_layer_cu3/inst/ap_clk	940188.000	0
/pfm_top_wrapper/pfm_top_i/pfm_dynamic_inst/q4_layer_cu3/inst/ap_clk	941855.000	1
/pfm_top_wrapper/pfm_top_i/pfm_dynamic_inst/q4_layer_cu3/inst/ap_clk	943522.000	0
/pfm_top_wrapper/pfm_top_i/pfm_dynamic_inst/q4_layer_cu3/inst/ap_clk	945189.000	1
/pfm_top_wrapper/pfm_top_i/pfm_dynamic_inst/q4_layer_cu3/inst/ap_clk	946856.000	0
/pfm_top_wrapper/pfm_top_i/pfm_dynamic_inst/q4_layer_cu3/inst/ap_clk	948523.000	1
/pfm_top_wrapper/pfm_top_i/pfm_dynamic_inst/q4_layer_cu3/inst/ap_clk	950190.000	0
/pfm_top_wrapper/pfm_top_i/pfm_dynamic_inst/q4_layer_cu3/inst/ap_clk	951857.000	1
/pfm_top_wrapper/pfm_top_i/pfm_dynamic_inst/q4_layer_cu3/inst/ap_clk	953524.000	0
/pfm_top_wrapper/pfm_top_i/pfm_dynamic_inst/q4_layer_cu3/inst/ap_clk	955191.000	1
/pfm_top_wrapper/pfm_top_i/pfm_dynamic_inst/q4_layer_cu3/inst/ap_clk	956858.000	0
/pfm_top_wrapper/pfm_top_i/pfm_dynamic_inst/q4_layer_cu3/inst/ap_clk	958525.000	1
/pfm_top_wrapper/pfm_top_i/pfm_dynamic_inst/q4_layer_cu3/inst/ap_clk	960192.000	0
/pfm_top_wrapper/pfm_top_i/pfm_dynamic_inst/q4_layer_cu3/inst/ap_clk	961859.000	1
/pfm_top_wrapper/pfm_top_i/pfm_dynamic_inst/q4_layer_cu3/inst/ap_clk	963526.000	0
/pfm_top_wrapper/pfm_top_i/pfm_dynamic_inst/q4_layer_cu3/inst/ap_clk	965193.000	1
/pfm_top_wrapper/pfm_top_i/pfm_dynamic_inst/q4_layer_cu3/inst/ap_clk	966860.000	0
/pfm_top_wrapper/pfm_top_i/pfm_dynamic_inst/q4_layer_cu3/inst/ap_clk	968527.000	1
/pfm_top_wrapper/pfm_top_i/pfm_dynamic_inst/q4_layer_cu3/inst/ap_clk	970194.000	0
/pfm_top_wrapper/pfm_top_i/pfm_dynamic_inst/q4_layer_cu3/inst/ap_clk	971861.000	1
/pfm_top_wrapper/pfm_top_i/pfm_dynamic_inst/q4_layer_cu3/inst/ap_clk	973528.000	0
/pfm_top_wrapper/pfm_top_i/pfm_dynamic_inst/q4_layer_cu3/inst/ap_clk	975195.000	1
/pfm_top_wrapper/pfm_top_i/pfm_dynamic_inst/q4_layer_cu3/inst/ap_clk	976862.000	0
/pfm_top_wrapper/pfm_top_i/pfm_dynamic_inst/q4_layer_cu3/inst/ap_clk	978529.000	1
/pfm_top_wrapper/pfm_top_i/pfm_dynamic_inst/q4_layer_cu3/inst/ap_clk	980196.000	0
/pfm_top_wrapper/pfm_top_i/pfm_dynamic_inst/q4_layer_cu3/inst/ap_clk	981863.000	1
/pfm_top_wrapper/pfm_top_i/pfm_dynamic_inst/q4_layer_cu3/inst/ap_clk	983530.000	0
/pfm_top_wrapper/pfm_top_i/pfm_dynamic_inst/q4_layer_cu3/inst/ap_clk	985197.000	1
/pfm_top_wrapper/pfm_top_i/pfm_dynamic_inst/q4_layer_cu3/inst/ap_clk	986864.000	0
/pfm_top_wrapper/pfm_top_i/pfm_dynamic_inst/q4_layer_cu3/inst/ap_clk	988531.000	1
/pfm_top_wrapper/pfm_top_i/pfm_dynamic_inst/q4_layer_cu3/inst/ap_clk	990198.000	0
/pfm_top_wrapper/pfm_top_i/pfm_dynamic_inst/q4_layer_cu3/inst/ap_clk	991865.000	1
/pfm_top_wrapper/pfm_top_i/pfm_dynamic_inst/q4_layer_cu3/inst/ap_clk	993532.000	0
/pfm_top_wrapper/pfm_top_i/pfm_dynamic_inst/q4_layer_cu3/inst/ap_clk	995199.000	1
/pfm_top_wrapper/pfm_top_i/pfm_dynamic_inst/q4_layer_cu3/inst/ap_clk	996866.000	0
/pfm_top_wrapper/pfm_top_i/pfm_dynamic_inst/q4_layer_cu3/inst/ap_clk	998533.000	1
/pfm_top_wrapper/pfm_top_i/pfm_dynamic_inst/q4_layer_cu3/inst/ap_rst_n	0.000	0
/pfm_top_wrapper/pfm_top_i/pfm_dynamic_inst/q4_layer_cu3/inst/ap_rst_n	518537.000	1
/pfm_top_wrapper/pfm_top_i/pfm_dynamic_inst/q4_layer_cu3/inst/ap_start	0.000	0
/pfm_top_wrapper/pfm_top_i/pfm_dynamic_inst/q4_layer_cu3/inst/ap_start	6199573.000	1
/pfm_top_wrapper/pfm_top_i/pfm_dynamic_inst/q4_layer_cu3/inst/ap_start	8882077727.000	0
/pfm_top_wrapper/pfm_top_i/pfm_dynamic_inst/q4_layer_cu3/inst/ap_start	8896677313.000	1
/pfm_top_wrapper/pfm_top_i/pfm_dynamic_inst/q4_layer_cu3/inst/ap_start	9597257401.000	0
/pfm_top_wrapper/pfm_top_i/pfm_dynamic_inst/q4_layer_cu3/inst/ap_done	0.000	0
/pfm_top_wrapper/pfm_top_i/pfm_dynamic_inst/q4_layer_cu3/inst/ap_done	8882074393.000	1
/pfm_top_wrapper/pfm_top_i/pfm_dynamic_inst/q4_layer_cu3/inst/ap_done	8885588429.000	0
/pfm_top_wrapper/pfm_top_i/pfm_dynamic_inst/q4_layer_cu3/inst/ap_done	9597254067.000	1
/pfm_top_wrapper/pfm_top_i/pfm_dynamic_inst/q4_layer_cu3/inst/ap_done	9602401763.000	0
/pfm_top_wrapper/pfm_top_i/pfm_dynamic_inst/q4_layer_cu3/inst/ap_idle	0.000	1
/pfm_top_wrapper/pfm_top_i/pfm_dynamic_inst/q4_layer_cu3/inst/ap_idle	6199573.000	0
/pfm_top_wrapper/pfm_top_i/pfm_dynamic_inst/q4_layer_cu3/inst/ap_idle	8882077727.000	1
/pfm_top_wrapper/pfm_top_i/pfm_dynamic_inst/q4_layer_cu3/inst/ap_idle	8896677313.000	0
/pfm_top_wrapper/pfm_top_i/pfm_dynamic_inst/q4_layer_cu3/inst/ap_idle	9597257401.000	1
/pfm_top_wrapper/pfm_top_i/pfm_dynamic_inst/q4_layer_cu3/inst/ap_ready	0.000	0
/pfm_top_wrapper/pfm_top_i/pfm_dynamic_inst/q4_layer_cu3/inst/ap_ready	8882074393.000	1
/pfm_top_wrapper/pfm_top_i/pfm_dynamic_inst/q4_layer_cu3/inst/ap_ready	8882077727.000	0
/pfm_top_wrapper/pfm_top_i/pfm_dynamic_inst/q4_layer_cu3/inst/ap_ready	9597254067.000	1
/pfm_top_wrapper/pfm_top_i/pfm_dynamic_inst/q4_layer_cu3/inst/ap_ready	9597257401.000	0
