run_lock=/home/wt/git/achieve/llm_fpga_active_studies/quantized_layer_integration_20260927_110109_m1ZkO1/w4/attention/build/build.hw_emu.f200.xilinx_u50_gen3x16_xdma_5_202210_1/.quantized_layer_hwemu.lock
trace_pre_sha256=a5e221acd0df30638603f82dae1ed187e5295531ac806c0703e1e09b2d287ae8
trace_post_sha256=c5cc4bec7afc7fd20f8e9648ca934e6fb571568f37aa8f6ebe17e13ccd29b864
trace_profile_init_sha256=a01ccae3341d6de5b14f95cbaac1a3a144c5199e6556fe1b14e16ea4a61d4221
trace_projection_helpers_sha256=00b1692470b82ba2a2451bbf77cafdd834294e526323cd5946c203e6bdc8471b
started_at=2026-09-28T03:41:27+08:00
precision=w4
target=hw_emu
frequency=200
prefill=66
block_size=8
physical_blocks=9
decode_tokens=1
weight_mode=random
attention_variant=combined4
layer_profile=attention
profile_flags_sha256=ed88588ed88e7a9c31f1f3492f38be9587992c10afd90193dbeda617aabacbd8
allow_parallel=0
rtl_handshake_trace=1
timeout_seconds=86400
host_sha256=f55ca0c39dd121ba31f97b6724e3465371960ecfdaf22a46ca4b969759a02abe
xclbin_sha256=2b0623e9b4abe259438e81113bdc6ea9ae630909d0ad000e576009d5efa7c8ad
emconfig_sha256=696c863021ad86e4740c840916408d9fdae97a9bbaadaefe1e43a1f0f79116ac
profile=attention attention_variant=combined4 synth_only=0
profile_source_sha256=84d87d0186a6a644b340693a19dd60abd09e739c6ed4add00e85ac94a4f46c89 profile_cflags_sha256=ed88588ed88e7a9c31f1f3492f38be9587992c10afd90193dbeda617aabacbd8
phase=run target=hw_emu frequency=200 prefill=66 block_size=8 weights=random profile=attention attention_variant=combined4
build_dir=/home/wt/git/achieve/llm_fpga_active_studies/quantized_layer_integration_20260927_110109_m1ZkO1/w4/attention/build/build.hw_emu.f200.xilinx_u50_gen3x16_xdma_5_202210_1 temp_dir=/home/wt/git/achieve/llm_fpga_active_studies/quantized_layer_integration_20260927_110109_m1ZkO1/w4/attention/build/_x.hw_emu.f200.xilinx_u50_gen3x16_xdma_5_202210_1 run_tmp_dir=/home/wt/git/achieve/llm_fpga_active_studies/quantized_layer_integration_20260927_110109_m1ZkO1/w4/attention/build/run-tmp.hw_emu.f200.xilinx_u50_gen3x16_xdma_5_202210_1
Found Platform
Platform Name: Xilinx
INFO: Reading quantized_w4_layer.xclbin
Loading: 'quantized_w4_layer.xclbin'
INFO: [HW-EMU 05] Path of the simulation directory : /home/wt/git/achieve/llm_fpga_active_studies/quantized_layer_integration_20260927_110109_m1ZkO1/w4/attention/build/build.hw_emu.f200.xilinx_u50_gen3x16_xdma_5_202210_1/.run/2749898/hw_em/device0/binary_0/behav_waveform/xsim

 server socket name is	/tmp/wt/device0_0_2749898
INFO: [HW-EMU 01] Hardware emulation runs simulation underneath. Using a large data set will result in long simulation times. It is recommended that a small dataset is used for faster execution. The flow uses approximate models for Global memories and interconnect and hence the performance data generated is approximate.
trace_guard=all_hooks_ready
configuring dataflow mode with ert polling
scheduler config ert(1), dataflow(1), slots(16), cudma(0), cuisr(0), cdma(0), cus(5)
INFO::[ Vitis-EM 22 ] [Time elapsed: 13 minute(s) 0 seconds, Emulation time: 0.467839 ms]
Data transfer between kernel(s) and global memory(s)
q4_layer_ctrl:m_axi_scales-HBM[6]          RD = 0.062 KB               WR = 0.000 KB        
q4_layer_ctrl:m_axi_weight0a-HBM[8]          RD = 640.000 KB             WR = 0.000 KB        
q4_layer_ctrl:m_axi_weight0b-HBM[9]          RD = 640.000 KB             WR = 0.000 KB        
q4_layer_ctrl:m_axi_weight1a-HBM[10]          RD = 640.000 KB             WR = 0.000 KB        
q4_layer_ctrl:m_axi_weight1b-HBM[11]          RD = 640.000 KB             WR = 0.000 KB        
q4_layer_ctrl:m_axi_weight2a-HBM[12]          RD = 512.000 KB             WR = 0.000 KB        
q4_layer_ctrl:m_axi_weight2b-HBM[13]          RD = 512.000 KB             WR = 0.000 KB        
q4_layer_ctrl:m_axi_weight3a-HBM[14]          RD = 512.000 KB             WR = 0.000 KB        
q4_layer_ctrl:m_axi_weight3b-HBM[15]          RD = 512.000 KB             WR = 0.000 KB        
q4_layer_ctrl:m_axi_hidden_in-HBM[0]          RD = 32.000 KB              WR = 0.000 KB        
q4_layer_ctrl:m_axi_hidden_out-HBM[1]          RD = 0.000 KB               WR = 0.000 KB        
q4_layer_ctrl:m_axi_kv_k-HBM[2]          RD = 4.000 KB               WR = 4.000 KB        
q4_layer_ctrl:m_axi_kv_v-HBM[3]          RD = 4.000 KB               WR = 4.000 KB        
q4_layer_ctrl:m_axi_norm-HBM[4]          RD = 8.000 KB               WR = 0.000 KB        
q4_layer_ctrl:m_axi_rope-HBM[5]          RD = 32.000 KB              WR = 0.000 KB        

Data transfer on stream interfaces
q4_layer_ctrl:activation_stream0-->PIPE               82.125 KB       
q4_layer_ctrl:activation_stream1-->PIPE               82.125 KB       
PIPE-->q4_layer_ctrl:out_stream0               104.945 KB      
q4_layer_ctrl:activation_stream2-->PIPE               66.125 KB       
PIPE-->q4_layer_ctrl:out_stream1               104.945 KB      
PIPE-->q4_layer_ctrl:out_stream2               97.945 KB       
PIPE-->q4_layer_ctrl:out_stream3               97.945 KB       
q4_layer_ctrl:task_stream0-->PIPE               0.328 KB        
q4_layer_ctrl:task_stream1-->PIPE               0.328 KB        
q4_layer_ctrl:task_stream2-->PIPE               0.297 KB        
q4_layer_ctrl:task_stream3-->PIPE               0.297 KB        
q4_layer_ctrl:vector_stream0a-->PIPE               39.000 KB       
q4_layer_ctrl:vector_stream0b-->PIPE               26.000 KB       
q4_layer_ctrl:vector_stream1a-->PIPE               39.000 KB       
q4_layer_ctrl:activation_stream3-->PIPE               66.125 KB       
q4_layer_ctrl:vector_stream1b-->PIPE               26.000 KB       
q4_layer_ctrl:vector_stream2a-->PIPE               39.000 KB       

INFO::[ Vitis-EM 22 ] [Time elapsed: 27 minute(s) 27 seconds, Emulation time: 0.654913 ms]
Data transfer between kernel(s) and global memory(s)
q4_layer_ctrl:m_axi_scales-HBM[6]          RD = 0.094 KB               WR = 0.000 KB        
q4_layer_ctrl:m_axi_weight0a-HBM[8]          RD = 2098.500 KB            WR = 0.000 KB        
q4_layer_ctrl:m_axi_weight0b-HBM[9]          RD = 2098.500 KB            WR = 0.000 KB        
q4_layer_ctrl:m_axi_weight1a-HBM[10]          RD = 2098.500 KB            WR = 0.000 KB        
q4_layer_ctrl:m_axi_weight1b-HBM[11]          RD = 2098.500 KB            WR = 0.000 KB        
q4_layer_ctrl:m_axi_weight2a-HBM[12]          RD = 1906.500 KB            WR = 0.000 KB        
q4_layer_ctrl:m_axi_weight2b-HBM[13]          RD = 1906.500 KB            WR = 0.000 KB        
q4_layer_ctrl:m_axi_weight3a-HBM[14]          RD = 1906.500 KB            WR = 0.000 KB        
q4_layer_ctrl:m_axi_weight3b-HBM[15]          RD = 1906.500 KB            WR = 0.000 KB        
q4_layer_ctrl:m_axi_hidden_in-HBM[0]          RD = 32.000 KB              WR = 0.000 KB        
q4_layer_ctrl:m_axi_hidden_out-HBM[1]          RD = 0.000 KB               WR = 0.000 KB        
q4_layer_ctrl:m_axi_kv_k-HBM[2]          RD = 4.000 KB               WR = 4.000 KB        
q4_layer_ctrl:m_axi_kv_v-HBM[3]          RD = 4.000 KB               WR = 4.000 KB        
q4_layer_ctrl:m_axi_norm-HBM[4]          RD = 8.000 KB               WR = 0.000 KB        
q4_layer_ctrl:m_axi_rope-HBM[5]          RD = 32.000 KB              WR = 0.000 KB        

Data transfer on stream interfaces
q4_layer_ctrl:activation_stream0-->PIPE               263.938 KB      
q4_layer_ctrl:activation_stream1-->PIPE               263.938 KB      
PIPE-->q4_layer_ctrl:out_stream0               182.000 KB      
q4_layer_ctrl:activation_stream2-->PIPE               239.938 KB      
PIPE-->q4_layer_ctrl:out_stream1               182.000 KB      
PIPE-->q4_layer_ctrl:out_stream2               171.500 KB      
PIPE-->q4_layer_ctrl:out_stream3               171.500 KB      
q4_layer_ctrl:task_stream0-->PIPE               0.688 KB        
q4_layer_ctrl:task_stream1-->PIPE               0.688 KB        
q4_layer_ctrl:task_stream2-->PIPE               0.641 KB        
q4_layer_ctrl:task_stream3-->PIPE               0.641 KB        
q4_layer_ctrl:vector_stream0a-->PIPE               39.000 KB       
q4_layer_ctrl:vector_stream0b-->PIPE               26.000 KB       
q4_layer_ctrl:vector_stream1a-->PIPE               39.000 KB       
q4_layer_ctrl:activation_stream3-->PIPE               239.938 KB      
q4_layer_ctrl:vector_stream1b-->PIPE               26.000 KB       
q4_layer_ctrl:vector_stream2a-->PIPE               39.000 KB       

INFO::[ Vitis-EM 22 ] [Time elapsed: 78 minute(s) 32 seconds, Emulation time: 1.68024 ms]
Data transfer between kernel(s) and global memory(s)
q4_layer_ctrl:m_axi_scales-HBM[6]          RD = 0.188 KB               WR = 0.000 KB        
q4_layer_ctrl:m_axi_weight0a-HBM[8]          RD = 6654.500 KB            WR = 0.000 KB        
q4_layer_ctrl:m_axi_weight0b-HBM[9]          RD = 6654.500 KB            WR = 0.000 KB        
q4_layer_ctrl:m_axi_weight1a-HBM[10]          RD = 6654.500 KB            WR = 0.000 KB        
q4_layer_ctrl:m_axi_weight1b-HBM[11]          RD = 6654.500 KB            WR = 0.000 KB        
q4_layer_ctrl:m_axi_weight2a-HBM[12]          RD = 6270.500 KB            WR = 0.000 KB        
q4_layer_ctrl:m_axi_weight2b-HBM[13]          RD = 6270.500 KB            WR = 0.000 KB        
q4_layer_ctrl:m_axi_weight3a-HBM[14]          RD = 6270.500 KB            WR = 0.000 KB        
q4_layer_ctrl:m_axi_weight3b-HBM[15]          RD = 6270.500 KB            WR = 0.000 KB        
q4_layer_ctrl:m_axi_hidden_in-HBM[0]          RD = 64.000 KB              WR = 0.000 KB        
q4_layer_ctrl:m_axi_hidden_out-HBM[1]          RD = 0.000 KB               WR = 32.000 KB       
q4_layer_ctrl:m_axi_kv_k-HBM[2]          RD = 12.000 KB              WR = 8.000 KB        
q4_layer_ctrl:m_axi_kv_v-HBM[3]          RD = 12.000 KB              WR = 8.000 KB        
q4_layer_ctrl:m_axi_norm-HBM[4]          RD = 16.000 KB              WR = 0.000 KB        
q4_layer_ctrl:m_axi_rope-HBM[5]          RD = 64.000 KB              WR = 0.000 KB        

Data transfer on stream interfaces
q4_layer_ctrl:activation_stream0-->PIPE               835.512 KB      
q4_layer_ctrl:activation_stream1-->PIPE               835.512 KB      
PIPE-->q4_layer_ctrl:out_stream0               530.250 KB      
q4_layer_ctrl:activation_stream2-->PIPE               787.512 KB      
PIPE-->q4_layer_ctrl:out_stream1               530.250 KB      
PIPE-->q4_layer_ctrl:out_stream2               509.250 KB      
PIPE-->q4_layer_ctrl:out_stream3               509.250 KB      
q4_layer_ctrl:task_stream0-->PIPE               1.734 KB        
q4_layer_ctrl:task_stream1-->PIPE               1.734 KB        
q4_layer_ctrl:task_stream2-->PIPE               1.641 KB        
q4_layer_ctrl:task_stream3-->PIPE               1.641 KB        
q4_layer_ctrl:vector_stream0a-->PIPE               160.875 KB      
q4_layer_ctrl:vector_stream0b-->PIPE               134.875 KB      
q4_layer_ctrl:vector_stream1a-->PIPE               160.875 KB      
q4_layer_ctrl:activation_stream3-->PIPE               787.512 KB      
q4_layer_ctrl:vector_stream1b-->PIPE               134.875 KB      
q4_layer_ctrl:vector_stream2a-->PIPE               160.875 KB      

INFO::[ Vitis-EM 22 ] [Time elapsed: 78 minute(s) 54 seconds, Emulation time: 1.68426 ms]
Data transfer between kernel(s) and global memory(s)
q4_layer_ctrl:m_axi_scales-HBM[6]          RD = 0.188 KB               WR = 0.000 KB        
q4_layer_ctrl:m_axi_weight0a-HBM[8]          RD = 6688.000 KB            WR = 0.000 KB        
q4_layer_ctrl:m_axi_weight0b-HBM[9]          RD = 6688.000 KB            WR = 0.000 KB        
q4_layer_ctrl:m_axi_weight1a-HBM[10]          RD = 6688.000 KB            WR = 0.000 KB        
q4_layer_ctrl:m_axi_weight1b-HBM[11]          RD = 6688.000 KB            WR = 0.000 KB        
q4_layer_ctrl:m_axi_weight2a-HBM[12]          RD = 6304.000 KB            WR = 0.000 KB        
q4_layer_ctrl:m_axi_weight2b-HBM[13]          RD = 6304.000 KB            WR = 0.000 KB        
q4_layer_ctrl:m_axi_weight3a-HBM[14]          RD = 6304.000 KB            WR = 0.000 KB        
q4_layer_ctrl:m_axi_weight3b-HBM[15]          RD = 6304.000 KB            WR = 0.000 KB        
q4_layer_ctrl:m_axi_hidden_in-HBM[0]          RD = 64.000 KB              WR = 0.000 KB        
q4_layer_ctrl:m_axi_hidden_out-HBM[1]          RD = 0.000 KB               WR = 32.000 KB       
q4_layer_ctrl:m_axi_kv_k-HBM[2]          RD = 12.000 KB              WR = 8.000 KB        
q4_layer_ctrl:m_axi_kv_v-HBM[3]          RD = 12.000 KB              WR = 8.000 KB        
q4_layer_ctrl:m_axi_norm-HBM[4]          RD = 16.000 KB              WR = 0.000 KB        
q4_layer_ctrl:m_axi_rope-HBM[5]          RD = 64.000 KB              WR = 0.000 KB        

Data transfer on stream interfaces
q4_layer_ctrl:activation_stream0-->PIPE               840.219 KB      
q4_layer_ctrl:activation_stream1-->PIPE               840.219 KB      
PIPE-->q4_layer_ctrl:out_stream0               530.250 KB      
q4_layer_ctrl:activation_stream2-->PIPE               792.219 KB      
PIPE-->q4_layer_ctrl:out_stream1               530.250 KB      
PIPE-->q4_layer_ctrl:out_stream2               509.250 KB      
PIPE-->q4_layer_ctrl:out_stream3               509.250 KB      
q4_layer_ctrl:task_stream0-->PIPE               1.734 KB        
q4_layer_ctrl:task_stream1-->PIPE               1.734 KB        
q4_layer_ctrl:task_stream2-->PIPE               1.641 KB        
q4_layer_ctrl:task_stream3-->PIPE               1.641 KB        
q4_layer_ctrl:vector_stream0a-->PIPE               160.875 KB      
q4_layer_ctrl:vector_stream0b-->PIPE               134.875 KB      
q4_layer_ctrl:vector_stream1a-->PIPE               160.875 KB      
q4_layer_ctrl:activation_stream3-->PIPE               792.219 KB      
q4_layer_ctrl:vector_stream1b-->PIPE               134.875 KB      
q4_layer_ctrl:vector_stream2a-->PIPE               160.875 KB      

INFO::[ Vitis-EM 22 ] [Time elapsed: 79 minute(s) 14 seconds, Emulation time: 1.68828 ms]
Data transfer between kernel(s) and global memory(s)
q4_layer_ctrl:m_axi_scales-HBM[6]          RD = 0.188 KB               WR = 0.000 KB        
q4_layer_ctrl:m_axi_weight0a-HBM[8]          RD = 6726.500 KB            WR = 0.000 KB        
q4_layer_ctrl:m_axi_weight0b-HBM[9]          RD = 6726.500 KB            WR = 0.000 KB        
q4_layer_ctrl:m_axi_weight1a-HBM[10]          RD = 6726.500 KB            WR = 0.000 KB        
q4_layer_ctrl:m_axi_weight1b-HBM[11]          RD = 6726.500 KB            WR = 0.000 KB        
q4_layer_ctrl:m_axi_weight2a-HBM[12]          RD = 6342.500 KB            WR = 0.000 KB        
q4_layer_ctrl:m_axi_weight2b-HBM[13]          RD = 6342.500 KB            WR = 0.000 KB        
q4_layer_ctrl:m_axi_weight3a-HBM[14]          RD = 6342.500 KB            WR = 0.000 KB        
q4_layer_ctrl:m_axi_weight3b-HBM[15]          RD = 6342.500 KB            WR = 0.000 KB        
q4_layer_ctrl:m_axi_hidden_in-HBM[0]          RD = 64.000 KB              WR = 0.000 KB        
q4_layer_ctrl:m_axi_hidden_out-HBM[1]          RD = 0.000 KB               WR = 32.000 KB       
q4_layer_ctrl:m_axi_kv_k-HBM[2]          RD = 12.000 KB              WR = 8.000 KB        
q4_layer_ctrl:m_axi_kv_v-HBM[3]          RD = 12.000 KB              WR = 8.000 KB        
q4_layer_ctrl:m_axi_norm-HBM[4]          RD = 16.000 KB              WR = 0.000 KB        
q4_layer_ctrl:m_axi_rope-HBM[5]          RD = 64.000 KB              WR = 0.000 KB        

Data transfer on stream interfaces
q4_layer_ctrl:activation_stream0-->PIPE               844.480 KB      
q4_layer_ctrl:activation_stream1-->PIPE               844.480 KB      
PIPE-->q4_layer_ctrl:out_stream0               533.750 KB      
q4_layer_ctrl:activation_stream2-->PIPE               796.480 KB      
PIPE-->q4_layer_ctrl:out_stream1               533.750 KB      
PIPE-->q4_layer_ctrl:out_stream2               512.750 KB      
PIPE-->q4_layer_ctrl:out_stream3               512.750 KB      
q4_layer_ctrl:task_stream0-->PIPE               1.750 KB        
q4_layer_ctrl:task_stream1-->PIPE               1.750 KB        
q4_layer_ctrl:task_stream2-->PIPE               1.656 KB        
q4_layer_ctrl:task_stream3-->PIPE               1.656 KB        
q4_layer_ctrl:vector_stream0a-->PIPE               160.875 KB      
q4_layer_ctrl:vector_stream0b-->PIPE               134.875 KB      
q4_layer_ctrl:vector_stream1a-->PIPE               160.875 KB      
q4_layer_ctrl:activation_stream3-->PIPE               796.480 KB      
q4_layer_ctrl:vector_stream1b-->PIPE               134.875 KB      
q4_layer_ctrl:vector_stream2a-->PIPE               160.875 KB      

INFO::[ Vitis-EM 22 ] [Time elapsed: 79 minute(s) 25 seconds, Emulation time: 1.69029 ms]
Data transfer between kernel(s) and global memory(s)
q4_layer_ctrl:m_axi_scales-HBM[6]          RD = 0.188 KB               WR = 0.000 KB        
q4_layer_ctrl:m_axi_weight0a-HBM[8]          RD = 6745.000 KB            WR = 0.000 KB        
q4_layer_ctrl:m_axi_weight0b-HBM[9]          RD = 6745.000 KB            WR = 0.000 KB        
q4_layer_ctrl:m_axi_weight1a-HBM[10]          RD = 6745.000 KB            WR = 0.000 KB        
q4_layer_ctrl:m_axi_weight1b-HBM[11]          RD = 6745.000 KB            WR = 0.000 KB        
q4_layer_ctrl:m_axi_weight2a-HBM[12]          RD = 6361.000 KB            WR = 0.000 KB        
q4_layer_ctrl:m_axi_weight2b-HBM[13]          RD = 6361.000 KB            WR = 0.000 KB        
q4_layer_ctrl:m_axi_weight3a-HBM[14]          RD = 6361.000 KB            WR = 0.000 KB        
q4_layer_ctrl:m_axi_weight3b-HBM[15]          RD = 6361.000 KB            WR = 0.000 KB        
q4_layer_ctrl:m_axi_hidden_in-HBM[0]          RD = 64.000 KB              WR = 0.000 KB        
q4_layer_ctrl:m_axi_hidden_out-HBM[1]          RD = 0.000 KB               WR = 32.000 KB       
q4_layer_ctrl:m_axi_kv_k-HBM[2]          RD = 12.000 KB              WR = 8.000 KB        
q4_layer_ctrl:m_axi_kv_v-HBM[3]          RD = 12.000 KB              WR = 8.000 KB        
q4_layer_ctrl:m_axi_norm-HBM[4]          RD = 16.000 KB              WR = 0.000 KB        
q4_layer_ctrl:m_axi_rope-HBM[5]          RD = 64.000 KB              WR = 0.000 KB        

Data transfer on stream interfaces
q4_layer_ctrl:activation_stream0-->PIPE               846.836 KB      
q4_layer_ctrl:activation_stream1-->PIPE               846.836 KB      
PIPE-->q4_layer_ctrl:out_stream0               533.750 KB      
q4_layer_ctrl:activation_stream2-->PIPE               798.836 KB      
PIPE-->q4_layer_ctrl:out_stream1               533.750 KB      
PIPE-->q4_layer_ctrl:out_stream2               512.750 KB      
PIPE-->q4_layer_ctrl:out_stream3               512.750 KB      
q4_layer_ctrl:task_stream0-->PIPE               1.750 KB        
q4_layer_ctrl:task_stream1-->PIPE               1.750 KB        
q4_layer_ctrl:task_stream2-->PIPE               1.656 KB        
q4_layer_ctrl:task_stream3-->PIPE               1.656 KB        
q4_layer_ctrl:vector_stream0a-->PIPE               160.875 KB      
q4_layer_ctrl:vector_stream0b-->PIPE               134.875 KB      
q4_layer_ctrl:vector_stream1a-->PIPE               160.875 KB      
q4_layer_ctrl:activation_stream3-->PIPE               798.836 KB      
q4_layer_ctrl:vector_stream1b-->PIPE               134.875 KB      
q4_layer_ctrl:vector_stream2a-->PIPE               160.875 KB      

INFO::[ Vitis-EM 22 ] [Time elapsed: 216 minute(s) 7 seconds, Emulation time: 4.29916 ms]
Data transfer between kernel(s) and global memory(s)
q4_layer_ctrl:m_axi_scales-HBM[6]          RD = 0.438 KB               WR = 0.000 KB        
q4_layer_ctrl:m_axi_weight0a-HBM[8]          RD = 19238.000 KB           WR = 0.000 KB        
q4_layer_ctrl:m_axi_weight0b-HBM[9]          RD = 19238.000 KB           WR = 0.000 KB        
q4_layer_ctrl:m_axi_weight1a-HBM[10]          RD = 19238.000 KB           WR = 0.000 KB        
q4_layer_ctrl:m_axi_weight1b-HBM[11]          RD = 19238.000 KB           WR = 0.000 KB        
q4_layer_ctrl:m_axi_weight2a-HBM[12]          RD = 18214.000 KB           WR = 0.000 KB        
q4_layer_ctrl:m_axi_weight2b-HBM[13]          RD = 18214.000 KB           WR = 0.000 KB        
q4_layer_ctrl:m_axi_weight3a-HBM[14]          RD = 18214.000 KB           WR = 0.000 KB        
q4_layer_ctrl:m_axi_weight3b-HBM[15]          RD = 18214.000 KB           WR = 0.000 KB        
q4_layer_ctrl:m_axi_hidden_in-HBM[0]          RD = 128.000 KB             WR = 0.000 KB        
q4_layer_ctrl:m_axi_hidden_out-HBM[1]          RD = 0.000 KB               WR = 96.000 KB       
q4_layer_ctrl:m_axi_kv_k-HBM[2]          RD = 40.000 KB              WR = 16.000 KB       
q4_layer_ctrl:m_axi_kv_v-HBM[3]          RD = 40.000 KB              WR = 16.000 KB       
q4_layer_ctrl:m_axi_norm-HBM[4]          RD = 32.000 KB              WR = 0.000 KB        
q4_layer_ctrl:m_axi_rope-HBM[5]          RD = 128.000 KB             WR = 0.000 KB        

Data transfer on stream interfaces
q4_layer_ctrl:activation_stream0-->PIPE               2413.551 KB     
q4_layer_ctrl:activation_stream1-->PIPE               2413.551 KB     
PIPE-->q4_layer_ctrl:out_stream0               1431.500 KB     
q4_layer_ctrl:activation_stream2-->PIPE               2285.551 KB     
PIPE-->q4_layer_ctrl:out_stream1               1431.500 KB     
PIPE-->q4_layer_ctrl:out_stream2               1375.500 KB     
PIPE-->q4_layer_ctrl:out_stream3               1375.500 KB     
q4_layer_ctrl:task_stream0-->PIPE               4.422 KB        
q4_layer_ctrl:task_stream1-->PIPE               4.422 KB        
q4_layer_ctrl:task_stream2-->PIPE               4.172 KB        
q4_layer_ctrl:task_stream3-->PIPE               4.172 KB        
q4_layer_ctrl:vector_stream0a-->PIPE               474.500 KB      
q4_layer_ctrl:vector_stream0b-->PIPE               422.500 KB      
q4_layer_ctrl:vector_stream1a-->PIPE               474.500 KB      
q4_layer_ctrl:activation_stream3-->PIPE               2285.551 KB     
q4_layer_ctrl:vector_stream1b-->PIPE               422.500 KB      
q4_layer_ctrl:vector_stream2a-->PIPE               474.500 KB      

INFO::[ Vitis-EM 22 ] [Time elapsed: 253 minute(s) 40 seconds, Emulation time: 5.08173 ms]
Data transfer between kernel(s) and global memory(s)
q4_layer_ctrl:m_axi_scales-HBM[6]          RD = 0.531 KB               WR = 0.000 KB        
q4_layer_ctrl:m_axi_weight0a-HBM[8]          RD = 22327.000 KB           WR = 0.000 KB        
q4_layer_ctrl:m_axi_weight0b-HBM[9]          RD = 22327.000 KB           WR = 0.000 KB        
q4_layer_ctrl:m_axi_weight1a-HBM[10]          RD = 22327.000 KB           WR = 0.000 KB        
q4_layer_ctrl:m_axi_weight1b-HBM[11]          RD = 22327.000 KB           WR = 0.000 KB        
q4_layer_ctrl:m_axi_weight2a-HBM[12]          RD = 21111.000 KB           WR = 0.000 KB        
q4_layer_ctrl:m_axi_weight2b-HBM[13]          RD = 21111.000 KB           WR = 0.000 KB        
q4_layer_ctrl:m_axi_weight3a-HBM[14]          RD = 21111.000 KB           WR = 0.000 KB        
q4_layer_ctrl:m_axi_weight3b-HBM[15]          RD = 21111.000 KB           WR = 0.000 KB        
q4_layer_ctrl:m_axi_hidden_in-HBM[0]          RD = 160.000 KB             WR = 0.000 KB        
q4_layer_ctrl:m_axi_hidden_out-HBM[1]          RD = 0.000 KB               WR = 128.000 KB      
q4_layer_ctrl:m_axi_kv_k-HBM[2]          RD = 60.000 KB              WR = 20.000 KB       
q4_layer_ctrl:m_axi_kv_v-HBM[3]          RD = 60.000 KB              WR = 20.000 KB       
q4_layer_ctrl:m_axi_norm-HBM[4]          RD = 40.000 KB              WR = 0.000 KB        
q4_layer_ctrl:m_axi_rope-HBM[5]          RD = 160.000 KB             WR = 0.000 KB        

Data transfer on stream interfaces
q4_layer_ctrl:activation_stream0-->PIPE               2802.102 KB     
q4_layer_ctrl:activation_stream1-->PIPE               2802.102 KB     
PIPE-->q4_layer_ctrl:out_stream0               1680.000 KB     
q4_layer_ctrl:activation_stream2-->PIPE               2650.102 KB     
PIPE-->q4_layer_ctrl:out_stream1               1680.000 KB     
PIPE-->q4_layer_ctrl:out_stream2               1613.500 KB     
PIPE-->q4_layer_ctrl:out_stream3               1613.500 KB     
q4_layer_ctrl:task_stream0-->PIPE               5.344 KB        
q4_layer_ctrl:task_stream1-->PIPE               5.344 KB        
q4_layer_ctrl:task_stream2-->PIPE               5.047 KB        
q4_layer_ctrl:task_stream3-->PIPE               5.047 KB        
q4_layer_ctrl:vector_stream0a-->PIPE               526.500 KB      
q4_layer_ctrl:vector_stream0b-->PIPE               461.500 KB      
q4_layer_ctrl:vector_stream1a-->PIPE               526.500 KB      
q4_layer_ctrl:activation_stream3-->PIPE               2650.102 KB     
q4_layer_ctrl:vector_stream1b-->PIPE               461.500 KB      
q4_layer_ctrl:vector_stream2a-->PIPE               526.500 KB      

INFO::[ Vitis-EM 22 ] [Time elapsed: 275 minute(s) 43 seconds, Emulation time: 5.51582 ms]
Data transfer between kernel(s) and global memory(s)
q4_layer_ctrl:m_axi_scales-HBM[6]          RD = 0.562 KB               WR = 0.000 KB        
q4_layer_ctrl:m_axi_weight0a-HBM[8]          RD = 24382.500 KB           WR = 0.000 KB        
q4_layer_ctrl:m_axi_weight0b-HBM[9]          RD = 24382.500 KB           WR = 0.000 KB        
q4_layer_ctrl:m_axi_weight1a-HBM[10]          RD = 24382.500 KB           WR = 0.000 KB        
q4_layer_ctrl:m_axi_weight1b-HBM[11]          RD = 24382.500 KB           WR = 0.000 KB        
q4_layer_ctrl:m_axi_weight2a-HBM[12]          RD = 23102.500 KB           WR = 0.000 KB        
q4_layer_ctrl:m_axi_weight2b-HBM[13]          RD = 23102.500 KB           WR = 0.000 KB        
q4_layer_ctrl:m_axi_weight3a-HBM[14]          RD = 23102.500 KB           WR = 0.000 KB        
q4_layer_ctrl:m_axi_weight3b-HBM[15]          RD = 23102.500 KB           WR = 0.000 KB        
q4_layer_ctrl:m_axi_hidden_in-HBM[0]          RD = 192.000 KB             WR = 0.000 KB        
q4_layer_ctrl:m_axi_hidden_out-HBM[1]          RD = 0.000 KB               WR = 160.000 KB      
q4_layer_ctrl:m_axi_kv_k-HBM[2]          RD = 60.000 KB              WR = 20.000 KB       
q4_layer_ctrl:m_axi_kv_v-HBM[3]          RD = 60.000 KB              WR = 20.000 KB       
q4_layer_ctrl:m_axi_norm-HBM[4]          RD = 44.000 KB              WR = 0.000 KB        
q4_layer_ctrl:m_axi_rope-HBM[5]          RD = 160.000 KB             WR = 0.000 KB        

Data transfer on stream interfaces
q4_layer_ctrl:activation_stream0-->PIPE               3059.188 KB     
q4_layer_ctrl:activation_stream1-->PIPE               3059.188 KB     
PIPE-->q4_layer_ctrl:out_stream0               1835.750 KB     
q4_layer_ctrl:activation_stream2-->PIPE               2899.188 KB     
PIPE-->q4_layer_ctrl:out_stream1               1835.750 KB     
PIPE-->q4_layer_ctrl:out_stream2               1765.750 KB     
PIPE-->q4_layer_ctrl:out_stream3               1765.750 KB     
q4_layer_ctrl:task_stream0-->PIPE               5.625 KB        
q4_layer_ctrl:task_stream1-->PIPE               5.625 KB        
q4_layer_ctrl:task_stream2-->PIPE               5.312 KB        
q4_layer_ctrl:task_stream3-->PIPE               5.312 KB        
q4_layer_ctrl:vector_stream0a-->PIPE               622.375 KB      
q4_layer_ctrl:vector_stream0b-->PIPE               550.875 KB      
q4_layer_ctrl:vector_stream1a-->PIPE               622.375 KB      
q4_layer_ctrl:activation_stream3-->PIPE               2899.188 KB     
q4_layer_ctrl:vector_stream1b-->PIPE               550.875 KB      
q4_layer_ctrl:vector_stream2a-->PIPE               622.375 KB      

INFO::[ Vitis-EM 22 ] [Time elapsed: 316 minute(s) 14 seconds, Emulation time: 6.35066 ms]
Data transfer between kernel(s) and global memory(s)
q4_layer_ctrl:m_axi_scales-HBM[6]          RD = 0.656 KB               WR = 0.000 KB        
q4_layer_ctrl:m_axi_weight0a-HBM[8]          RD = 27737.000 KB           WR = 0.000 KB        
q4_layer_ctrl:m_axi_weight0b-HBM[9]          RD = 27737.000 KB           WR = 0.000 KB        
q4_layer_ctrl:m_axi_weight1a-HBM[10]          RD = 27737.000 KB           WR = 0.000 KB        
q4_layer_ctrl:m_axi_weight1b-HBM[11]          RD = 27737.000 KB           WR = 0.000 KB        
q4_layer_ctrl:m_axi_weight2a-HBM[12]          RD = 26201.000 KB           WR = 0.000 KB        
q4_layer_ctrl:m_axi_weight2b-HBM[13]          RD = 26201.000 KB           WR = 0.000 KB        
q4_layer_ctrl:m_axi_weight3a-HBM[14]          RD = 26201.000 KB           WR = 0.000 KB        
q4_layer_ctrl:m_axi_weight3b-HBM[15]          RD = 26201.000 KB           WR = 0.000 KB        
q4_layer_ctrl:m_axi_hidden_in-HBM[0]          RD = 192.000 KB             WR = 0.000 KB        
q4_layer_ctrl:m_axi_hidden_out-HBM[1]          RD = 0.000 KB               WR = 160.000 KB      
q4_layer_ctrl:m_axi_kv_k-HBM[2]          RD = 84.000 KB              WR = 24.000 KB       
q4_layer_ctrl:m_axi_kv_v-HBM[3]          RD = 84.000 KB              WR = 24.000 KB       
q4_layer_ctrl:m_axi_norm-HBM[4]          RD = 48.000 KB              WR = 0.000 KB        
q4_layer_ctrl:m_axi_rope-HBM[5]          RD = 192.000 KB             WR = 0.000 KB        

Data transfer on stream interfaces
q4_layer_ctrl:activation_stream0-->PIPE               3481.285 KB     
q4_layer_ctrl:activation_stream1-->PIPE               3481.285 KB     
PIPE-->q4_layer_ctrl:out_stream0               2145.500 KB     
q4_layer_ctrl:activation_stream2-->PIPE               3289.285 KB     
PIPE-->q4_layer_ctrl:out_stream1               2145.500 KB     
PIPE-->q4_layer_ctrl:out_stream2               2061.500 KB     
PIPE-->q4_layer_ctrl:out_stream3               2061.500 KB     
q4_layer_ctrl:task_stream0-->PIPE               6.594 KB        
q4_layer_ctrl:task_stream1-->PIPE               6.594 KB        
q4_layer_ctrl:task_stream2-->PIPE               6.219 KB        
q4_layer_ctrl:task_stream3-->PIPE               6.219 KB        
q4_layer_ctrl:vector_stream0a-->PIPE               718.250 KB      
q4_layer_ctrl:vector_stream0b-->PIPE               640.250 KB      
q4_layer_ctrl:vector_stream1a-->PIPE               718.250 KB      
q4_layer_ctrl:activation_stream3-->PIPE               3289.285 KB     
q4_layer_ctrl:vector_stream1b-->PIPE               640.250 KB      
q4_layer_ctrl:vector_stream2a-->PIPE               718.250 KB      

INFO::[ Vitis-EM 22 ] [Time elapsed: 317 minute(s) 14 seconds, Emulation time: 6.36069 ms]
Data transfer between kernel(s) and global memory(s)
q4_layer_ctrl:m_axi_scales-HBM[6]          RD = 0.656 KB               WR = 0.000 KB        
q4_layer_ctrl:m_axi_weight0a-HBM[8]          RD = 27831.000 KB           WR = 0.000 KB        
q4_layer_ctrl:m_axi_weight0b-HBM[9]          RD = 27831.000 KB           WR = 0.000 KB        
q4_layer_ctrl:m_axi_weight1a-HBM[10]          RD = 27831.000 KB           WR = 0.000 KB        
q4_layer_ctrl:m_axi_weight1b-HBM[11]          RD = 27831.000 KB           WR = 0.000 KB        
q4_layer_ctrl:m_axi_weight2a-HBM[12]          RD = 26295.000 KB           WR = 0.000 KB        
q4_layer_ctrl:m_axi_weight2b-HBM[13]          RD = 26295.000 KB           WR = 0.000 KB        
q4_layer_ctrl:m_axi_weight3a-HBM[14]          RD = 26295.000 KB           WR = 0.000 KB        
q4_layer_ctrl:m_axi_weight3b-HBM[15]          RD = 26295.000 KB           WR = 0.000 KB        
q4_layer_ctrl:m_axi_hidden_in-HBM[0]          RD = 192.000 KB             WR = 0.000 KB        
q4_layer_ctrl:m_axi_hidden_out-HBM[1]          RD = 0.000 KB               WR = 160.000 KB      
q4_layer_ctrl:m_axi_kv_k-HBM[2]          RD = 84.000 KB              WR = 24.000 KB       
q4_layer_ctrl:m_axi_kv_v-HBM[3]          RD = 84.000 KB              WR = 24.000 KB       
q4_layer_ctrl:m_axi_norm-HBM[4]          RD = 48.000 KB              WR = 0.000 KB        
q4_layer_ctrl:m_axi_rope-HBM[5]          RD = 192.000 KB             WR = 0.000 KB        

Data transfer on stream interfaces
q4_layer_ctrl:activation_stream0-->PIPE               3493.039 KB     
q4_layer_ctrl:activation_stream1-->PIPE               3493.039 KB     
PIPE-->q4_layer_ctrl:out_stream0               2145.500 KB     
q4_layer_ctrl:activation_stream2-->PIPE               3301.039 KB     
PIPE-->q4_layer_ctrl:out_stream1               2145.500 KB     
PIPE-->q4_layer_ctrl:out_stream2               2061.500 KB     
PIPE-->q4_layer_ctrl:out_stream3               2061.500 KB     
q4_layer_ctrl:task_stream0-->PIPE               6.594 KB        
q4_layer_ctrl:task_stream1-->PIPE               6.594 KB        
q4_layer_ctrl:task_stream2-->PIPE               6.219 KB        
q4_layer_ctrl:task_stream3-->PIPE               6.219 KB        
q4_layer_ctrl:vector_stream0a-->PIPE               718.250 KB      
q4_layer_ctrl:vector_stream0b-->PIPE               640.250 KB      
q4_layer_ctrl:vector_stream1a-->PIPE               718.250 KB      
q4_layer_ctrl:activation_stream3-->PIPE               3301.039 KB     
q4_layer_ctrl:vector_stream1b-->PIPE               640.250 KB      
q4_layer_ctrl:vector_stream2a-->PIPE               718.250 KB      

INFO::[ Vitis-EM 22 ] [Time elapsed: 327 minute(s) 46 seconds, Emulation time: 6.48009 ms]
Data transfer between kernel(s) and global memory(s)
q4_layer_ctrl:m_axi_scales-HBM[6]          RD = 0.656 KB               WR = 0.000 KB        
q4_layer_ctrl:m_axi_weight0a-HBM[8]          RD = 28943.500 KB           WR = 0.000 KB        
q4_layer_ctrl:m_axi_weight0b-HBM[9]          RD = 28943.500 KB           WR = 0.000 KB        
q4_layer_ctrl:m_axi_weight1a-HBM[10]          RD = 28943.500 KB           WR = 0.000 KB        
q4_layer_ctrl:m_axi_weight1b-HBM[11]          RD = 28943.500 KB           WR = 0.000 KB        
q4_layer_ctrl:m_axi_weight2a-HBM[12]          RD = 27407.500 KB           WR = 0.000 KB        
q4_layer_ctrl:m_axi_weight2b-HBM[13]          RD = 27407.500 KB           WR = 0.000 KB        
q4_layer_ctrl:m_axi_weight3a-HBM[14]          RD = 27407.500 KB           WR = 0.000 KB        
q4_layer_ctrl:m_axi_weight3b-HBM[15]          RD = 27407.500 KB           WR = 0.000 KB        
q4_layer_ctrl:m_axi_hidden_in-HBM[0]          RD = 192.000 KB             WR = 0.000 KB        
q4_layer_ctrl:m_axi_hidden_out-HBM[1]          RD = 0.000 KB               WR = 160.000 KB      
q4_layer_ctrl:m_axi_kv_k-HBM[2]          RD = 84.000 KB              WR = 24.000 KB       
q4_layer_ctrl:m_axi_kv_v-HBM[3]          RD = 84.000 KB              WR = 24.000 KB       
q4_layer_ctrl:m_axi_norm-HBM[4]          RD = 48.000 KB              WR = 0.000 KB        
q4_layer_ctrl:m_axi_rope-HBM[5]          RD = 192.000 KB             WR = 0.000 KB        

Data transfer on stream interfaces
q4_layer_ctrl:activation_stream0-->PIPE               3632.074 KB     
q4_layer_ctrl:activation_stream1-->PIPE               3632.074 KB     
PIPE-->q4_layer_ctrl:out_stream0               2156.000 KB     
q4_layer_ctrl:activation_stream2-->PIPE               3440.074 KB     
PIPE-->q4_layer_ctrl:out_stream1               2156.000 KB     
PIPE-->q4_layer_ctrl:out_stream2               2072.000 KB     
PIPE-->q4_layer_ctrl:out_stream3               2072.000 KB     
q4_layer_ctrl:task_stream0-->PIPE               6.641 KB        
q4_layer_ctrl:task_stream1-->PIPE               6.641 KB        
q4_layer_ctrl:task_stream2-->PIPE               6.266 KB        
q4_layer_ctrl:task_stream3-->PIPE               6.266 KB        
q4_layer_ctrl:vector_stream0a-->PIPE               718.250 KB      
q4_layer_ctrl:vector_stream0b-->PIPE               640.250 KB      
q4_layer_ctrl:vector_stream1a-->PIPE               718.250 KB      
q4_layer_ctrl:activation_stream3-->PIPE               3440.074 KB     
q4_layer_ctrl:vector_stream1b-->PIPE               640.250 KB      
q4_layer_ctrl:vector_stream2a-->PIPE               718.250 KB      

INFO::[ Vitis-EM 22 ] [Time elapsed: 334 minute(s) 30 seconds, Emulation time: 6.66432 ms]
Data transfer between kernel(s) and global memory(s)
q4_layer_ctrl:m_axi_scales-HBM[6]          RD = 0.703 KB               WR = 0.000 KB        
q4_layer_ctrl:m_axi_weight0a-HBM[8]          RD = 29376.000 KB           WR = 0.000 KB        
q4_layer_ctrl:m_axi_weight0b-HBM[9]          RD = 29376.000 KB           WR = 0.000 KB        
q4_layer_ctrl:m_axi_weight1a-HBM[10]          RD = 29376.000 KB           WR = 0.000 KB        
q4_layer_ctrl:m_axi_weight1b-HBM[11]          RD = 29376.000 KB           WR = 0.000 KB        
q4_layer_ctrl:m_axi_weight2a-HBM[12]          RD = 27712.000 KB           WR = 0.000 KB        
q4_layer_ctrl:m_axi_weight2b-HBM[13]          RD = 27712.000 KB           WR = 0.000 KB        
q4_layer_ctrl:m_axi_weight3a-HBM[14]          RD = 27712.000 KB           WR = 0.000 KB        
q4_layer_ctrl:m_axi_weight3b-HBM[15]          RD = 27712.000 KB           WR = 0.000 KB        
q4_layer_ctrl:m_axi_hidden_in-HBM[0]          RD = 224.000 KB             WR = 0.000 KB        
q4_layer_ctrl:m_axi_hidden_out-HBM[1]          RD = 0.000 KB               WR = 192.000 KB      
q4_layer_ctrl:m_axi_kv_k-HBM[2]          RD = 84.000 KB              WR = 24.000 KB       
q4_layer_ctrl:m_axi_kv_v-HBM[3]          RD = 84.000 KB              WR = 24.000 KB       
q4_layer_ctrl:m_axi_norm-HBM[4]          RD = 52.000 KB              WR = 0.000 KB        
q4_layer_ctrl:m_axi_rope-HBM[5]          RD = 212.000 KB             WR = 0.000 KB        

Data transfer on stream interfaces
q4_layer_ctrl:activation_stream0-->PIPE               3686.625 KB     
q4_layer_ctrl:activation_stream1-->PIPE               3686.625 KB     
PIPE-->q4_layer_ctrl:out_stream0               2208.500 KB     
q4_layer_ctrl:activation_stream2-->PIPE               3478.625 KB     
PIPE-->q4_layer_ctrl:out_stream1               2208.500 KB     
PIPE-->q4_layer_ctrl:out_stream2               2117.500 KB     
PIPE-->q4_layer_ctrl:out_stream3               2117.500 KB     
q4_layer_ctrl:task_stream0-->PIPE               6.766 KB        
q4_layer_ctrl:task_stream1-->PIPE               6.766 KB        
q4_layer_ctrl:task_stream2-->PIPE               6.359 KB        
q4_layer_ctrl:task_stream3-->PIPE               6.359 KB        
q4_layer_ctrl:vector_stream0a-->PIPE               744.250 KB      
q4_layer_ctrl:vector_stream0b-->PIPE               659.750 KB      
q4_layer_ctrl:vector_stream1a-->PIPE               744.250 KB      
q4_layer_ctrl:activation_stream3-->PIPE               3478.625 KB     
q4_layer_ctrl:vector_stream1b-->PIPE               659.750 KB      
q4_layer_ctrl:vector_stream2a-->PIPE               744.250 KB      

INFO::[ Vitis-EM 22 ] [Time elapsed: 335 minute(s) 5 seconds, Emulation time: 6.68455 ms]
Data transfer between kernel(s) and global memory(s)
q4_layer_ctrl:m_axi_scales-HBM[6]          RD = 0.703 KB               WR = 0.000 KB        
q4_layer_ctrl:m_axi_weight0a-HBM[8]          RD = 29376.000 KB           WR = 0.000 KB        
q4_layer_ctrl:m_axi_weight0b-HBM[9]          RD = 29376.000 KB           WR = 0.000 KB        
q4_layer_ctrl:m_axi_weight1a-HBM[10]          RD = 29376.000 KB           WR = 0.000 KB        
q4_layer_ctrl:m_axi_weight1b-HBM[11]          RD = 29376.000 KB           WR = 0.000 KB        
q4_layer_ctrl:m_axi_weight2a-HBM[12]          RD = 27712.000 KB           WR = 0.000 KB        
q4_layer_ctrl:m_axi_weight2b-HBM[13]          RD = 27712.000 KB           WR = 0.000 KB        
q4_layer_ctrl:m_axi_weight3a-HBM[14]          RD = 27712.000 KB           WR = 0.000 KB        
q4_layer_ctrl:m_axi_weight3b-HBM[15]          RD = 27712.000 KB           WR = 0.000 KB        
q4_layer_ctrl:m_axi_hidden_in-HBM[0]          RD = 224.000 KB             WR = 0.000 KB        
q4_layer_ctrl:m_axi_hidden_out-HBM[1]          RD = 0.000 KB               WR = 192.000 KB      
q4_layer_ctrl:m_axi_kv_k-HBM[2]          RD = 84.000 KB              WR = 24.000 KB       
q4_layer_ctrl:m_axi_kv_v-HBM[3]          RD = 84.000 KB              WR = 24.000 KB       
q4_layer_ctrl:m_axi_norm-HBM[4]          RD = 52.000 KB              WR = 0.000 KB        
q4_layer_ctrl:m_axi_rope-HBM[5]          RD = 224.000 KB             WR = 0.000 KB        

Data transfer on stream interfaces
q4_layer_ctrl:activation_stream0-->PIPE               3686.625 KB     
q4_layer_ctrl:activation_stream1-->PIPE               3686.625 KB     
PIPE-->q4_layer_ctrl:out_stream0               2208.500 KB     
q4_layer_ctrl:activation_stream2-->PIPE               3478.625 KB     
PIPE-->q4_layer_ctrl:out_stream1               2208.500 KB     
PIPE-->q4_layer_ctrl:out_stream2               2117.500 KB     
PIPE-->q4_layer_ctrl:out_stream3               2117.500 KB     
q4_layer_ctrl:task_stream0-->PIPE               6.766 KB        
q4_layer_ctrl:task_stream1-->PIPE               6.766 KB        
q4_layer_ctrl:task_stream2-->PIPE               6.359 KB        
q4_layer_ctrl:task_stream3-->PIPE               6.359 KB        
q4_layer_ctrl:vector_stream0a-->PIPE               744.250 KB      
q4_layer_ctrl:vector_stream0b-->PIPE               659.750 KB      
q4_layer_ctrl:vector_stream1a-->PIPE               744.250 KB      
q4_layer_ctrl:activation_stream3-->PIPE               3478.625 KB     
q4_layer_ctrl:vector_stream1b-->PIPE               659.750 KB      
q4_layer_ctrl:vector_stream2a-->PIPE               744.250 KB      

INFO::[ Vitis-EM 22 ] [Time elapsed: 335 minute(s) 20 seconds, Emulation time: 6.69265 ms]
Data transfer between kernel(s) and global memory(s)
q4_layer_ctrl:m_axi_scales-HBM[6]          RD = 0.703 KB               WR = 0.000 KB        
q4_layer_ctrl:m_axi_weight0a-HBM[8]          RD = 29376.000 KB           WR = 0.000 KB        
q4_layer_ctrl:m_axi_weight0b-HBM[9]          RD = 29376.000 KB           WR = 0.000 KB        
q4_layer_ctrl:m_axi_weight1a-HBM[10]          RD = 29376.000 KB           WR = 0.000 KB        
q4_layer_ctrl:m_axi_weight1b-HBM[11]          RD = 29376.000 KB           WR = 0.000 KB        
q4_layer_ctrl:m_axi_weight2a-HBM[12]          RD = 27712.000 KB           WR = 0.000 KB        
q4_layer_ctrl:m_axi_weight2b-HBM[13]          RD = 27712.000 KB           WR = 0.000 KB        
q4_layer_ctrl:m_axi_weight3a-HBM[14]          RD = 27712.000 KB           WR = 0.000 KB        
q4_layer_ctrl:m_axi_weight3b-HBM[15]          RD = 27712.000 KB           WR = 0.000 KB        
q4_layer_ctrl:m_axi_hidden_in-HBM[0]          RD = 224.000 KB             WR = 0.000 KB        
q4_layer_ctrl:m_axi_hidden_out-HBM[1]          RD = 0.000 KB               WR = 192.000 KB      
q4_layer_ctrl:m_axi_kv_k-HBM[2]          RD = 91.500 KB              WR = 28.000 KB       
q4_layer_ctrl:m_axi_kv_v-HBM[3]          RD = 84.000 KB              WR = 28.000 KB       
q4_layer_ctrl:m_axi_norm-HBM[4]          RD = 52.000 KB              WR = 0.000 KB        
q4_layer_ctrl:m_axi_rope-HBM[5]          RD = 224.000 KB             WR = 0.000 KB        

Data transfer on stream interfaces
q4_layer_ctrl:activation_stream0-->PIPE               3686.625 KB     
q4_layer_ctrl:activation_stream1-->PIPE               3686.625 KB     
PIPE-->q4_layer_ctrl:out_stream0               2208.500 KB     
q4_layer_ctrl:activation_stream2-->PIPE               3478.625 KB     
PIPE-->q4_layer_ctrl:out_stream1               2208.500 KB     
PIPE-->q4_layer_ctrl:out_stream2               2117.500 KB     
PIPE-->q4_layer_ctrl:out_stream3               2117.500 KB     
q4_layer_ctrl:task_stream0-->PIPE               6.766 KB        
q4_layer_ctrl:task_stream1-->PIPE               6.766 KB        
q4_layer_ctrl:task_stream2-->PIPE               6.359 KB        
q4_layer_ctrl:task_stream3-->PIPE               6.359 KB        
q4_layer_ctrl:vector_stream0a-->PIPE               744.250 KB      
q4_layer_ctrl:vector_stream0b-->PIPE               659.750 KB      
q4_layer_ctrl:vector_stream1a-->PIPE               744.250 KB      
q4_layer_ctrl:activation_stream3-->PIPE               3478.625 KB     
q4_layer_ctrl:vector_stream1b-->PIPE               659.750 KB      
q4_layer_ctrl:vector_stream2a-->PIPE               744.250 KB      

INFO::[ Vitis-EM 22 ] [Time elapsed: 335 minute(s) 37 seconds, Emulation time: 6.70278 ms]
Data transfer between kernel(s) and global memory(s)
q4_layer_ctrl:m_axi_scales-HBM[6]          RD = 0.703 KB               WR = 0.000 KB        
q4_layer_ctrl:m_axi_weight0a-HBM[8]          RD = 29376.000 KB           WR = 0.000 KB        
q4_layer_ctrl:m_axi_weight0b-HBM[9]          RD = 29376.000 KB           WR = 0.000 KB        
q4_layer_ctrl:m_axi_weight1a-HBM[10]          RD = 29376.000 KB           WR = 0.000 KB        
q4_layer_ctrl:m_axi_weight1b-HBM[11]          RD = 29376.000 KB           WR = 0.000 KB        
q4_layer_ctrl:m_axi_weight2a-HBM[12]          RD = 27712.000 KB           WR = 0.000 KB        
q4_layer_ctrl:m_axi_weight2b-HBM[13]          RD = 27712.000 KB           WR = 0.000 KB        
q4_layer_ctrl:m_axi_weight3a-HBM[14]          RD = 27712.000 KB           WR = 0.000 KB        
q4_layer_ctrl:m_axi_weight3b-HBM[15]          RD = 27712.000 KB           WR = 0.000 KB        
q4_layer_ctrl:m_axi_hidden_in-HBM[0]          RD = 224.000 KB             WR = 0.000 KB        
q4_layer_ctrl:m_axi_hidden_out-HBM[1]          RD = 0.000 KB               WR = 192.000 KB      
q4_layer_ctrl:m_axi_kv_k-HBM[2]          RD = 107.500 KB             WR = 28.000 KB       
q4_layer_ctrl:m_axi_kv_v-HBM[3]          RD = 98.000 KB              WR = 28.000 KB       
q4_layer_ctrl:m_axi_norm-HBM[4]          RD = 52.000 KB              WR = 0.000 KB        
q4_layer_ctrl:m_axi_rope-HBM[5]          RD = 224.000 KB             WR = 0.000 KB        

Data transfer on stream interfaces
q4_layer_ctrl:activation_stream0-->PIPE               3686.625 KB     
q4_layer_ctrl:activation_stream1-->PIPE               3686.625 KB     
PIPE-->q4_layer_ctrl:out_stream0               2208.500 KB     
q4_layer_ctrl:activation_stream2-->PIPE               3478.625 KB     
PIPE-->q4_layer_ctrl:out_stream1               2208.500 KB     
PIPE-->q4_layer_ctrl:out_stream2               2117.500 KB     
PIPE-->q4_layer_ctrl:out_stream3               2117.500 KB     
q4_layer_ctrl:task_stream0-->PIPE               6.766 KB        
q4_layer_ctrl:task_stream1-->PIPE               6.766 KB        
q4_layer_ctrl:task_stream2-->PIPE               6.359 KB        
q4_layer_ctrl:task_stream3-->PIPE               6.359 KB        
q4_layer_ctrl:vector_stream0a-->PIPE               744.250 KB      
q4_layer_ctrl:vector_stream0b-->PIPE               659.750 KB      
q4_layer_ctrl:vector_stream1a-->PIPE               744.250 KB      
q4_layer_ctrl:activation_stream3-->PIPE               3478.625 KB     
q4_layer_ctrl:vector_stream1b-->PIPE               659.750 KB      
q4_layer_ctrl:vector_stream2a-->PIPE               744.250 KB      

INFO::[ Vitis-EM 22 ] [Time elapsed: 337 minute(s) 11 seconds, Emulation time: 6.78614 ms]
Data transfer between kernel(s) and global memory(s)
q4_layer_ctrl:m_axi_scales-HBM[6]          RD = 0.703 KB               WR = 0.000 KB        
q4_layer_ctrl:m_axi_weight0a-HBM[8]          RD = 29376.000 KB           WR = 0.000 KB        
q4_layer_ctrl:m_axi_weight0b-HBM[9]          RD = 29376.000 KB           WR = 0.000 KB        
q4_layer_ctrl:m_axi_weight1a-HBM[10]          RD = 29376.000 KB           WR = 0.000 KB        
q4_layer_ctrl:m_axi_weight1b-HBM[11]          RD = 29376.000 KB           WR = 0.000 KB        
q4_layer_ctrl:m_axi_weight2a-HBM[12]          RD = 27712.000 KB           WR = 0.000 KB        
q4_layer_ctrl:m_axi_weight2b-HBM[13]          RD = 27712.000 KB           WR = 0.000 KB        
q4_layer_ctrl:m_axi_weight3a-HBM[14]          RD = 27712.000 KB           WR = 0.000 KB        
q4_layer_ctrl:m_axi_weight3b-HBM[15]          RD = 27712.000 KB           WR = 0.000 KB        
q4_layer_ctrl:m_axi_hidden_in-HBM[0]          RD = 224.000 KB             WR = 0.000 KB        
q4_layer_ctrl:m_axi_hidden_out-HBM[1]          RD = 0.000 KB               WR = 192.000 KB      
q4_layer_ctrl:m_axi_kv_k-HBM[2]          RD = 112.000 KB             WR = 28.000 KB       
q4_layer_ctrl:m_axi_kv_v-HBM[3]          RD = 112.000 KB             WR = 28.000 KB       
q4_layer_ctrl:m_axi_norm-HBM[4]          RD = 52.000 KB              WR = 0.000 KB        
q4_layer_ctrl:m_axi_rope-HBM[5]          RD = 224.000 KB             WR = 0.000 KB        

Data transfer on stream interfaces
q4_layer_ctrl:activation_stream0-->PIPE               3686.625 KB     
q4_layer_ctrl:activation_stream1-->PIPE               3686.625 KB     
PIPE-->q4_layer_ctrl:out_stream0               2208.500 KB     
q4_layer_ctrl:activation_stream2-->PIPE               3478.625 KB     
PIPE-->q4_layer_ctrl:out_stream1               2208.500 KB     
PIPE-->q4_layer_ctrl:out_stream2               2117.500 KB     
PIPE-->q4_layer_ctrl:out_stream3               2117.500 KB     
q4_layer_ctrl:task_stream0-->PIPE               6.766 KB        
q4_layer_ctrl:task_stream1-->PIPE               6.766 KB        
q4_layer_ctrl:task_stream2-->PIPE               6.359 KB        
q4_layer_ctrl:task_stream3-->PIPE               6.359 KB        
q4_layer_ctrl:vector_stream0a-->PIPE               744.250 KB      
q4_layer_ctrl:vector_stream0b-->PIPE               659.750 KB      
q4_layer_ctrl:vector_stream1a-->PIPE               744.250 KB      
q4_layer_ctrl:activation_stream3-->PIPE               3478.625 KB     
q4_layer_ctrl:vector_stream1b-->PIPE               659.750 KB      
q4_layer_ctrl:vector_stream2a-->PIPE               744.250 KB      

INFO::[ Vitis-EM 22 ] [Time elapsed: 353 minute(s) 13 seconds, Emulation time: 7.09643 ms]
Data transfer between kernel(s) and global memory(s)
q4_layer_ctrl:m_axi_scales-HBM[6]          RD = 0.734 KB               WR = 0.000 KB        
q4_layer_ctrl:m_axi_weight0a-HBM[8]          RD = 30664.000 KB           WR = 0.000 KB        
q4_layer_ctrl:m_axi_weight0b-HBM[9]          RD = 30664.000 KB           WR = 0.000 KB        
q4_layer_ctrl:m_axi_weight1a-HBM[10]          RD = 30664.000 KB           WR = 0.000 KB        
q4_layer_ctrl:m_axi_weight1b-HBM[11]          RD = 30664.000 KB           WR = 0.000 KB        
q4_layer_ctrl:m_axi_weight2a-HBM[12]          RD = 29000.000 KB           WR = 0.000 KB        
q4_layer_ctrl:m_axi_weight2b-HBM[13]          RD = 29000.000 KB           WR = 0.000 KB        
q4_layer_ctrl:m_axi_weight3a-HBM[14]          RD = 29000.000 KB           WR = 0.000 KB        
q4_layer_ctrl:m_axi_weight3b-HBM[15]          RD = 29000.000 KB           WR = 0.000 KB        
q4_layer_ctrl:m_axi_hidden_in-HBM[0]          RD = 224.000 KB             WR = 0.000 KB        
q4_layer_ctrl:m_axi_hidden_out-HBM[1]          RD = 0.000 KB               WR = 192.000 KB      
q4_layer_ctrl:m_axi_kv_k-HBM[2]          RD = 112.000 KB             WR = 28.000 KB       
q4_layer_ctrl:m_axi_kv_v-HBM[3]          RD = 112.000 KB             WR = 28.000 KB       
q4_layer_ctrl:m_axi_norm-HBM[4]          RD = 56.000 KB              WR = 0.000 KB        
q4_layer_ctrl:m_axi_rope-HBM[5]          RD = 224.000 KB             WR = 0.000 KB        

Data transfer on stream interfaces
q4_layer_ctrl:activation_stream0-->PIPE               3850.016 KB     
q4_layer_ctrl:activation_stream1-->PIPE               3850.016 KB     
PIPE-->q4_layer_ctrl:out_stream0               2333.133 KB     
q4_layer_ctrl:activation_stream2-->PIPE               3642.016 KB     
PIPE-->q4_layer_ctrl:out_stream1               2333.133 KB     
PIPE-->q4_layer_ctrl:out_stream2               2242.133 KB     
PIPE-->q4_layer_ctrl:out_stream3               2242.133 KB     
q4_layer_ctrl:task_stream0-->PIPE               7.250 KB        
q4_layer_ctrl:task_stream1-->PIPE               7.250 KB        
q4_layer_ctrl:task_stream2-->PIPE               6.844 KB        
q4_layer_ctrl:task_stream3-->PIPE               6.844 KB        
q4_layer_ctrl:vector_stream0a-->PIPE               770.250 KB      
q4_layer_ctrl:vector_stream0b-->PIPE               679.250 KB      
q4_layer_ctrl:vector_stream1a-->PIPE               770.250 KB      
q4_layer_ctrl:activation_stream3-->PIPE               3642.016 KB     
q4_layer_ctrl:vector_stream1b-->PIPE               679.250 KB      
q4_layer_ctrl:vector_stream2a-->PIPE               770.250 KB      

INFO::[ Vitis-EM 22 ] [Time elapsed: 373 minute(s) 21 seconds, Emulation time: 7.40381 ms]
Data transfer between kernel(s) and global memory(s)
q4_layer_ctrl:m_axi_scales-HBM[6]          RD = 0.750 KB               WR = 0.000 KB        
q4_layer_ctrl:m_axi_weight0a-HBM[8]          RD = 32448.000 KB           WR = 0.000 KB        
q4_layer_ctrl:m_axi_weight0b-HBM[9]          RD = 32448.000 KB           WR = 0.000 KB        
q4_layer_ctrl:m_axi_weight1a-HBM[10]          RD = 32448.000 KB           WR = 0.000 KB        
q4_layer_ctrl:m_axi_weight1b-HBM[11]          RD = 32448.000 KB           WR = 0.000 KB        
q4_layer_ctrl:m_axi_weight2a-HBM[12]          RD = 30656.000 KB           WR = 0.000 KB        
q4_layer_ctrl:m_axi_weight2b-HBM[13]          RD = 30656.000 KB           WR = 0.000 KB        
q4_layer_ctrl:m_axi_weight3a-HBM[14]          RD = 30656.000 KB           WR = 0.000 KB        
q4_layer_ctrl:m_axi_weight3b-HBM[15]          RD = 30656.000 KB           WR = 0.000 KB        
q4_layer_ctrl:m_axi_hidden_in-HBM[0]          RD = 224.000 KB             WR = 0.000 KB        
q4_layer_ctrl:m_axi_hidden_out-HBM[1]          RD = 0.000 KB               WR = 192.000 KB      
q4_layer_ctrl:m_axi_kv_k-HBM[2]          RD = 112.000 KB             WR = 28.000 KB       
q4_layer_ctrl:m_axi_kv_v-HBM[3]          RD = 112.000 KB             WR = 28.000 KB       
q4_layer_ctrl:m_axi_norm-HBM[4]          RD = 56.000 KB              WR = 0.000 KB        
q4_layer_ctrl:m_axi_rope-HBM[5]          RD = 224.000 KB             WR = 0.000 KB        

Data transfer on stream interfaces
q4_layer_ctrl:activation_stream0-->PIPE               4073.500 KB     
q4_layer_ctrl:activation_stream1-->PIPE               4073.500 KB     
PIPE-->q4_layer_ctrl:out_stream0               2501.023 KB     
q4_layer_ctrl:activation_stream2-->PIPE               3849.500 KB     
PIPE-->q4_layer_ctrl:out_stream1               2501.023 KB     
PIPE-->q4_layer_ctrl:out_stream2               2403.023 KB     
PIPE-->q4_layer_ctrl:out_stream3               2403.023 KB     
q4_layer_ctrl:task_stream0-->PIPE               7.688 KB        
q4_layer_ctrl:task_stream1-->PIPE               7.688 KB        
q4_layer_ctrl:task_stream2-->PIPE               7.250 KB        
q4_layer_ctrl:task_stream3-->PIPE               7.250 KB        
q4_layer_ctrl:vector_stream0a-->PIPE               835.910 KB      
q4_layer_ctrl:vector_stream0b-->PIPE               744.910 KB      
q4_layer_ctrl:vector_stream1a-->PIPE               835.910 KB      
q4_layer_ctrl:activation_stream3-->PIPE               3849.500 KB     
q4_layer_ctrl:vector_stream1b-->PIPE               744.910 KB      
q4_layer_ctrl:vector_stream2a-->PIPE               835.910 KB      

INFO::[ Vitis-EM 22 ] [Time elapsed: 373 minute(s) 33 seconds, Emulation time: 7.41091 ms]
Data transfer between kernel(s) and global memory(s)
q4_layer_ctrl:m_axi_scales-HBM[6]          RD = 0.750 KB               WR = 0.000 KB        
q4_layer_ctrl:m_axi_weight0a-HBM[8]          RD = 32448.000 KB           WR = 0.000 KB        
q4_layer_ctrl:m_axi_weight0b-HBM[9]          RD = 32448.000 KB           WR = 0.000 KB        
q4_layer_ctrl:m_axi_weight1a-HBM[10]          RD = 32448.000 KB           WR = 0.000 KB        
q4_layer_ctrl:m_axi_weight1b-HBM[11]          RD = 32448.000 KB           WR = 0.000 KB        
q4_layer_ctrl:m_axi_weight2a-HBM[12]          RD = 30656.000 KB           WR = 0.000 KB        
q4_layer_ctrl:m_axi_weight2b-HBM[13]          RD = 30656.000 KB           WR = 0.000 KB        
q4_layer_ctrl:m_axi_weight3a-HBM[14]          RD = 30656.000 KB           WR = 0.000 KB        
q4_layer_ctrl:m_axi_weight3b-HBM[15]          RD = 30656.000 KB           WR = 0.000 KB        
q4_layer_ctrl:m_axi_hidden_in-HBM[0]          RD = 224.000 KB             WR = 0.000 KB        
q4_layer_ctrl:m_axi_hidden_out-HBM[1]          RD = 0.000 KB               WR = 192.000 KB      
q4_layer_ctrl:m_axi_kv_k-HBM[2]          RD = 112.000 KB             WR = 28.000 KB       
q4_layer_ctrl:m_axi_kv_v-HBM[3]          RD = 112.000 KB             WR = 28.000 KB       
q4_layer_ctrl:m_axi_norm-HBM[4]          RD = 56.000 KB              WR = 0.000 KB        
q4_layer_ctrl:m_axi_rope-HBM[5]          RD = 224.000 KB             WR = 0.000 KB        

Data transfer on stream interfaces
q4_layer_ctrl:activation_stream0-->PIPE               4073.500 KB     
q4_layer_ctrl:activation_stream1-->PIPE               4073.500 KB     
PIPE-->q4_layer_ctrl:out_stream0               2507.750 KB     
q4_layer_ctrl:activation_stream2-->PIPE               3849.500 KB     
PIPE-->q4_layer_ctrl:out_stream1               2507.750 KB     
PIPE-->q4_layer_ctrl:out_stream2               2409.750 KB     
PIPE-->q4_layer_ctrl:out_stream3               2409.750 KB     
q4_layer_ctrl:task_stream0-->PIPE               7.688 KB        
q4_layer_ctrl:task_stream1-->PIPE               7.688 KB        
q4_layer_ctrl:task_stream2-->PIPE               7.250 KB        
q4_layer_ctrl:task_stream3-->PIPE               7.250 KB        
q4_layer_ctrl:vector_stream0a-->PIPE               840.125 KB      
q4_layer_ctrl:vector_stream0b-->PIPE               749.125 KB      
q4_layer_ctrl:vector_stream1a-->PIPE               840.125 KB      
q4_layer_ctrl:activation_stream3-->PIPE               3849.500 KB     
q4_layer_ctrl:vector_stream1b-->PIPE               749.125 KB      
q4_layer_ctrl:vector_stream2a-->PIPE               840.125 KB      

INFO::[ Vitis-EM 22 ] [Time elapsed: 373 minute(s) 54 seconds, Emulation time: 7.42718 ms]
Data transfer between kernel(s) and global memory(s)
q4_layer_ctrl:m_axi_scales-HBM[6]          RD = 0.750 KB               WR = 0.000 KB        
q4_layer_ctrl:m_axi_weight0a-HBM[8]          RD = 32448.000 KB           WR = 0.000 KB        
q4_layer_ctrl:m_axi_weight0b-HBM[9]          RD = 32448.000 KB           WR = 0.000 KB        
q4_layer_ctrl:m_axi_weight1a-HBM[10]          RD = 32448.000 KB           WR = 0.000 KB        
q4_layer_ctrl:m_axi_weight1b-HBM[11]          RD = 32448.000 KB           WR = 0.000 KB        
q4_layer_ctrl:m_axi_weight2a-HBM[12]          RD = 30656.000 KB           WR = 0.000 KB        
q4_layer_ctrl:m_axi_weight2b-HBM[13]          RD = 30656.000 KB           WR = 0.000 KB        
q4_layer_ctrl:m_axi_weight3a-HBM[14]          RD = 30656.000 KB           WR = 0.000 KB        
q4_layer_ctrl:m_axi_weight3b-HBM[15]          RD = 30656.000 KB           WR = 0.000 KB        
q4_layer_ctrl:m_axi_hidden_in-HBM[0]          RD = 224.000 KB             WR = 0.000 KB        
q4_layer_ctrl:m_axi_hidden_out-HBM[1]          RD = 0.000 KB               WR = 192.000 KB      
q4_layer_ctrl:m_axi_kv_k-HBM[2]          RD = 112.000 KB             WR = 28.000 KB       
q4_layer_ctrl:m_axi_kv_v-HBM[3]          RD = 112.000 KB             WR = 28.000 KB       
q4_layer_ctrl:m_axi_norm-HBM[4]          RD = 56.000 KB              WR = 0.000 KB        
q4_layer_ctrl:m_axi_rope-HBM[5]          RD = 224.000 KB             WR = 0.000 KB        

Data transfer on stream interfaces
q4_layer_ctrl:activation_stream0-->PIPE               4073.500 KB     
q4_layer_ctrl:activation_stream1-->PIPE               4073.500 KB     
PIPE-->q4_layer_ctrl:out_stream0               2507.750 KB     
q4_layer_ctrl:activation_stream2-->PIPE               3849.500 KB     
PIPE-->q4_layer_ctrl:out_stream1               2507.750 KB     
PIPE-->q4_layer_ctrl:out_stream2               2409.750 KB     
PIPE-->q4_layer_ctrl:out_stream3               2409.750 KB     
q4_layer_ctrl:task_stream0-->PIPE               7.688 KB        
q4_layer_ctrl:task_stream1-->PIPE               7.688 KB        
q4_layer_ctrl:task_stream2-->PIPE               7.250 KB        
q4_layer_ctrl:task_stream3-->PIPE               7.250 KB        
q4_layer_ctrl:vector_stream0a-->PIPE               840.125 KB      
q4_layer_ctrl:vector_stream0b-->PIPE               749.125 KB      
q4_layer_ctrl:vector_stream1a-->PIPE               840.125 KB      
q4_layer_ctrl:activation_stream3-->PIPE               3849.500 KB     
q4_layer_ctrl:vector_stream1b-->PIPE               749.125 KB      
q4_layer_ctrl:vector_stream2a-->PIPE               840.125 KB      

INFO::[ Vitis-EM 22 ] [Time elapsed: 374 minute(s) 29 seconds, Emulation time: 7.43728 ms]
Data transfer between kernel(s) and global memory(s)
q4_layer_ctrl:m_axi_scales-HBM[6]          RD = 0.766 KB               WR = 0.000 KB        
q4_layer_ctrl:m_axi_weight0a-HBM[8]          RD = 32505.000 KB           WR = 0.000 KB        
q4_layer_ctrl:m_axi_weight0b-HBM[9]          RD = 32505.000 KB           WR = 0.000 KB        
q4_layer_ctrl:m_axi_weight1a-HBM[10]          RD = 32505.000 KB           WR = 0.000 KB        
q4_layer_ctrl:m_axi_weight1b-HBM[11]          RD = 32505.000 KB           WR = 0.000 KB        
q4_layer_ctrl:m_axi_weight2a-HBM[12]          RD = 30713.000 KB           WR = 0.000 KB        
q4_layer_ctrl:m_axi_weight2b-HBM[13]          RD = 30713.000 KB           WR = 0.000 KB        
q4_layer_ctrl:m_axi_weight3a-HBM[14]          RD = 30713.000 KB           WR = 0.000 KB        
q4_layer_ctrl:m_axi_weight3b-HBM[15]          RD = 30713.000 KB           WR = 0.000 KB        
q4_layer_ctrl:m_axi_hidden_in-HBM[0]          RD = 224.000 KB             WR = 0.000 KB        
q4_layer_ctrl:m_axi_hidden_out-HBM[1]          RD = 0.000 KB               WR = 192.000 KB      
q4_layer_ctrl:m_axi_kv_k-HBM[2]          RD = 112.000 KB             WR = 28.000 KB       
q4_layer_ctrl:m_axi_kv_v-HBM[3]          RD = 112.000 KB             WR = 28.000 KB       
q4_layer_ctrl:m_axi_norm-HBM[4]          RD = 56.000 KB              WR = 0.000 KB        
q4_layer_ctrl:m_axi_rope-HBM[5]          RD = 224.000 KB             WR = 0.000 KB        

Data transfer on stream interfaces
q4_layer_ctrl:activation_stream0-->PIPE               4080.145 KB     
q4_layer_ctrl:activation_stream1-->PIPE               4080.145 KB     
PIPE-->q4_layer_ctrl:out_stream0               2507.750 KB     
q4_layer_ctrl:activation_stream2-->PIPE               3856.145 KB     
PIPE-->q4_layer_ctrl:out_stream1               2507.750 KB     
PIPE-->q4_layer_ctrl:out_stream2               2409.750 KB     
PIPE-->q4_layer_ctrl:out_stream3               2409.750 KB     
q4_layer_ctrl:task_stream0-->PIPE               7.703 KB        
q4_layer_ctrl:task_stream1-->PIPE               7.703 KB        
q4_layer_ctrl:task_stream2-->PIPE               7.266 KB        
q4_layer_ctrl:task_stream3-->PIPE               7.266 KB        
q4_layer_ctrl:vector_stream0a-->PIPE               840.125 KB      
q4_layer_ctrl:vector_stream0b-->PIPE               749.125 KB      
q4_layer_ctrl:vector_stream1a-->PIPE               840.125 KB      
q4_layer_ctrl:activation_stream3-->PIPE               3856.145 KB     
q4_layer_ctrl:vector_stream1b-->PIPE               749.125 KB      
q4_layer_ctrl:vector_stream2a-->PIPE               840.125 KB      

INFO::[ Vitis-EM 22 ] [Time elapsed: 378 minute(s) 20 seconds, Emulation time: 7.48547 ms]
Data transfer between kernel(s) and global memory(s)
q4_layer_ctrl:m_axi_scales-HBM[6]          RD = 0.766 KB               WR = 0.000 KB        
q4_layer_ctrl:m_axi_weight0a-HBM[8]          RD = 32954.000 KB           WR = 0.000 KB        
q4_layer_ctrl:m_axi_weight0b-HBM[9]          RD = 32954.000 KB           WR = 0.000 KB        
q4_layer_ctrl:m_axi_weight1a-HBM[10]          RD = 32954.000 KB           WR = 0.000 KB        
q4_layer_ctrl:m_axi_weight1b-HBM[11]          RD = 32954.000 KB           WR = 0.000 KB        
q4_layer_ctrl:m_axi_weight2a-HBM[12]          RD = 31162.000 KB           WR = 0.000 KB        
q4_layer_ctrl:m_axi_weight2b-HBM[13]          RD = 31162.000 KB           WR = 0.000 KB        
q4_layer_ctrl:m_axi_weight3a-HBM[14]          RD = 31162.000 KB           WR = 0.000 KB        
q4_layer_ctrl:m_axi_weight3b-HBM[15]          RD = 31162.000 KB           WR = 0.000 KB        
q4_layer_ctrl:m_axi_hidden_in-HBM[0]          RD = 224.000 KB             WR = 0.000 KB        
q4_layer_ctrl:m_axi_hidden_out-HBM[1]          RD = 0.000 KB               WR = 192.000 KB      
q4_layer_ctrl:m_axi_kv_k-HBM[2]          RD = 112.000 KB             WR = 28.000 KB       
q4_layer_ctrl:m_axi_kv_v-HBM[3]          RD = 112.000 KB             WR = 28.000 KB       
q4_layer_ctrl:m_axi_norm-HBM[4]          RD = 56.000 KB              WR = 0.000 KB        
q4_layer_ctrl:m_axi_rope-HBM[5]          RD = 224.000 KB             WR = 0.000 KB        

Data transfer on stream interfaces
q4_layer_ctrl:activation_stream0-->PIPE               4136.309 KB     
q4_layer_ctrl:activation_stream1-->PIPE               4136.309 KB     
PIPE-->q4_layer_ctrl:out_stream0               2511.250 KB     
q4_layer_ctrl:activation_stream2-->PIPE               3912.309 KB     
PIPE-->q4_layer_ctrl:out_stream1               2511.250 KB     
PIPE-->q4_layer_ctrl:out_stream2               2413.250 KB     
PIPE-->q4_layer_ctrl:out_stream3               2413.250 KB     
q4_layer_ctrl:task_stream0-->PIPE               7.719 KB        
q4_layer_ctrl:task_stream1-->PIPE               7.719 KB        
q4_layer_ctrl:task_stream2-->PIPE               7.281 KB        
q4_layer_ctrl:task_stream3-->PIPE               7.281 KB        
q4_layer_ctrl:vector_stream0a-->PIPE               840.125 KB      
q4_layer_ctrl:vector_stream0b-->PIPE               749.125 KB      
q4_layer_ctrl:vector_stream1a-->PIPE               840.125 KB      
q4_layer_ctrl:activation_stream3-->PIPE               3912.309 KB     
q4_layer_ctrl:vector_stream1b-->PIPE               749.125 KB      
q4_layer_ctrl:vector_stream2a-->PIPE               840.125 KB      

INFO::[ Vitis-EM 22 ] [Time elapsed: 392 minute(s) 27 seconds, Emulation time: 7.806 ms]
Data transfer between kernel(s) and global memory(s)
q4_layer_ctrl:m_axi_scales-HBM[6]          RD = 0.812 KB               WR = 0.000 KB        
q4_layer_ctrl:m_axi_weight0a-HBM[8]          RD = 34208.000 KB           WR = 0.000 KB        
q4_layer_ctrl:m_axi_weight0b-HBM[9]          RD = 34208.000 KB           WR = 0.000 KB        
q4_layer_ctrl:m_axi_weight1a-HBM[10]          RD = 34208.000 KB           WR = 0.000 KB        
q4_layer_ctrl:m_axi_weight1b-HBM[11]          RD = 34208.000 KB           WR = 0.000 KB        
q4_layer_ctrl:m_axi_weight2a-HBM[12]          RD = 32288.000 KB           WR = 0.000 KB        
q4_layer_ctrl:m_axi_weight2b-HBM[13]          RD = 32288.000 KB           WR = 0.000 KB        
q4_layer_ctrl:m_axi_weight3a-HBM[14]          RD = 32288.000 KB           WR = 0.000 KB        
q4_layer_ctrl:m_axi_weight3b-HBM[15]          RD = 32288.000 KB           WR = 0.000 KB        
q4_layer_ctrl:m_axi_hidden_in-HBM[0]          RD = 256.000 KB             WR = 0.000 KB        
q4_layer_ctrl:m_axi_hidden_out-HBM[1]          RD = 0.000 KB               WR = 224.000 KB      
q4_layer_ctrl:m_axi_kv_k-HBM[2]          RD = 144.000 KB             WR = 32.000 KB       
q4_layer_ctrl:m_axi_kv_v-HBM[3]          RD = 144.000 KB             WR = 32.000 KB       
q4_layer_ctrl:m_axi_norm-HBM[4]          RD = 60.000 KB              WR = 0.000 KB        
q4_layer_ctrl:m_axi_rope-HBM[5]          RD = 256.000 KB             WR = 0.000 KB        

Data transfer on stream interfaces
q4_layer_ctrl:activation_stream0-->PIPE               4293.500 KB     
q4_layer_ctrl:activation_stream1-->PIPE               4293.500 KB     
PIPE-->q4_layer_ctrl:out_stream0               2570.750 KB     
q4_layer_ctrl:activation_stream2-->PIPE               4053.500 KB     
PIPE-->q4_layer_ctrl:out_stream1               2570.750 KB     
PIPE-->q4_layer_ctrl:out_stream2               2465.750 KB     
PIPE-->q4_layer_ctrl:out_stream3               2465.750 KB     
q4_layer_ctrl:task_stream0-->PIPE               7.875 KB        
q4_layer_ctrl:task_stream1-->PIPE               7.875 KB        
q4_layer_ctrl:task_stream2-->PIPE               7.406 KB        
q4_layer_ctrl:task_stream3-->PIPE               7.406 KB        
q4_layer_ctrl:vector_stream0a-->PIPE               866.125 KB      
q4_layer_ctrl:vector_stream0b-->PIPE               768.625 KB      
q4_layer_ctrl:vector_stream1a-->PIPE               866.125 KB      
q4_layer_ctrl:activation_stream3-->PIPE               4053.500 KB     
q4_layer_ctrl:vector_stream1b-->PIPE               768.625 KB      
q4_layer_ctrl:vector_stream2a-->PIPE               866.125 KB      

INFO::[ Vitis-EM 22 ] [Time elapsed: 392 minute(s) 43 seconds, Emulation time: 7.81716 ms]
Data transfer between kernel(s) and global memory(s)
q4_layer_ctrl:m_axi_scales-HBM[6]          RD = 0.812 KB               WR = 0.000 KB        
q4_layer_ctrl:m_axi_weight0a-HBM[8]          RD = 34208.000 KB           WR = 0.000 KB        
q4_layer_ctrl:m_axi_weight0b-HBM[9]          RD = 34208.000 KB           WR = 0.000 KB        
q4_layer_ctrl:m_axi_weight1a-HBM[10]          RD = 34208.000 KB           WR = 0.000 KB        
q4_layer_ctrl:m_axi_weight1b-HBM[11]          RD = 34208.000 KB           WR = 0.000 KB        
q4_layer_ctrl:m_axi_weight2a-HBM[12]          RD = 32288.000 KB           WR = 0.000 KB        
q4_layer_ctrl:m_axi_weight2b-HBM[13]          RD = 32288.000 KB           WR = 0.000 KB        
q4_layer_ctrl:m_axi_weight3a-HBM[14]          RD = 32288.000 KB           WR = 0.000 KB        
q4_layer_ctrl:m_axi_weight3b-HBM[15]          RD = 32288.000 KB           WR = 0.000 KB        
q4_layer_ctrl:m_axi_hidden_in-HBM[0]          RD = 256.000 KB             WR = 0.000 KB        
q4_layer_ctrl:m_axi_hidden_out-HBM[1]          RD = 0.000 KB               WR = 224.000 KB      
q4_layer_ctrl:m_axi_kv_k-HBM[2]          RD = 144.000 KB             WR = 32.000 KB       
q4_layer_ctrl:m_axi_kv_v-HBM[3]          RD = 144.000 KB             WR = 32.000 KB       
q4_layer_ctrl:m_axi_norm-HBM[4]          RD = 60.000 KB              WR = 0.000 KB        
q4_layer_ctrl:m_axi_rope-HBM[5]          RD = 256.000 KB             WR = 0.000 KB        

Data transfer on stream interfaces
q4_layer_ctrl:activation_stream0-->PIPE               4293.500 KB     
q4_layer_ctrl:activation_stream1-->PIPE               4293.500 KB     
PIPE-->q4_layer_ctrl:out_stream0               2570.750 KB     
q4_layer_ctrl:activation_stream2-->PIPE               4053.500 KB     
PIPE-->q4_layer_ctrl:out_stream1               2570.750 KB     
PIPE-->q4_layer_ctrl:out_stream2               2465.750 KB     
PIPE-->q4_layer_ctrl:out_stream3               2465.750 KB     
q4_layer_ctrl:task_stream0-->PIPE               7.875 KB        
q4_layer_ctrl:task_stream1-->PIPE               7.875 KB        
q4_layer_ctrl:task_stream2-->PIPE               7.406 KB        
q4_layer_ctrl:task_stream3-->PIPE               7.406 KB        
q4_layer_ctrl:vector_stream0a-->PIPE               866.125 KB      
q4_layer_ctrl:vector_stream0b-->PIPE               768.625 KB      
q4_layer_ctrl:vector_stream1a-->PIPE               866.125 KB      
q4_layer_ctrl:activation_stream3-->PIPE               4053.500 KB     
q4_layer_ctrl:vector_stream1b-->PIPE               768.625 KB      
q4_layer_ctrl:vector_stream2a-->PIPE               866.125 KB      

INFO::[ Vitis-EM 22 ] [Time elapsed: 393 minute(s) 28 seconds, Emulation time: 7.8517 ms]
Data transfer between kernel(s) and global memory(s)
q4_layer_ctrl:m_axi_scales-HBM[6]          RD = 0.812 KB               WR = 0.000 KB        
q4_layer_ctrl:m_axi_weight0a-HBM[8]          RD = 34208.000 KB           WR = 0.000 KB        
q4_layer_ctrl:m_axi_weight0b-HBM[9]          RD = 34208.000 KB           WR = 0.000 KB        
q4_layer_ctrl:m_axi_weight1a-HBM[10]          RD = 34208.000 KB           WR = 0.000 KB        
q4_layer_ctrl:m_axi_weight1b-HBM[11]          RD = 34208.000 KB           WR = 0.000 KB        
q4_layer_ctrl:m_axi_weight2a-HBM[12]          RD = 32288.000 KB           WR = 0.000 KB        
q4_layer_ctrl:m_axi_weight2b-HBM[13]          RD = 32288.000 KB           WR = 0.000 KB        
q4_layer_ctrl:m_axi_weight3a-HBM[14]          RD = 32288.000 KB           WR = 0.000 KB        
q4_layer_ctrl:m_axi_weight3b-HBM[15]          RD = 32288.000 KB           WR = 0.000 KB        
q4_layer_ctrl:m_axi_hidden_in-HBM[0]          RD = 256.000 KB             WR = 0.000 KB        
q4_layer_ctrl:m_axi_hidden_out-HBM[1]          RD = 0.000 KB               WR = 224.000 KB      
q4_layer_ctrl:m_axi_kv_k-HBM[2]          RD = 144.000 KB             WR = 32.000 KB       
q4_layer_ctrl:m_axi_kv_v-HBM[3]          RD = 144.000 KB             WR = 32.000 KB       
q4_layer_ctrl:m_axi_norm-HBM[4]          RD = 60.000 KB              WR = 0.000 KB        
q4_layer_ctrl:m_axi_rope-HBM[5]          RD = 256.000 KB             WR = 0.000 KB        

Data transfer on stream interfaces
q4_layer_ctrl:activation_stream0-->PIPE               4293.500 KB     
q4_layer_ctrl:activation_stream1-->PIPE               4293.500 KB     
PIPE-->q4_layer_ctrl:out_stream0               2570.750 KB     
q4_layer_ctrl:activation_stream2-->PIPE               4053.500 KB     
PIPE-->q4_layer_ctrl:out_stream1               2570.750 KB     
PIPE-->q4_layer_ctrl:out_stream2               2465.750 KB     
PIPE-->q4_layer_ctrl:out_stream3               2465.750 KB     
q4_layer_ctrl:task_stream0-->PIPE               7.875 KB        
q4_layer_ctrl:task_stream1-->PIPE               7.875 KB        
q4_layer_ctrl:task_stream2-->PIPE               7.406 KB        
q4_layer_ctrl:task_stream3-->PIPE               7.406 KB        
q4_layer_ctrl:vector_stream0a-->PIPE               866.125 KB      
q4_layer_ctrl:vector_stream0b-->PIPE               768.625 KB      
q4_layer_ctrl:vector_stream1a-->PIPE               866.125 KB      
q4_layer_ctrl:activation_stream3-->PIPE               4053.500 KB     
q4_layer_ctrl:vector_stream1b-->PIPE               768.625 KB      
q4_layer_ctrl:vector_stream2a-->PIPE               866.125 KB      

INFO::[ Vitis-EM 22 ] [Time elapsed: 393 minute(s) 50 seconds, Emulation time: 7.86999 ms]
Data transfer between kernel(s) and global memory(s)
q4_layer_ctrl:m_axi_scales-HBM[6]          RD = 0.812 KB               WR = 0.000 KB        
q4_layer_ctrl:m_axi_weight0a-HBM[8]          RD = 34208.000 KB           WR = 0.000 KB        
q4_layer_ctrl:m_axi_weight0b-HBM[9]          RD = 34208.000 KB           WR = 0.000 KB        
q4_layer_ctrl:m_axi_weight1a-HBM[10]          RD = 34208.000 KB           WR = 0.000 KB        
q4_layer_ctrl:m_axi_weight1b-HBM[11]          RD = 34208.000 KB           WR = 0.000 KB        
q4_layer_ctrl:m_axi_weight2a-HBM[12]          RD = 32288.000 KB           WR = 0.000 KB        
q4_layer_ctrl:m_axi_weight2b-HBM[13]          RD = 32288.000 KB           WR = 0.000 KB        
q4_layer_ctrl:m_axi_weight3a-HBM[14]          RD = 32288.000 KB           WR = 0.000 KB        
q4_layer_ctrl:m_axi_weight3b-HBM[15]          RD = 32288.000 KB           WR = 0.000 KB        
q4_layer_ctrl:m_axi_hidden_in-HBM[0]          RD = 256.000 KB             WR = 0.000 KB        
q4_layer_ctrl:m_axi_hidden_out-HBM[1]          RD = 0.000 KB               WR = 224.000 KB      
q4_layer_ctrl:m_axi_kv_k-HBM[2]          RD = 144.000 KB             WR = 32.000 KB       
q4_layer_ctrl:m_axi_kv_v-HBM[3]          RD = 144.000 KB             WR = 32.000 KB       
q4_layer_ctrl:m_axi_norm-HBM[4]          RD = 60.000 KB              WR = 0.000 KB        
q4_layer_ctrl:m_axi_rope-HBM[5]          RD = 256.000 KB             WR = 0.000 KB        

Data transfer on stream interfaces
q4_layer_ctrl:activation_stream0-->PIPE               4293.500 KB     
q4_layer_ctrl:activation_stream1-->PIPE               4293.500 KB     
PIPE-->q4_layer_ctrl:out_stream0               2570.750 KB     
q4_layer_ctrl:activation_stream2-->PIPE               4053.500 KB     
PIPE-->q4_layer_ctrl:out_stream1               2570.750 KB     
PIPE-->q4_layer_ctrl:out_stream2               2465.750 KB     
PIPE-->q4_layer_ctrl:out_stream3               2465.750 KB     
q4_layer_ctrl:task_stream0-->PIPE               7.875 KB        
q4_layer_ctrl:task_stream1-->PIPE               7.875 KB        
q4_layer_ctrl:task_stream2-->PIPE               7.406 KB        
q4_layer_ctrl:task_stream3-->PIPE               7.406 KB        
q4_layer_ctrl:vector_stream0a-->PIPE               866.125 KB      
q4_layer_ctrl:vector_stream0b-->PIPE               768.625 KB      
q4_layer_ctrl:vector_stream1a-->PIPE               866.125 KB      
q4_layer_ctrl:activation_stream3-->PIPE               4053.500 KB     
q4_layer_ctrl:vector_stream1b-->PIPE               768.625 KB      
q4_layer_ctrl:vector_stream2a-->PIPE               866.125 KB      

INFO::[ Vitis-EM 22 ] [Time elapsed: 394 minute(s) 54 seconds, Emulation time: 7.91977 ms]
Data transfer between kernel(s) and global memory(s)
q4_layer_ctrl:m_axi_scales-HBM[6]          RD = 0.812 KB               WR = 0.000 KB        
q4_layer_ctrl:m_axi_weight0a-HBM[8]          RD = 34208.000 KB           WR = 0.000 KB        
q4_layer_ctrl:m_axi_weight0b-HBM[9]          RD = 34208.000 KB           WR = 0.000 KB        
q4_layer_ctrl:m_axi_weight1a-HBM[10]          RD = 34208.000 KB           WR = 0.000 KB        
q4_layer_ctrl:m_axi_weight1b-HBM[11]          RD = 34208.000 KB           WR = 0.000 KB        
q4_layer_ctrl:m_axi_weight2a-HBM[12]          RD = 32288.000 KB           WR = 0.000 KB        
q4_layer_ctrl:m_axi_weight2b-HBM[13]          RD = 32288.000 KB           WR = 0.000 KB        
q4_layer_ctrl:m_axi_weight3a-HBM[14]          RD = 32288.000 KB           WR = 0.000 KB        
q4_layer_ctrl:m_axi_weight3b-HBM[15]          RD = 32288.000 KB           WR = 0.000 KB        
q4_layer_ctrl:m_axi_hidden_in-HBM[0]          RD = 256.000 KB             WR = 0.000 KB        
q4_layer_ctrl:m_axi_hidden_out-HBM[1]          RD = 0.000 KB               WR = 224.000 KB      
q4_layer_ctrl:m_axi_kv_k-HBM[2]          RD = 144.000 KB             WR = 32.000 KB       
q4_layer_ctrl:m_axi_kv_v-HBM[3]          RD = 144.000 KB             WR = 32.000 KB       
q4_layer_ctrl:m_axi_norm-HBM[4]          RD = 60.000 KB              WR = 0.000 KB        
q4_layer_ctrl:m_axi_rope-HBM[5]          RD = 256.000 KB             WR = 0.000 KB        

Data transfer on stream interfaces
q4_layer_ctrl:activation_stream0-->PIPE               4294.750 KB     
q4_layer_ctrl:activation_stream1-->PIPE               4294.750 KB     
PIPE-->q4_layer_ctrl:out_stream0               2578.078 KB     
q4_layer_ctrl:activation_stream2-->PIPE               4054.750 KB     
PIPE-->q4_layer_ctrl:out_stream1               2578.078 KB     
PIPE-->q4_layer_ctrl:out_stream2               2473.078 KB     
PIPE-->q4_layer_ctrl:out_stream3               2473.078 KB     
q4_layer_ctrl:task_stream0-->PIPE               7.922 KB        
q4_layer_ctrl:task_stream1-->PIPE               7.922 KB        
q4_layer_ctrl:task_stream2-->PIPE               7.453 KB        
q4_layer_ctrl:task_stream3-->PIPE               7.453 KB        
q4_layer_ctrl:vector_stream0a-->PIPE               866.125 KB      
q4_layer_ctrl:vector_stream0b-->PIPE               768.625 KB      
q4_layer_ctrl:vector_stream1a-->PIPE               866.125 KB      
q4_layer_ctrl:activation_stream3-->PIPE               4054.750 KB     
q4_layer_ctrl:vector_stream1b-->PIPE               768.625 KB      
q4_layer_ctrl:vector_stream2a-->PIPE               866.125 KB      

INFO::[ Vitis-EM 22 ] [Time elapsed: 415 minute(s) 21 seconds, Emulation time: 8.265 ms]
Data transfer between kernel(s) and global memory(s)
q4_layer_ctrl:m_axi_scales-HBM[6]          RD = 0.859 KB               WR = 0.000 KB        
q4_layer_ctrl:m_axi_weight0a-HBM[8]          RD = 35959.500 KB           WR = 0.000 KB        
q4_layer_ctrl:m_axi_weight0b-HBM[9]          RD = 35959.500 KB           WR = 0.000 KB        
q4_layer_ctrl:m_axi_weight1a-HBM[10]          RD = 35959.500 KB           WR = 0.000 KB        
q4_layer_ctrl:m_axi_weight1b-HBM[11]          RD = 35959.500 KB           WR = 0.000 KB        
q4_layer_ctrl:m_axi_weight2a-HBM[12]          RD = 33975.500 KB           WR = 0.000 KB        
q4_layer_ctrl:m_axi_weight2b-HBM[13]          RD = 33975.500 KB           WR = 0.000 KB        
q4_layer_ctrl:m_axi_weight3a-HBM[14]          RD = 33975.500 KB           WR = 0.000 KB        
q4_layer_ctrl:m_axi_weight3b-HBM[15]          RD = 33975.500 KB           WR = 0.000 KB        
q4_layer_ctrl:m_axi_hidden_in-HBM[0]          RD = 256.000 KB             WR = 0.000 KB        
q4_layer_ctrl:m_axi_hidden_out-HBM[1]          RD = 0.000 KB               WR = 224.000 KB      
q4_layer_ctrl:m_axi_kv_k-HBM[2]          RD = 144.000 KB             WR = 32.000 KB       
q4_layer_ctrl:m_axi_kv_v-HBM[3]          RD = 144.000 KB             WR = 32.000 KB       
q4_layer_ctrl:m_axi_norm-HBM[4]          RD = 64.000 KB              WR = 0.000 KB        
q4_layer_ctrl:m_axi_rope-HBM[5]          RD = 256.000 KB             WR = 0.000 KB        

Data transfer on stream interfaces
q4_layer_ctrl:activation_stream0-->PIPE               4514.938 KB     
q4_layer_ctrl:activation_stream1-->PIPE               4514.938 KB     
PIPE-->q4_layer_ctrl:out_stream0               2721.250 KB     
q4_layer_ctrl:activation_stream2-->PIPE               4266.938 KB     
PIPE-->q4_layer_ctrl:out_stream1               2721.250 KB     
PIPE-->q4_layer_ctrl:out_stream2               2612.750 KB     
PIPE-->q4_layer_ctrl:out_stream3               2612.750 KB     
q4_layer_ctrl:task_stream0-->PIPE               8.469 KB        
q4_layer_ctrl:task_stream1-->PIPE               8.469 KB        
q4_layer_ctrl:task_stream2-->PIPE               7.984 KB        
q4_layer_ctrl:task_stream3-->PIPE               7.984 KB        
q4_layer_ctrl:vector_stream0a-->PIPE               892.125 KB      
q4_layer_ctrl:vector_stream0b-->PIPE               788.125 KB      
q4_layer_ctrl:vector_stream1a-->PIPE               892.125 KB      
q4_layer_ctrl:activation_stream3-->PIPE               4266.938 KB     
q4_layer_ctrl:vector_stream1b-->PIPE               788.125 KB      
q4_layer_ctrl:vector_stream2a-->PIPE               892.125 KB      

INFO::[ Vitis-EM 22 ] [Time elapsed: 415 minute(s) 40 seconds, Emulation time: 8.26802 ms]
Data transfer between kernel(s) and global memory(s)
q4_layer_ctrl:m_axi_scales-HBM[6]          RD = 0.859 KB               WR = 0.000 KB        
q4_layer_ctrl:m_axi_weight0a-HBM[8]          RD = 35987.500 KB           WR = 0.000 KB        
q4_layer_ctrl:m_axi_weight0b-HBM[9]          RD = 35987.500 KB           WR = 0.000 KB        
q4_layer_ctrl:m_axi_weight1a-HBM[10]          RD = 35987.500 KB           WR = 0.000 KB        
q4_layer_ctrl:m_axi_weight1b-HBM[11]          RD = 35987.500 KB           WR = 0.000 KB        
q4_layer_ctrl:m_axi_weight2a-HBM[12]          RD = 34003.500 KB           WR = 0.000 KB        
q4_layer_ctrl:m_axi_weight2b-HBM[13]          RD = 34003.500 KB           WR = 0.000 KB        
q4_layer_ctrl:m_axi_weight3a-HBM[14]          RD = 34003.500 KB           WR = 0.000 KB        
q4_layer_ctrl:m_axi_weight3b-HBM[15]          RD = 34003.500 KB           WR = 0.000 KB        
q4_layer_ctrl:m_axi_hidden_in-HBM[0]          RD = 256.000 KB             WR = 0.000 KB        
q4_layer_ctrl:m_axi_hidden_out-HBM[1]          RD = 0.000 KB               WR = 224.000 KB      
q4_layer_ctrl:m_axi_kv_k-HBM[2]          RD = 144.000 KB             WR = 32.000 KB       
q4_layer_ctrl:m_axi_kv_v-HBM[3]          RD = 144.000 KB             WR = 32.000 KB       
q4_layer_ctrl:m_axi_norm-HBM[4]          RD = 64.000 KB              WR = 0.000 KB        
q4_layer_ctrl:m_axi_rope-HBM[5]          RD = 256.000 KB             WR = 0.000 KB        

Data transfer on stream interfaces
q4_layer_ctrl:activation_stream0-->PIPE               4518.469 KB     
q4_layer_ctrl:activation_stream1-->PIPE               4518.469 KB     
PIPE-->q4_layer_ctrl:out_stream0               2721.250 KB     
q4_layer_ctrl:activation_stream2-->PIPE               4270.469 KB     
PIPE-->q4_layer_ctrl:out_stream1               2721.250 KB     
PIPE-->q4_layer_ctrl:out_stream2               2612.750 KB     
PIPE-->q4_layer_ctrl:out_stream3               2612.750 KB     
q4_layer_ctrl:task_stream0-->PIPE               8.469 KB        
q4_layer_ctrl:task_stream1-->PIPE               8.469 KB        
q4_layer_ctrl:task_stream2-->PIPE               7.984 KB        
q4_layer_ctrl:task_stream3-->PIPE               7.984 KB        
q4_layer_ctrl:vector_stream0a-->PIPE               892.125 KB      
q4_layer_ctrl:vector_stream0b-->PIPE               788.125 KB      
q4_layer_ctrl:vector_stream1a-->PIPE               892.125 KB      
q4_layer_ctrl:activation_stream3-->PIPE               4270.469 KB     
q4_layer_ctrl:vector_stream1b-->PIPE               788.125 KB      
q4_layer_ctrl:vector_stream2a-->PIPE               892.125 KB      

INFO::[ Vitis-EM 22 ] [Time elapsed: 415 minute(s) 57 seconds, Emulation time: 8.27104 ms]
Data transfer between kernel(s) and global memory(s)
q4_layer_ctrl:m_axi_scales-HBM[6]          RD = 0.859 KB               WR = 0.000 KB        
q4_layer_ctrl:m_axi_weight0a-HBM[8]          RD = 36013.500 KB           WR = 0.000 KB        
q4_layer_ctrl:m_axi_weight0b-HBM[9]          RD = 36013.500 KB           WR = 0.000 KB        
q4_layer_ctrl:m_axi_weight1a-HBM[10]          RD = 36013.500 KB           WR = 0.000 KB        
q4_layer_ctrl:m_axi_weight1b-HBM[11]          RD = 36013.500 KB           WR = 0.000 KB        
q4_layer_ctrl:m_axi_weight2a-HBM[12]          RD = 34029.500 KB           WR = 0.000 KB        
q4_layer_ctrl:m_axi_weight2b-HBM[13]          RD = 34029.500 KB           WR = 0.000 KB        
q4_layer_ctrl:m_axi_weight3a-HBM[14]          RD = 34029.500 KB           WR = 0.000 KB        
q4_layer_ctrl:m_axi_weight3b-HBM[15]          RD = 34029.500 KB           WR = 0.000 KB        
q4_layer_ctrl:m_axi_hidden_in-HBM[0]          RD = 256.000 KB             WR = 0.000 KB        
q4_layer_ctrl:m_axi_hidden_out-HBM[1]          RD = 0.000 KB               WR = 224.000 KB      
q4_layer_ctrl:m_axi_kv_k-HBM[2]          RD = 144.000 KB             WR = 32.000 KB       
q4_layer_ctrl:m_axi_kv_v-HBM[3]          RD = 144.000 KB             WR = 32.000 KB       
q4_layer_ctrl:m_axi_norm-HBM[4]          RD = 64.000 KB              WR = 0.000 KB        
q4_layer_ctrl:m_axi_rope-HBM[5]          RD = 256.000 KB             WR = 0.000 KB        

Data transfer on stream interfaces
q4_layer_ctrl:activation_stream0-->PIPE               4521.715 KB     
q4_layer_ctrl:activation_stream1-->PIPE               4521.715 KB     
PIPE-->q4_layer_ctrl:out_stream0               2724.750 KB     
q4_layer_ctrl:activation_stream2-->PIPE               4273.715 KB     
PIPE-->q4_layer_ctrl:out_stream1               2724.750 KB     
PIPE-->q4_layer_ctrl:out_stream2               2616.250 KB     
PIPE-->q4_layer_ctrl:out_stream3               2616.250 KB     
q4_layer_ctrl:task_stream0-->PIPE               8.484 KB        
q4_layer_ctrl:task_stream1-->PIPE               8.484 KB        
q4_layer_ctrl:task_stream2-->PIPE               8.000 KB        
q4_layer_ctrl:task_stream3-->PIPE               8.000 KB        
q4_layer_ctrl:vector_stream0a-->PIPE               892.125 KB      
q4_layer_ctrl:vector_stream0b-->PIPE               788.125 KB      
q4_layer_ctrl:vector_stream1a-->PIPE               892.125 KB      
q4_layer_ctrl:activation_stream3-->PIPE               4273.715 KB     
q4_layer_ctrl:vector_stream1b-->PIPE               788.125 KB      
q4_layer_ctrl:vector_stream2a-->PIPE               892.125 KB      

INFO::[ Vitis-EM 22 ] [Time elapsed: 417 minute(s) 22 seconds, Emulation time: 8.28609 ms]
Data transfer between kernel(s) and global memory(s)
q4_layer_ctrl:m_axi_scales-HBM[6]          RD = 0.859 KB               WR = 0.000 KB        
q4_layer_ctrl:m_axi_weight0a-HBM[8]          RD = 36150.000 KB           WR = 0.000 KB        
q4_layer_ctrl:m_axi_weight0b-HBM[9]          RD = 36150.000 KB           WR = 0.000 KB        
q4_layer_ctrl:m_axi_weight1a-HBM[10]          RD = 36150.000 KB           WR = 0.000 KB        
q4_layer_ctrl:m_axi_weight1b-HBM[11]          RD = 36150.000 KB           WR = 0.000 KB        
q4_layer_ctrl:m_axi_weight2a-HBM[12]          RD = 34166.000 KB           WR = 0.000 KB        
q4_layer_ctrl:m_axi_weight2b-HBM[13]          RD = 34166.000 KB           WR = 0.000 KB        
q4_layer_ctrl:m_axi_weight3a-HBM[14]          RD = 34166.000 KB           WR = 0.000 KB        
q4_layer_ctrl:m_axi_weight3b-HBM[15]          RD = 34166.000 KB           WR = 0.000 KB        
q4_layer_ctrl:m_axi_hidden_in-HBM[0]          RD = 256.000 KB             WR = 0.000 KB        
q4_layer_ctrl:m_axi_hidden_out-HBM[1]          RD = 0.000 KB               WR = 224.000 KB      
q4_layer_ctrl:m_axi_kv_k-HBM[2]          RD = 144.000 KB             WR = 32.000 KB       
q4_layer_ctrl:m_axi_kv_v-HBM[3]          RD = 144.000 KB             WR = 32.000 KB       
q4_layer_ctrl:m_axi_norm-HBM[4]          RD = 64.000 KB              WR = 0.000 KB        
q4_layer_ctrl:m_axi_rope-HBM[5]          RD = 256.000 KB             WR = 0.000 KB        

Data transfer on stream interfaces
q4_layer_ctrl:activation_stream0-->PIPE               4538.645 KB     
q4_layer_ctrl:activation_stream1-->PIPE               4538.645 KB     
PIPE-->q4_layer_ctrl:out_stream0               2731.750 KB     
q4_layer_ctrl:activation_stream2-->PIPE               4290.645 KB     
PIPE-->q4_layer_ctrl:out_stream1               2731.750 KB     
PIPE-->q4_layer_ctrl:out_stream2               2623.250 KB     
PIPE-->q4_layer_ctrl:out_stream3               2623.250 KB     
q4_layer_ctrl:task_stream0-->PIPE               8.516 KB        
q4_layer_ctrl:task_stream1-->PIPE               8.516 KB        
q4_layer_ctrl:task_stream2-->PIPE               8.031 KB        
q4_layer_ctrl:task_stream3-->PIPE               8.031 KB        
q4_layer_ctrl:vector_stream0a-->PIPE               892.125 KB      
q4_layer_ctrl:vector_stream0b-->PIPE               788.125 KB      
q4_layer_ctrl:vector_stream1a-->PIPE               892.125 KB      
q4_layer_ctrl:activation_stream3-->PIPE               4290.645 KB     
q4_layer_ctrl:vector_stream1b-->PIPE               788.125 KB      
q4_layer_ctrl:vector_stream2a-->PIPE               892.125 KB      

INFO::[ Vitis-EM 22 ] [Time elapsed: 418 minute(s) 40 seconds, Emulation time: 8.30014 ms]
Data transfer between kernel(s) and global memory(s)
q4_layer_ctrl:m_axi_scales-HBM[6]          RD = 0.859 KB               WR = 0.000 KB        
q4_layer_ctrl:m_axi_weight0a-HBM[8]          RD = 36275.000 KB           WR = 0.000 KB        
q4_layer_ctrl:m_axi_weight0b-HBM[9]          RD = 36275.000 KB           WR = 0.000 KB        
q4_layer_ctrl:m_axi_weight1a-HBM[10]          RD = 36275.000 KB           WR = 0.000 KB        
q4_layer_ctrl:m_axi_weight1b-HBM[11]          RD = 36275.000 KB           WR = 0.000 KB        
q4_layer_ctrl:m_axi_weight2a-HBM[12]          RD = 34291.000 KB           WR = 0.000 KB        
q4_layer_ctrl:m_axi_weight2b-HBM[13]          RD = 34291.000 KB           WR = 0.000 KB        
q4_layer_ctrl:m_axi_weight3a-HBM[14]          RD = 34291.000 KB           WR = 0.000 KB        
q4_layer_ctrl:m_axi_weight3b-HBM[15]          RD = 34291.000 KB           WR = 0.000 KB        
q4_layer_ctrl:m_axi_hidden_in-HBM[0]          RD = 256.000 KB             WR = 0.000 KB        
q4_layer_ctrl:m_axi_hidden_out-HBM[1]          RD = 0.000 KB               WR = 224.000 KB      
q4_layer_ctrl:m_axi_kv_k-HBM[2]          RD = 144.000 KB             WR = 32.000 KB       
q4_layer_ctrl:m_axi_kv_v-HBM[3]          RD = 144.000 KB             WR = 32.000 KB       
q4_layer_ctrl:m_axi_norm-HBM[4]          RD = 64.000 KB              WR = 0.000 KB        
q4_layer_ctrl:m_axi_rope-HBM[5]          RD = 256.000 KB             WR = 0.000 KB        

Data transfer on stream interfaces
q4_layer_ctrl:activation_stream0-->PIPE               4554.219 KB     
q4_layer_ctrl:activation_stream1-->PIPE               4554.219 KB     
PIPE-->q4_layer_ctrl:out_stream0               2738.750 KB     
q4_layer_ctrl:activation_stream2-->PIPE               4306.219 KB     
PIPE-->q4_layer_ctrl:out_stream1               2738.750 KB     
PIPE-->q4_layer_ctrl:out_stream2               2630.250 KB     
PIPE-->q4_layer_ctrl:out_stream3               2630.250 KB     
q4_layer_ctrl:task_stream0-->PIPE               8.547 KB        
q4_layer_ctrl:task_stream1-->PIPE               8.547 KB        
q4_layer_ctrl:task_stream2-->PIPE               8.062 KB        
q4_layer_ctrl:task_stream3-->PIPE               8.062 KB        
q4_layer_ctrl:vector_stream0a-->PIPE               892.125 KB      
q4_layer_ctrl:vector_stream0b-->PIPE               788.125 KB      
q4_layer_ctrl:vector_stream1a-->PIPE               892.125 KB      
q4_layer_ctrl:activation_stream3-->PIPE               4306.219 KB     
q4_layer_ctrl:vector_stream1b-->PIPE               788.125 KB      
q4_layer_ctrl:vector_stream2a-->PIPE               892.125 KB      

INFO::[ Vitis-EM 22 ] [Time elapsed: 420 minute(s) 54 seconds, Emulation time: 8.32425 ms]
Data transfer between kernel(s) and global memory(s)
q4_layer_ctrl:m_axi_scales-HBM[6]          RD = 0.859 KB               WR = 0.000 KB        
q4_layer_ctrl:m_axi_weight0a-HBM[8]          RD = 36490.500 KB           WR = 0.000 KB        
q4_layer_ctrl:m_axi_weight0b-HBM[9]          RD = 36490.500 KB           WR = 0.000 KB        
q4_layer_ctrl:m_axi_weight1a-HBM[10]          RD = 36490.500 KB           WR = 0.000 KB        
q4_layer_ctrl:m_axi_weight1b-HBM[11]          RD = 36490.500 KB           WR = 0.000 KB        
q4_layer_ctrl:m_axi_weight2a-HBM[12]          RD = 34506.500 KB           WR = 0.000 KB        
q4_layer_ctrl:m_axi_weight2b-HBM[13]          RD = 34506.500 KB           WR = 0.000 KB        
q4_layer_ctrl:m_axi_weight3a-HBM[14]          RD = 34506.500 KB           WR = 0.000 KB        
q4_layer_ctrl:m_axi_weight3b-HBM[15]          RD = 34506.500 KB           WR = 0.000 KB        
q4_layer_ctrl:m_axi_hidden_in-HBM[0]          RD = 256.000 KB             WR = 0.000 KB        
q4_layer_ctrl:m_axi_hidden_out-HBM[1]          RD = 0.000 KB               WR = 224.000 KB      
q4_layer_ctrl:m_axi_kv_k-HBM[2]          RD = 144.000 KB             WR = 32.000 KB       
q4_layer_ctrl:m_axi_kv_v-HBM[3]          RD = 144.000 KB             WR = 32.000 KB       
q4_layer_ctrl:m_axi_norm-HBM[4]          RD = 64.000 KB              WR = 0.000 KB        
q4_layer_ctrl:m_axi_rope-HBM[5]          RD = 256.000 KB             WR = 0.000 KB        

Data transfer on stream interfaces
q4_layer_ctrl:activation_stream0-->PIPE               4581.121 KB     
q4_layer_ctrl:activation_stream1-->PIPE               4581.121 KB     
PIPE-->q4_layer_ctrl:out_stream0               2749.250 KB     
q4_layer_ctrl:activation_stream2-->PIPE               4333.121 KB     
PIPE-->q4_layer_ctrl:out_stream1               2749.250 KB     
PIPE-->q4_layer_ctrl:out_stream2               2640.750 KB     
PIPE-->q4_layer_ctrl:out_stream3               2640.750 KB     
q4_layer_ctrl:task_stream0-->PIPE               8.594 KB        
q4_layer_ctrl:task_stream1-->PIPE               8.594 KB        
q4_layer_ctrl:task_stream2-->PIPE               8.109 KB        
q4_layer_ctrl:task_stream3-->PIPE               8.109 KB        
q4_layer_ctrl:vector_stream0a-->PIPE               892.125 KB      
q4_layer_ctrl:vector_stream0b-->PIPE               788.125 KB      
q4_layer_ctrl:vector_stream1a-->PIPE               892.125 KB      
q4_layer_ctrl:activation_stream3-->PIPE               4333.121 KB     
q4_layer_ctrl:vector_stream1b-->PIPE               788.125 KB      
q4_layer_ctrl:vector_stream2a-->PIPE               892.125 KB      

INFO::[ Vitis-EM 22 ] [Time elapsed: 429 minute(s) 46 seconds, Emulation time: 8.44708 ms]
Data transfer between kernel(s) and global memory(s)
q4_layer_ctrl:m_axi_scales-HBM[6]          RD = 0.859 KB               WR = 0.000 KB        
q4_layer_ctrl:m_axi_weight0a-HBM[8]          RD = 37280.000 KB           WR = 0.000 KB        
q4_layer_ctrl:m_axi_weight0b-HBM[9]          RD = 37280.000 KB           WR = 0.000 KB        
q4_layer_ctrl:m_axi_weight1a-HBM[10]          RD = 37280.000 KB           WR = 0.000 KB        
q4_layer_ctrl:m_axi_weight1b-HBM[11]          RD = 37280.000 KB           WR = 0.000 KB        
q4_layer_ctrl:m_axi_weight2a-HBM[12]          RD = 35232.000 KB           WR = 0.000 KB        
q4_layer_ctrl:m_axi_weight2b-HBM[13]          RD = 35232.000 KB           WR = 0.000 KB        
q4_layer_ctrl:m_axi_weight3a-HBM[14]          RD = 35232.000 KB           WR = 0.000 KB        
q4_layer_ctrl:m_axi_weight3b-HBM[15]          RD = 35232.000 KB           WR = 0.000 KB        
q4_layer_ctrl:m_axi_hidden_in-HBM[0]          RD = 256.000 KB             WR = 0.000 KB        
q4_layer_ctrl:m_axi_hidden_out-HBM[1]          RD = 0.000 KB               WR = 224.000 KB      
q4_layer_ctrl:m_axi_kv_k-HBM[2]          RD = 144.000 KB             WR = 32.000 KB       
q4_layer_ctrl:m_axi_kv_v-HBM[3]          RD = 144.000 KB             WR = 32.000 KB       
q4_layer_ctrl:m_axi_norm-HBM[4]          RD = 64.000 KB              WR = 0.000 KB        
q4_layer_ctrl:m_axi_rope-HBM[5]          RD = 256.000 KB             WR = 0.000 KB        

Data transfer on stream interfaces
q4_layer_ctrl:activation_stream0-->PIPE               4680.500 KB     
q4_layer_ctrl:activation_stream1-->PIPE               4680.500 KB     
PIPE-->q4_layer_ctrl:out_stream0               2808.586 KB     
q4_layer_ctrl:activation_stream2-->PIPE               4424.500 KB     
PIPE-->q4_layer_ctrl:out_stream1               2808.586 KB     
PIPE-->q4_layer_ctrl:out_stream2               2696.586 KB     
PIPE-->q4_layer_ctrl:out_stream3               2696.586 KB     
q4_layer_ctrl:task_stream0-->PIPE               8.797 KB        
q4_layer_ctrl:task_stream1-->PIPE               8.797 KB        
q4_layer_ctrl:task_stream2-->PIPE               8.297 KB        
q4_layer_ctrl:task_stream3-->PIPE               8.297 KB        
q4_layer_ctrl:vector_stream0a-->PIPE               907.004 KB      
q4_layer_ctrl:vector_stream0b-->PIPE               803.004 KB      
q4_layer_ctrl:vector_stream1a-->PIPE               907.004 KB      
q4_layer_ctrl:activation_stream3-->PIPE               4424.500 KB     
q4_layer_ctrl:vector_stream1b-->PIPE               803.004 KB      
q4_layer_ctrl:vector_stream2a-->PIPE               907.004 KB      

INFO::[ Vitis-EM 22 ] [Time elapsed: 432 minute(s) 21 seconds, Emulation time: 8.53827 ms]
Data transfer between kernel(s) and global memory(s)
q4_layer_ctrl:m_axi_scales-HBM[6]          RD = 0.875 KB               WR = 0.000 KB        
q4_layer_ctrl:m_axi_weight0a-HBM[8]          RD = 37378.000 KB           WR = 0.000 KB        
q4_layer_ctrl:m_axi_weight0b-HBM[9]          RD = 37378.000 KB           WR = 0.000 KB        
q4_layer_ctrl:m_axi_weight1a-HBM[10]          RD = 37378.000 KB           WR = 0.000 KB        
q4_layer_ctrl:m_axi_weight1b-HBM[11]          RD = 37378.000 KB           WR = 0.000 KB        
q4_layer_ctrl:m_axi_weight2a-HBM[12]          RD = 35330.000 KB           WR = 0.000 KB        
q4_layer_ctrl:m_axi_weight2b-HBM[13]          RD = 35330.000 KB           WR = 0.000 KB        
q4_layer_ctrl:m_axi_weight3a-HBM[14]          RD = 35330.000 KB           WR = 0.000 KB        
q4_layer_ctrl:m_axi_weight3b-HBM[15]          RD = 35330.000 KB           WR = 0.000 KB        
q4_layer_ctrl:m_axi_hidden_in-HBM[0]          RD = 256.000 KB             WR = 0.000 KB        
q4_layer_ctrl:m_axi_hidden_out-HBM[1]          RD = 0.000 KB               WR = 224.000 KB      
q4_layer_ctrl:m_axi_kv_k-HBM[2]          RD = 144.000 KB             WR = 32.000 KB       
q4_layer_ctrl:m_axi_kv_v-HBM[3]          RD = 144.000 KB             WR = 32.000 KB       
q4_layer_ctrl:m_axi_norm-HBM[4]          RD = 64.000 KB              WR = 0.000 KB        
q4_layer_ctrl:m_axi_rope-HBM[5]          RD = 256.000 KB             WR = 0.000 KB        

Data transfer on stream interfaces
q4_layer_ctrl:activation_stream0-->PIPE               4692.266 KB     
q4_layer_ctrl:activation_stream1-->PIPE               4692.266 KB     
PIPE-->q4_layer_ctrl:out_stream0               2870.000 KB     
q4_layer_ctrl:activation_stream2-->PIPE               4436.266 KB     
PIPE-->q4_layer_ctrl:out_stream1               2870.000 KB     
PIPE-->q4_layer_ctrl:out_stream2               2758.000 KB     
PIPE-->q4_layer_ctrl:out_stream3               2758.000 KB     
q4_layer_ctrl:task_stream0-->PIPE               8.812 KB        
q4_layer_ctrl:task_stream1-->PIPE               8.812 KB        
q4_layer_ctrl:task_stream2-->PIPE               8.312 KB        
q4_layer_ctrl:task_stream3-->PIPE               8.312 KB        
q4_layer_ctrl:vector_stream0a-->PIPE               962.000 KB      
q4_layer_ctrl:vector_stream0b-->PIPE               858.000 KB      
q4_layer_ctrl:vector_stream1a-->PIPE               962.000 KB      
q4_layer_ctrl:activation_stream3-->PIPE               4436.266 KB     
q4_layer_ctrl:vector_stream1b-->PIPE               858.000 KB      
q4_layer_ctrl:vector_stream2a-->PIPE               962.000 KB      

INFO::[ Vitis-EM 22 ] [Time elapsed: 432 minute(s) 37 seconds, Emulation time: 8.54128 ms]
Data transfer between kernel(s) and global memory(s)
q4_layer_ctrl:m_axi_scales-HBM[6]          RD = 0.875 KB               WR = 0.000 KB        
q4_layer_ctrl:m_axi_weight0a-HBM[8]          RD = 37406.000 KB           WR = 0.000 KB        
q4_layer_ctrl:m_axi_weight0b-HBM[9]          RD = 37406.000 KB           WR = 0.000 KB        
q4_layer_ctrl:m_axi_weight1a-HBM[10]          RD = 37406.000 KB           WR = 0.000 KB        
q4_layer_ctrl:m_axi_weight1b-HBM[11]          RD = 37406.000 KB           WR = 0.000 KB        
q4_layer_ctrl:m_axi_weight2a-HBM[12]          RD = 35358.000 KB           WR = 0.000 KB        
q4_layer_ctrl:m_axi_weight2b-HBM[13]          RD = 35358.000 KB           WR = 0.000 KB        
q4_layer_ctrl:m_axi_weight3a-HBM[14]          RD = 35358.000 KB           WR = 0.000 KB        
q4_layer_ctrl:m_axi_weight3b-HBM[15]          RD = 35358.000 KB           WR = 0.000 KB        
q4_layer_ctrl:m_axi_hidden_in-HBM[0]          RD = 256.000 KB             WR = 0.000 KB        
q4_layer_ctrl:m_axi_hidden_out-HBM[1]          RD = 0.000 KB               WR = 224.000 KB      
q4_layer_ctrl:m_axi_kv_k-HBM[2]          RD = 144.000 KB             WR = 32.000 KB       
q4_layer_ctrl:m_axi_kv_v-HBM[3]          RD = 144.000 KB             WR = 32.000 KB       
q4_layer_ctrl:m_axi_norm-HBM[4]          RD = 64.000 KB              WR = 0.000 KB        
q4_layer_ctrl:m_axi_rope-HBM[5]          RD = 256.000 KB             WR = 0.000 KB        

Data transfer on stream interfaces
q4_layer_ctrl:activation_stream0-->PIPE               4695.797 KB     
q4_layer_ctrl:activation_stream1-->PIPE               4695.797 KB     
PIPE-->q4_layer_ctrl:out_stream0               2870.000 KB     
q4_layer_ctrl:activation_stream2-->PIPE               4439.797 KB     
PIPE-->q4_layer_ctrl:out_stream1               2870.000 KB     
PIPE-->q4_layer_ctrl:out_stream2               2758.000 KB     
PIPE-->q4_layer_ctrl:out_stream3               2758.000 KB     
q4_layer_ctrl:task_stream0-->PIPE               8.812 KB        
q4_layer_ctrl:task_stream1-->PIPE               8.812 KB        
q4_layer_ctrl:task_stream2-->PIPE               8.312 KB        
q4_layer_ctrl:task_stream3-->PIPE               8.312 KB        
q4_layer_ctrl:vector_stream0a-->PIPE               962.000 KB      
q4_layer_ctrl:vector_stream0b-->PIPE               858.000 KB      
q4_layer_ctrl:vector_stream1a-->PIPE               962.000 KB      
q4_layer_ctrl:activation_stream3-->PIPE               4439.797 KB     
q4_layer_ctrl:vector_stream1b-->PIPE               858.000 KB      
q4_layer_ctrl:vector_stream2a-->PIPE               962.000 KB      

INFO::[ Vitis-EM 22 ] [Time elapsed: 435 minute(s) 10 seconds, Emulation time: 8.57139 ms]
Data transfer between kernel(s) and global memory(s)
q4_layer_ctrl:m_axi_scales-HBM[6]          RD = 0.875 KB               WR = 0.000 KB        
q4_layer_ctrl:m_axi_weight0a-HBM[8]          RD = 37686.000 KB           WR = 0.000 KB        
q4_layer_ctrl:m_axi_weight0b-HBM[9]          RD = 37686.000 KB           WR = 0.000 KB        
q4_layer_ctrl:m_axi_weight1a-HBM[10]          RD = 37686.000 KB           WR = 0.000 KB        
q4_layer_ctrl:m_axi_weight1b-HBM[11]          RD = 37686.000 KB           WR = 0.000 KB        
q4_layer_ctrl:m_axi_weight2a-HBM[12]          RD = 35638.000 KB           WR = 0.000 KB        
q4_layer_ctrl:m_axi_weight2b-HBM[13]          RD = 35638.000 KB           WR = 0.000 KB        
q4_layer_ctrl:m_axi_weight3a-HBM[14]          RD = 35638.000 KB           WR = 0.000 KB        
q4_layer_ctrl:m_axi_weight3b-HBM[15]          RD = 35638.000 KB           WR = 0.000 KB        
q4_layer_ctrl:m_axi_hidden_in-HBM[0]          RD = 256.000 KB             WR = 0.000 KB        
q4_layer_ctrl:m_axi_hidden_out-HBM[1]          RD = 0.000 KB               WR = 224.000 KB      
q4_layer_ctrl:m_axi_kv_k-HBM[2]          RD = 144.000 KB             WR = 32.000 KB       
q4_layer_ctrl:m_axi_kv_v-HBM[3]          RD = 144.000 KB             WR = 32.000 KB       
q4_layer_ctrl:m_axi_norm-HBM[4]          RD = 64.000 KB              WR = 0.000 KB        
q4_layer_ctrl:m_axi_rope-HBM[5]          RD = 256.000 KB             WR = 0.000 KB        

Data transfer on stream interfaces
q4_layer_ctrl:activation_stream0-->PIPE               4730.785 KB     
q4_layer_ctrl:activation_stream1-->PIPE               4730.785 KB     
PIPE-->q4_layer_ctrl:out_stream0               2873.500 KB     
q4_layer_ctrl:activation_stream2-->PIPE               4474.785 KB     
PIPE-->q4_layer_ctrl:out_stream1               2873.500 KB     
PIPE-->q4_layer_ctrl:out_stream2               2761.500 KB     
PIPE-->q4_layer_ctrl:out_stream3               2761.500 KB     
q4_layer_ctrl:task_stream0-->PIPE               8.828 KB        
q4_layer_ctrl:task_stream1-->PIPE               8.828 KB        
q4_layer_ctrl:task_stream2-->PIPE               8.328 KB        
q4_layer_ctrl:task_stream3-->PIPE               8.328 KB        
q4_layer_ctrl:vector_stream0a-->PIPE               962.000 KB      
q4_layer_ctrl:vector_stream0b-->PIPE               858.000 KB      
q4_layer_ctrl:vector_stream1a-->PIPE               962.000 KB      
q4_layer_ctrl:activation_stream3-->PIPE               4474.785 KB     
q4_layer_ctrl:vector_stream1b-->PIPE               858.000 KB      
q4_layer_ctrl:vector_stream2a-->PIPE               962.000 KB      

INFO::[ Vitis-EM 22 ] [Time elapsed: 436 minute(s) 14 seconds, Emulation time: 8.58343 ms]
Data transfer between kernel(s) and global memory(s)
q4_layer_ctrl:m_axi_scales-HBM[6]          RD = 0.875 KB               WR = 0.000 KB        
q4_layer_ctrl:m_axi_weight0a-HBM[8]          RD = 37799.000 KB           WR = 0.000 KB        
q4_layer_ctrl:m_axi_weight0b-HBM[9]          RD = 37799.000 KB           WR = 0.000 KB        
q4_layer_ctrl:m_axi_weight1a-HBM[10]          RD = 37799.000 KB           WR = 0.000 KB        
q4_layer_ctrl:m_axi_weight1b-HBM[11]          RD = 37799.000 KB           WR = 0.000 KB        
q4_layer_ctrl:m_axi_weight2a-HBM[12]          RD = 35751.000 KB           WR = 0.000 KB        
q4_layer_ctrl:m_axi_weight2b-HBM[13]          RD = 35751.000 KB           WR = 0.000 KB        
q4_layer_ctrl:m_axi_weight3a-HBM[14]          RD = 35751.000 KB           WR = 0.000 KB        
q4_layer_ctrl:m_axi_weight3b-HBM[15]          RD = 35751.000 KB           WR = 0.000 KB        
q4_layer_ctrl:m_axi_hidden_in-HBM[0]          RD = 256.000 KB             WR = 0.000 KB        
q4_layer_ctrl:m_axi_hidden_out-HBM[1]          RD = 0.000 KB               WR = 224.000 KB      
q4_layer_ctrl:m_axi_kv_k-HBM[2]          RD = 144.000 KB             WR = 32.000 KB       
q4_layer_ctrl:m_axi_kv_v-HBM[3]          RD = 144.000 KB             WR = 32.000 KB       
q4_layer_ctrl:m_axi_norm-HBM[4]          RD = 64.000 KB              WR = 0.000 KB        
q4_layer_ctrl:m_axi_rope-HBM[5]          RD = 256.000 KB             WR = 0.000 KB        

Data transfer on stream interfaces
q4_layer_ctrl:activation_stream0-->PIPE               4744.891 KB     
q4_layer_ctrl:activation_stream1-->PIPE               4744.891 KB     
PIPE-->q4_layer_ctrl:out_stream0               2873.500 KB     
q4_layer_ctrl:activation_stream2-->PIPE               4488.891 KB     
PIPE-->q4_layer_ctrl:out_stream1               2873.500 KB     
PIPE-->q4_layer_ctrl:out_stream2               2761.500 KB     
PIPE-->q4_layer_ctrl:out_stream3               2761.500 KB     
q4_layer_ctrl:task_stream0-->PIPE               8.828 KB        
q4_layer_ctrl:task_stream1-->PIPE               8.828 KB        
q4_layer_ctrl:task_stream2-->PIPE               8.328 KB        
q4_layer_ctrl:task_stream3-->PIPE               8.328 KB        
q4_layer_ctrl:vector_stream0a-->PIPE               962.000 KB      
q4_layer_ctrl:vector_stream0b-->PIPE               858.000 KB      
q4_layer_ctrl:vector_stream1a-->PIPE               962.000 KB      
q4_layer_ctrl:activation_stream3-->PIPE               4488.891 KB     
q4_layer_ctrl:vector_stream1b-->PIPE               858.000 KB      
q4_layer_ctrl:vector_stream2a-->PIPE               962.000 KB      

INFO::[ Vitis-EM 22 ] [Time elapsed: 439 minute(s) 41 seconds, Emulation time: 8.62358 ms]
Data transfer between kernel(s) and global memory(s)
q4_layer_ctrl:m_axi_scales-HBM[6]          RD = 0.875 KB               WR = 0.000 KB        
q4_layer_ctrl:m_axi_weight0a-HBM[8]          RD = 38173.000 KB           WR = 0.000 KB        
q4_layer_ctrl:m_axi_weight0b-HBM[9]          RD = 38173.000 KB           WR = 0.000 KB        
q4_layer_ctrl:m_axi_weight1a-HBM[10]          RD = 38173.000 KB           WR = 0.000 KB        
q4_layer_ctrl:m_axi_weight1b-HBM[11]          RD = 38173.000 KB           WR = 0.000 KB        
q4_layer_ctrl:m_axi_weight2a-HBM[12]          RD = 36125.000 KB           WR = 0.000 KB        
q4_layer_ctrl:m_axi_weight2b-HBM[13]          RD = 36125.000 KB           WR = 0.000 KB        
q4_layer_ctrl:m_axi_weight3a-HBM[14]          RD = 36125.000 KB           WR = 0.000 KB        
q4_layer_ctrl:m_axi_weight3b-HBM[15]          RD = 36125.000 KB           WR = 0.000 KB        
q4_layer_ctrl:m_axi_hidden_in-HBM[0]          RD = 256.000 KB             WR = 0.000 KB        
q4_layer_ctrl:m_axi_hidden_out-HBM[1]          RD = 0.000 KB               WR = 224.000 KB      
q4_layer_ctrl:m_axi_kv_k-HBM[2]          RD = 144.000 KB             WR = 32.000 KB       
q4_layer_ctrl:m_axi_kv_v-HBM[3]          RD = 144.000 KB             WR = 32.000 KB       
q4_layer_ctrl:m_axi_norm-HBM[4]          RD = 64.000 KB              WR = 0.000 KB        
q4_layer_ctrl:m_axi_rope-HBM[5]          RD = 256.000 KB             WR = 0.000 KB        

Data transfer on stream interfaces
q4_layer_ctrl:activation_stream0-->PIPE               4791.637 KB     
q4_layer_ctrl:activation_stream1-->PIPE               4791.637 KB     
PIPE-->q4_layer_ctrl:out_stream0               2877.000 KB     
q4_layer_ctrl:activation_stream2-->PIPE               4535.637 KB     
PIPE-->q4_layer_ctrl:out_stream1               2877.000 KB     
PIPE-->q4_layer_ctrl:out_stream2               2765.000 KB     
PIPE-->q4_layer_ctrl:out_stream3               2765.000 KB     
q4_layer_ctrl:task_stream0-->PIPE               8.844 KB        
q4_layer_ctrl:task_stream1-->PIPE               8.844 KB        
q4_layer_ctrl:task_stream2-->PIPE               8.344 KB        
q4_layer_ctrl:task_stream3-->PIPE               8.344 KB        
q4_layer_ctrl:vector_stream0a-->PIPE               962.000 KB      
q4_layer_ctrl:vector_stream0b-->PIPE               858.000 KB      
q4_layer_ctrl:vector_stream1a-->PIPE               962.000 KB      
q4_layer_ctrl:activation_stream3-->PIPE               4535.637 KB     
q4_layer_ctrl:vector_stream1b-->PIPE               858.000 KB      
q4_layer_ctrl:vector_stream2a-->PIPE               962.000 KB      

INFO::[ Vitis-EM 22 ] [Time elapsed: 442 minute(s) 4 seconds, Emulation time: 8.65168 ms]
Data transfer between kernel(s) and global memory(s)
q4_layer_ctrl:m_axi_scales-HBM[6]          RD = 0.875 KB               WR = 0.000 KB        
q4_layer_ctrl:m_axi_weight0a-HBM[8]          RD = 38434.000 KB           WR = 0.000 KB        
q4_layer_ctrl:m_axi_weight0b-HBM[9]          RD = 38434.000 KB           WR = 0.000 KB        
q4_layer_ctrl:m_axi_weight1a-HBM[10]          RD = 38434.000 KB           WR = 0.000 KB        
q4_layer_ctrl:m_axi_weight1b-HBM[11]          RD = 38434.000 KB           WR = 0.000 KB        
q4_layer_ctrl:m_axi_weight2a-HBM[12]          RD = 36386.000 KB           WR = 0.000 KB        
q4_layer_ctrl:m_axi_weight2b-HBM[13]          RD = 36386.000 KB           WR = 0.000 KB        
q4_layer_ctrl:m_axi_weight3a-HBM[14]          RD = 36386.000 KB           WR = 0.000 KB        
q4_layer_ctrl:m_axi_weight3b-HBM[15]          RD = 36386.000 KB           WR = 0.000 KB        
q4_layer_ctrl:m_axi_hidden_in-HBM[0]          RD = 256.000 KB             WR = 0.000 KB        
q4_layer_ctrl:m_axi_hidden_out-HBM[1]          RD = 0.000 KB               WR = 224.000 KB      
q4_layer_ctrl:m_axi_kv_k-HBM[2]          RD = 144.000 KB             WR = 32.000 KB       
q4_layer_ctrl:m_axi_kv_v-HBM[3]          RD = 144.000 KB             WR = 32.000 KB       
q4_layer_ctrl:m_axi_norm-HBM[4]          RD = 64.000 KB              WR = 0.000 KB        
q4_layer_ctrl:m_axi_rope-HBM[5]          RD = 256.000 KB             WR = 0.000 KB        

Data transfer on stream interfaces
q4_layer_ctrl:activation_stream0-->PIPE               4824.273 KB     
q4_layer_ctrl:activation_stream1-->PIPE               4824.273 KB     
PIPE-->q4_layer_ctrl:out_stream0               2880.500 KB     
q4_layer_ctrl:activation_stream2-->PIPE               4568.273 KB     
PIPE-->q4_layer_ctrl:out_stream1               2880.500 KB     
PIPE-->q4_layer_ctrl:out_stream2               2768.500 KB     
PIPE-->q4_layer_ctrl:out_stream3               2768.500 KB     
q4_layer_ctrl:task_stream0-->PIPE               8.859 KB        
q4_layer_ctrl:task_stream1-->PIPE               8.859 KB        
q4_layer_ctrl:task_stream2-->PIPE               8.359 KB        
q4_layer_ctrl:task_stream3-->PIPE               8.359 KB        
q4_layer_ctrl:vector_stream0a-->PIPE               962.000 KB      
q4_layer_ctrl:vector_stream0b-->PIPE               858.000 KB      
q4_layer_ctrl:vector_stream1a-->PIPE               962.000 KB      
q4_layer_ctrl:activation_stream3-->PIPE               4568.273 KB     
q4_layer_ctrl:vector_stream1b-->PIPE               858.000 KB      
q4_layer_ctrl:vector_stream2a-->PIPE               962.000 KB      

INFO::[ Vitis-EM 22 ] [Time elapsed: 442 minute(s) 40 seconds, Emulation time: 8.65871 ms]
Data transfer between kernel(s) and global memory(s)
q4_layer_ctrl:m_axi_scales-HBM[6]          RD = 0.875 KB               WR = 0.000 KB        
q4_layer_ctrl:m_axi_weight0a-HBM[8]          RD = 38500.000 KB           WR = 0.000 KB        
q4_layer_ctrl:m_axi_weight0b-HBM[9]          RD = 38500.000 KB           WR = 0.000 KB        
q4_layer_ctrl:m_axi_weight1a-HBM[10]          RD = 38500.000 KB           WR = 0.000 KB        
q4_layer_ctrl:m_axi_weight1b-HBM[11]          RD = 38500.000 KB           WR = 0.000 KB        
q4_layer_ctrl:m_axi_weight2a-HBM[12]          RD = 36452.000 KB           WR = 0.000 KB        
q4_layer_ctrl:m_axi_weight2b-HBM[13]          RD = 36452.000 KB           WR = 0.000 KB        
q4_layer_ctrl:m_axi_weight3a-HBM[14]          RD = 36452.000 KB           WR = 0.000 KB        
q4_layer_ctrl:m_axi_weight3b-HBM[15]          RD = 36452.000 KB           WR = 0.000 KB        
q4_layer_ctrl:m_axi_hidden_in-HBM[0]          RD = 256.000 KB             WR = 0.000 KB        
q4_layer_ctrl:m_axi_hidden_out-HBM[1]          RD = 0.000 KB               WR = 224.000 KB      
q4_layer_ctrl:m_axi_kv_k-HBM[2]          RD = 144.000 KB             WR = 32.000 KB       
q4_layer_ctrl:m_axi_kv_v-HBM[3]          RD = 144.000 KB             WR = 32.000 KB       
q4_layer_ctrl:m_axi_norm-HBM[4]          RD = 64.000 KB              WR = 0.000 KB        
q4_layer_ctrl:m_axi_rope-HBM[5]          RD = 256.000 KB             WR = 0.000 KB        

Data transfer on stream interfaces
q4_layer_ctrl:activation_stream0-->PIPE               4832.508 KB     
q4_layer_ctrl:activation_stream1-->PIPE               4832.508 KB     
PIPE-->q4_layer_ctrl:out_stream0               2880.500 KB     
q4_layer_ctrl:activation_stream2-->PIPE               4576.508 KB     
PIPE-->q4_layer_ctrl:out_stream1               2880.500 KB     
PIPE-->q4_layer_ctrl:out_stream2               2768.500 KB     
PIPE-->q4_layer_ctrl:out_stream3               2768.500 KB     
q4_layer_ctrl:task_stream0-->PIPE               8.859 KB        
q4_layer_ctrl:task_stream1-->PIPE               8.859 KB        
q4_layer_ctrl:task_stream2-->PIPE               8.359 KB        
q4_layer_ctrl:task_stream3-->PIPE               8.359 KB        
q4_layer_ctrl:vector_stream0a-->PIPE               962.000 KB      
q4_layer_ctrl:vector_stream0b-->PIPE               858.000 KB      
q4_layer_ctrl:vector_stream1a-->PIPE               962.000 KB      
q4_layer_ctrl:activation_stream3-->PIPE               4576.508 KB     
q4_layer_ctrl:vector_stream1b-->PIPE               858.000 KB      
q4_layer_ctrl:vector_stream2a-->PIPE               962.000 KB      

INFO::[ Vitis-EM 22 ] [Time elapsed: 443 minute(s) 26 seconds, Emulation time: 8.66774 ms]
Data transfer between kernel(s) and global memory(s)
q4_layer_ctrl:m_axi_scales-HBM[6]          RD = 0.875 KB               WR = 0.000 KB        
q4_layer_ctrl:m_axi_weight0a-HBM[8]          RD = 38584.500 KB           WR = 0.000 KB        
q4_layer_ctrl:m_axi_weight0b-HBM[9]          RD = 38584.500 KB           WR = 0.000 KB        
q4_layer_ctrl:m_axi_weight1a-HBM[10]          RD = 38584.500 KB           WR = 0.000 KB        
q4_layer_ctrl:m_axi_weight1b-HBM[11]          RD = 38584.500 KB           WR = 0.000 KB        
q4_layer_ctrl:m_axi_weight2a-HBM[12]          RD = 36536.500 KB           WR = 0.000 KB        
q4_layer_ctrl:m_axi_weight2b-HBM[13]          RD = 36536.500 KB           WR = 0.000 KB        
q4_layer_ctrl:m_axi_weight3a-HBM[14]          RD = 36536.500 KB           WR = 0.000 KB        
q4_layer_ctrl:m_axi_weight3b-HBM[15]          RD = 36536.500 KB           WR = 0.000 KB        
q4_layer_ctrl:m_axi_hidden_in-HBM[0]          RD = 256.000 KB             WR = 0.000 KB        
q4_layer_ctrl:m_axi_hidden_out-HBM[1]          RD = 0.000 KB               WR = 224.000 KB      
q4_layer_ctrl:m_axi_kv_k-HBM[2]          RD = 144.000 KB             WR = 32.000 KB       
q4_layer_ctrl:m_axi_kv_v-HBM[3]          RD = 144.000 KB             WR = 32.000 KB       
q4_layer_ctrl:m_axi_norm-HBM[4]          RD = 64.000 KB              WR = 0.000 KB        
q4_layer_ctrl:m_axi_rope-HBM[5]          RD = 256.000 KB             WR = 0.000 KB        

Data transfer on stream interfaces
q4_layer_ctrl:activation_stream0-->PIPE               4843.094 KB     
q4_layer_ctrl:activation_stream1-->PIPE               4843.094 KB     
PIPE-->q4_layer_ctrl:out_stream0               2880.500 KB     
q4_layer_ctrl:activation_stream2-->PIPE               4587.094 KB     
PIPE-->q4_layer_ctrl:out_stream1               2880.500 KB     
PIPE-->q4_layer_ctrl:out_stream2               2768.500 KB     
PIPE-->q4_layer_ctrl:out_stream3               2768.500 KB     
q4_layer_ctrl:task_stream0-->PIPE               8.859 KB        
q4_layer_ctrl:task_stream1-->PIPE               8.859 KB        
q4_layer_ctrl:task_stream2-->PIPE               8.359 KB        
q4_layer_ctrl:task_stream3-->PIPE               8.359 KB        
q4_layer_ctrl:vector_stream0a-->PIPE               962.000 KB      
q4_layer_ctrl:vector_stream0b-->PIPE               858.000 KB      
q4_layer_ctrl:vector_stream1a-->PIPE               962.000 KB      
q4_layer_ctrl:activation_stream3-->PIPE               4587.094 KB     
q4_layer_ctrl:vector_stream1b-->PIPE               858.000 KB      
q4_layer_ctrl:vector_stream2a-->PIPE               962.000 KB      

INFO::[ Vitis-EM 22 ] [Time elapsed: 443 minute(s) 52 seconds, Emulation time: 8.67276 ms]
Data transfer between kernel(s) and global memory(s)
q4_layer_ctrl:m_axi_scales-HBM[6]          RD = 0.875 KB               WR = 0.000 KB        
q4_layer_ctrl:m_axi_weight0a-HBM[8]          RD = 38631.500 KB           WR = 0.000 KB        
q4_layer_ctrl:m_axi_weight0b-HBM[9]          RD = 38631.500 KB           WR = 0.000 KB        
q4_layer_ctrl:m_axi_weight1a-HBM[10]          RD = 38631.500 KB           WR = 0.000 KB        
q4_layer_ctrl:m_axi_weight1b-HBM[11]          RD = 38631.500 KB           WR = 0.000 KB        
q4_layer_ctrl:m_axi_weight2a-HBM[12]          RD = 36583.500 KB           WR = 0.000 KB        
q4_layer_ctrl:m_axi_weight2b-HBM[13]          RD = 36583.500 KB           WR = 0.000 KB        
q4_layer_ctrl:m_axi_weight3a-HBM[14]          RD = 36583.500 KB           WR = 0.000 KB        
q4_layer_ctrl:m_axi_weight3b-HBM[15]          RD = 36583.500 KB           WR = 0.000 KB        
q4_layer_ctrl:m_axi_hidden_in-HBM[0]          RD = 256.000 KB             WR = 0.000 KB        
q4_layer_ctrl:m_axi_hidden_out-HBM[1]          RD = 0.000 KB               WR = 224.000 KB      
q4_layer_ctrl:m_axi_kv_k-HBM[2]          RD = 144.000 KB             WR = 32.000 KB       
q4_layer_ctrl:m_axi_kv_v-HBM[3]          RD = 144.000 KB             WR = 32.000 KB       
q4_layer_ctrl:m_axi_norm-HBM[4]          RD = 64.000 KB              WR = 0.000 KB        
q4_layer_ctrl:m_axi_rope-HBM[5]          RD = 256.000 KB             WR = 0.000 KB        

Data transfer on stream interfaces
q4_layer_ctrl:activation_stream0-->PIPE               4848.977 KB     
q4_layer_ctrl:activation_stream1-->PIPE               4848.977 KB     
PIPE-->q4_layer_ctrl:out_stream0               2880.500 KB     
q4_layer_ctrl:activation_stream2-->PIPE               4592.977 KB     
PIPE-->q4_layer_ctrl:out_stream1               2880.500 KB     
PIPE-->q4_layer_ctrl:out_stream2               2768.500 KB     
PIPE-->q4_layer_ctrl:out_stream3               2768.500 KB     
q4_layer_ctrl:task_stream0-->PIPE               8.859 KB        
q4_layer_ctrl:task_stream1-->PIPE               8.859 KB        
q4_layer_ctrl:task_stream2-->PIPE               8.359 KB        
q4_layer_ctrl:task_stream3-->PIPE               8.359 KB        
q4_layer_ctrl:vector_stream0a-->PIPE               962.000 KB      
q4_layer_ctrl:vector_stream0b-->PIPE               858.000 KB      
q4_layer_ctrl:vector_stream1a-->PIPE               962.000 KB      
q4_layer_ctrl:activation_stream3-->PIPE               4592.977 KB     
q4_layer_ctrl:vector_stream1b-->PIPE               858.000 KB      
q4_layer_ctrl:vector_stream2a-->PIPE               962.000 KB      

INFO::[ Vitis-EM 22 ] [Time elapsed: 444 minute(s) 18 seconds, Emulation time: 8.68288 ms]
Data transfer between kernel(s) and global memory(s)
q4_layer_ctrl:m_axi_scales-HBM[6]          RD = 0.875 KB               WR = 0.000 KB        
q4_layer_ctrl:m_axi_weight0a-HBM[8]          RD = 38656.000 KB           WR = 0.000 KB        
q4_layer_ctrl:m_axi_weight0b-HBM[9]          RD = 38656.000 KB           WR = 0.000 KB        
q4_layer_ctrl:m_axi_weight1a-HBM[10]          RD = 38656.000 KB           WR = 0.000 KB        
q4_layer_ctrl:m_axi_weight1b-HBM[11]          RD = 38656.000 KB           WR = 0.000 KB        
q4_layer_ctrl:m_axi_weight2a-HBM[12]          RD = 36608.000 KB           WR = 0.000 KB        
q4_layer_ctrl:m_axi_weight2b-HBM[13]          RD = 36608.000 KB           WR = 0.000 KB        
q4_layer_ctrl:m_axi_weight3a-HBM[14]          RD = 36608.000 KB           WR = 0.000 KB        
q4_layer_ctrl:m_axi_weight3b-HBM[15]          RD = 36608.000 KB           WR = 0.000 KB        
q4_layer_ctrl:m_axi_hidden_in-HBM[0]          RD = 256.000 KB             WR = 0.000 KB        
q4_layer_ctrl:m_axi_hidden_out-HBM[1]          RD = 0.000 KB               WR = 231.000 KB      
q4_layer_ctrl:m_axi_kv_k-HBM[2]          RD = 144.000 KB             WR = 32.000 KB       
q4_layer_ctrl:m_axi_kv_v-HBM[3]          RD = 144.000 KB             WR = 32.000 KB       
q4_layer_ctrl:m_axi_norm-HBM[4]          RD = 64.000 KB              WR = 0.000 KB        
q4_layer_ctrl:m_axi_rope-HBM[5]          RD = 256.000 KB             WR = 0.000 KB        

Data transfer on stream interfaces
q4_layer_ctrl:activation_stream0-->PIPE               4852.500 KB     
q4_layer_ctrl:activation_stream1-->PIPE               4852.500 KB     
PIPE-->q4_layer_ctrl:out_stream0               2898.000 KB     
q4_layer_ctrl:activation_stream2-->PIPE               4596.500 KB     
PIPE-->q4_layer_ctrl:out_stream1               2898.000 KB     
PIPE-->q4_layer_ctrl:out_stream2               2786.000 KB     
PIPE-->q4_layer_ctrl:out_stream3               2786.000 KB     
q4_layer_ctrl:task_stream0-->PIPE               8.875 KB        
q4_layer_ctrl:task_stream1-->PIPE               8.875 KB        
q4_layer_ctrl:task_stream2-->PIPE               8.375 KB        
q4_layer_ctrl:task_stream3-->PIPE               8.375 KB        
q4_layer_ctrl:vector_stream0a-->PIPE               975.000 KB      
q4_layer_ctrl:vector_stream0b-->PIPE               871.000 KB      
q4_layer_ctrl:vector_stream1a-->PIPE               975.000 KB      
q4_layer_ctrl:activation_stream3-->PIPE               4596.500 KB     
q4_layer_ctrl:vector_stream1b-->PIPE               871.000 KB      
q4_layer_ctrl:vector_stream2a-->PIPE               975.000 KB      

INFO::[ Vitis-EM 22 ] [Time elapsed: 445 minute(s) 34 seconds, Emulation time: 8.73979 ms]
Data transfer between kernel(s) and global memory(s)
q4_layer_ctrl:m_axi_scales-HBM[6]          RD = 0.891 KB               WR = 0.000 KB        
q4_layer_ctrl:m_axi_weight0a-HBM[8]          RD = 38696.500 KB           WR = 0.000 KB        
q4_layer_ctrl:m_axi_weight0b-HBM[9]          RD = 38696.500 KB           WR = 0.000 KB        
q4_layer_ctrl:m_axi_weight1a-HBM[10]          RD = 38696.500 KB           WR = 0.000 KB        
q4_layer_ctrl:m_axi_weight1b-HBM[11]          RD = 38696.500 KB           WR = 0.000 KB        
q4_layer_ctrl:m_axi_weight2a-HBM[12]          RD = 36648.500 KB           WR = 0.000 KB        
q4_layer_ctrl:m_axi_weight2b-HBM[13]          RD = 36648.500 KB           WR = 0.000 KB        
q4_layer_ctrl:m_axi_weight3a-HBM[14]          RD = 36648.500 KB           WR = 0.000 KB        
q4_layer_ctrl:m_axi_weight3b-HBM[15]          RD = 36648.500 KB           WR = 0.000 KB        
q4_layer_ctrl:m_axi_hidden_in-HBM[0]          RD = 264.000 KB             WR = 0.000 KB        
q4_layer_ctrl:m_axi_hidden_out-HBM[1]          RD = 0.000 KB               WR = 256.000 KB      
q4_layer_ctrl:m_axi_kv_k-HBM[2]          RD = 144.000 KB             WR = 32.000 KB       
q4_layer_ctrl:m_axi_kv_v-HBM[3]          RD = 144.000 KB             WR = 32.000 KB       
q4_layer_ctrl:m_axi_norm-HBM[4]          RD = 68.000 KB              WR = 0.000 KB        
q4_layer_ctrl:m_axi_rope-HBM[5]          RD = 256.000 KB             WR = 0.000 KB        

Data transfer on stream interfaces
q4_layer_ctrl:activation_stream0-->PIPE               4857.066 KB     
q4_layer_ctrl:activation_stream1-->PIPE               4857.066 KB     
PIPE-->q4_layer_ctrl:out_stream0               2905.000 KB     
q4_layer_ctrl:activation_stream2-->PIPE               4601.066 KB     
PIPE-->q4_layer_ctrl:out_stream1               2905.000 KB     
PIPE-->q4_layer_ctrl:out_stream2               2786.000 KB     
PIPE-->q4_layer_ctrl:out_stream3               2786.000 KB     
q4_layer_ctrl:task_stream0-->PIPE               8.906 KB        
q4_layer_ctrl:task_stream1-->PIPE               8.906 KB        
q4_layer_ctrl:task_stream2-->PIPE               8.391 KB        
q4_layer_ctrl:task_stream3-->PIPE               8.391 KB        
q4_layer_ctrl:vector_stream0a-->PIPE               981.500 KB      
q4_layer_ctrl:vector_stream0b-->PIPE               877.500 KB      
q4_layer_ctrl:vector_stream1a-->PIPE               981.500 KB      
q4_layer_ctrl:activation_stream3-->PIPE               4601.066 KB     
q4_layer_ctrl:vector_stream1b-->PIPE               877.500 KB      
q4_layer_ctrl:vector_stream2a-->PIPE               975.000 KB      

INFO::[ Vitis-EM 22 ] [Time elapsed: 447 minute(s) 0 seconds, Emulation time: 8.7649 ms]
Data transfer between kernel(s) and global memory(s)
q4_layer_ctrl:m_axi_scales-HBM[6]          RD = 0.891 KB               WR = 0.000 KB        
q4_layer_ctrl:m_axi_weight0a-HBM[8]          RD = 38912.000 KB           WR = 0.000 KB        
q4_layer_ctrl:m_axi_weight0b-HBM[9]          RD = 38912.000 KB           WR = 0.000 KB        
q4_layer_ctrl:m_axi_weight1a-HBM[10]          RD = 38912.000 KB           WR = 0.000 KB        
q4_layer_ctrl:m_axi_weight1b-HBM[11]          RD = 38912.000 KB           WR = 0.000 KB        
q4_layer_ctrl:m_axi_weight2a-HBM[12]          RD = 36864.000 KB           WR = 0.000 KB        
q4_layer_ctrl:m_axi_weight2b-HBM[13]          RD = 36864.000 KB           WR = 0.000 KB        
q4_layer_ctrl:m_axi_weight3a-HBM[14]          RD = 36864.000 KB           WR = 0.000 KB        
q4_layer_ctrl:m_axi_weight3b-HBM[15]          RD = 36864.000 KB           WR = 0.000 KB        
q4_layer_ctrl:m_axi_hidden_in-HBM[0]          RD = 264.000 KB             WR = 0.000 KB        
q4_layer_ctrl:m_axi_hidden_out-HBM[1]          RD = 0.000 KB               WR = 256.000 KB      
q4_layer_ctrl:m_axi_kv_k-HBM[2]          RD = 144.000 KB             WR = 32.000 KB       
q4_layer_ctrl:m_axi_kv_v-HBM[3]          RD = 144.000 KB             WR = 32.000 KB       
q4_layer_ctrl:m_axi_norm-HBM[4]          RD = 68.000 KB              WR = 0.000 KB        
q4_layer_ctrl:m_axi_rope-HBM[5]          RD = 256.000 KB             WR = 0.000 KB        

Data transfer on stream interfaces
q4_layer_ctrl:activation_stream0-->PIPE               4884.500 KB     
q4_layer_ctrl:activation_stream1-->PIPE               4884.500 KB     
PIPE-->q4_layer_ctrl:out_stream0               2919.000 KB     
q4_layer_ctrl:activation_stream2-->PIPE               4628.500 KB     
PIPE-->q4_layer_ctrl:out_stream1               2919.000 KB     
PIPE-->q4_layer_ctrl:out_stream2               2800.000 KB     
PIPE-->q4_layer_ctrl:out_stream3               2800.000 KB     
q4_layer_ctrl:task_stream0-->PIPE               8.953 KB        
q4_layer_ctrl:task_stream1-->PIPE               8.953 KB        
q4_layer_ctrl:task_stream2-->PIPE               8.438 KB        
q4_layer_ctrl:task_stream3-->PIPE               8.438 KB        
q4_layer_ctrl:vector_stream0a-->PIPE               981.500 KB      
q4_layer_ctrl:vector_stream0b-->PIPE               877.500 KB      
q4_layer_ctrl:vector_stream1a-->PIPE               981.500 KB      
q4_layer_ctrl:activation_stream3-->PIPE               4628.500 KB     
q4_layer_ctrl:vector_stream1b-->PIPE               877.500 KB      
q4_layer_ctrl:vector_stream2a-->PIPE               975.000 KB      

INFO::[ Vitis-EM 22 ] [Time elapsed: 447 minute(s) 14 seconds, Emulation time: 8.77198 ms]
Data transfer between kernel(s) and global memory(s)
q4_layer_ctrl:m_axi_scales-HBM[6]          RD = 0.906 KB               WR = 0.000 KB        
q4_layer_ctrl:m_axi_weight0a-HBM[8]          RD = 38965.500 KB           WR = 0.000 KB        
q4_layer_ctrl:m_axi_weight0b-HBM[9]          RD = 38965.500 KB           WR = 0.000 KB        
q4_layer_ctrl:m_axi_weight1a-HBM[10]          RD = 38965.500 KB           WR = 0.000 KB        
q4_layer_ctrl:m_axi_weight1b-HBM[11]          RD = 38965.500 KB           WR = 0.000 KB        
q4_layer_ctrl:m_axi_weight2a-HBM[12]          RD = 36864.000 KB           WR = 0.000 KB        
q4_layer_ctrl:m_axi_weight2b-HBM[13]          RD = 36864.000 KB           WR = 0.000 KB        
q4_layer_ctrl:m_axi_weight3a-HBM[14]          RD = 36864.000 KB           WR = 0.000 KB        
q4_layer_ctrl:m_axi_weight3b-HBM[15]          RD = 36864.000 KB           WR = 0.000 KB        
q4_layer_ctrl:m_axi_hidden_in-HBM[0]          RD = 264.000 KB             WR = 0.000 KB        
q4_layer_ctrl:m_axi_hidden_out-HBM[1]          RD = 0.000 KB               WR = 256.000 KB      
q4_layer_ctrl:m_axi_kv_k-HBM[2]          RD = 144.000 KB             WR = 32.000 KB       
q4_layer_ctrl:m_axi_kv_v-HBM[3]          RD = 144.000 KB             WR = 32.000 KB       
q4_layer_ctrl:m_axi_norm-HBM[4]          RD = 68.000 KB              WR = 0.000 KB        
q4_layer_ctrl:m_axi_rope-HBM[5]          RD = 256.000 KB             WR = 0.000 KB        

Data transfer on stream interfaces
q4_layer_ctrl:activation_stream0-->PIPE               4890.746 KB     
q4_layer_ctrl:activation_stream1-->PIPE               4890.746 KB     
PIPE-->q4_layer_ctrl:out_stream0               2919.000 KB     
q4_layer_ctrl:activation_stream2-->PIPE               4628.500 KB     
PIPE-->q4_layer_ctrl:out_stream1               2919.000 KB     
PIPE-->q4_layer_ctrl:out_stream2               2800.000 KB     
PIPE-->q4_layer_ctrl:out_stream3               2800.000 KB     
q4_layer_ctrl:task_stream0-->PIPE               8.969 KB        
q4_layer_ctrl:task_stream1-->PIPE               8.969 KB        
q4_layer_ctrl:task_stream2-->PIPE               8.438 KB        
q4_layer_ctrl:task_stream3-->PIPE               8.438 KB        
q4_layer_ctrl:vector_stream0a-->PIPE               981.500 KB      
q4_layer_ctrl:vector_stream0b-->PIPE               877.500 KB      
q4_layer_ctrl:vector_stream1a-->PIPE               981.500 KB      
q4_layer_ctrl:activation_stream3-->PIPE               4628.500 KB     
q4_layer_ctrl:vector_stream1b-->PIPE               877.500 KB      
q4_layer_ctrl:vector_stream2a-->PIPE               975.000 KB      

INFO::[ Vitis-EM 22 ] [Time elapsed: 447 minute(s) 39 seconds, Emulation time: 8.78514 ms]
Data transfer between kernel(s) and global memory(s)
q4_layer_ctrl:m_axi_scales-HBM[6]          RD = 0.922 KB               WR = 0.000 KB        
q4_layer_ctrl:m_axi_weight0a-HBM[8]          RD = 39040.000 KB           WR = 0.000 KB        
q4_layer_ctrl:m_axi_weight0b-HBM[9]          RD = 39040.000 KB           WR = 0.000 KB        
q4_layer_ctrl:m_axi_weight1a-HBM[10]          RD = 39040.000 KB           WR = 0.000 KB        
q4_layer_ctrl:m_axi_weight1b-HBM[11]          RD = 39040.000 KB           WR = 0.000 KB        
q4_layer_ctrl:m_axi_weight2a-HBM[12]          RD = 36864.000 KB           WR = 0.000 KB        
q4_layer_ctrl:m_axi_weight2b-HBM[13]          RD = 36864.000 KB           WR = 0.000 KB        
q4_layer_ctrl:m_axi_weight3a-HBM[14]          RD = 36864.000 KB           WR = 0.000 KB        
q4_layer_ctrl:m_axi_weight3b-HBM[15]          RD = 36864.000 KB           WR = 0.000 KB        
q4_layer_ctrl:m_axi_hidden_in-HBM[0]          RD = 264.000 KB             WR = 0.000 KB        
q4_layer_ctrl:m_axi_hidden_out-HBM[1]          RD = 0.000 KB               WR = 256.000 KB      
q4_layer_ctrl:m_axi_kv_k-HBM[2]          RD = 144.000 KB             WR = 32.000 KB       
q4_layer_ctrl:m_axi_kv_v-HBM[3]          RD = 144.000 KB             WR = 32.000 KB       
q4_layer_ctrl:m_axi_norm-HBM[4]          RD = 68.000 KB              WR = 0.000 KB        
q4_layer_ctrl:m_axi_rope-HBM[5]          RD = 260.000 KB             WR = 0.000 KB        

Data transfer on stream interfaces
q4_layer_ctrl:activation_stream0-->PIPE               4900.500 KB     
q4_layer_ctrl:activation_stream1-->PIPE               4900.500 KB     
PIPE-->q4_layer_ctrl:out_stream0               2926.000 KB     
q4_layer_ctrl:activation_stream2-->PIPE               4628.500 KB     
PIPE-->q4_layer_ctrl:out_stream1               2926.000 KB     
PIPE-->q4_layer_ctrl:out_stream2               2800.000 KB     
PIPE-->q4_layer_ctrl:out_stream3               2800.000 KB     
q4_layer_ctrl:task_stream0-->PIPE               8.984 KB        
q4_layer_ctrl:task_stream1-->PIPE               8.984 KB        
q4_layer_ctrl:task_stream2-->PIPE               8.438 KB        
q4_layer_ctrl:task_stream3-->PIPE               8.438 KB        
q4_layer_ctrl:vector_stream0a-->PIPE               981.500 KB      
q4_layer_ctrl:vector_stream0b-->PIPE               877.500 KB      
q4_layer_ctrl:vector_stream1a-->PIPE               981.500 KB      
q4_layer_ctrl:activation_stream3-->PIPE               4628.500 KB     
q4_layer_ctrl:vector_stream1b-->PIPE               877.500 KB      
q4_layer_ctrl:vector_stream2a-->PIPE               975.000 KB      

INFO::[ Vitis-EM 22 ] [Time elapsed: 447 minute(s) 57 seconds, Emulation time: 8.80041 ms]
Data transfer between kernel(s) and global memory(s)
q4_layer_ctrl:m_axi_scales-HBM[6]          RD = 0.922 KB               WR = 0.000 KB        
q4_layer_ctrl:m_axi_weight0a-HBM[8]          RD = 39040.000 KB           WR = 0.000 KB        
q4_layer_ctrl:m_axi_weight0b-HBM[9]          RD = 39040.000 KB           WR = 0.000 KB        
q4_layer_ctrl:m_axi_weight1a-HBM[10]          RD = 39040.000 KB           WR = 0.000 KB        
q4_layer_ctrl:m_axi_weight1b-HBM[11]          RD = 39040.000 KB           WR = 0.000 KB        
q4_layer_ctrl:m_axi_weight2a-HBM[12]          RD = 36864.000 KB           WR = 0.000 KB        
q4_layer_ctrl:m_axi_weight2b-HBM[13]          RD = 36864.000 KB           WR = 0.000 KB        
q4_layer_ctrl:m_axi_weight3a-HBM[14]          RD = 36864.000 KB           WR = 0.000 KB        
q4_layer_ctrl:m_axi_weight3b-HBM[15]          RD = 36864.000 KB           WR = 0.000 KB        
q4_layer_ctrl:m_axi_hidden_in-HBM[0]          RD = 264.000 KB             WR = 0.000 KB        
q4_layer_ctrl:m_axi_hidden_out-HBM[1]          RD = 0.000 KB               WR = 256.000 KB      
q4_layer_ctrl:m_axi_kv_k-HBM[2]          RD = 160.500 KB             WR = 33.000 KB       
q4_layer_ctrl:m_axi_kv_v-HBM[3]          RD = 144.000 KB             WR = 33.000 KB       
q4_layer_ctrl:m_axi_norm-HBM[4]          RD = 68.000 KB              WR = 0.000 KB        
q4_layer_ctrl:m_axi_rope-HBM[5]          RD = 264.000 KB             WR = 0.000 KB        

Data transfer on stream interfaces
q4_layer_ctrl:activation_stream0-->PIPE               4900.500 KB     
q4_layer_ctrl:activation_stream1-->PIPE               4900.500 KB     
PIPE-->q4_layer_ctrl:out_stream0               2926.000 KB     
q4_layer_ctrl:activation_stream2-->PIPE               4628.500 KB     
PIPE-->q4_layer_ctrl:out_stream1               2926.000 KB     
PIPE-->q4_layer_ctrl:out_stream2               2800.000 KB     
PIPE-->q4_layer_ctrl:out_stream3               2800.000 KB     
q4_layer_ctrl:task_stream0-->PIPE               8.984 KB        
q4_layer_ctrl:task_stream1-->PIPE               8.984 KB        
q4_layer_ctrl:task_stream2-->PIPE               8.438 KB        
q4_layer_ctrl:task_stream3-->PIPE               8.438 KB        
q4_layer_ctrl:vector_stream0a-->PIPE               981.500 KB      
q4_layer_ctrl:vector_stream0b-->PIPE               877.500 KB      
q4_layer_ctrl:vector_stream1a-->PIPE               981.500 KB      
q4_layer_ctrl:activation_stream3-->PIPE               4628.500 KB     
q4_layer_ctrl:vector_stream1b-->PIPE               877.500 KB      
q4_layer_ctrl:vector_stream2a-->PIPE               975.000 KB      

INFO::[ Vitis-EM 22 ] [Time elapsed: 448 minute(s) 16 seconds, Emulation time: 8.81463 ms]
Data transfer between kernel(s) and global memory(s)
q4_layer_ctrl:m_axi_scales-HBM[6]          RD = 0.922 KB               WR = 0.000 KB        
q4_layer_ctrl:m_axi_weight0a-HBM[8]          RD = 39040.000 KB           WR = 0.000 KB        
q4_layer_ctrl:m_axi_weight0b-HBM[9]          RD = 39040.000 KB           WR = 0.000 KB        
q4_layer_ctrl:m_axi_weight1a-HBM[10]          RD = 39040.000 KB           WR = 0.000 KB        
q4_layer_ctrl:m_axi_weight1b-HBM[11]          RD = 39040.000 KB           WR = 0.000 KB        
q4_layer_ctrl:m_axi_weight2a-HBM[12]          RD = 36864.000 KB           WR = 0.000 KB        
q4_layer_ctrl:m_axi_weight2b-HBM[13]          RD = 36864.000 KB           WR = 0.000 KB        
q4_layer_ctrl:m_axi_weight3a-HBM[14]          RD = 36864.000 KB           WR = 0.000 KB        
q4_layer_ctrl:m_axi_weight3b-HBM[15]          RD = 36864.000 KB           WR = 0.000 KB        
q4_layer_ctrl:m_axi_hidden_in-HBM[0]          RD = 264.000 KB             WR = 0.000 KB        
q4_layer_ctrl:m_axi_hidden_out-HBM[1]          RD = 0.000 KB               WR = 256.000 KB      
q4_layer_ctrl:m_axi_kv_k-HBM[2]          RD = 177.000 KB             WR = 33.000 KB       
q4_layer_ctrl:m_axi_kv_v-HBM[3]          RD = 160.500 KB             WR = 33.000 KB       
q4_layer_ctrl:m_axi_norm-HBM[4]          RD = 68.000 KB              WR = 0.000 KB        
q4_layer_ctrl:m_axi_rope-HBM[5]          RD = 264.000 KB             WR = 0.000 KB        

Data transfer on stream interfaces
q4_layer_ctrl:activation_stream0-->PIPE               4900.500 KB     
q4_layer_ctrl:activation_stream1-->PIPE               4900.500 KB     
PIPE-->q4_layer_ctrl:out_stream0               2926.000 KB     
q4_layer_ctrl:activation_stream2-->PIPE               4628.500 KB     
PIPE-->q4_layer_ctrl:out_stream1               2926.000 KB     
PIPE-->q4_layer_ctrl:out_stream2               2800.000 KB     
PIPE-->q4_layer_ctrl:out_stream3               2800.000 KB     
q4_layer_ctrl:task_stream0-->PIPE               8.984 KB        
q4_layer_ctrl:task_stream1-->PIPE               8.984 KB        
q4_layer_ctrl:task_stream2-->PIPE               8.438 KB        
q4_layer_ctrl:task_stream3-->PIPE               8.438 KB        
q4_layer_ctrl:vector_stream0a-->PIPE               981.500 KB      
q4_layer_ctrl:vector_stream0b-->PIPE               877.500 KB      
q4_layer_ctrl:vector_stream1a-->PIPE               981.500 KB      
q4_layer_ctrl:activation_stream3-->PIPE               4628.500 KB     
q4_layer_ctrl:vector_stream1b-->PIPE               877.500 KB      
q4_layer_ctrl:vector_stream2a-->PIPE               975.000 KB      

INFO::[ Vitis-EM 22 ] [Time elapsed: 450 minute(s) 49 seconds, Emulation time: 8.89153 ms]
Data transfer between kernel(s) and global memory(s)
q4_layer_ctrl:m_axi_scales-HBM[6]          RD = 0.938 KB               WR = 0.000 KB        
q4_layer_ctrl:m_axi_weight0a-HBM[8]          RD = 39280.000 KB           WR = 0.000 KB        
q4_layer_ctrl:m_axi_weight0b-HBM[9]          RD = 39280.000 KB           WR = 0.000 KB        
q4_layer_ctrl:m_axi_weight1a-HBM[10]          RD = 39280.000 KB           WR = 0.000 KB        
q4_layer_ctrl:m_axi_weight1b-HBM[11]          RD = 39280.000 KB           WR = 0.000 KB        
q4_layer_ctrl:m_axi_weight2a-HBM[12]          RD = 37104.000 KB           WR = 0.000 KB        
q4_layer_ctrl:m_axi_weight2b-HBM[13]          RD = 37104.000 KB           WR = 0.000 KB        
q4_layer_ctrl:m_axi_weight3a-HBM[14]          RD = 37104.000 KB           WR = 0.000 KB        
q4_layer_ctrl:m_axi_weight3b-HBM[15]          RD = 37104.000 KB           WR = 0.000 KB        
q4_layer_ctrl:m_axi_hidden_in-HBM[0]          RD = 264.000 KB             WR = 0.000 KB        
q4_layer_ctrl:m_axi_hidden_out-HBM[1]          RD = 0.000 KB               WR = 256.000 KB      
q4_layer_ctrl:m_axi_kv_k-HBM[2]          RD = 177.000 KB             WR = 33.000 KB       
q4_layer_ctrl:m_axi_kv_v-HBM[3]          RD = 177.000 KB             WR = 33.000 KB       
q4_layer_ctrl:m_axi_norm-HBM[4]          RD = 68.000 KB              WR = 0.000 KB        
q4_layer_ctrl:m_axi_rope-HBM[5]          RD = 264.000 KB             WR = 0.000 KB        

Data transfer on stream interfaces
q4_layer_ctrl:activation_stream0-->PIPE               4933.039 KB     
q4_layer_ctrl:activation_stream1-->PIPE               4933.039 KB     
PIPE-->q4_layer_ctrl:out_stream0               2964.500 KB     
q4_layer_ctrl:activation_stream2-->PIPE               4661.039 KB     
PIPE-->q4_layer_ctrl:out_stream1               2964.500 KB     
PIPE-->q4_layer_ctrl:out_stream2               2838.500 KB     
PIPE-->q4_layer_ctrl:out_stream3               2838.500 KB     
q4_layer_ctrl:task_stream0-->PIPE               9.172 KB        
q4_layer_ctrl:task_stream1-->PIPE               9.172 KB        
q4_layer_ctrl:task_stream2-->PIPE               8.625 KB        
q4_layer_ctrl:task_stream3-->PIPE               8.625 KB        
q4_layer_ctrl:vector_stream0a-->PIPE               981.500 KB      
q4_layer_ctrl:vector_stream0b-->PIPE               877.500 KB      
q4_layer_ctrl:vector_stream1a-->PIPE               981.500 KB      
q4_layer_ctrl:activation_stream3-->PIPE               4661.039 KB     
q4_layer_ctrl:vector_stream1b-->PIPE               877.500 KB      
q4_layer_ctrl:vector_stream2a-->PIPE               975.000 KB      

INFO::[ Vitis-EM 22 ] [Time elapsed: 452 minute(s) 19 seconds, Emulation time: 8.95038 ms]
Data transfer between kernel(s) and global memory(s)
q4_layer_ctrl:m_axi_scales-HBM[6]          RD = 0.953 KB               WR = 0.000 KB        
q4_layer_ctrl:m_axi_weight0a-HBM[8]          RD = 39369.000 KB           WR = 0.000 KB        
q4_layer_ctrl:m_axi_weight0b-HBM[9]          RD = 39369.000 KB           WR = 0.000 KB        
q4_layer_ctrl:m_axi_weight1a-HBM[10]          RD = 39369.000 KB           WR = 0.000 KB        
q4_layer_ctrl:m_axi_weight1b-HBM[11]          RD = 39369.000 KB           WR = 0.000 KB        
q4_layer_ctrl:m_axi_weight2a-HBM[12]          RD = 37193.000 KB           WR = 0.000 KB        
q4_layer_ctrl:m_axi_weight2b-HBM[13]          RD = 37193.000 KB           WR = 0.000 KB        
q4_layer_ctrl:m_axi_weight3a-HBM[14]          RD = 37193.000 KB           WR = 0.000 KB        
q4_layer_ctrl:m_axi_weight3b-HBM[15]          RD = 37193.000 KB           WR = 0.000 KB        
q4_layer_ctrl:m_axi_hidden_in-HBM[0]          RD = 264.000 KB             WR = 0.000 KB        
q4_layer_ctrl:m_axi_hidden_out-HBM[1]          RD = 0.000 KB               WR = 256.000 KB      
q4_layer_ctrl:m_axi_kv_k-HBM[2]          RD = 177.000 KB             WR = 33.000 KB       
q4_layer_ctrl:m_axi_kv_v-HBM[3]          RD = 177.000 KB             WR = 33.000 KB       
q4_layer_ctrl:m_axi_norm-HBM[4]          RD = 72.000 KB              WR = 0.000 KB        
q4_layer_ctrl:m_axi_rope-HBM[5]          RD = 264.000 KB             WR = 0.000 KB        

Data transfer on stream interfaces
q4_layer_ctrl:activation_stream0-->PIPE               4944.195 KB     
q4_layer_ctrl:activation_stream1-->PIPE               4944.195 KB     
PIPE-->q4_layer_ctrl:out_stream0               2985.500 KB     
q4_layer_ctrl:activation_stream2-->PIPE               4672.195 KB     
PIPE-->q4_layer_ctrl:out_stream1               2985.500 KB     
PIPE-->q4_layer_ctrl:out_stream2               2845.500 KB     
PIPE-->q4_layer_ctrl:out_stream3               2845.500 KB     
q4_layer_ctrl:task_stream0-->PIPE               9.234 KB        
q4_layer_ctrl:task_stream1-->PIPE               9.234 KB        
q4_layer_ctrl:task_stream2-->PIPE               8.656 KB        
q4_layer_ctrl:task_stream3-->PIPE               8.656 KB        
q4_layer_ctrl:vector_stream0a-->PIPE               994.500 KB      
q4_layer_ctrl:vector_stream0b-->PIPE               890.500 KB      
q4_layer_ctrl:vector_stream1a-->PIPE               994.500 KB      
q4_layer_ctrl:activation_stream3-->PIPE               4672.195 KB     
q4_layer_ctrl:vector_stream1b-->PIPE               890.500 KB      
q4_layer_ctrl:vector_stream2a-->PIPE               975.000 KB      

INFO::[ Vitis-EM 22 ] [Time elapsed: 453 minute(s) 1 seconds, Emulation time: 8.96243 ms]
Data transfer between kernel(s) and global memory(s)
q4_layer_ctrl:m_axi_scales-HBM[6]          RD = 0.953 KB               WR = 0.000 KB        
q4_layer_ctrl:m_axi_weight0a-HBM[8]          RD = 39479.500 KB           WR = 0.000 KB        
q4_layer_ctrl:m_axi_weight0b-HBM[9]          RD = 39479.500 KB           WR = 0.000 KB        
q4_layer_ctrl:m_axi_weight1a-HBM[10]          RD = 39479.500 KB           WR = 0.000 KB        
q4_layer_ctrl:m_axi_weight1b-HBM[11]          RD = 39479.500 KB           WR = 0.000 KB        
q4_layer_ctrl:m_axi_weight2a-HBM[12]          RD = 37303.500 KB           WR = 0.000 KB        
q4_layer_ctrl:m_axi_weight2b-HBM[13]          RD = 37303.500 KB           WR = 0.000 KB        
q4_layer_ctrl:m_axi_weight3a-HBM[14]          RD = 37303.500 KB           WR = 0.000 KB        
q4_layer_ctrl:m_axi_weight3b-HBM[15]          RD = 37303.500 KB           WR = 0.000 KB        
q4_layer_ctrl:m_axi_hidden_in-HBM[0]          RD = 264.000 KB             WR = 0.000 KB        
q4_layer_ctrl:m_axi_hidden_out-HBM[1]          RD = 0.000 KB               WR = 256.000 KB      
q4_layer_ctrl:m_axi_kv_k-HBM[2]          RD = 177.000 KB             WR = 33.000 KB       
q4_layer_ctrl:m_axi_kv_v-HBM[3]          RD = 177.000 KB             WR = 33.000 KB       
q4_layer_ctrl:m_axi_norm-HBM[4]          RD = 72.000 KB              WR = 0.000 KB        
q4_layer_ctrl:m_axi_rope-HBM[5]          RD = 264.000 KB             WR = 0.000 KB        

Data transfer on stream interfaces
q4_layer_ctrl:activation_stream0-->PIPE               4958.023 KB     
q4_layer_ctrl:activation_stream1-->PIPE               4958.023 KB     
PIPE-->q4_layer_ctrl:out_stream0               2989.000 KB     
q4_layer_ctrl:activation_stream2-->PIPE               4686.023 KB     
PIPE-->q4_layer_ctrl:out_stream1               2989.000 KB     
PIPE-->q4_layer_ctrl:out_stream2               2849.000 KB     
PIPE-->q4_layer_ctrl:out_stream3               2849.000 KB     
q4_layer_ctrl:task_stream0-->PIPE               9.250 KB        
q4_layer_ctrl:task_stream1-->PIPE               9.250 KB        
q4_layer_ctrl:task_stream2-->PIPE               8.672 KB        
q4_layer_ctrl:task_stream3-->PIPE               8.672 KB        
q4_layer_ctrl:vector_stream0a-->PIPE               994.500 KB      
q4_layer_ctrl:vector_stream0b-->PIPE               890.500 KB      
q4_layer_ctrl:vector_stream1a-->PIPE               994.500 KB      
q4_layer_ctrl:activation_stream3-->PIPE               4686.023 KB     
q4_layer_ctrl:vector_stream1b-->PIPE               890.500 KB      
q4_layer_ctrl:vector_stream2a-->PIPE               975.000 KB      

INFO::[ Vitis-EM 22 ] [Time elapsed: 454 minute(s) 3 seconds, Emulation time: 8.98052 ms]
Data transfer between kernel(s) and global memory(s)
q4_layer_ctrl:m_axi_scales-HBM[6]          RD = 0.953 KB               WR = 0.000 KB        
q4_layer_ctrl:m_axi_weight0a-HBM[8]          RD = 39641.500 KB           WR = 0.000 KB        
q4_layer_ctrl:m_axi_weight0b-HBM[9]          RD = 39641.500 KB           WR = 0.000 KB        
q4_layer_ctrl:m_axi_weight1a-HBM[10]          RD = 39641.500 KB           WR = 0.000 KB        
q4_layer_ctrl:m_axi_weight1b-HBM[11]          RD = 39641.500 KB           WR = 0.000 KB        
q4_layer_ctrl:m_axi_weight2a-HBM[12]          RD = 37465.500 KB           WR = 0.000 KB        
q4_layer_ctrl:m_axi_weight2b-HBM[13]          RD = 37465.500 KB           WR = 0.000 KB        
q4_layer_ctrl:m_axi_weight3a-HBM[14]          RD = 37465.500 KB           WR = 0.000 KB        
q4_layer_ctrl:m_axi_weight3b-HBM[15]          RD = 37465.500 KB           WR = 0.000 KB        
q4_layer_ctrl:m_axi_hidden_in-HBM[0]          RD = 264.000 KB             WR = 0.000 KB        
q4_layer_ctrl:m_axi_hidden_out-HBM[1]          RD = 0.000 KB               WR = 256.000 KB      
q4_layer_ctrl:m_axi_kv_k-HBM[2]          RD = 177.000 KB             WR = 33.000 KB       
q4_layer_ctrl:m_axi_kv_v-HBM[3]          RD = 177.000 KB             WR = 33.000 KB       
q4_layer_ctrl:m_axi_norm-HBM[4]          RD = 72.000 KB              WR = 0.000 KB        
q4_layer_ctrl:m_axi_rope-HBM[5]          RD = 264.000 KB             WR = 0.000 KB        

Data transfer on stream interfaces
q4_layer_ctrl:activation_stream0-->PIPE               4978.062 KB     
q4_layer_ctrl:activation_stream1-->PIPE               4978.062 KB     
PIPE-->q4_layer_ctrl:out_stream0               2999.500 KB     
q4_layer_ctrl:activation_stream2-->PIPE               4706.062 KB     
PIPE-->q4_layer_ctrl:out_stream1               2999.500 KB     
PIPE-->q4_layer_ctrl:out_stream2               2859.500 KB     
PIPE-->q4_layer_ctrl:out_stream3               2859.500 KB     
q4_layer_ctrl:task_stream0-->PIPE               9.297 KB        
q4_layer_ctrl:task_stream1-->PIPE               9.297 KB        
q4_layer_ctrl:task_stream2-->PIPE               8.719 KB        
q4_layer_ctrl:task_stream3-->PIPE               8.719 KB        
q4_layer_ctrl:vector_stream0a-->PIPE               994.500 KB      
q4_layer_ctrl:vector_stream0b-->PIPE               890.500 KB      
q4_layer_ctrl:vector_stream1a-->PIPE               994.500 KB      
q4_layer_ctrl:activation_stream3-->PIPE               4706.062 KB     
q4_layer_ctrl:vector_stream1b-->PIPE               890.500 KB      
q4_layer_ctrl:vector_stream2a-->PIPE               975.000 KB      

INFO::[ Vitis-EM 22 ] [Time elapsed: 456 minute(s) 26 seconds, Emulation time: 9.0217 ms]
Data transfer between kernel(s) and global memory(s)
q4_layer_ctrl:m_axi_scales-HBM[6]          RD = 0.953 KB               WR = 0.000 KB        
q4_layer_ctrl:m_axi_weight0a-HBM[8]          RD = 40006.500 KB           WR = 0.000 KB        
q4_layer_ctrl:m_axi_weight0b-HBM[9]          RD = 40006.500 KB           WR = 0.000 KB        
q4_layer_ctrl:m_axi_weight1a-HBM[10]          RD = 40006.500 KB           WR = 0.000 KB        
q4_layer_ctrl:m_axi_weight1b-HBM[11]          RD = 40006.500 KB           WR = 0.000 KB        
q4_layer_ctrl:m_axi_weight2a-HBM[12]          RD = 37830.500 KB           WR = 0.000 KB        
q4_layer_ctrl:m_axi_weight2b-HBM[13]          RD = 37830.500 KB           WR = 0.000 KB        
q4_layer_ctrl:m_axi_weight3a-HBM[14]          RD = 37830.500 KB           WR = 0.000 KB        
q4_layer_ctrl:m_axi_weight3b-HBM[15]          RD = 37830.500 KB           WR = 0.000 KB        
q4_layer_ctrl:m_axi_hidden_in-HBM[0]          RD = 264.000 KB             WR = 0.000 KB        
q4_layer_ctrl:m_axi_hidden_out-HBM[1]          RD = 0.000 KB               WR = 256.000 KB      
q4_layer_ctrl:m_axi_kv_k-HBM[2]          RD = 177.000 KB             WR = 33.000 KB       
q4_layer_ctrl:m_axi_kv_v-HBM[3]          RD = 177.000 KB             WR = 33.000 KB       
q4_layer_ctrl:m_axi_norm-HBM[4]          RD = 72.000 KB              WR = 0.000 KB        
q4_layer_ctrl:m_axi_rope-HBM[5]          RD = 264.000 KB             WR = 0.000 KB        

Data transfer on stream interfaces
q4_layer_ctrl:activation_stream0-->PIPE               5023.844 KB     
q4_layer_ctrl:activation_stream1-->PIPE               5023.844 KB     
PIPE-->q4_layer_ctrl:out_stream0               3017.055 KB     
q4_layer_ctrl:activation_stream2-->PIPE               4751.844 KB     
PIPE-->q4_layer_ctrl:out_stream1               3017.055 KB     
PIPE-->q4_layer_ctrl:out_stream2               2877.055 KB     
PIPE-->q4_layer_ctrl:out_stream3               2877.055 KB     
q4_layer_ctrl:task_stream0-->PIPE               9.391 KB        
q4_layer_ctrl:task_stream1-->PIPE               9.391 KB        
q4_layer_ctrl:task_stream2-->PIPE               8.812 KB        
q4_layer_ctrl:task_stream3-->PIPE               8.812 KB        
q4_layer_ctrl:vector_stream0a-->PIPE               994.500 KB      
q4_layer_ctrl:vector_stream0b-->PIPE               890.500 KB      
q4_layer_ctrl:vector_stream1a-->PIPE               994.500 KB      
q4_layer_ctrl:activation_stream3-->PIPE               4751.844 KB     
q4_layer_ctrl:vector_stream1b-->PIPE               890.500 KB      
q4_layer_ctrl:vector_stream2a-->PIPE               975.000 KB      

INFO::[ Vitis-EM 22 ] [Time elapsed: 456 minute(s) 36 seconds, Emulation time: 9.02472 ms]
Data transfer between kernel(s) and global memory(s)
q4_layer_ctrl:m_axi_scales-HBM[6]          RD = 0.953 KB               WR = 0.000 KB        
q4_layer_ctrl:m_axi_weight0a-HBM[8]          RD = 40034.500 KB           WR = 0.000 KB        
q4_layer_ctrl:m_axi_weight0b-HBM[9]          RD = 40034.500 KB           WR = 0.000 KB        
q4_layer_ctrl:m_axi_weight1a-HBM[10]          RD = 40034.500 KB           WR = 0.000 KB        
q4_layer_ctrl:m_axi_weight1b-HBM[11]          RD = 40034.500 KB           WR = 0.000 KB        
q4_layer_ctrl:m_axi_weight2a-HBM[12]          RD = 37858.500 KB           WR = 0.000 KB        
q4_layer_ctrl:m_axi_weight2b-HBM[13]          RD = 37858.500 KB           WR = 0.000 KB        
q4_layer_ctrl:m_axi_weight3a-HBM[14]          RD = 37858.500 KB           WR = 0.000 KB        
q4_layer_ctrl:m_axi_weight3b-HBM[15]          RD = 37858.500 KB           WR = 0.000 KB        
q4_layer_ctrl:m_axi_hidden_in-HBM[0]          RD = 264.000 KB             WR = 0.000 KB        
q4_layer_ctrl:m_axi_hidden_out-HBM[1]          RD = 0.000 KB               WR = 256.000 KB      
q4_layer_ctrl:m_axi_kv_k-HBM[2]          RD = 177.000 KB             WR = 33.000 KB       
q4_layer_ctrl:m_axi_kv_v-HBM[3]          RD = 177.000 KB             WR = 33.000 KB       
q4_layer_ctrl:m_axi_norm-HBM[4]          RD = 72.000 KB              WR = 0.000 KB        
q4_layer_ctrl:m_axi_rope-HBM[5]          RD = 264.000 KB             WR = 0.000 KB        

Data transfer on stream interfaces
q4_layer_ctrl:activation_stream0-->PIPE               5027.180 KB     
q4_layer_ctrl:activation_stream1-->PIPE               5027.180 KB     
PIPE-->q4_layer_ctrl:out_stream0               3020.500 KB     
q4_layer_ctrl:activation_stream2-->PIPE               4755.180 KB     
PIPE-->q4_layer_ctrl:out_stream1               3020.500 KB     
PIPE-->q4_layer_ctrl:out_stream2               2880.500 KB     
PIPE-->q4_layer_ctrl:out_stream3               2880.500 KB     
q4_layer_ctrl:task_stream0-->PIPE               9.391 KB        
q4_layer_ctrl:task_stream1-->PIPE               9.391 KB        
q4_layer_ctrl:task_stream2-->PIPE               8.812 KB        
q4_layer_ctrl:task_stream3-->PIPE               8.812 KB        
q4_layer_ctrl:vector_stream0a-->PIPE               994.500 KB      
q4_layer_ctrl:vector_stream0b-->PIPE               890.500 KB      
q4_layer_ctrl:vector_stream1a-->PIPE               994.500 KB      
q4_layer_ctrl:activation_stream3-->PIPE               4755.180 KB     
q4_layer_ctrl:vector_stream1b-->PIPE               890.500 KB      
q4_layer_ctrl:vector_stream2a-->PIPE               975.000 KB      

INFO::[ Vitis-EM 22 ] [Time elapsed: 456 minute(s) 50 seconds, Emulation time: 9.02874 ms]
Data transfer between kernel(s) and global memory(s)
q4_layer_ctrl:m_axi_scales-HBM[6]          RD = 0.953 KB               WR = 0.000 KB        
q4_layer_ctrl:m_axi_weight0a-HBM[8]          RD = 40068.500 KB           WR = 0.000 KB        
q4_layer_ctrl:m_axi_weight0b-HBM[9]          RD = 40068.500 KB           WR = 0.000 KB        
q4_layer_ctrl:m_axi_weight1a-HBM[10]          RD = 40068.500 KB           WR = 0.000 KB        
q4_layer_ctrl:m_axi_weight1b-HBM[11]          RD = 40068.500 KB           WR = 0.000 KB        
q4_layer_ctrl:m_axi_weight2a-HBM[12]          RD = 37892.500 KB           WR = 0.000 KB        
q4_layer_ctrl:m_axi_weight2b-HBM[13]          RD = 37892.500 KB           WR = 0.000 KB        
q4_layer_ctrl:m_axi_weight3a-HBM[14]          RD = 37892.500 KB           WR = 0.000 KB        
q4_layer_ctrl:m_axi_weight3b-HBM[15]          RD = 37892.500 KB           WR = 0.000 KB        
q4_layer_ctrl:m_axi_hidden_in-HBM[0]          RD = 264.000 KB             WR = 0.000 KB        
q4_layer_ctrl:m_axi_hidden_out-HBM[1]          RD = 0.000 KB               WR = 256.000 KB      
q4_layer_ctrl:m_axi_kv_k-HBM[2]          RD = 177.000 KB             WR = 33.000 KB       
q4_layer_ctrl:m_axi_kv_v-HBM[3]          RD = 177.000 KB             WR = 33.000 KB       
q4_layer_ctrl:m_axi_norm-HBM[4]          RD = 72.000 KB              WR = 0.000 KB        
q4_layer_ctrl:m_axi_rope-HBM[5]          RD = 264.000 KB             WR = 0.000 KB        

Data transfer on stream interfaces
q4_layer_ctrl:activation_stream0-->PIPE               5031.652 KB     
q4_layer_ctrl:activation_stream1-->PIPE               5031.652 KB     
PIPE-->q4_layer_ctrl:out_stream0               3020.500 KB     
q4_layer_ctrl:activation_stream2-->PIPE               4759.652 KB     
PIPE-->q4_layer_ctrl:out_stream1               3020.500 KB     
PIPE-->q4_layer_ctrl:out_stream2               2880.500 KB     
PIPE-->q4_layer_ctrl:out_stream3               2880.500 KB     
q4_layer_ctrl:task_stream0-->PIPE               9.406 KB        
q4_layer_ctrl:task_stream1-->PIPE               9.406 KB        
q4_layer_ctrl:task_stream2-->PIPE               8.828 KB        
q4_layer_ctrl:task_stream3-->PIPE               8.828 KB        
q4_layer_ctrl:vector_stream0a-->PIPE               994.500 KB      
q4_layer_ctrl:vector_stream0b-->PIPE               890.500 KB      
q4_layer_ctrl:vector_stream1a-->PIPE               994.500 KB      
q4_layer_ctrl:activation_stream3-->PIPE               4759.652 KB     
q4_layer_ctrl:vector_stream1b-->PIPE               890.500 KB      
q4_layer_ctrl:vector_stream2a-->PIPE               975.000 KB      

INFO::[ Vitis-EM 22 ] [Time elapsed: 457 minute(s) 4 seconds, Emulation time: 9.03276 ms]
Data transfer between kernel(s) and global memory(s)
q4_layer_ctrl:m_axi_scales-HBM[6]          RD = 0.953 KB               WR = 0.000 KB        
q4_layer_ctrl:m_axi_weight0a-HBM[8]          RD = 40106.500 KB           WR = 0.000 KB        
q4_layer_ctrl:m_axi_weight0b-HBM[9]          RD = 40106.500 KB           WR = 0.000 KB        
q4_layer_ctrl:m_axi_weight1a-HBM[10]          RD = 40106.500 KB           WR = 0.000 KB        
q4_layer_ctrl:m_axi_weight1b-HBM[11]          RD = 40106.500 KB           WR = 0.000 KB        
q4_layer_ctrl:m_axi_weight2a-HBM[12]          RD = 37930.500 KB           WR = 0.000 KB        
q4_layer_ctrl:m_axi_weight2b-HBM[13]          RD = 37930.500 KB           WR = 0.000 KB        
q4_layer_ctrl:m_axi_weight3a-HBM[14]          RD = 37930.500 KB           WR = 0.000 KB        
q4_layer_ctrl:m_axi_weight3b-HBM[15]          RD = 37930.500 KB           WR = 0.000 KB        
q4_layer_ctrl:m_axi_hidden_in-HBM[0]          RD = 264.000 KB             WR = 0.000 KB        
q4_layer_ctrl:m_axi_hidden_out-HBM[1]          RD = 0.000 KB               WR = 256.000 KB      
q4_layer_ctrl:m_axi_kv_k-HBM[2]          RD = 177.000 KB             WR = 33.000 KB       
q4_layer_ctrl:m_axi_kv_v-HBM[3]          RD = 177.000 KB             WR = 33.000 KB       
q4_layer_ctrl:m_axi_norm-HBM[4]          RD = 72.000 KB              WR = 0.000 KB        
q4_layer_ctrl:m_axi_rope-HBM[5]          RD = 264.000 KB             WR = 0.000 KB        

Data transfer on stream interfaces
q4_layer_ctrl:activation_stream0-->PIPE               5036.156 KB     
q4_layer_ctrl:activation_stream1-->PIPE               5036.156 KB     
PIPE-->q4_layer_ctrl:out_stream0               3024.000 KB     
q4_layer_ctrl:activation_stream2-->PIPE               4764.156 KB     
PIPE-->q4_layer_ctrl:out_stream1               3024.000 KB     
PIPE-->q4_layer_ctrl:out_stream2               2884.000 KB     
PIPE-->q4_layer_ctrl:out_stream3               2884.000 KB     
q4_layer_ctrl:task_stream0-->PIPE               9.406 KB        
q4_layer_ctrl:task_stream1-->PIPE               9.406 KB        
q4_layer_ctrl:task_stream2-->PIPE               8.828 KB        
q4_layer_ctrl:task_stream3-->PIPE               8.828 KB        
q4_layer_ctrl:vector_stream0a-->PIPE               994.500 KB      
q4_layer_ctrl:vector_stream0b-->PIPE               890.500 KB      
q4_layer_ctrl:vector_stream1a-->PIPE               994.500 KB      
q4_layer_ctrl:activation_stream3-->PIPE               4764.156 KB     
q4_layer_ctrl:vector_stream1b-->PIPE               890.500 KB      
q4_layer_ctrl:vector_stream2a-->PIPE               975.000 KB      

INFO::[ Vitis-EM 22 ] [Time elapsed: 457 minute(s) 14 seconds, Emulation time: 9.03578 ms]
Data transfer between kernel(s) and global memory(s)
q4_layer_ctrl:m_axi_scales-HBM[6]          RD = 0.953 KB               WR = 0.000 KB        
q4_layer_ctrl:m_axi_weight0a-HBM[8]          RD = 40131.000 KB           WR = 0.000 KB        
q4_layer_ctrl:m_axi_weight0b-HBM[9]          RD = 40131.000 KB           WR = 0.000 KB        
q4_layer_ctrl:m_axi_weight1a-HBM[10]          RD = 40131.000 KB           WR = 0.000 KB        
q4_layer_ctrl:m_axi_weight1b-HBM[11]          RD = 40131.000 KB           WR = 0.000 KB        
q4_layer_ctrl:m_axi_weight2a-HBM[12]          RD = 37955.000 KB           WR = 0.000 KB        
q4_layer_ctrl:m_axi_weight2b-HBM[13]          RD = 37955.000 KB           WR = 0.000 KB        
q4_layer_ctrl:m_axi_weight3a-HBM[14]          RD = 37955.000 KB           WR = 0.000 KB        
q4_layer_ctrl:m_axi_weight3b-HBM[15]          RD = 37955.000 KB           WR = 0.000 KB        
q4_layer_ctrl:m_axi_hidden_in-HBM[0]          RD = 264.000 KB             WR = 0.000 KB        
q4_layer_ctrl:m_axi_hidden_out-HBM[1]          RD = 0.000 KB               WR = 256.000 KB      
q4_layer_ctrl:m_axi_kv_k-HBM[2]          RD = 177.000 KB             WR = 33.000 KB       
q4_layer_ctrl:m_axi_kv_v-HBM[3]          RD = 177.000 KB             WR = 33.000 KB       
q4_layer_ctrl:m_axi_norm-HBM[4]          RD = 72.000 KB              WR = 0.000 KB        
q4_layer_ctrl:m_axi_rope-HBM[5]          RD = 264.000 KB             WR = 0.000 KB        

Data transfer on stream interfaces
q4_layer_ctrl:activation_stream0-->PIPE               5039.531 KB     
q4_layer_ctrl:activation_stream1-->PIPE               5039.531 KB     
PIPE-->q4_layer_ctrl:out_stream0               3024.000 KB     
q4_layer_ctrl:activation_stream2-->PIPE               4767.531 KB     
PIPE-->q4_layer_ctrl:out_stream1               3024.000 KB     
PIPE-->q4_layer_ctrl:out_stream2               2884.000 KB     
PIPE-->q4_layer_ctrl:out_stream3               2884.000 KB     
q4_layer_ctrl:task_stream0-->PIPE               9.422 KB        
q4_layer_ctrl:task_stream1-->PIPE               9.422 KB        
q4_layer_ctrl:task_stream2-->PIPE               8.844 KB        
q4_layer_ctrl:task_stream3-->PIPE               8.844 KB        
q4_layer_ctrl:vector_stream0a-->PIPE               994.500 KB      
q4_layer_ctrl:vector_stream0b-->PIPE               890.500 KB      
q4_layer_ctrl:vector_stream1a-->PIPE               994.500 KB      
q4_layer_ctrl:activation_stream3-->PIPE               4767.531 KB     
q4_layer_ctrl:vector_stream1b-->PIPE               890.500 KB      
q4_layer_ctrl:vector_stream2a-->PIPE               975.000 KB      

INFO::[ Vitis-EM 22 ] [Time elapsed: 457 minute(s) 35 seconds, Emulation time: 9.04181 ms]
Data transfer between kernel(s) and global memory(s)
q4_layer_ctrl:m_axi_scales-HBM[6]          RD = 0.953 KB               WR = 0.000 KB        
q4_layer_ctrl:m_axi_weight0a-HBM[8]          RD = 40187.500 KB           WR = 0.000 KB        
q4_layer_ctrl:m_axi_weight0b-HBM[9]          RD = 40187.500 KB           WR = 0.000 KB        
q4_layer_ctrl:m_axi_weight1a-HBM[10]          RD = 40187.500 KB           WR = 0.000 KB        
q4_layer_ctrl:m_axi_weight1b-HBM[11]          RD = 40187.500 KB           WR = 0.000 KB        
q4_layer_ctrl:m_axi_weight2a-HBM[12]          RD = 38011.500 KB           WR = 0.000 KB        
q4_layer_ctrl:m_axi_weight2b-HBM[13]          RD = 38011.500 KB           WR = 0.000 KB        
q4_layer_ctrl:m_axi_weight3a-HBM[14]          RD = 38011.500 KB           WR = 0.000 KB        
q4_layer_ctrl:m_axi_weight3b-HBM[15]          RD = 38011.500 KB           WR = 0.000 KB        
q4_layer_ctrl:m_axi_hidden_in-HBM[0]          RD = 264.000 KB             WR = 0.000 KB        
q4_layer_ctrl:m_axi_hidden_out-HBM[1]          RD = 0.000 KB               WR = 256.000 KB      
q4_layer_ctrl:m_axi_kv_k-HBM[2]          RD = 177.000 KB             WR = 33.000 KB       
q4_layer_ctrl:m_axi_kv_v-HBM[3]          RD = 177.000 KB             WR = 33.000 KB       
q4_layer_ctrl:m_axi_norm-HBM[4]          RD = 72.000 KB              WR = 0.000 KB        
q4_layer_ctrl:m_axi_rope-HBM[5]          RD = 264.000 KB             WR = 0.000 KB        

Data transfer on stream interfaces
q4_layer_ctrl:activation_stream0-->PIPE               5046.309 KB     
q4_layer_ctrl:activation_stream1-->PIPE               5046.309 KB     
PIPE-->q4_layer_ctrl:out_stream0               3027.500 KB     
q4_layer_ctrl:activation_stream2-->PIPE               4774.309 KB     
PIPE-->q4_layer_ctrl:out_stream1               3027.500 KB     
PIPE-->q4_layer_ctrl:out_stream2               2887.500 KB     
PIPE-->q4_layer_ctrl:out_stream3               2887.500 KB     
q4_layer_ctrl:task_stream0-->PIPE               9.422 KB        
q4_layer_ctrl:task_stream1-->PIPE               9.422 KB        
q4_layer_ctrl:task_stream2-->PIPE               8.844 KB        
q4_layer_ctrl:task_stream3-->PIPE               8.844 KB        
q4_layer_ctrl:vector_stream0a-->PIPE               994.500 KB      
q4_layer_ctrl:vector_stream0b-->PIPE               890.500 KB      
q4_layer_ctrl:vector_stream1a-->PIPE               994.500 KB      
q4_layer_ctrl:activation_stream3-->PIPE               4774.309 KB     
q4_layer_ctrl:vector_stream1b-->PIPE               890.500 KB      
q4_layer_ctrl:vector_stream2a-->PIPE               975.000 KB      

INFO::[ Vitis-EM 22 ] [Time elapsed: 457 minute(s) 59 seconds, Emulation time: 9.04884 ms]
Data transfer between kernel(s) and global memory(s)
q4_layer_ctrl:m_axi_scales-HBM[6]          RD = 0.953 KB               WR = 0.000 KB        
q4_layer_ctrl:m_axi_weight0a-HBM[8]          RD = 40250.000 KB           WR = 0.000 KB        
q4_layer_ctrl:m_axi_weight0b-HBM[9]          RD = 40250.000 KB           WR = 0.000 KB        
q4_layer_ctrl:m_axi_weight1a-HBM[10]          RD = 40250.000 KB           WR = 0.000 KB        
q4_layer_ctrl:m_axi_weight1b-HBM[11]          RD = 40250.000 KB           WR = 0.000 KB        
q4_layer_ctrl:m_axi_weight2a-HBM[12]          RD = 38074.000 KB           WR = 0.000 KB        
q4_layer_ctrl:m_axi_weight2b-HBM[13]          RD = 38074.000 KB           WR = 0.000 KB        
q4_layer_ctrl:m_axi_weight3a-HBM[14]          RD = 38074.000 KB           WR = 0.000 KB        
q4_layer_ctrl:m_axi_weight3b-HBM[15]          RD = 38074.000 KB           WR = 0.000 KB        
q4_layer_ctrl:m_axi_hidden_in-HBM[0]          RD = 264.000 KB             WR = 0.000 KB        
q4_layer_ctrl:m_axi_hidden_out-HBM[1]          RD = 0.000 KB               WR = 256.000 KB      
q4_layer_ctrl:m_axi_kv_k-HBM[2]          RD = 177.000 KB             WR = 33.000 KB       
q4_layer_ctrl:m_axi_kv_v-HBM[3]          RD = 177.000 KB             WR = 33.000 KB       
q4_layer_ctrl:m_axi_norm-HBM[4]          RD = 72.000 KB              WR = 0.000 KB        
q4_layer_ctrl:m_axi_rope-HBM[5]          RD = 264.000 KB             WR = 0.000 KB        

Data transfer on stream interfaces
q4_layer_ctrl:activation_stream0-->PIPE               5054.102 KB     
q4_layer_ctrl:activation_stream1-->PIPE               5054.102 KB     
PIPE-->q4_layer_ctrl:out_stream0               3031.000 KB     
q4_layer_ctrl:activation_stream2-->PIPE               4782.102 KB     
PIPE-->q4_layer_ctrl:out_stream1               3031.000 KB     
PIPE-->q4_layer_ctrl:out_stream2               2891.000 KB     
PIPE-->q4_layer_ctrl:out_stream3               2891.000 KB     
q4_layer_ctrl:task_stream0-->PIPE               9.438 KB        
q4_layer_ctrl:task_stream1-->PIPE               9.438 KB        
q4_layer_ctrl:task_stream2-->PIPE               8.859 KB        
q4_layer_ctrl:task_stream3-->PIPE               8.859 KB        
q4_layer_ctrl:vector_stream0a-->PIPE               994.500 KB      
q4_layer_ctrl:vector_stream0b-->PIPE               890.500 KB      
q4_layer_ctrl:vector_stream1a-->PIPE               994.500 KB      
q4_layer_ctrl:activation_stream3-->PIPE               4782.102 KB     
q4_layer_ctrl:vector_stream1b-->PIPE               890.500 KB      
q4_layer_ctrl:vector_stream2a-->PIPE               975.000 KB      

INFO::[ Vitis-EM 22 ] [Time elapsed: 458 minute(s) 13 seconds, Emulation time: 9.05288 ms]
Data transfer between kernel(s) and global memory(s)
q4_layer_ctrl:m_axi_scales-HBM[6]          RD = 0.953 KB               WR = 0.000 KB        
q4_layer_ctrl:m_axi_weight0a-HBM[8]          RD = 40284.000 KB           WR = 0.000 KB        
q4_layer_ctrl:m_axi_weight0b-HBM[9]          RD = 40284.000 KB           WR = 0.000 KB        
q4_layer_ctrl:m_axi_weight1a-HBM[10]          RD = 40284.000 KB           WR = 0.000 KB        
q4_layer_ctrl:m_axi_weight1b-HBM[11]          RD = 40284.000 KB           WR = 0.000 KB        
q4_layer_ctrl:m_axi_weight2a-HBM[12]          RD = 38108.000 KB           WR = 0.000 KB        
q4_layer_ctrl:m_axi_weight2b-HBM[13]          RD = 38108.000 KB           WR = 0.000 KB        
q4_layer_ctrl:m_axi_weight3a-HBM[14]          RD = 38108.000 KB           WR = 0.000 KB        
q4_layer_ctrl:m_axi_weight3b-HBM[15]          RD = 38108.000 KB           WR = 0.000 KB        
q4_layer_ctrl:m_axi_hidden_in-HBM[0]          RD = 264.000 KB             WR = 0.000 KB        
q4_layer_ctrl:m_axi_hidden_out-HBM[1]          RD = 0.000 KB               WR = 256.000 KB      
q4_layer_ctrl:m_axi_kv_k-HBM[2]          RD = 177.000 KB             WR = 33.000 KB       
q4_layer_ctrl:m_axi_kv_v-HBM[3]          RD = 177.000 KB             WR = 33.000 KB       
q4_layer_ctrl:m_axi_norm-HBM[4]          RD = 72.000 KB              WR = 0.000 KB        
q4_layer_ctrl:m_axi_rope-HBM[5]          RD = 264.000 KB             WR = 0.000 KB        

Data transfer on stream interfaces
q4_layer_ctrl:activation_stream0-->PIPE               5058.383 KB     
q4_layer_ctrl:activation_stream1-->PIPE               5058.383 KB     
PIPE-->q4_layer_ctrl:out_stream0               3034.500 KB     
q4_layer_ctrl:activation_stream2-->PIPE               4786.383 KB     
PIPE-->q4_layer_ctrl:out_stream1               3034.500 KB     
PIPE-->q4_layer_ctrl:out_stream2               2894.500 KB     
PIPE-->q4_layer_ctrl:out_stream3               2894.500 KB     
q4_layer_ctrl:task_stream0-->PIPE               9.453 KB        
q4_layer_ctrl:task_stream1-->PIPE               9.453 KB        
q4_layer_ctrl:task_stream2-->PIPE               8.875 KB        
q4_layer_ctrl:task_stream3-->PIPE               8.875 KB        
q4_layer_ctrl:vector_stream0a-->PIPE               994.500 KB      
q4_layer_ctrl:vector_stream0b-->PIPE               890.500 KB      
q4_layer_ctrl:vector_stream1a-->PIPE               994.500 KB      
q4_layer_ctrl:activation_stream3-->PIPE               4786.383 KB     
q4_layer_ctrl:vector_stream1b-->PIPE               890.500 KB      
q4_layer_ctrl:vector_stream2a-->PIPE               975.000 KB      

INFO::[ Vitis-EM 22 ] [Time elapsed: 458 minute(s) 24 seconds, Emulation time: 9.05589 ms]
Data transfer between kernel(s) and global memory(s)
q4_layer_ctrl:m_axi_scales-HBM[6]          RD = 0.953 KB               WR = 0.000 KB        
q4_layer_ctrl:m_axi_weight0a-HBM[8]          RD = 40312.500 KB           WR = 0.000 KB        
q4_layer_ctrl:m_axi_weight0b-HBM[9]          RD = 40312.500 KB           WR = 0.000 KB        
q4_layer_ctrl:m_axi_weight1a-HBM[10]          RD = 40312.500 KB           WR = 0.000 KB        
q4_layer_ctrl:m_axi_weight1b-HBM[11]          RD = 40312.500 KB           WR = 0.000 KB        
q4_layer_ctrl:m_axi_weight2a-HBM[12]          RD = 38136.500 KB           WR = 0.000 KB        
q4_layer_ctrl:m_axi_weight2b-HBM[13]          RD = 38136.500 KB           WR = 0.000 KB        
q4_layer_ctrl:m_axi_weight3a-HBM[14]          RD = 38136.500 KB           WR = 0.000 KB        
q4_layer_ctrl:m_axi_weight3b-HBM[15]          RD = 38136.500 KB           WR = 0.000 KB        
q4_layer_ctrl:m_axi_hidden_in-HBM[0]          RD = 264.000 KB             WR = 0.000 KB        
q4_layer_ctrl:m_axi_hidden_out-HBM[1]          RD = 0.000 KB               WR = 256.000 KB      
q4_layer_ctrl:m_axi_kv_k-HBM[2]          RD = 177.000 KB             WR = 33.000 KB       
q4_layer_ctrl:m_axi_kv_v-HBM[3]          RD = 177.000 KB             WR = 33.000 KB       
q4_layer_ctrl:m_axi_norm-HBM[4]          RD = 72.000 KB              WR = 0.000 KB        
q4_layer_ctrl:m_axi_rope-HBM[5]          RD = 264.000 KB             WR = 0.000 KB        

Data transfer on stream interfaces
q4_layer_ctrl:activation_stream0-->PIPE               5061.918 KB     
q4_layer_ctrl:activation_stream1-->PIPE               5061.918 KB     
PIPE-->q4_layer_ctrl:out_stream0               3034.500 KB     
q4_layer_ctrl:activation_stream2-->PIPE               4789.918 KB     
PIPE-->q4_layer_ctrl:out_stream1               3034.500 KB     
PIPE-->q4_layer_ctrl:out_stream2               2894.500 KB     
PIPE-->q4_layer_ctrl:out_stream3               2894.500 KB     
q4_layer_ctrl:task_stream0-->PIPE               9.453 KB        
q4_layer_ctrl:task_stream1-->PIPE               9.453 KB        
q4_layer_ctrl:task_stream2-->PIPE               8.875 KB        
q4_layer_ctrl:task_stream3-->PIPE               8.875 KB        
q4_layer_ctrl:vector_stream0a-->PIPE               994.500 KB      
q4_layer_ctrl:vector_stream0b-->PIPE               890.500 KB      
q4_layer_ctrl:vector_stream1a-->PIPE               994.500 KB      
q4_layer_ctrl:activation_stream3-->PIPE               4789.918 KB     
q4_layer_ctrl:vector_stream1b-->PIPE               890.500 KB      
q4_layer_ctrl:vector_stream2a-->PIPE               975.000 KB      

INFO::[ Vitis-EM 22 ] [Time elapsed: 458 minute(s) 55 seconds, Emulation time: 9.06495 ms]
Data transfer between kernel(s) and global memory(s)
q4_layer_ctrl:m_axi_scales-HBM[6]          RD = 0.953 KB               WR = 0.000 KB        
q4_layer_ctrl:m_axi_weight0a-HBM[8]          RD = 40390.500 KB           WR = 0.000 KB        
q4_layer_ctrl:m_axi_weight0b-HBM[9]          RD = 40390.500 KB           WR = 0.000 KB        
q4_layer_ctrl:m_axi_weight1a-HBM[10]          RD = 40390.500 KB           WR = 0.000 KB        
q4_layer_ctrl:m_axi_weight1b-HBM[11]          RD = 40390.500 KB           WR = 0.000 KB        
q4_layer_ctrl:m_axi_weight2a-HBM[12]          RD = 38214.500 KB           WR = 0.000 KB        
q4_layer_ctrl:m_axi_weight2b-HBM[13]          RD = 38214.500 KB           WR = 0.000 KB        
q4_layer_ctrl:m_axi_weight3a-HBM[14]          RD = 38214.500 KB           WR = 0.000 KB        
q4_layer_ctrl:m_axi_weight3b-HBM[15]          RD = 38214.500 KB           WR = 0.000 KB        
q4_layer_ctrl:m_axi_hidden_in-HBM[0]          RD = 264.000 KB             WR = 0.000 KB        
q4_layer_ctrl:m_axi_hidden_out-HBM[1]          RD = 0.000 KB               WR = 256.000 KB      
q4_layer_ctrl:m_axi_kv_k-HBM[2]          RD = 177.000 KB             WR = 33.000 KB       
q4_layer_ctrl:m_axi_kv_v-HBM[3]          RD = 177.000 KB             WR = 33.000 KB       
q4_layer_ctrl:m_axi_norm-HBM[4]          RD = 72.000 KB              WR = 0.000 KB        
q4_layer_ctrl:m_axi_rope-HBM[5]          RD = 264.000 KB             WR = 0.000 KB        

Data transfer on stream interfaces
q4_layer_ctrl:activation_stream0-->PIPE               5071.848 KB     
q4_layer_ctrl:activation_stream1-->PIPE               5071.848 KB     
PIPE-->q4_layer_ctrl:out_stream0               3038.109 KB     
q4_layer_ctrl:activation_stream2-->PIPE               4799.848 KB     
PIPE-->q4_layer_ctrl:out_stream1               3038.109 KB     
PIPE-->q4_layer_ctrl:out_stream2               2898.109 KB     
PIPE-->q4_layer_ctrl:out_stream3               2898.109 KB     
q4_layer_ctrl:task_stream0-->PIPE               9.484 KB        
q4_layer_ctrl:task_stream1-->PIPE               9.484 KB        
q4_layer_ctrl:task_stream2-->PIPE               8.906 KB        
q4_layer_ctrl:task_stream3-->PIPE               8.906 KB        
q4_layer_ctrl:vector_stream0a-->PIPE               994.500 KB      
q4_layer_ctrl:vector_stream0b-->PIPE               890.500 KB      
q4_layer_ctrl:vector_stream1a-->PIPE               994.500 KB      
q4_layer_ctrl:activation_stream3-->PIPE               4799.848 KB     
q4_layer_ctrl:vector_stream1b-->PIPE               890.500 KB      
q4_layer_ctrl:vector_stream2a-->PIPE               975.000 KB      

INFO::[ Vitis-EM 22 ] [Time elapsed: 459 minute(s) 5 seconds, Emulation time: 9.06797 ms]
Data transfer between kernel(s) and global memory(s)
q4_layer_ctrl:m_axi_scales-HBM[6]          RD = 0.953 KB               WR = 0.000 KB        
q4_layer_ctrl:m_axi_weight0a-HBM[8]          RD = 40418.500 KB           WR = 0.000 KB        
q4_layer_ctrl:m_axi_weight0b-HBM[9]          RD = 40418.500 KB           WR = 0.000 KB        
q4_layer_ctrl:m_axi_weight1a-HBM[10]          RD = 40418.500 KB           WR = 0.000 KB        
q4_layer_ctrl:m_axi_weight1b-HBM[11]          RD = 40418.500 KB           WR = 0.000 KB        
q4_layer_ctrl:m_axi_weight2a-HBM[12]          RD = 38242.500 KB           WR = 0.000 KB        
q4_layer_ctrl:m_axi_weight2b-HBM[13]          RD = 38242.500 KB           WR = 0.000 KB        
q4_layer_ctrl:m_axi_weight3a-HBM[14]          RD = 38242.500 KB           WR = 0.000 KB        
q4_layer_ctrl:m_axi_weight3b-HBM[15]          RD = 38242.500 KB           WR = 0.000 KB        
q4_layer_ctrl:m_axi_hidden_in-HBM[0]          RD = 264.000 KB             WR = 0.000 KB        
q4_layer_ctrl:m_axi_hidden_out-HBM[1]          RD = 0.000 KB               WR = 256.000 KB      
q4_layer_ctrl:m_axi_kv_k-HBM[2]          RD = 177.000 KB             WR = 33.000 KB       
q4_layer_ctrl:m_axi_kv_v-HBM[3]          RD = 177.000 KB             WR = 33.000 KB       
q4_layer_ctrl:m_axi_norm-HBM[4]          RD = 72.000 KB              WR = 0.000 KB        
q4_layer_ctrl:m_axi_rope-HBM[5]          RD = 264.000 KB             WR = 0.000 KB        

Data transfer on stream interfaces
q4_layer_ctrl:activation_stream0-->PIPE               5075.184 KB     
q4_layer_ctrl:activation_stream1-->PIPE               5075.184 KB     
PIPE-->q4_layer_ctrl:out_stream0               3041.500 KB     
q4_layer_ctrl:activation_stream2-->PIPE               4803.184 KB     
PIPE-->q4_layer_ctrl:out_stream1               3041.500 KB     
PIPE-->q4_layer_ctrl:out_stream2               2901.500 KB     
PIPE-->q4_layer_ctrl:out_stream3               2901.500 KB     
q4_layer_ctrl:task_stream0-->PIPE               9.484 KB        
q4_layer_ctrl:task_stream1-->PIPE               9.484 KB        
q4_layer_ctrl:task_stream2-->PIPE               8.906 KB        
q4_layer_ctrl:task_stream3-->PIPE               8.906 KB        
q4_layer_ctrl:vector_stream0a-->PIPE               994.500 KB      
q4_layer_ctrl:vector_stream0b-->PIPE               890.500 KB      
q4_layer_ctrl:vector_stream1a-->PIPE               994.500 KB      
q4_layer_ctrl:activation_stream3-->PIPE               4803.184 KB     
q4_layer_ctrl:vector_stream1b-->PIPE               890.500 KB      
q4_layer_ctrl:vector_stream2a-->PIPE               975.000 KB      

INFO::[ Vitis-EM 22 ] [Time elapsed: 459 minute(s) 16 seconds, Emulation time: 9.07099 ms]
Data transfer between kernel(s) and global memory(s)
q4_layer_ctrl:m_axi_scales-HBM[6]          RD = 0.953 KB               WR = 0.000 KB        
q4_layer_ctrl:m_axi_weight0a-HBM[8]          RD = 40447.000 KB           WR = 0.000 KB        
q4_layer_ctrl:m_axi_weight0b-HBM[9]          RD = 40447.000 KB           WR = 0.000 KB        
q4_layer_ctrl:m_axi_weight1a-HBM[10]          RD = 40447.000 KB           WR = 0.000 KB        
q4_layer_ctrl:m_axi_weight1b-HBM[11]          RD = 40447.000 KB           WR = 0.000 KB        
q4_layer_ctrl:m_axi_weight2a-HBM[12]          RD = 38271.000 KB           WR = 0.000 KB        
q4_layer_ctrl:m_axi_weight2b-HBM[13]          RD = 38271.000 KB           WR = 0.000 KB        
q4_layer_ctrl:m_axi_weight3a-HBM[14]          RD = 38271.000 KB           WR = 0.000 KB        
q4_layer_ctrl:m_axi_weight3b-HBM[15]          RD = 38271.000 KB           WR = 0.000 KB        
q4_layer_ctrl:m_axi_hidden_in-HBM[0]          RD = 264.000 KB             WR = 0.000 KB        
q4_layer_ctrl:m_axi_hidden_out-HBM[1]          RD = 0.000 KB               WR = 256.000 KB      
q4_layer_ctrl:m_axi_kv_k-HBM[2]          RD = 177.000 KB             WR = 33.000 KB       
q4_layer_ctrl:m_axi_kv_v-HBM[3]          RD = 177.000 KB             WR = 33.000 KB       
q4_layer_ctrl:m_axi_norm-HBM[4]          RD = 72.000 KB              WR = 0.000 KB        
q4_layer_ctrl:m_axi_rope-HBM[5]          RD = 264.000 KB             WR = 0.000 KB        

Data transfer on stream interfaces
q4_layer_ctrl:activation_stream0-->PIPE               5078.719 KB     
q4_layer_ctrl:activation_stream1-->PIPE               5078.719 KB     
PIPE-->q4_layer_ctrl:out_stream0               3041.500 KB     
q4_layer_ctrl:activation_stream2-->PIPE               4806.719 KB     
PIPE-->q4_layer_ctrl:out_stream1               3041.500 KB     
PIPE-->q4_layer_ctrl:out_stream2               2901.500 KB     
PIPE-->q4_layer_ctrl:out_stream3               2901.500 KB     
q4_layer_ctrl:task_stream0-->PIPE               9.484 KB        
q4_layer_ctrl:task_stream1-->PIPE               9.484 KB        
q4_layer_ctrl:task_stream2-->PIPE               8.906 KB        
q4_layer_ctrl:task_stream3-->PIPE               8.906 KB        
q4_layer_ctrl:vector_stream0a-->PIPE               994.500 KB      
q4_layer_ctrl:vector_stream0b-->PIPE               890.500 KB      
q4_layer_ctrl:vector_stream1a-->PIPE               994.500 KB      
q4_layer_ctrl:activation_stream3-->PIPE               4806.719 KB     
q4_layer_ctrl:vector_stream1b-->PIPE               890.500 KB      
q4_layer_ctrl:vector_stream2a-->PIPE               975.000 KB      

INFO::[ Vitis-EM 22 ] [Time elapsed: 459 minute(s) 37 seconds, Emulation time: 9.07702 ms]
Data transfer between kernel(s) and global memory(s)
q4_layer_ctrl:m_axi_scales-HBM[6]          RD = 0.953 KB               WR = 0.000 KB        
q4_layer_ctrl:m_axi_weight0a-HBM[8]          RD = 40500.000 KB           WR = 0.000 KB        
q4_layer_ctrl:m_axi_weight0b-HBM[9]          RD = 40500.000 KB           WR = 0.000 KB        
q4_layer_ctrl:m_axi_weight1a-HBM[10]          RD = 40500.000 KB           WR = 0.000 KB        
q4_layer_ctrl:m_axi_weight1b-HBM[11]          RD = 40500.000 KB           WR = 0.000 KB        
q4_layer_ctrl:m_axi_weight2a-HBM[12]          RD = 38324.000 KB           WR = 0.000 KB        
q4_layer_ctrl:m_axi_weight2b-HBM[13]          RD = 38324.000 KB           WR = 0.000 KB        
q4_layer_ctrl:m_axi_weight3a-HBM[14]          RD = 38324.000 KB           WR = 0.000 KB        
q4_layer_ctrl:m_axi_weight3b-HBM[15]          RD = 38324.000 KB           WR = 0.000 KB        
q4_layer_ctrl:m_axi_hidden_in-HBM[0]          RD = 264.000 KB             WR = 0.000 KB        
q4_layer_ctrl:m_axi_hidden_out-HBM[1]          RD = 0.000 KB               WR = 256.000 KB      
q4_layer_ctrl:m_axi_kv_k-HBM[2]          RD = 177.000 KB             WR = 33.000 KB       
q4_layer_ctrl:m_axi_kv_v-HBM[3]          RD = 177.000 KB             WR = 33.000 KB       
q4_layer_ctrl:m_axi_norm-HBM[4]          RD = 72.000 KB              WR = 0.000 KB        
q4_layer_ctrl:m_axi_rope-HBM[5]          RD = 264.000 KB             WR = 0.000 KB        

Data transfer on stream interfaces
q4_layer_ctrl:activation_stream0-->PIPE               5085.336 KB     
q4_layer_ctrl:activation_stream1-->PIPE               5085.336 KB     
PIPE-->q4_layer_ctrl:out_stream0               3045.000 KB     
q4_layer_ctrl:activation_stream2-->PIPE               4813.336 KB     
PIPE-->q4_layer_ctrl:out_stream1               3045.000 KB     
PIPE-->q4_layer_ctrl:out_stream2               2905.000 KB     
PIPE-->q4_layer_ctrl:out_stream3               2905.000 KB     
q4_layer_ctrl:task_stream0-->PIPE               9.500 KB        
q4_layer_ctrl:task_stream1-->PIPE               9.500 KB        
q4_layer_ctrl:task_stream2-->PIPE               8.922 KB        
q4_layer_ctrl:task_stream3-->PIPE               8.922 KB        
q4_layer_ctrl:vector_stream0a-->PIPE               994.500 KB      
q4_layer_ctrl:vector_stream0b-->PIPE               890.500 KB      
q4_layer_ctrl:vector_stream1a-->PIPE               994.500 KB      
q4_layer_ctrl:activation_stream3-->PIPE               4813.336 KB     
q4_layer_ctrl:vector_stream1b-->PIPE               890.500 KB      
q4_layer_ctrl:vector_stream2a-->PIPE               975.000 KB      

INFO::[ Vitis-EM 22 ] [Time elapsed: 459 minute(s) 50 seconds, Emulation time: 9.08104 ms]
Data transfer between kernel(s) and global memory(s)
q4_layer_ctrl:m_axi_scales-HBM[6]          RD = 0.953 KB               WR = 0.000 KB        
q4_layer_ctrl:m_axi_weight0a-HBM[8]          RD = 40534.000 KB           WR = 0.000 KB        
q4_layer_ctrl:m_axi_weight0b-HBM[9]          RD = 40534.000 KB           WR = 0.000 KB        
q4_layer_ctrl:m_axi_weight1a-HBM[10]          RD = 40534.000 KB           WR = 0.000 KB        
q4_layer_ctrl:m_axi_weight1b-HBM[11]          RD = 40534.000 KB           WR = 0.000 KB        
q4_layer_ctrl:m_axi_weight2a-HBM[12]          RD = 38358.000 KB           WR = 0.000 KB        
q4_layer_ctrl:m_axi_weight2b-HBM[13]          RD = 38358.000 KB           WR = 0.000 KB        
q4_layer_ctrl:m_axi_weight3a-HBM[14]          RD = 38358.000 KB           WR = 0.000 KB        
q4_layer_ctrl:m_axi_weight3b-HBM[15]          RD = 38358.000 KB           WR = 0.000 KB        
q4_layer_ctrl:m_axi_hidden_in-HBM[0]          RD = 264.000 KB             WR = 0.000 KB        
q4_layer_ctrl:m_axi_hidden_out-HBM[1]          RD = 0.000 KB               WR = 256.000 KB      
q4_layer_ctrl:m_axi_kv_k-HBM[2]          RD = 177.000 KB             WR = 33.000 KB       
q4_layer_ctrl:m_axi_kv_v-HBM[3]          RD = 177.000 KB             WR = 33.000 KB       
q4_layer_ctrl:m_axi_norm-HBM[4]          RD = 72.000 KB              WR = 0.000 KB        
q4_layer_ctrl:m_axi_rope-HBM[5]          RD = 264.000 KB             WR = 0.000 KB        

Data transfer on stream interfaces
q4_layer_ctrl:activation_stream0-->PIPE               5089.602 KB     
q4_layer_ctrl:activation_stream1-->PIPE               5089.602 KB     
PIPE-->q4_layer_ctrl:out_stream0               3048.500 KB     
q4_layer_ctrl:activation_stream2-->PIPE               4817.602 KB     
PIPE-->q4_layer_ctrl:out_stream1               3048.500 KB     
PIPE-->q4_layer_ctrl:out_stream2               2908.500 KB     
PIPE-->q4_layer_ctrl:out_stream3               2908.500 KB     
q4_layer_ctrl:task_stream0-->PIPE               9.516 KB        
q4_layer_ctrl:task_stream1-->PIPE               9.516 KB        
q4_layer_ctrl:task_stream2-->PIPE               8.938 KB        
q4_layer_ctrl:task_stream3-->PIPE               8.938 KB        
q4_layer_ctrl:vector_stream0a-->PIPE               994.500 KB      
q4_layer_ctrl:vector_stream0b-->PIPE               890.500 KB      
q4_layer_ctrl:vector_stream1a-->PIPE               994.500 KB      
q4_layer_ctrl:activation_stream3-->PIPE               4817.602 KB     
q4_layer_ctrl:vector_stream1b-->PIPE               890.500 KB      
q4_layer_ctrl:vector_stream2a-->PIPE               975.000 KB      

INFO::[ Vitis-EM 22 ] [Time elapsed: 460 minute(s) 8 seconds, Emulation time: 9.08607 ms]
Data transfer between kernel(s) and global memory(s)
q4_layer_ctrl:m_axi_scales-HBM[6]          RD = 0.953 KB               WR = 0.000 KB        
q4_layer_ctrl:m_axi_weight0a-HBM[8]          RD = 40576.000 KB           WR = 0.000 KB        
q4_layer_ctrl:m_axi_weight0b-HBM[9]          RD = 40576.000 KB           WR = 0.000 KB        
q4_layer_ctrl:m_axi_weight1a-HBM[10]          RD = 40576.000 KB           WR = 0.000 KB        
q4_layer_ctrl:m_axi_weight1b-HBM[11]          RD = 40576.000 KB           WR = 0.000 KB        
q4_layer_ctrl:m_axi_weight2a-HBM[12]          RD = 38400.000 KB           WR = 0.000 KB        
q4_layer_ctrl:m_axi_weight2b-HBM[13]          RD = 38400.000 KB           WR = 0.000 KB        
q4_layer_ctrl:m_axi_weight3a-HBM[14]          RD = 38400.000 KB           WR = 0.000 KB        
q4_layer_ctrl:m_axi_weight3b-HBM[15]          RD = 38400.000 KB           WR = 0.000 KB        
q4_layer_ctrl:m_axi_hidden_in-HBM[0]          RD = 264.000 KB             WR = 0.000 KB        
q4_layer_ctrl:m_axi_hidden_out-HBM[1]          RD = 0.000 KB               WR = 256.000 KB      
q4_layer_ctrl:m_axi_kv_k-HBM[2]          RD = 177.000 KB             WR = 33.000 KB       
q4_layer_ctrl:m_axi_kv_v-HBM[3]          RD = 177.000 KB             WR = 33.000 KB       
q4_layer_ctrl:m_axi_norm-HBM[4]          RD = 72.000 KB              WR = 0.000 KB        
q4_layer_ctrl:m_axi_rope-HBM[5]          RD = 264.000 KB             WR = 0.000 KB        

Data transfer on stream interfaces
q4_layer_ctrl:activation_stream0-->PIPE               5095.488 KB     
q4_layer_ctrl:activation_stream1-->PIPE               5095.488 KB     
PIPE-->q4_layer_ctrl:out_stream0               3048.500 KB     
q4_layer_ctrl:activation_stream2-->PIPE               4823.488 KB     
PIPE-->q4_layer_ctrl:out_stream1               3048.500 KB     
PIPE-->q4_layer_ctrl:out_stream2               2908.500 KB     
PIPE-->q4_layer_ctrl:out_stream3               2908.500 KB     
q4_layer_ctrl:task_stream0-->PIPE               9.516 KB        
q4_layer_ctrl:task_stream1-->PIPE               9.516 KB        
q4_layer_ctrl:task_stream2-->PIPE               8.938 KB        
q4_layer_ctrl:task_stream3-->PIPE               8.938 KB        
q4_layer_ctrl:vector_stream0a-->PIPE               994.500 KB      
q4_layer_ctrl:vector_stream0b-->PIPE               890.500 KB      
q4_layer_ctrl:vector_stream1a-->PIPE               994.500 KB      
q4_layer_ctrl:activation_stream3-->PIPE               4823.488 KB     
q4_layer_ctrl:vector_stream1b-->PIPE               890.500 KB      
q4_layer_ctrl:vector_stream2a-->PIPE               975.000 KB      

INFO::[ Vitis-EM 22 ] [Time elapsed: 460 minute(s) 29 seconds, Emulation time: 9.09209 ms]
Data transfer between kernel(s) and global memory(s)
q4_layer_ctrl:m_axi_scales-HBM[6]          RD = 0.953 KB               WR = 0.000 KB        
q4_layer_ctrl:m_axi_weight0a-HBM[8]          RD = 40634.000 KB           WR = 0.000 KB        
q4_layer_ctrl:m_axi_weight0b-HBM[9]          RD = 40634.000 KB           WR = 0.000 KB        
q4_layer_ctrl:m_axi_weight1a-HBM[10]          RD = 40634.000 KB           WR = 0.000 KB        
q4_layer_ctrl:m_axi_weight1b-HBM[11]          RD = 40634.000 KB           WR = 0.000 KB        
q4_layer_ctrl:m_axi_weight2a-HBM[12]          RD = 38458.000 KB           WR = 0.000 KB        
q4_layer_ctrl:m_axi_weight2b-HBM[13]          RD = 38458.000 KB           WR = 0.000 KB        
q4_layer_ctrl:m_axi_weight3a-HBM[14]          RD = 38458.000 KB           WR = 0.000 KB        
q4_layer_ctrl:m_axi_weight3b-HBM[15]          RD = 38458.000 KB           WR = 0.000 KB        
q4_layer_ctrl:m_axi_hidden_in-HBM[0]          RD = 264.000 KB             WR = 0.000 KB        
q4_layer_ctrl:m_axi_hidden_out-HBM[1]          RD = 0.000 KB               WR = 256.000 KB      
q4_layer_ctrl:m_axi_kv_k-HBM[2]          RD = 177.000 KB             WR = 33.000 KB       
q4_layer_ctrl:m_axi_kv_v-HBM[3]          RD = 177.000 KB             WR = 33.000 KB       
q4_layer_ctrl:m_axi_norm-HBM[4]          RD = 72.000 KB              WR = 0.000 KB        
q4_layer_ctrl:m_axi_rope-HBM[5]          RD = 264.000 KB             WR = 0.000 KB        

Data transfer on stream interfaces
q4_layer_ctrl:activation_stream0-->PIPE               5102.105 KB     
q4_layer_ctrl:activation_stream1-->PIPE               5102.105 KB     
PIPE-->q4_layer_ctrl:out_stream0               3052.000 KB     
q4_layer_ctrl:activation_stream2-->PIPE               4830.105 KB     
PIPE-->q4_layer_ctrl:out_stream1               3052.000 KB     
PIPE-->q4_layer_ctrl:out_stream2               2912.000 KB     
PIPE-->q4_layer_ctrl:out_stream3               2912.000 KB     
q4_layer_ctrl:task_stream0-->PIPE               9.531 KB        
q4_layer_ctrl:task_stream1-->PIPE               9.531 KB        
q4_layer_ctrl:task_stream2-->PIPE               8.953 KB        
q4_layer_ctrl:task_stream3-->PIPE               8.953 KB        
q4_layer_ctrl:vector_stream0a-->PIPE               994.500 KB      
q4_layer_ctrl:vector_stream0b-->PIPE               890.500 KB      
q4_layer_ctrl:vector_stream1a-->PIPE               994.500 KB      
q4_layer_ctrl:activation_stream3-->PIPE               4830.105 KB     
q4_layer_ctrl:vector_stream1b-->PIPE               890.500 KB      
q4_layer_ctrl:vector_stream2a-->PIPE               975.000 KB      

INFO::[ Vitis-EM 22 ] [Time elapsed: 461 minute(s) 6 seconds, Emulation time: 9.10927 ms]
Data transfer between kernel(s) and global memory(s)
q4_layer_ctrl:m_axi_scales-HBM[6]          RD = 0.969 KB               WR = 0.000 KB        
q4_layer_ctrl:m_axi_weight0a-HBM[8]          RD = 40729.000 KB           WR = 0.000 KB        
q4_layer_ctrl:m_axi_weight0b-HBM[9]          RD = 40729.000 KB           WR = 0.000 KB        
q4_layer_ctrl:m_axi_weight1a-HBM[10]          RD = 40729.000 KB           WR = 0.000 KB        
q4_layer_ctrl:m_axi_weight1b-HBM[11]          RD = 40729.000 KB           WR = 0.000 KB        
q4_layer_ctrl:m_axi_weight2a-HBM[12]          RD = 38489.000 KB           WR = 0.000 KB        
q4_layer_ctrl:m_axi_weight2b-HBM[13]          RD = 38489.000 KB           WR = 0.000 KB        
q4_layer_ctrl:m_axi_weight3a-HBM[14]          RD = 38489.000 KB           WR = 0.000 KB        
q4_layer_ctrl:m_axi_weight3b-HBM[15]          RD = 38489.000 KB           WR = 0.000 KB        
q4_layer_ctrl:m_axi_hidden_in-HBM[0]          RD = 264.000 KB             WR = 0.000 KB        
q4_layer_ctrl:m_axi_hidden_out-HBM[1]          RD = 0.000 KB               WR = 256.000 KB      
q4_layer_ctrl:m_axi_kv_k-HBM[2]          RD = 177.000 KB             WR = 33.000 KB       
q4_layer_ctrl:m_axi_kv_v-HBM[3]          RD = 177.000 KB             WR = 33.000 KB       
q4_layer_ctrl:m_axi_norm-HBM[4]          RD = 72.000 KB              WR = 0.000 KB        
q4_layer_ctrl:m_axi_rope-HBM[5]          RD = 264.000 KB             WR = 0.000 KB        

Data transfer on stream interfaces
q4_layer_ctrl:activation_stream0-->PIPE               5114.215 KB     
q4_layer_ctrl:activation_stream1-->PIPE               5114.215 KB     
PIPE-->q4_layer_ctrl:out_stream0               3059.000 KB     
q4_layer_ctrl:activation_stream2-->PIPE               4834.215 KB     
PIPE-->q4_layer_ctrl:out_stream1               3059.000 KB     
PIPE-->q4_layer_ctrl:out_stream2               2915.500 KB     
PIPE-->q4_layer_ctrl:out_stream3               2915.500 KB     
q4_layer_ctrl:task_stream0-->PIPE               9.562 KB        
q4_layer_ctrl:task_stream1-->PIPE               9.562 KB        
q4_layer_ctrl:task_stream2-->PIPE               8.969 KB        
q4_layer_ctrl:task_stream3-->PIPE               8.969 KB        
q4_layer_ctrl:vector_stream0a-->PIPE               994.500 KB      
q4_layer_ctrl:vector_stream0b-->PIPE               890.500 KB      
q4_layer_ctrl:vector_stream1a-->PIPE               994.500 KB      
q4_layer_ctrl:activation_stream3-->PIPE               4834.215 KB     
q4_layer_ctrl:vector_stream1b-->PIPE               890.500 KB      
q4_layer_ctrl:vector_stream2a-->PIPE               975.000 KB      

INFO::[ Vitis-EM 22 ] [Time elapsed: 461 minute(s) 20 seconds, Emulation time: 9.11329 ms]
Data transfer between kernel(s) and global memory(s)
q4_layer_ctrl:m_axi_scales-HBM[6]          RD = 0.969 KB               WR = 0.000 KB        
q4_layer_ctrl:m_axi_weight0a-HBM[8]          RD = 40767.000 KB           WR = 0.000 KB        
q4_layer_ctrl:m_axi_weight0b-HBM[9]          RD = 40767.000 KB           WR = 0.000 KB        
q4_layer_ctrl:m_axi_weight1a-HBM[10]          RD = 40767.000 KB           WR = 0.000 KB        
q4_layer_ctrl:m_axi_weight1b-HBM[11]          RD = 40767.000 KB           WR = 0.000 KB        
q4_layer_ctrl:m_axi_weight2a-HBM[12]          RD = 38527.000 KB           WR = 0.000 KB        
q4_layer_ctrl:m_axi_weight2b-HBM[13]          RD = 38527.000 KB           WR = 0.000 KB        
q4_layer_ctrl:m_axi_weight3a-HBM[14]          RD = 38527.000 KB           WR = 0.000 KB        
q4_layer_ctrl:m_axi_weight3b-HBM[15]          RD = 38527.000 KB           WR = 0.000 KB        
q4_layer_ctrl:m_axi_hidden_in-HBM[0]          RD = 264.000 KB             WR = 0.000 KB        
q4_layer_ctrl:m_axi_hidden_out-HBM[1]          RD = 0.000 KB               WR = 256.000 KB      
q4_layer_ctrl:m_axi_kv_k-HBM[2]          RD = 177.000 KB             WR = 33.000 KB       
q4_layer_ctrl:m_axi_kv_v-HBM[3]          RD = 177.000 KB             WR = 33.000 KB       
q4_layer_ctrl:m_axi_norm-HBM[4]          RD = 72.000 KB              WR = 0.000 KB        
q4_layer_ctrl:m_axi_rope-HBM[5]          RD = 264.000 KB             WR = 0.000 KB        

Data transfer on stream interfaces
q4_layer_ctrl:activation_stream0-->PIPE               5118.926 KB     
q4_layer_ctrl:activation_stream1-->PIPE               5118.926 KB     
PIPE-->q4_layer_ctrl:out_stream0               3059.000 KB     
q4_layer_ctrl:activation_stream2-->PIPE               4838.926 KB     
PIPE-->q4_layer_ctrl:out_stream1               3059.000 KB     
PIPE-->q4_layer_ctrl:out_stream2               2915.500 KB     
PIPE-->q4_layer_ctrl:out_stream3               2915.500 KB     
q4_layer_ctrl:task_stream0-->PIPE               9.562 KB        
q4_layer_ctrl:task_stream1-->PIPE               9.562 KB        
q4_layer_ctrl:task_stream2-->PIPE               8.969 KB        
q4_layer_ctrl:task_stream3-->PIPE               8.969 KB        
q4_layer_ctrl:vector_stream0a-->PIPE               994.500 KB      
q4_layer_ctrl:vector_stream0b-->PIPE               890.500 KB      
q4_layer_ctrl:vector_stream1a-->PIPE               994.500 KB      
q4_layer_ctrl:activation_stream3-->PIPE               4838.926 KB     
q4_layer_ctrl:vector_stream1b-->PIPE               890.500 KB      
q4_layer_ctrl:vector_stream2a-->PIPE               975.000 KB      

INFO::[ Vitis-EM 22 ] [Time elapsed: 461 minute(s) 37 seconds, Emulation time: 9.11832 ms]
Data transfer between kernel(s) and global memory(s)
q4_layer_ctrl:m_axi_scales-HBM[6]          RD = 0.969 KB               WR = 0.000 KB        
q4_layer_ctrl:m_axi_weight0a-HBM[8]          RD = 40811.500 KB           WR = 0.000 KB        
q4_layer_ctrl:m_axi_weight0b-HBM[9]          RD = 40811.500 KB           WR = 0.000 KB        
q4_layer_ctrl:m_axi_weight1a-HBM[10]          RD = 40811.500 KB           WR = 0.000 KB        
q4_layer_ctrl:m_axi_weight1b-HBM[11]          RD = 40811.500 KB           WR = 0.000 KB        
q4_layer_ctrl:m_axi_weight2a-HBM[12]          RD = 38571.500 KB           WR = 0.000 KB        
q4_layer_ctrl:m_axi_weight2b-HBM[13]          RD = 38571.500 KB           WR = 0.000 KB        
q4_layer_ctrl:m_axi_weight3a-HBM[14]          RD = 38571.500 KB           WR = 0.000 KB        
q4_layer_ctrl:m_axi_weight3b-HBM[15]          RD = 38571.500 KB           WR = 0.000 KB        
q4_layer_ctrl:m_axi_hidden_in-HBM[0]          RD = 264.000 KB             WR = 0.000 KB        
q4_layer_ctrl:m_axi_hidden_out-HBM[1]          RD = 0.000 KB               WR = 256.000 KB      
q4_layer_ctrl:m_axi_kv_k-HBM[2]          RD = 177.000 KB             WR = 33.000 KB       
q4_layer_ctrl:m_axi_kv_v-HBM[3]          RD = 177.000 KB             WR = 33.000 KB       
q4_layer_ctrl:m_axi_norm-HBM[4]          RD = 72.000 KB              WR = 0.000 KB        
q4_layer_ctrl:m_axi_rope-HBM[5]          RD = 264.000 KB             WR = 0.000 KB        

Data transfer on stream interfaces
q4_layer_ctrl:activation_stream0-->PIPE               5124.523 KB     
q4_layer_ctrl:activation_stream1-->PIPE               5124.523 KB     
PIPE-->q4_layer_ctrl:out_stream0               3062.500 KB     
q4_layer_ctrl:activation_stream2-->PIPE               4844.523 KB     
PIPE-->q4_layer_ctrl:out_stream1               3062.500 KB     
PIPE-->q4_layer_ctrl:out_stream2               2919.000 KB     
PIPE-->q4_layer_ctrl:out_stream3               2919.000 KB     
q4_layer_ctrl:task_stream0-->PIPE               9.578 KB        
q4_layer_ctrl:task_stream1-->PIPE               9.578 KB        
q4_layer_ctrl:task_stream2-->PIPE               8.984 KB        
q4_layer_ctrl:task_stream3-->PIPE               8.984 KB        
q4_layer_ctrl:vector_stream0a-->PIPE               994.500 KB      
q4_layer_ctrl:vector_stream0b-->PIPE               890.500 KB      
q4_layer_ctrl:vector_stream1a-->PIPE               994.500 KB      
q4_layer_ctrl:activation_stream3-->PIPE               4844.523 KB     
q4_layer_ctrl:vector_stream1b-->PIPE               890.500 KB      
q4_layer_ctrl:vector_stream2a-->PIPE               975.000 KB      

INFO::[ Vitis-EM 22 ] [Time elapsed: 461 minute(s) 54 seconds, Emulation time: 9.12335 ms]
Data transfer between kernel(s) and global memory(s)
q4_layer_ctrl:m_axi_scales-HBM[6]          RD = 0.969 KB               WR = 0.000 KB        
q4_layer_ctrl:m_axi_weight0a-HBM[8]          RD = 40856.500 KB           WR = 0.000 KB        
q4_layer_ctrl:m_axi_weight0b-HBM[9]          RD = 40856.500 KB           WR = 0.000 KB        
q4_layer_ctrl:m_axi_weight1a-HBM[10]          RD = 40856.500 KB           WR = 0.000 KB        
q4_layer_ctrl:m_axi_weight1b-HBM[11]          RD = 40856.500 KB           WR = 0.000 KB        
q4_layer_ctrl:m_axi_weight2a-HBM[12]          RD = 38616.500 KB           WR = 0.000 KB        
q4_layer_ctrl:m_axi_weight2b-HBM[13]          RD = 38616.500 KB           WR = 0.000 KB        
q4_layer_ctrl:m_axi_weight3a-HBM[14]          RD = 38616.500 KB           WR = 0.000 KB        
q4_layer_ctrl:m_axi_weight3b-HBM[15]          RD = 38616.500 KB           WR = 0.000 KB        
q4_layer_ctrl:m_axi_hidden_in-HBM[0]          RD = 264.000 KB             WR = 0.000 KB        
q4_layer_ctrl:m_axi_hidden_out-HBM[1]          RD = 0.000 KB               WR = 256.000 KB      
q4_layer_ctrl:m_axi_kv_k-HBM[2]          RD = 177.000 KB             WR = 33.000 KB       
q4_layer_ctrl:m_axi_kv_v-HBM[3]          RD = 177.000 KB             WR = 33.000 KB       
q4_layer_ctrl:m_axi_norm-HBM[4]          RD = 72.000 KB              WR = 0.000 KB        
q4_layer_ctrl:m_axi_rope-HBM[5]          RD = 264.000 KB             WR = 0.000 KB        

Data transfer on stream interfaces
q4_layer_ctrl:activation_stream0-->PIPE               5130.133 KB     
q4_layer_ctrl:activation_stream1-->PIPE               5130.133 KB     
PIPE-->q4_layer_ctrl:out_stream0               3066.000 KB     
q4_layer_ctrl:activation_stream2-->PIPE               4850.133 KB     
PIPE-->q4_layer_ctrl:out_stream1               3066.000 KB     
PIPE-->q4_layer_ctrl:out_stream2               2922.500 KB     
PIPE-->q4_layer_ctrl:out_stream3               2922.500 KB     
q4_layer_ctrl:task_stream0-->PIPE               9.594 KB        
q4_layer_ctrl:task_stream1-->PIPE               9.594 KB        
q4_layer_ctrl:task_stream2-->PIPE               9.000 KB        
q4_layer_ctrl:task_stream3-->PIPE               9.000 KB        
q4_layer_ctrl:vector_stream0a-->PIPE               994.500 KB      
q4_layer_ctrl:vector_stream0b-->PIPE               890.500 KB      
q4_layer_ctrl:vector_stream1a-->PIPE               994.500 KB      
q4_layer_ctrl:activation_stream3-->PIPE               4850.133 KB     
q4_layer_ctrl:vector_stream1b-->PIPE               890.500 KB      
q4_layer_ctrl:vector_stream2a-->PIPE               975.000 KB      

INFO::[ Vitis-EM 22 ] [Time elapsed: 462 minute(s) 5 seconds, Emulation time: 9.12637 ms]
Data transfer between kernel(s) and global memory(s)
q4_layer_ctrl:m_axi_scales-HBM[6]          RD = 0.969 KB               WR = 0.000 KB        
q4_layer_ctrl:m_axi_weight0a-HBM[8]          RD = 40885.000 KB           WR = 0.000 KB        
q4_layer_ctrl:m_axi_weight0b-HBM[9]          RD = 40885.000 KB           WR = 0.000 KB        
q4_layer_ctrl:m_axi_weight1a-HBM[10]          RD = 40885.000 KB           WR = 0.000 KB        
q4_layer_ctrl:m_axi_weight1b-HBM[11]          RD = 40885.000 KB           WR = 0.000 KB        
q4_layer_ctrl:m_axi_weight2a-HBM[12]          RD = 38645.000 KB           WR = 0.000 KB        
q4_layer_ctrl:m_axi_weight2b-HBM[13]          RD = 38645.000 KB           WR = 0.000 KB        
q4_layer_ctrl:m_axi_weight3a-HBM[14]          RD = 38645.000 KB           WR = 0.000 KB        
q4_layer_ctrl:m_axi_weight3b-HBM[15]          RD = 38645.000 KB           WR = 0.000 KB        
q4_layer_ctrl:m_axi_hidden_in-HBM[0]          RD = 264.000 KB             WR = 0.000 KB        
q4_layer_ctrl:m_axi_hidden_out-HBM[1]          RD = 0.000 KB               WR = 256.000 KB      
q4_layer_ctrl:m_axi_kv_k-HBM[2]          RD = 177.000 KB             WR = 33.000 KB       
q4_layer_ctrl:m_axi_kv_v-HBM[3]          RD = 177.000 KB             WR = 33.000 KB       
q4_layer_ctrl:m_axi_norm-HBM[4]          RD = 72.000 KB              WR = 0.000 KB        
q4_layer_ctrl:m_axi_rope-HBM[5]          RD = 264.000 KB             WR = 0.000 KB        

Data transfer on stream interfaces
q4_layer_ctrl:activation_stream0-->PIPE               5133.668 KB     
q4_layer_ctrl:activation_stream1-->PIPE               5133.668 KB     
PIPE-->q4_layer_ctrl:out_stream0               3066.000 KB     
q4_layer_ctrl:activation_stream2-->PIPE               4853.668 KB     
PIPE-->q4_layer_ctrl:out_stream1               3066.000 KB     
PIPE-->q4_layer_ctrl:out_stream2               2922.500 KB     
PIPE-->q4_layer_ctrl:out_stream3               2922.500 KB     
q4_layer_ctrl:task_stream0-->PIPE               9.594 KB        
q4_layer_ctrl:task_stream1-->PIPE               9.594 KB        
q4_layer_ctrl:task_stream2-->PIPE               9.000 KB        
q4_layer_ctrl:task_stream3-->PIPE               9.000 KB        
q4_layer_ctrl:vector_stream0a-->PIPE               994.500 KB      
q4_layer_ctrl:vector_stream0b-->PIPE               890.500 KB      
q4_layer_ctrl:vector_stream1a-->PIPE               994.500 KB      
q4_layer_ctrl:activation_stream3-->PIPE               4853.668 KB     
q4_layer_ctrl:vector_stream1b-->PIPE               890.500 KB      
q4_layer_ctrl:vector_stream2a-->PIPE               975.000 KB      

INFO::[ Vitis-EM 22 ] [Time elapsed: 462 minute(s) 36 seconds, Emulation time: 9.13542 ms]
Data transfer between kernel(s) and global memory(s)
q4_layer_ctrl:m_axi_scales-HBM[6]          RD = 0.969 KB               WR = 0.000 KB        
q4_layer_ctrl:m_axi_weight0a-HBM[8]          RD = 40965.000 KB           WR = 0.000 KB        
q4_layer_ctrl:m_axi_weight0b-HBM[9]          RD = 40965.000 KB           WR = 0.000 KB        
q4_layer_ctrl:m_axi_weight1a-HBM[10]          RD = 40965.000 KB           WR = 0.000 KB        
q4_layer_ctrl:m_axi_weight1b-HBM[11]          RD = 40965.000 KB           WR = 0.000 KB        
q4_layer_ctrl:m_axi_weight2a-HBM[12]          RD = 38725.000 KB           WR = 0.000 KB        
q4_layer_ctrl:m_axi_weight2b-HBM[13]          RD = 38725.000 KB           WR = 0.000 KB        
q4_layer_ctrl:m_axi_weight3a-HBM[14]          RD = 38725.000 KB           WR = 0.000 KB        
q4_layer_ctrl:m_axi_weight3b-HBM[15]          RD = 38725.000 KB           WR = 0.000 KB        
q4_layer_ctrl:m_axi_hidden_in-HBM[0]          RD = 264.000 KB             WR = 0.000 KB        
q4_layer_ctrl:m_axi_hidden_out-HBM[1]          RD = 0.000 KB               WR = 256.000 KB      
q4_layer_ctrl:m_axi_kv_k-HBM[2]          RD = 177.000 KB             WR = 33.000 KB       
q4_layer_ctrl:m_axi_kv_v-HBM[3]          RD = 177.000 KB             WR = 33.000 KB       
q4_layer_ctrl:m_axi_norm-HBM[4]          RD = 72.000 KB              WR = 0.000 KB        
q4_layer_ctrl:m_axi_rope-HBM[5]          RD = 264.000 KB             WR = 0.000 KB        

Data transfer on stream interfaces
q4_layer_ctrl:activation_stream0-->PIPE               5143.691 KB     
q4_layer_ctrl:activation_stream1-->PIPE               5143.691 KB     
PIPE-->q4_layer_ctrl:out_stream0               3069.500 KB     
q4_layer_ctrl:activation_stream2-->PIPE               4863.691 KB     
PIPE-->q4_layer_ctrl:out_stream1               3069.500 KB     
PIPE-->q4_layer_ctrl:out_stream2               2926.000 KB     
PIPE-->q4_layer_ctrl:out_stream3               2926.000 KB     
q4_layer_ctrl:task_stream0-->PIPE               9.625 KB        
q4_layer_ctrl:task_stream1-->PIPE               9.625 KB        
q4_layer_ctrl:task_stream2-->PIPE               9.031 KB        
q4_layer_ctrl:task_stream3-->PIPE               9.031 KB        
q4_layer_ctrl:vector_stream0a-->PIPE               994.500 KB      
q4_layer_ctrl:vector_stream0b-->PIPE               890.500 KB      
q4_layer_ctrl:vector_stream1a-->PIPE               994.500 KB      
q4_layer_ctrl:activation_stream3-->PIPE               4863.691 KB     
q4_layer_ctrl:vector_stream1b-->PIPE               890.500 KB      
q4_layer_ctrl:vector_stream2a-->PIPE               975.000 KB      

INFO::[ Vitis-EM 22 ] [Time elapsed: 463 minute(s) 3 seconds, Emulation time: 9.14345 ms]
Data transfer between kernel(s) and global memory(s)
q4_layer_ctrl:m_axi_scales-HBM[6]          RD = 0.969 KB               WR = 0.000 KB        
q4_layer_ctrl:m_axi_weight0a-HBM[8]          RD = 41037.500 KB           WR = 0.000 KB        
q4_layer_ctrl:m_axi_weight0b-HBM[9]          RD = 41037.500 KB           WR = 0.000 KB        
q4_layer_ctrl:m_axi_weight1a-HBM[10]          RD = 41037.500 KB           WR = 0.000 KB        
q4_layer_ctrl:m_axi_weight1b-HBM[11]          RD = 41037.500 KB           WR = 0.000 KB        
q4_layer_ctrl:m_axi_weight2a-HBM[12]          RD = 38797.500 KB           WR = 0.000 KB        
q4_layer_ctrl:m_axi_weight2b-HBM[13]          RD = 38797.500 KB           WR = 0.000 KB        
q4_layer_ctrl:m_axi_weight3a-HBM[14]          RD = 38797.500 KB           WR = 0.000 KB        
q4_layer_ctrl:m_axi_weight3b-HBM[15]          RD = 38797.500 KB           WR = 0.000 KB        
q4_layer_ctrl:m_axi_hidden_in-HBM[0]          RD = 264.000 KB             WR = 0.000 KB        
q4_layer_ctrl:m_axi_hidden_out-HBM[1]          RD = 0.000 KB               WR = 256.000 KB      
q4_layer_ctrl:m_axi_kv_k-HBM[2]          RD = 177.000 KB             WR = 33.000 KB       
q4_layer_ctrl:m_axi_kv_v-HBM[3]          RD = 177.000 KB             WR = 33.000 KB       
q4_layer_ctrl:m_axi_norm-HBM[4]          RD = 72.000 KB              WR = 0.000 KB        
q4_layer_ctrl:m_axi_rope-HBM[5]          RD = 264.000 KB             WR = 0.000 KB        

Data transfer on stream interfaces
q4_layer_ctrl:activation_stream0-->PIPE               5152.527 KB     
q4_layer_ctrl:activation_stream1-->PIPE               5152.527 KB     
PIPE-->q4_layer_ctrl:out_stream0               3076.500 KB     
q4_layer_ctrl:activation_stream2-->PIPE               4872.527 KB     
PIPE-->q4_layer_ctrl:out_stream1               3076.500 KB     
PIPE-->q4_layer_ctrl:out_stream2               2933.000 KB     
PIPE-->q4_layer_ctrl:out_stream3               2933.000 KB     
q4_layer_ctrl:task_stream0-->PIPE               9.641 KB        
q4_layer_ctrl:task_stream1-->PIPE               9.641 KB        
q4_layer_ctrl:task_stream2-->PIPE               9.047 KB        
q4_layer_ctrl:task_stream3-->PIPE               9.047 KB        
q4_layer_ctrl:vector_stream0a-->PIPE               994.500 KB      
q4_layer_ctrl:vector_stream0b-->PIPE               890.500 KB      
q4_layer_ctrl:vector_stream1a-->PIPE               994.500 KB      
q4_layer_ctrl:activation_stream3-->PIPE               4872.527 KB     
q4_layer_ctrl:vector_stream1b-->PIPE               890.500 KB      
q4_layer_ctrl:vector_stream2a-->PIPE               975.000 KB      

INFO::[ Vitis-EM 22 ] [Time elapsed: 463 minute(s) 14 seconds, Emulation time: 9.14647 ms]
Data transfer between kernel(s) and global memory(s)
q4_layer_ctrl:m_axi_scales-HBM[6]          RD = 0.969 KB               WR = 0.000 KB        
q4_layer_ctrl:m_axi_weight0a-HBM[8]          RD = 41065.500 KB           WR = 0.000 KB        
q4_layer_ctrl:m_axi_weight0b-HBM[9]          RD = 41065.500 KB           WR = 0.000 KB        
q4_layer_ctrl:m_axi_weight1a-HBM[10]          RD = 41065.500 KB           WR = 0.000 KB        
q4_layer_ctrl:m_axi_weight1b-HBM[11]          RD = 41065.500 KB           WR = 0.000 KB        
q4_layer_ctrl:m_axi_weight2a-HBM[12]          RD = 38825.500 KB           WR = 0.000 KB        
q4_layer_ctrl:m_axi_weight2b-HBM[13]          RD = 38825.500 KB           WR = 0.000 KB        
q4_layer_ctrl:m_axi_weight3a-HBM[14]          RD = 38825.500 KB           WR = 0.000 KB        
q4_layer_ctrl:m_axi_weight3b-HBM[15]          RD = 38825.500 KB           WR = 0.000 KB        
q4_layer_ctrl:m_axi_hidden_in-HBM[0]          RD = 264.000 KB             WR = 0.000 KB        
q4_layer_ctrl:m_axi_hidden_out-HBM[1]          RD = 0.000 KB               WR = 256.000 KB      
q4_layer_ctrl:m_axi_kv_k-HBM[2]          RD = 177.000 KB             WR = 33.000 KB       
q4_layer_ctrl:m_axi_kv_v-HBM[3]          RD = 177.000 KB             WR = 33.000 KB       
q4_layer_ctrl:m_axi_norm-HBM[4]          RD = 72.000 KB              WR = 0.000 KB        
q4_layer_ctrl:m_axi_rope-HBM[5]          RD = 264.000 KB             WR = 0.000 KB        

Data transfer on stream interfaces
q4_layer_ctrl:activation_stream0-->PIPE               5156.062 KB     
q4_layer_ctrl:activation_stream1-->PIPE               5156.062 KB     
PIPE-->q4_layer_ctrl:out_stream0               3076.500 KB     
q4_layer_ctrl:activation_stream2-->PIPE               4876.062 KB     
PIPE-->q4_layer_ctrl:out_stream1               3076.500 KB     
PIPE-->q4_layer_ctrl:out_stream2               2933.000 KB     
PIPE-->q4_layer_ctrl:out_stream3               2933.000 KB     
q4_layer_ctrl:task_stream0-->PIPE               9.641 KB        
q4_layer_ctrl:task_stream1-->PIPE               9.641 KB        
q4_layer_ctrl:task_stream2-->PIPE               9.047 KB        
q4_layer_ctrl:task_stream3-->PIPE               9.047 KB        
q4_layer_ctrl:vector_stream0a-->PIPE               994.500 KB      
q4_layer_ctrl:vector_stream0b-->PIPE               890.500 KB      
q4_layer_ctrl:vector_stream1a-->PIPE               994.500 KB      
q4_layer_ctrl:activation_stream3-->PIPE               4876.062 KB     
q4_layer_ctrl:vector_stream1b-->PIPE               890.500 KB      
q4_layer_ctrl:vector_stream2a-->PIPE               975.000 KB      

INFO::[ Vitis-EM 22 ] [Time elapsed: 463 minute(s) 34 seconds, Emulation time: 9.1525 ms]
Data transfer between kernel(s) and global memory(s)
q4_layer_ctrl:m_axi_scales-HBM[6]          RD = 0.969 KB               WR = 0.000 KB        
q4_layer_ctrl:m_axi_weight0a-HBM[8]          RD = 41118.500 KB           WR = 0.000 KB        
q4_layer_ctrl:m_axi_weight0b-HBM[9]          RD = 41118.500 KB           WR = 0.000 KB        
q4_layer_ctrl:m_axi_weight1a-HBM[10]          RD = 41118.500 KB           WR = 0.000 KB        
q4_layer_ctrl:m_axi_weight1b-HBM[11]          RD = 41118.500 KB           WR = 0.000 KB        
q4_layer_ctrl:m_axi_weight2a-HBM[12]          RD = 38878.500 KB           WR = 0.000 KB        
q4_layer_ctrl:m_axi_weight2b-HBM[13]          RD = 38878.500 KB           WR = 0.000 KB        
q4_layer_ctrl:m_axi_weight3a-HBM[14]          RD = 38878.500 KB           WR = 0.000 KB        
q4_layer_ctrl:m_axi_weight3b-HBM[15]          RD = 38878.500 KB           WR = 0.000 KB        
q4_layer_ctrl:m_axi_hidden_in-HBM[0]          RD = 264.000 KB             WR = 0.000 KB        
q4_layer_ctrl:m_axi_hidden_out-HBM[1]          RD = 0.000 KB               WR = 256.000 KB      
q4_layer_ctrl:m_axi_kv_k-HBM[2]          RD = 177.000 KB             WR = 33.000 KB       
q4_layer_ctrl:m_axi_kv_v-HBM[3]          RD = 177.000 KB             WR = 33.000 KB       
q4_layer_ctrl:m_axi_norm-HBM[4]          RD = 72.000 KB              WR = 0.000 KB        
q4_layer_ctrl:m_axi_rope-HBM[5]          RD = 264.000 KB             WR = 0.000 KB        

Data transfer on stream interfaces
q4_layer_ctrl:activation_stream0-->PIPE               5162.680 KB     
q4_layer_ctrl:activation_stream1-->PIPE               5162.680 KB     
PIPE-->q4_layer_ctrl:out_stream0               3080.000 KB     
q4_layer_ctrl:activation_stream2-->PIPE               4882.680 KB     
PIPE-->q4_layer_ctrl:out_stream1               3080.000 KB     
PIPE-->q4_layer_ctrl:out_stream2               2936.500 KB     
PIPE-->q4_layer_ctrl:out_stream3               2936.500 KB     
q4_layer_ctrl:task_stream0-->PIPE               9.656 KB        
q4_layer_ctrl:task_stream1-->PIPE               9.656 KB        
q4_layer_ctrl:task_stream2-->PIPE               9.062 KB        
q4_layer_ctrl:task_stream3-->PIPE               9.062 KB        
q4_layer_ctrl:vector_stream0a-->PIPE               994.500 KB      
q4_layer_ctrl:vector_stream0b-->PIPE               890.500 KB      
q4_layer_ctrl:vector_stream1a-->PIPE               994.500 KB      
q4_layer_ctrl:activation_stream3-->PIPE               4882.680 KB     
q4_layer_ctrl:vector_stream1b-->PIPE               890.500 KB      
q4_layer_ctrl:vector_stream2a-->PIPE               975.000 KB      

INFO::[ Vitis-EM 22 ] [Time elapsed: 463 minute(s) 55 seconds, Emulation time: 9.15853 ms]
Data transfer between kernel(s) and global memory(s)
q4_layer_ctrl:m_axi_scales-HBM[6]          RD = 0.969 KB               WR = 0.000 KB        
q4_layer_ctrl:m_axi_weight0a-HBM[8]          RD = 41171.500 KB           WR = 0.000 KB        
q4_layer_ctrl:m_axi_weight0b-HBM[9]          RD = 41171.500 KB           WR = 0.000 KB        
q4_layer_ctrl:m_axi_weight1a-HBM[10]          RD = 41171.500 KB           WR = 0.000 KB        
q4_layer_ctrl:m_axi_weight1b-HBM[11]          RD = 41171.500 KB           WR = 0.000 KB        
q4_layer_ctrl:m_axi_weight2a-HBM[12]          RD = 38931.500 KB           WR = 0.000 KB        
q4_layer_ctrl:m_axi_weight2b-HBM[13]          RD = 38931.500 KB           WR = 0.000 KB        
q4_layer_ctrl:m_axi_weight3a-HBM[14]          RD = 38931.500 KB           WR = 0.000 KB        
q4_layer_ctrl:m_axi_weight3b-HBM[15]          RD = 38931.500 KB           WR = 0.000 KB        
q4_layer_ctrl:m_axi_hidden_in-HBM[0]          RD = 264.000 KB             WR = 0.000 KB        
q4_layer_ctrl:m_axi_hidden_out-HBM[1]          RD = 0.000 KB               WR = 256.000 KB      
q4_layer_ctrl:m_axi_kv_k-HBM[2]          RD = 177.000 KB             WR = 33.000 KB       
q4_layer_ctrl:m_axi_kv_v-HBM[3]          RD = 177.000 KB             WR = 33.000 KB       
q4_layer_ctrl:m_axi_norm-HBM[4]          RD = 72.000 KB              WR = 0.000 KB        
q4_layer_ctrl:m_axi_rope-HBM[5]          RD = 264.000 KB             WR = 0.000 KB        

Data transfer on stream interfaces
q4_layer_ctrl:activation_stream0-->PIPE               5169.297 KB     
q4_layer_ctrl:activation_stream1-->PIPE               5169.297 KB     
PIPE-->q4_layer_ctrl:out_stream0               3083.500 KB     
q4_layer_ctrl:activation_stream2-->PIPE               4889.297 KB     
PIPE-->q4_layer_ctrl:out_stream1               3083.500 KB     
PIPE-->q4_layer_ctrl:out_stream2               2940.000 KB     
PIPE-->q4_layer_ctrl:out_stream3               2940.000 KB     
q4_layer_ctrl:task_stream0-->PIPE               9.672 KB        
q4_layer_ctrl:task_stream1-->PIPE               9.672 KB        
q4_layer_ctrl:task_stream2-->PIPE               9.078 KB        
q4_layer_ctrl:task_stream3-->PIPE               9.078 KB        
q4_layer_ctrl:vector_stream0a-->PIPE               994.500 KB      
q4_layer_ctrl:vector_stream0b-->PIPE               890.500 KB      
q4_layer_ctrl:vector_stream1a-->PIPE               994.500 KB      
q4_layer_ctrl:activation_stream3-->PIPE               4889.297 KB     
q4_layer_ctrl:vector_stream1b-->PIPE               890.500 KB      
q4_layer_ctrl:vector_stream2a-->PIPE               975.000 KB      

INFO::[ Vitis-EM 22 ] [Time elapsed: 464 minute(s) 6 seconds, Emulation time: 9.16154 ms]
Data transfer between kernel(s) and global memory(s)
q4_layer_ctrl:m_axi_scales-HBM[6]          RD = 0.969 KB               WR = 0.000 KB        
q4_layer_ctrl:m_axi_weight0a-HBM[8]          RD = 41200.000 KB           WR = 0.000 KB        
q4_layer_ctrl:m_axi_weight0b-HBM[9]          RD = 41200.000 KB           WR = 0.000 KB        
q4_layer_ctrl:m_axi_weight1a-HBM[10]          RD = 41200.000 KB           WR = 0.000 KB        
q4_layer_ctrl:m_axi_weight1b-HBM[11]          RD = 41200.000 KB           WR = 0.000 KB        
q4_layer_ctrl:m_axi_weight2a-HBM[12]          RD = 38960.000 KB           WR = 0.000 KB        
q4_layer_ctrl:m_axi_weight2b-HBM[13]          RD = 38960.000 KB           WR = 0.000 KB        
q4_layer_ctrl:m_axi_weight3a-HBM[14]          RD = 38960.000 KB           WR = 0.000 KB        
q4_layer_ctrl:m_axi_weight3b-HBM[15]          RD = 38960.000 KB           WR = 0.000 KB        
q4_layer_ctrl:m_axi_hidden_in-HBM[0]          RD = 264.000 KB             WR = 0.000 KB        
q4_layer_ctrl:m_axi_hidden_out-HBM[1]          RD = 0.000 KB               WR = 256.000 KB      
q4_layer_ctrl:m_axi_kv_k-HBM[2]          RD = 177.000 KB             WR = 33.000 KB       
q4_layer_ctrl:m_axi_kv_v-HBM[3]          RD = 177.000 KB             WR = 33.000 KB       
q4_layer_ctrl:m_axi_norm-HBM[4]          RD = 72.000 KB              WR = 0.000 KB        
q4_layer_ctrl:m_axi_rope-HBM[5]          RD = 264.000 KB             WR = 0.000 KB        

Data transfer on stream interfaces
q4_layer_ctrl:activation_stream0-->PIPE               5172.832 KB     
q4_layer_ctrl:activation_stream1-->PIPE               5172.832 KB     
PIPE-->q4_layer_ctrl:out_stream0               3083.500 KB     
q4_layer_ctrl:activation_stream2-->PIPE               4892.832 KB     
PIPE-->q4_layer_ctrl:out_stream1               3083.500 KB     
PIPE-->q4_layer_ctrl:out_stream2               2940.000 KB     
PIPE-->q4_layer_ctrl:out_stream3               2940.000 KB     
q4_layer_ctrl:task_stream0-->PIPE               9.672 KB        
q4_layer_ctrl:task_stream1-->PIPE               9.672 KB        
q4_layer_ctrl:task_stream2-->PIPE               9.078 KB        
q4_layer_ctrl:task_stream3-->PIPE               9.078 KB        
q4_layer_ctrl:vector_stream0a-->PIPE               994.500 KB      
q4_layer_ctrl:vector_stream0b-->PIPE               890.500 KB      
q4_layer_ctrl:vector_stream1a-->PIPE               994.500 KB      
q4_layer_ctrl:activation_stream3-->PIPE               4892.832 KB     
q4_layer_ctrl:vector_stream1b-->PIPE               890.500 KB      
q4_layer_ctrl:vector_stream2a-->PIPE               975.000 KB      

INFO::[ Vitis-EM 22 ] [Time elapsed: 464 minute(s) 19 seconds, Emulation time: 9.16557 ms]
Data transfer between kernel(s) and global memory(s)
q4_layer_ctrl:m_axi_scales-HBM[6]          RD = 0.969 KB               WR = 0.000 KB        
q4_layer_ctrl:m_axi_weight0a-HBM[8]          RD = 41234.000 KB           WR = 0.000 KB        
q4_layer_ctrl:m_axi_weight0b-HBM[9]          RD = 41234.000 KB           WR = 0.000 KB        
q4_layer_ctrl:m_axi_weight1a-HBM[10]          RD = 41234.000 KB           WR = 0.000 KB        
q4_layer_ctrl:m_axi_weight1b-HBM[11]          RD = 41234.000 KB           WR = 0.000 KB        
q4_layer_ctrl:m_axi_weight2a-HBM[12]          RD = 38994.000 KB           WR = 0.000 KB        
q4_layer_ctrl:m_axi_weight2b-HBM[13]          RD = 38994.000 KB           WR = 0.000 KB        
q4_layer_ctrl:m_axi_weight3a-HBM[14]          RD = 38994.000 KB           WR = 0.000 KB        
q4_layer_ctrl:m_axi_weight3b-HBM[15]          RD = 38994.000 KB           WR = 0.000 KB        
q4_layer_ctrl:m_axi_hidden_in-HBM[0]          RD = 264.000 KB             WR = 0.000 KB        
q4_layer_ctrl:m_axi_hidden_out-HBM[1]          RD = 0.000 KB               WR = 256.000 KB      
q4_layer_ctrl:m_axi_kv_k-HBM[2]          RD = 177.000 KB             WR = 33.000 KB       
q4_layer_ctrl:m_axi_kv_v-HBM[3]          RD = 177.000 KB             WR = 33.000 KB       
q4_layer_ctrl:m_axi_norm-HBM[4]          RD = 72.000 KB              WR = 0.000 KB        
q4_layer_ctrl:m_axi_rope-HBM[5]          RD = 264.000 KB             WR = 0.000 KB        

Data transfer on stream interfaces
q4_layer_ctrl:activation_stream0-->PIPE               5177.109 KB     
q4_layer_ctrl:activation_stream1-->PIPE               5177.109 KB     
PIPE-->q4_layer_ctrl:out_stream0               3087.000 KB     
q4_layer_ctrl:activation_stream2-->PIPE               4897.109 KB     
PIPE-->q4_layer_ctrl:out_stream1               3087.000 KB     
PIPE-->q4_layer_ctrl:out_stream2               2943.500 KB     
PIPE-->q4_layer_ctrl:out_stream3               2943.500 KB     
q4_layer_ctrl:task_stream0-->PIPE               9.688 KB        
q4_layer_ctrl:task_stream1-->PIPE               9.688 KB        
q4_layer_ctrl:task_stream2-->PIPE               9.094 KB        
q4_layer_ctrl:task_stream3-->PIPE               9.094 KB        
q4_layer_ctrl:vector_stream0a-->PIPE               994.500 KB      
q4_layer_ctrl:vector_stream0b-->PIPE               890.500 KB      
q4_layer_ctrl:vector_stream1a-->PIPE               994.500 KB      
q4_layer_ctrl:activation_stream3-->PIPE               4897.109 KB     
q4_layer_ctrl:vector_stream1b-->PIPE               890.500 KB      
q4_layer_ctrl:vector_stream2a-->PIPE               975.000 KB      

INFO::[ Vitis-EM 22 ] [Time elapsed: 464 minute(s) 30 seconds, Emulation time: 9.16859 ms]
Data transfer between kernel(s) and global memory(s)
q4_layer_ctrl:m_axi_scales-HBM[6]          RD = 0.969 KB               WR = 0.000 KB        
q4_layer_ctrl:m_axi_weight0a-HBM[8]          RD = 41262.500 KB           WR = 0.000 KB        
q4_layer_ctrl:m_axi_weight0b-HBM[9]          RD = 41262.500 KB           WR = 0.000 KB        
q4_layer_ctrl:m_axi_weight1a-HBM[10]          RD = 41262.500 KB           WR = 0.000 KB        
q4_layer_ctrl:m_axi_weight1b-HBM[11]          RD = 41262.500 KB           WR = 0.000 KB        
q4_layer_ctrl:m_axi_weight2a-HBM[12]          RD = 39022.500 KB           WR = 0.000 KB        
q4_layer_ctrl:m_axi_weight2b-HBM[13]          RD = 39022.500 KB           WR = 0.000 KB        
q4_layer_ctrl:m_axi_weight3a-HBM[14]          RD = 39022.500 KB           WR = 0.000 KB        
q4_layer_ctrl:m_axi_weight3b-HBM[15]          RD = 39022.500 KB           WR = 0.000 KB        
q4_layer_ctrl:m_axi_hidden_in-HBM[0]          RD = 264.000 KB             WR = 0.000 KB        
q4_layer_ctrl:m_axi_hidden_out-HBM[1]          RD = 0.000 KB               WR = 256.000 KB      
q4_layer_ctrl:m_axi_kv_k-HBM[2]          RD = 177.000 KB             WR = 33.000 KB       
q4_layer_ctrl:m_axi_kv_v-HBM[3]          RD = 177.000 KB             WR = 33.000 KB       
q4_layer_ctrl:m_axi_norm-HBM[4]          RD = 72.000 KB              WR = 0.000 KB        
q4_layer_ctrl:m_axi_rope-HBM[5]          RD = 264.000 KB             WR = 0.000 KB        

Data transfer on stream interfaces
q4_layer_ctrl:activation_stream0-->PIPE               5180.645 KB     
q4_layer_ctrl:activation_stream1-->PIPE               5180.645 KB     
PIPE-->q4_layer_ctrl:out_stream0               3087.000 KB     
q4_layer_ctrl:activation_stream2-->PIPE               4900.645 KB     
PIPE-->q4_layer_ctrl:out_stream1               3087.000 KB     
PIPE-->q4_layer_ctrl:out_stream2               2943.500 KB     
PIPE-->q4_layer_ctrl:out_stream3               2943.500 KB     
q4_layer_ctrl:task_stream0-->PIPE               9.688 KB        
q4_layer_ctrl:task_stream1-->PIPE               9.688 KB        
q4_layer_ctrl:task_stream2-->PIPE               9.094 KB        
q4_layer_ctrl:task_stream3-->PIPE               9.094 KB        
q4_layer_ctrl:vector_stream0a-->PIPE               994.500 KB      
q4_layer_ctrl:vector_stream0b-->PIPE               890.500 KB      
q4_layer_ctrl:vector_stream1a-->PIPE               994.500 KB      
q4_layer_ctrl:activation_stream3-->PIPE               4900.645 KB     
q4_layer_ctrl:vector_stream1b-->PIPE               890.500 KB      
q4_layer_ctrl:vector_stream2a-->PIPE               975.000 KB      

INFO::[ Vitis-EM 22 ] [Time elapsed: 464 minute(s) 40 seconds, Emulation time: 9.17162 ms]
Data transfer between kernel(s) and global memory(s)
q4_layer_ctrl:m_axi_scales-HBM[6]          RD = 0.969 KB               WR = 0.000 KB        
q4_layer_ctrl:m_axi_weight0a-HBM[8]          RD = 41287.000 KB           WR = 0.000 KB        
q4_layer_ctrl:m_axi_weight0b-HBM[9]          RD = 41287.000 KB           WR = 0.000 KB        
q4_layer_ctrl:m_axi_weight1a-HBM[10]          RD = 41287.000 KB           WR = 0.000 KB        
q4_layer_ctrl:m_axi_weight1b-HBM[11]          RD = 41287.000 KB           WR = 0.000 KB        
q4_layer_ctrl:m_axi_weight2a-HBM[12]          RD = 39047.000 KB           WR = 0.000 KB        
q4_layer_ctrl:m_axi_weight2b-HBM[13]          RD = 39047.000 KB           WR = 0.000 KB        
q4_layer_ctrl:m_axi_weight3a-HBM[14]          RD = 39047.000 KB           WR = 0.000 KB        
q4_layer_ctrl:m_axi_weight3b-HBM[15]          RD = 39047.000 KB           WR = 0.000 KB        
q4_layer_ctrl:m_axi_hidden_in-HBM[0]          RD = 264.000 KB             WR = 0.000 KB        
q4_layer_ctrl:m_axi_hidden_out-HBM[1]          RD = 0.000 KB               WR = 256.000 KB      
q4_layer_ctrl:m_axi_kv_k-HBM[2]          RD = 177.000 KB             WR = 33.000 KB       
q4_layer_ctrl:m_axi_kv_v-HBM[3]          RD = 177.000 KB             WR = 33.000 KB       
q4_layer_ctrl:m_axi_norm-HBM[4]          RD = 72.000 KB              WR = 0.000 KB        
q4_layer_ctrl:m_axi_rope-HBM[5]          RD = 264.000 KB             WR = 0.000 KB        

Data transfer on stream interfaces
q4_layer_ctrl:activation_stream0-->PIPE               5183.953 KB     
q4_layer_ctrl:activation_stream1-->PIPE               5183.953 KB     
PIPE-->q4_layer_ctrl:out_stream0               3088.039 KB     
q4_layer_ctrl:activation_stream2-->PIPE               4903.953 KB     
PIPE-->q4_layer_ctrl:out_stream1               3088.039 KB     
PIPE-->q4_layer_ctrl:out_stream2               2944.539 KB     
PIPE-->q4_layer_ctrl:out_stream3               2944.539 KB     
q4_layer_ctrl:task_stream0-->PIPE               9.703 KB        
q4_layer_ctrl:task_stream1-->PIPE               9.703 KB        
q4_layer_ctrl:task_stream2-->PIPE               9.109 KB        
q4_layer_ctrl:task_stream3-->PIPE               9.109 KB        
q4_layer_ctrl:vector_stream0a-->PIPE               994.500 KB      
q4_layer_ctrl:vector_stream0b-->PIPE               890.500 KB      
q4_layer_ctrl:vector_stream1a-->PIPE               994.500 KB      
q4_layer_ctrl:activation_stream3-->PIPE               4903.953 KB     
q4_layer_ctrl:vector_stream1b-->PIPE               890.500 KB      
q4_layer_ctrl:vector_stream2a-->PIPE               975.000 KB      

INFO::[ Vitis-EM 22 ] [Time elapsed: 465 minute(s) 5 seconds, Emulation time: 9.17866 ms]
Data transfer between kernel(s) and global memory(s)
q4_layer_ctrl:m_axi_scales-HBM[6]          RD = 0.969 KB               WR = 0.000 KB        
q4_layer_ctrl:m_axi_weight0a-HBM[8]          RD = 41349.500 KB           WR = 0.000 KB        
q4_layer_ctrl:m_axi_weight0b-HBM[9]          RD = 41349.500 KB           WR = 0.000 KB        
q4_layer_ctrl:m_axi_weight1a-HBM[10]          RD = 41349.500 KB           WR = 0.000 KB        
q4_layer_ctrl:m_axi_weight1b-HBM[11]          RD = 41349.500 KB           WR = 0.000 KB        
q4_layer_ctrl:m_axi_weight2a-HBM[12]          RD = 39109.500 KB           WR = 0.000 KB        
q4_layer_ctrl:m_axi_weight2b-HBM[13]          RD = 39109.500 KB           WR = 0.000 KB        
q4_layer_ctrl:m_axi_weight3a-HBM[14]          RD = 39109.500 KB           WR = 0.000 KB        
q4_layer_ctrl:m_axi_weight3b-HBM[15]          RD = 39109.500 KB           WR = 0.000 KB        
q4_layer_ctrl:m_axi_hidden_in-HBM[0]          RD = 264.000 KB             WR = 0.000 KB        
q4_layer_ctrl:m_axi_hidden_out-HBM[1]          RD = 0.000 KB               WR = 256.000 KB      
q4_layer_ctrl:m_axi_kv_k-HBM[2]          RD = 177.000 KB             WR = 33.000 KB       
q4_layer_ctrl:m_axi_kv_v-HBM[3]          RD = 177.000 KB             WR = 33.000 KB       
q4_layer_ctrl:m_axi_norm-HBM[4]          RD = 72.000 KB              WR = 0.000 KB        
q4_layer_ctrl:m_axi_rope-HBM[5]          RD = 264.000 KB             WR = 0.000 KB        

Data transfer on stream interfaces
q4_layer_ctrl:activation_stream0-->PIPE               5191.754 KB     
q4_layer_ctrl:activation_stream1-->PIPE               5191.754 KB     
PIPE-->q4_layer_ctrl:out_stream0               3090.500 KB     
q4_layer_ctrl:activation_stream2-->PIPE               4911.754 KB     
PIPE-->q4_layer_ctrl:out_stream1               3090.500 KB     
PIPE-->q4_layer_ctrl:out_stream2               2947.000 KB     
PIPE-->q4_layer_ctrl:out_stream3               2947.000 KB     
q4_layer_ctrl:task_stream0-->PIPE               9.719 KB        
q4_layer_ctrl:task_stream1-->PIPE               9.719 KB        
q4_layer_ctrl:task_stream2-->PIPE               9.125 KB        
q4_layer_ctrl:task_stream3-->PIPE               9.125 KB        
q4_layer_ctrl:vector_stream0a-->PIPE               994.500 KB      
q4_layer_ctrl:vector_stream0b-->PIPE               890.500 KB      
q4_layer_ctrl:vector_stream1a-->PIPE               994.500 KB      
q4_layer_ctrl:activation_stream3-->PIPE               4911.754 KB     
q4_layer_ctrl:vector_stream1b-->PIPE               890.500 KB      
q4_layer_ctrl:vector_stream2a-->PIPE               975.000 KB      

INFO::[ Vitis-EM 22 ] [Time elapsed: 465 minute(s) 22 seconds, Emulation time: 9.18368 ms]
Data transfer between kernel(s) and global memory(s)
q4_layer_ctrl:m_axi_scales-HBM[6]          RD = 0.969 KB               WR = 0.000 KB        
q4_layer_ctrl:m_axi_weight0a-HBM[8]          RD = 41396.500 KB           WR = 0.000 KB        
q4_layer_ctrl:m_axi_weight0b-HBM[9]          RD = 41396.500 KB           WR = 0.000 KB        
q4_layer_ctrl:m_axi_weight1a-HBM[10]          RD = 41396.500 KB           WR = 0.000 KB        
q4_layer_ctrl:m_axi_weight1b-HBM[11]          RD = 41396.500 KB           WR = 0.000 KB        
q4_layer_ctrl:m_axi_weight2a-HBM[12]          RD = 39156.500 KB           WR = 0.000 KB        
q4_layer_ctrl:m_axi_weight2b-HBM[13]          RD = 39156.500 KB           WR = 0.000 KB        
q4_layer_ctrl:m_axi_weight3a-HBM[14]          RD = 39156.500 KB           WR = 0.000 KB        
q4_layer_ctrl:m_axi_weight3b-HBM[15]          RD = 39156.500 KB           WR = 0.000 KB        
q4_layer_ctrl:m_axi_hidden_in-HBM[0]          RD = 264.000 KB             WR = 0.000 KB        
q4_layer_ctrl:m_axi_hidden_out-HBM[1]          RD = 0.000 KB               WR = 256.000 KB      
q4_layer_ctrl:m_axi_kv_k-HBM[2]          RD = 177.000 KB             WR = 33.000 KB       
q4_layer_ctrl:m_axi_kv_v-HBM[3]          RD = 177.000 KB             WR = 33.000 KB       
q4_layer_ctrl:m_axi_norm-HBM[4]          RD = 72.000 KB              WR = 0.000 KB        
q4_layer_ctrl:m_axi_rope-HBM[5]          RD = 264.000 KB             WR = 0.000 KB        

Data transfer on stream interfaces
q4_layer_ctrl:activation_stream0-->PIPE               5197.434 KB     
q4_layer_ctrl:activation_stream1-->PIPE               5197.434 KB     
PIPE-->q4_layer_ctrl:out_stream0               3094.000 KB     
q4_layer_ctrl:activation_stream2-->PIPE               4917.434 KB     
PIPE-->q4_layer_ctrl:out_stream1               3094.000 KB     
PIPE-->q4_layer_ctrl:out_stream2               2950.500 KB     
PIPE-->q4_layer_ctrl:out_stream3               2950.500 KB     
q4_layer_ctrl:task_stream0-->PIPE               9.719 KB        
q4_layer_ctrl:task_stream1-->PIPE               9.719 KB        
q4_layer_ctrl:task_stream2-->PIPE               9.125 KB        
q4_layer_ctrl:task_stream3-->PIPE               9.125 KB        
q4_layer_ctrl:vector_stream0a-->PIPE               994.500 KB      
q4_layer_ctrl:vector_stream0b-->PIPE               890.500 KB      
q4_layer_ctrl:vector_stream1a-->PIPE               994.500 KB      
q4_layer_ctrl:activation_stream3-->PIPE               4917.434 KB     
q4_layer_ctrl:vector_stream1b-->PIPE               890.500 KB      
q4_layer_ctrl:vector_stream2a-->PIPE               975.000 KB      

INFO::[ Vitis-EM 22 ] [Time elapsed: 468 minute(s) 51 seconds, Emulation time: 9.24493 ms]
Data transfer between kernel(s) and global memory(s)
q4_layer_ctrl:m_axi_scales-HBM[6]          RD = 0.969 KB               WR = 0.000 KB        
q4_layer_ctrl:m_axi_weight0a-HBM[8]          RD = 41938.500 KB           WR = 0.000 KB        
q4_layer_ctrl:m_axi_weight0b-HBM[9]          RD = 41938.500 KB           WR = 0.000 KB        
q4_layer_ctrl:m_axi_weight1a-HBM[10]          RD = 41938.500 KB           WR = 0.000 KB        
q4_layer_ctrl:m_axi_weight1b-HBM[11]          RD = 41938.500 KB           WR = 0.000 KB        
q4_layer_ctrl:m_axi_weight2a-HBM[12]          RD = 39698.500 KB           WR = 0.000 KB        
q4_layer_ctrl:m_axi_weight2b-HBM[13]          RD = 39698.500 KB           WR = 0.000 KB        
q4_layer_ctrl:m_axi_weight3a-HBM[14]          RD = 39698.500 KB           WR = 0.000 KB        
q4_layer_ctrl:m_axi_weight3b-HBM[15]          RD = 39698.500 KB           WR = 0.000 KB        
q4_layer_ctrl:m_axi_hidden_in-HBM[0]          RD = 264.000 KB             WR = 0.000 KB        
q4_layer_ctrl:m_axi_hidden_out-HBM[1]          RD = 0.000 KB               WR = 256.000 KB      
q4_layer_ctrl:m_axi_kv_k-HBM[2]          RD = 177.000 KB             WR = 33.000 KB       
q4_layer_ctrl:m_axi_kv_v-HBM[3]          RD = 177.000 KB             WR = 33.000 KB       
q4_layer_ctrl:m_axi_norm-HBM[4]          RD = 72.000 KB              WR = 0.000 KB        
q4_layer_ctrl:m_axi_rope-HBM[5]          RD = 264.000 KB             WR = 0.000 KB        

Data transfer on stream interfaces
q4_layer_ctrl:activation_stream0-->PIPE               5265.188 KB     
q4_layer_ctrl:activation_stream1-->PIPE               5265.188 KB     
PIPE-->q4_layer_ctrl:out_stream0               3125.500 KB     
q4_layer_ctrl:activation_stream2-->PIPE               4985.188 KB     
PIPE-->q4_layer_ctrl:out_stream1               3125.500 KB     
PIPE-->q4_layer_ctrl:out_stream2               2982.000 KB     
PIPE-->q4_layer_ctrl:out_stream3               2982.000 KB     
q4_layer_ctrl:task_stream0-->PIPE               9.859 KB        
q4_layer_ctrl:task_stream1-->PIPE               9.859 KB        
q4_layer_ctrl:task_stream2-->PIPE               9.266 KB        
q4_layer_ctrl:task_stream3-->PIPE               9.266 KB        
q4_layer_ctrl:vector_stream0a-->PIPE               994.500 KB      
q4_layer_ctrl:vector_stream0b-->PIPE               890.500 KB      
q4_layer_ctrl:vector_stream1a-->PIPE               994.500 KB      
q4_layer_ctrl:activation_stream3-->PIPE               4985.188 KB     
q4_layer_ctrl:vector_stream1b-->PIPE               890.500 KB      
q4_layer_ctrl:vector_stream2a-->PIPE               975.000 KB      

INFO::[ Vitis-EM 22 ] [Time elapsed: 470 minute(s) 16 seconds, Emulation time: 9.28435 ms]
Data transfer between kernel(s) and global memory(s)
q4_layer_ctrl:m_axi_scales-HBM[6]          RD = 0.969 KB               WR = 0.000 KB        
q4_layer_ctrl:m_axi_weight0a-HBM[8]          RD = 42112.000 KB           WR = 0.000 KB        
q4_layer_ctrl:m_axi_weight0b-HBM[9]          RD = 42112.000 KB           WR = 0.000 KB        
q4_layer_ctrl:m_axi_weight1a-HBM[10]          RD = 42112.000 KB           WR = 0.000 KB        
q4_layer_ctrl:m_axi_weight1b-HBM[11]          RD = 42112.000 KB           WR = 0.000 KB        
q4_layer_ctrl:m_axi_weight2a-HBM[12]          RD = 39808.000 KB           WR = 0.000 KB        
q4_layer_ctrl:m_axi_weight2b-HBM[13]          RD = 39808.000 KB           WR = 0.000 KB        
q4_layer_ctrl:m_axi_weight3a-HBM[14]          RD = 39808.000 KB           WR = 0.000 KB        
q4_layer_ctrl:m_axi_weight3b-HBM[15]          RD = 39808.000 KB           WR = 0.000 KB        
q4_layer_ctrl:m_axi_hidden_in-HBM[0]          RD = 264.000 KB             WR = 0.000 KB        
q4_layer_ctrl:m_axi_hidden_out-HBM[1]          RD = 0.000 KB               WR = 256.000 KB      
q4_layer_ctrl:m_axi_kv_k-HBM[2]          RD = 177.000 KB             WR = 33.000 KB       
q4_layer_ctrl:m_axi_kv_v-HBM[3]          RD = 177.000 KB             WR = 33.000 KB       
q4_layer_ctrl:m_axi_norm-HBM[4]          RD = 72.000 KB              WR = 0.000 KB        
q4_layer_ctrl:m_axi_rope-HBM[5]          RD = 264.000 KB             WR = 0.000 KB        

Data transfer on stream interfaces
q4_layer_ctrl:activation_stream0-->PIPE               5287.531 KB     
q4_layer_ctrl:activation_stream1-->PIPE               5287.531 KB     
PIPE-->q4_layer_ctrl:out_stream0               3149.727 KB     
q4_layer_ctrl:activation_stream2-->PIPE               4999.531 KB     
PIPE-->q4_layer_ctrl:out_stream1               3149.727 KB     
PIPE-->q4_layer_ctrl:out_stream2               2989.000 KB     
PIPE-->q4_layer_ctrl:out_stream3               2989.000 KB     
q4_layer_ctrl:task_stream0-->PIPE               9.906 KB        
q4_layer_ctrl:task_stream1-->PIPE               9.906 KB        
q4_layer_ctrl:task_stream2-->PIPE               9.281 KB        
q4_layer_ctrl:task_stream3-->PIPE               9.281 KB        
q4_layer_ctrl:vector_stream0a-->PIPE               1009.328 KB     
q4_layer_ctrl:vector_stream0b-->PIPE               905.328 KB      
q4_layer_ctrl:vector_stream1a-->PIPE               1009.328 KB     
q4_layer_ctrl:activation_stream3-->PIPE               4999.531 KB     
q4_layer_ctrl:vector_stream1b-->PIPE               905.328 KB      
q4_layer_ctrl:vector_stream2a-->PIPE               975.000 KB      

INFO::[ Vitis-EM 22 ] [Time elapsed: 472 minute(s) 9 seconds, Emulation time: 9.34001 ms]
Data transfer between kernel(s) and global memory(s)
q4_layer_ctrl:m_axi_scales-HBM[6]          RD = 0.984 KB               WR = 0.000 KB        
q4_layer_ctrl:m_axi_weight0a-HBM[8]          RD = 42349.000 KB           WR = 0.000 KB        
q4_layer_ctrl:m_axi_weight0b-HBM[9]          RD = 42349.000 KB           WR = 0.000 KB        
q4_layer_ctrl:m_axi_weight1a-HBM[10]          RD = 42349.000 KB           WR = 0.000 KB        
q4_layer_ctrl:m_axi_weight1b-HBM[11]          RD = 42349.000 KB           WR = 0.000 KB        
q4_layer_ctrl:m_axi_weight2a-HBM[12]          RD = 40045.000 KB           WR = 0.000 KB        
q4_layer_ctrl:m_axi_weight2b-HBM[13]          RD = 40045.000 KB           WR = 0.000 KB        
q4_layer_ctrl:m_axi_weight3a-HBM[14]          RD = 40045.000 KB           WR = 0.000 KB        
q4_layer_ctrl:m_axi_weight3b-HBM[15]          RD = 40045.000 KB           WR = 0.000 KB        
q4_layer_ctrl:m_axi_hidden_in-HBM[0]          RD = 264.000 KB             WR = 0.000 KB        
q4_layer_ctrl:m_axi_hidden_out-HBM[1]          RD = 0.000 KB               WR = 256.000 KB      
q4_layer_ctrl:m_axi_kv_k-HBM[2]          RD = 177.000 KB             WR = 33.000 KB       
q4_layer_ctrl:m_axi_kv_v-HBM[3]          RD = 177.000 KB             WR = 33.000 KB       
q4_layer_ctrl:m_axi_norm-HBM[4]          RD = 72.000 KB              WR = 0.000 KB        
q4_layer_ctrl:m_axi_rope-HBM[5]          RD = 264.000 KB             WR = 0.000 KB        

Data transfer on stream interfaces
q4_layer_ctrl:activation_stream0-->PIPE               5316.672 KB     
q4_layer_ctrl:activation_stream1-->PIPE               5316.672 KB     
PIPE-->q4_layer_ctrl:out_stream0               3173.625 KB     
q4_layer_ctrl:activation_stream2-->PIPE               5028.672 KB     
PIPE-->q4_layer_ctrl:out_stream1               3173.625 KB     
PIPE-->q4_layer_ctrl:out_stream2               2989.000 KB     
PIPE-->q4_layer_ctrl:out_stream3               2989.000 KB     
q4_layer_ctrl:task_stream0-->PIPE               9.922 KB        
q4_layer_ctrl:task_stream1-->PIPE               9.922 KB        
q4_layer_ctrl:task_stream2-->PIPE               9.297 KB        
q4_layer_ctrl:task_stream3-->PIPE               9.297 KB        
q4_layer_ctrl:vector_stream0a-->PIPE               1029.438 KB     
q4_layer_ctrl:vector_stream0b-->PIPE               925.438 KB      
q4_layer_ctrl:vector_stream1a-->PIPE               1029.438 KB     
q4_layer_ctrl:activation_stream3-->PIPE               5028.672 KB     
q4_layer_ctrl:vector_stream1b-->PIPE               925.438 KB      
q4_layer_ctrl:vector_stream2a-->PIPE               975.000 KB      

INFO::[ Vitis-EM 22 ] [Time elapsed: 472 minute(s) 42 seconds, Emulation time: 9.35006 ms]
Data transfer between kernel(s) and global memory(s)
q4_layer_ctrl:m_axi_scales-HBM[6]          RD = 0.984 KB               WR = 0.000 KB        
q4_layer_ctrl:m_axi_weight0a-HBM[8]          RD = 42443.000 KB           WR = 0.000 KB        
q4_layer_ctrl:m_axi_weight0b-HBM[9]          RD = 42443.000 KB           WR = 0.000 KB        
q4_layer_ctrl:m_axi_weight1a-HBM[10]          RD = 42443.000 KB           WR = 0.000 KB        
q4_layer_ctrl:m_axi_weight1b-HBM[11]          RD = 42443.000 KB           WR = 0.000 KB        
q4_layer_ctrl:m_axi_weight2a-HBM[12]          RD = 40139.000 KB           WR = 0.000 KB        
q4_layer_ctrl:m_axi_weight2b-HBM[13]          RD = 40139.000 KB           WR = 0.000 KB        
q4_layer_ctrl:m_axi_weight3a-HBM[14]          RD = 40139.000 KB           WR = 0.000 KB        
q4_layer_ctrl:m_axi_weight3b-HBM[15]          RD = 40139.000 KB           WR = 0.000 KB        
q4_layer_ctrl:m_axi_hidden_in-HBM[0]          RD = 264.000 KB             WR = 0.000 KB        
q4_layer_ctrl:m_axi_hidden_out-HBM[1]          RD = 0.000 KB               WR = 256.000 KB      
q4_layer_ctrl:m_axi_kv_k-HBM[2]          RD = 177.000 KB             WR = 33.000 KB       
q4_layer_ctrl:m_axi_kv_v-HBM[3]          RD = 177.000 KB             WR = 33.000 KB       
q4_layer_ctrl:m_axi_norm-HBM[4]          RD = 72.000 KB              WR = 0.000 KB        
q4_layer_ctrl:m_axi_rope-HBM[5]          RD = 264.000 KB             WR = 0.000 KB        

Data transfer on stream interfaces
q4_layer_ctrl:activation_stream0-->PIPE               5328.453 KB     
q4_layer_ctrl:activation_stream1-->PIPE               5328.453 KB     
PIPE-->q4_layer_ctrl:out_stream0               3173.625 KB     
q4_layer_ctrl:activation_stream2-->PIPE               5040.453 KB     
PIPE-->q4_layer_ctrl:out_stream1               3173.625 KB     
PIPE-->q4_layer_ctrl:out_stream2               2989.000 KB     
PIPE-->q4_layer_ctrl:out_stream3               2989.000 KB     
q4_layer_ctrl:task_stream0-->PIPE               9.922 KB        
q4_layer_ctrl:task_stream1-->PIPE               9.922 KB        
q4_layer_ctrl:task_stream2-->PIPE               9.297 KB        
q4_layer_ctrl:task_stream3-->PIPE               9.297 KB        
q4_layer_ctrl:vector_stream0a-->PIPE               1029.438 KB     
q4_layer_ctrl:vector_stream0b-->PIPE               925.438 KB      
q4_layer_ctrl:vector_stream1a-->PIPE               1029.438 KB     
q4_layer_ctrl:activation_stream3-->PIPE               5040.453 KB     
q4_layer_ctrl:vector_stream1b-->PIPE               925.438 KB      
q4_layer_ctrl:vector_stream2a-->PIPE               975.000 KB      

INFO::[ Vitis-EM 22 ] [Time elapsed: 474 minute(s) 7 seconds, Emulation time: 9.37721 ms]
Data transfer between kernel(s) and global memory(s)
q4_layer_ctrl:m_axi_scales-HBM[6]          RD = 0.984 KB               WR = 0.000 KB        
q4_layer_ctrl:m_axi_weight0a-HBM[8]          RD = 42695.500 KB           WR = 0.000 KB        
q4_layer_ctrl:m_axi_weight0b-HBM[9]          RD = 42695.500 KB           WR = 0.000 KB        
q4_layer_ctrl:m_axi_weight1a-HBM[10]          RD = 42695.500 KB           WR = 0.000 KB        
q4_layer_ctrl:m_axi_weight1b-HBM[11]          RD = 42695.500 KB           WR = 0.000 KB        
q4_layer_ctrl:m_axi_weight2a-HBM[12]          RD = 40391.500 KB           WR = 0.000 KB        
q4_layer_ctrl:m_axi_weight2b-HBM[13]          RD = 40391.500 KB           WR = 0.000 KB        
q4_layer_ctrl:m_axi_weight3a-HBM[14]          RD = 40391.500 KB           WR = 0.000 KB        
q4_layer_ctrl:m_axi_weight3b-HBM[15]          RD = 40391.500 KB           WR = 0.000 KB        
q4_layer_ctrl:m_axi_hidden_in-HBM[0]          RD = 264.000 KB             WR = 0.000 KB        
q4_layer_ctrl:m_axi_hidden_out-HBM[1]          RD = 0.000 KB               WR = 256.000 KB      
q4_layer_ctrl:m_axi_kv_k-HBM[2]          RD = 177.000 KB             WR = 33.000 KB       
q4_layer_ctrl:m_axi_kv_v-HBM[3]          RD = 177.000 KB             WR = 33.000 KB       
q4_layer_ctrl:m_axi_norm-HBM[4]          RD = 72.000 KB              WR = 0.000 KB        
q4_layer_ctrl:m_axi_rope-HBM[5]          RD = 264.000 KB             WR = 0.000 KB        

Data transfer on stream interfaces
q4_layer_ctrl:activation_stream0-->PIPE               5359.969 KB     
q4_layer_ctrl:activation_stream1-->PIPE               5359.969 KB     
PIPE-->q4_layer_ctrl:out_stream0               3177.125 KB     
q4_layer_ctrl:activation_stream2-->PIPE               5071.969 KB     
PIPE-->q4_layer_ctrl:out_stream1               3177.125 KB     
PIPE-->q4_layer_ctrl:out_stream2               2992.500 KB     
PIPE-->q4_layer_ctrl:out_stream3               2992.500 KB     
q4_layer_ctrl:task_stream0-->PIPE               9.938 KB        
q4_layer_ctrl:task_stream1-->PIPE               9.938 KB        
q4_layer_ctrl:task_stream2-->PIPE               9.312 KB        
q4_layer_ctrl:task_stream3-->PIPE               9.312 KB        
q4_layer_ctrl:vector_stream0a-->PIPE               1029.438 KB     
q4_layer_ctrl:vector_stream0b-->PIPE               925.438 KB      
q4_layer_ctrl:vector_stream1a-->PIPE               1029.438 KB     
q4_layer_ctrl:activation_stream3-->PIPE               5071.969 KB     
q4_layer_ctrl:vector_stream1b-->PIPE               925.438 KB      
q4_layer_ctrl:vector_stream2a-->PIPE               975.000 KB      

INFO::[ Vitis-EM 22 ] [Time elapsed: 477 minute(s) 46 seconds, Emulation time: 9.44656 ms]
Data transfer between kernel(s) and global memory(s)
q4_layer_ctrl:m_axi_scales-HBM[6]          RD = 0.984 KB               WR = 0.000 KB        
q4_layer_ctrl:m_axi_weight0a-HBM[8]          RD = 43340.500 KB           WR = 0.000 KB        
q4_layer_ctrl:m_axi_weight0b-HBM[9]          RD = 43340.500 KB           WR = 0.000 KB        
q4_layer_ctrl:m_axi_weight1a-HBM[10]          RD = 43340.500 KB           WR = 0.000 KB        
q4_layer_ctrl:m_axi_weight1b-HBM[11]          RD = 43340.500 KB           WR = 0.000 KB        
q4_layer_ctrl:m_axi_weight2a-HBM[12]          RD = 41036.500 KB           WR = 0.000 KB        
q4_layer_ctrl:m_axi_weight2b-HBM[13]          RD = 41036.500 KB           WR = 0.000 KB        
q4_layer_ctrl:m_axi_weight3a-HBM[14]          RD = 41036.500 KB           WR = 0.000 KB        
q4_layer_ctrl:m_axi_weight3b-HBM[15]          RD = 41036.500 KB           WR = 0.000 KB        
q4_layer_ctrl:m_axi_hidden_in-HBM[0]          RD = 264.000 KB             WR = 0.000 KB        
q4_layer_ctrl:m_axi_hidden_out-HBM[1]          RD = 0.000 KB               WR = 256.000 KB      
q4_layer_ctrl:m_axi_kv_k-HBM[2]          RD = 177.000 KB             WR = 33.000 KB       
q4_layer_ctrl:m_axi_kv_v-HBM[3]          RD = 177.000 KB             WR = 33.000 KB       
q4_layer_ctrl:m_axi_norm-HBM[4]          RD = 72.000 KB              WR = 0.000 KB        
q4_layer_ctrl:m_axi_rope-HBM[5]          RD = 264.000 KB             WR = 0.000 KB        

Data transfer on stream interfaces
q4_layer_ctrl:activation_stream0-->PIPE               5440.648 KB     
q4_layer_ctrl:activation_stream1-->PIPE               5440.648 KB     
PIPE-->q4_layer_ctrl:out_stream0               3184.125 KB     
q4_layer_ctrl:activation_stream2-->PIPE               5152.648 KB     
PIPE-->q4_layer_ctrl:out_stream1               3184.125 KB     
PIPE-->q4_layer_ctrl:out_stream2               2999.500 KB     
PIPE-->q4_layer_ctrl:out_stream3               2999.500 KB     
q4_layer_ctrl:task_stream0-->PIPE               9.969 KB        
q4_layer_ctrl:task_stream1-->PIPE               9.969 KB        
q4_layer_ctrl:task_stream2-->PIPE               9.344 KB        
q4_layer_ctrl:task_stream3-->PIPE               9.344 KB        
q4_layer_ctrl:vector_stream0a-->PIPE               1029.438 KB     
q4_layer_ctrl:vector_stream0b-->PIPE               925.438 KB      
q4_layer_ctrl:vector_stream1a-->PIPE               1029.438 KB     
q4_layer_ctrl:activation_stream3-->PIPE               5152.648 KB     
q4_layer_ctrl:vector_stream1b-->PIPE               925.438 KB      
q4_layer_ctrl:vector_stream2a-->PIPE               975.000 KB      

INFO::[ Vitis-EM 22 ] [Time elapsed: 478 minute(s) 40 seconds, Emulation time: 9.46571 ms]
Data transfer between kernel(s) and global memory(s)
q4_layer_ctrl:m_axi_scales-HBM[6]          RD = 0.984 KB               WR = 0.000 KB        
q4_layer_ctrl:m_axi_weight0a-HBM[8]          RD = 43488.000 KB           WR = 0.000 KB        
q4_layer_ctrl:m_axi_weight0b-HBM[9]          RD = 43488.000 KB           WR = 0.000 KB        
q4_layer_ctrl:m_axi_weight1a-HBM[10]          RD = 43488.000 KB           WR = 0.000 KB        
q4_layer_ctrl:m_axi_weight1b-HBM[11]          RD = 43488.000 KB           WR = 0.000 KB        
q4_layer_ctrl:m_axi_weight2a-HBM[12]          RD = 41184.000 KB           WR = 0.000 KB        
q4_layer_ctrl:m_axi_weight2b-HBM[13]          RD = 41184.000 KB           WR = 0.000 KB        
q4_layer_ctrl:m_axi_weight3a-HBM[14]          RD = 41184.000 KB           WR = 0.000 KB        
q4_layer_ctrl:m_axi_weight3b-HBM[15]          RD = 41184.000 KB           WR = 0.000 KB        
q4_layer_ctrl:m_axi_hidden_in-HBM[0]          RD = 264.000 KB             WR = 0.000 KB        
q4_layer_ctrl:m_axi_hidden_out-HBM[1]          RD = 0.000 KB               WR = 256.000 KB      
q4_layer_ctrl:m_axi_kv_k-HBM[2]          RD = 177.000 KB             WR = 33.000 KB       
q4_layer_ctrl:m_axi_kv_v-HBM[3]          RD = 177.000 KB             WR = 33.000 KB       
q4_layer_ctrl:m_axi_norm-HBM[4]          RD = 72.000 KB              WR = 0.000 KB        
q4_layer_ctrl:m_axi_rope-HBM[5]          RD = 264.000 KB             WR = 0.000 KB        

Data transfer on stream interfaces
q4_layer_ctrl:activation_stream0-->PIPE               5459.531 KB     
q4_layer_ctrl:activation_stream1-->PIPE               5459.531 KB     
PIPE-->q4_layer_ctrl:out_stream0               3194.625 KB     
q4_layer_ctrl:activation_stream2-->PIPE               5171.531 KB     
PIPE-->q4_layer_ctrl:out_stream1               3194.625 KB     
PIPE-->q4_layer_ctrl:out_stream2               3003.000 KB     
PIPE-->q4_layer_ctrl:out_stream3               3003.000 KB     
q4_layer_ctrl:task_stream0-->PIPE               9.984 KB        
q4_layer_ctrl:task_stream1-->PIPE               9.984 KB        
q4_layer_ctrl:task_stream2-->PIPE               9.344 KB        
q4_layer_ctrl:task_stream3-->PIPE               9.344 KB        
q4_layer_ctrl:vector_stream0a-->PIPE               1035.938 KB     
q4_layer_ctrl:vector_stream0b-->PIPE               931.938 KB      
q4_layer_ctrl:vector_stream1a-->PIPE               1035.938 KB     
q4_layer_ctrl:activation_stream3-->PIPE               5171.531 KB     
q4_layer_ctrl:vector_stream1b-->PIPE               931.938 KB      
q4_layer_ctrl:vector_stream2a-->PIPE               975.000 KB      

phase=prefill sequence_length=66 position=0 kv_context_length=0 block_size=8 blocks=9 tasks=639,639,598,598 opencl_event_us_not_device_time=2.87122e+10
INFO::[ Vitis-EM 22 ] [Time elapsed: 480 minute(s) 11 seconds, Emulation time: 9.53221 ms]
Data transfer between kernel(s) and global memory(s)
q4_layer_ctrl:m_axi_scales-HBM[6]          RD = 1.000 KB               WR = 0.000 KB        
q4_layer_ctrl:m_axi_weight0a-HBM[8]          RD = 43574.500 KB           WR = 0.000 KB        
q4_layer_ctrl:m_axi_weight0b-HBM[9]          RD = 43574.500 KB           WR = 0.000 KB        
q4_layer_ctrl:m_axi_weight1a-HBM[10]          RD = 43574.500 KB           WR = 0.000 KB        
q4_layer_ctrl:m_axi_weight1b-HBM[11]          RD = 43574.500 KB           WR = 0.000 KB        
q4_layer_ctrl:m_axi_weight2a-HBM[12]          RD = 41270.500 KB           WR = 0.000 KB        
q4_layer_ctrl:m_axi_weight2b-HBM[13]          RD = 41270.500 KB           WR = 0.000 KB        
q4_layer_ctrl:m_axi_weight3a-HBM[14]          RD = 41270.500 KB           WR = 0.000 KB        
q4_layer_ctrl:m_axi_weight3b-HBM[15]          RD = 41270.500 KB           WR = 0.000 KB        
q4_layer_ctrl:m_axi_hidden_in-HBM[0]          RD = 268.000 KB             WR = 0.000 KB        
q4_layer_ctrl:m_axi_hidden_out-HBM[1]          RD = 0.000 KB               WR = 264.000 KB      
q4_layer_ctrl:m_axi_kv_k-HBM[2]          RD = 177.000 KB             WR = 33.000 KB       
q4_layer_ctrl:m_axi_kv_v-HBM[3]          RD = 177.000 KB             WR = 33.000 KB       
q4_layer_ctrl:m_axi_norm-HBM[4]          RD = 76.000 KB              WR = 0.000 KB        
q4_layer_ctrl:m_axi_rope-HBM[5]          RD = 264.000 KB             WR = 0.000 KB        

Data transfer on stream interfaces
q4_layer_ctrl:activation_stream0-->PIPE               5469.875 KB     
q4_layer_ctrl:activation_stream1-->PIPE               5469.875 KB     
PIPE-->q4_layer_ctrl:out_stream0               3205.125 KB     
q4_layer_ctrl:activation_stream2-->PIPE               5181.875 KB     
PIPE-->q4_layer_ctrl:out_stream1               3198.125 KB     
PIPE-->q4_layer_ctrl:out_stream2               3006.500 KB     
PIPE-->q4_layer_ctrl:out_stream3               3006.500 KB     
q4_layer_ctrl:task_stream0-->PIPE               10.031 KB       
q4_layer_ctrl:task_stream1-->PIPE               10.016 KB       
q4_layer_ctrl:task_stream2-->PIPE               9.375 KB        
q4_layer_ctrl:task_stream3-->PIPE               9.375 KB        
q4_layer_ctrl:vector_stream0a-->PIPE               1042.438 KB     
q4_layer_ctrl:vector_stream0b-->PIPE               938.438 KB      
q4_layer_ctrl:vector_stream1a-->PIPE               1035.938 KB     
q4_layer_ctrl:activation_stream3-->PIPE               5181.875 KB     
q4_layer_ctrl:vector_stream1b-->PIPE               931.938 KB      
q4_layer_ctrl:vector_stream2a-->PIPE               975.000 KB      

INFO::[ Vitis-EM 22 ] [Time elapsed: 481 minute(s) 37 seconds, Emulation time: 9.56752 ms]
Data transfer between kernel(s) and global memory(s)
q4_layer_ctrl:m_axi_scales-HBM[6]          RD = 1.031 KB               WR = 0.000 KB        
q4_layer_ctrl:m_axi_weight0a-HBM[8]          RD = 43865.500 KB           WR = 0.000 KB        
q4_layer_ctrl:m_axi_weight0b-HBM[9]          RD = 43865.500 KB           WR = 0.000 KB        
q4_layer_ctrl:m_axi_weight1a-HBM[10]          RD = 43865.500 KB           WR = 0.000 KB        
q4_layer_ctrl:m_axi_weight1b-HBM[11]          RD = 43865.500 KB           WR = 0.000 KB        
q4_layer_ctrl:m_axi_weight2a-HBM[12]          RD = 41440.000 KB           WR = 0.000 KB        
q4_layer_ctrl:m_axi_weight2b-HBM[13]          RD = 41440.000 KB           WR = 0.000 KB        
q4_layer_ctrl:m_axi_weight3a-HBM[14]          RD = 41440.000 KB           WR = 0.000 KB        
q4_layer_ctrl:m_axi_weight3b-HBM[15]          RD = 41440.000 KB           WR = 0.000 KB        
q4_layer_ctrl:m_axi_hidden_in-HBM[0]          RD = 268.000 KB             WR = 0.000 KB        
q4_layer_ctrl:m_axi_hidden_out-HBM[1]          RD = 0.000 KB               WR = 264.000 KB      
q4_layer_ctrl:m_axi_kv_k-HBM[2]          RD = 177.000 KB             WR = 33.000 KB       
q4_layer_ctrl:m_axi_kv_v-HBM[3]          RD = 177.000 KB             WR = 33.000 KB       
q4_layer_ctrl:m_axi_norm-HBM[4]          RD = 76.000 KB              WR = 0.000 KB        
q4_layer_ctrl:m_axi_rope-HBM[5]          RD = 264.000 KB             WR = 0.000 KB        

Data transfer on stream interfaces
q4_layer_ctrl:activation_stream0-->PIPE               5506.234 KB     
q4_layer_ctrl:activation_stream1-->PIPE               5506.234 KB     
PIPE-->q4_layer_ctrl:out_stream0               3219.125 KB     
q4_layer_ctrl:activation_stream2-->PIPE               5203.531 KB     
PIPE-->q4_layer_ctrl:out_stream1               3212.125 KB     
PIPE-->q4_layer_ctrl:out_stream2               3017.000 KB     
PIPE-->q4_layer_ctrl:out_stream3               3017.000 KB     
q4_layer_ctrl:task_stream0-->PIPE               10.094 KB       
q4_layer_ctrl:task_stream1-->PIPE               10.078 KB       
q4_layer_ctrl:task_stream2-->PIPE               9.406 KB        
q4_layer_ctrl:task_stream3-->PIPE               9.406 KB        
q4_layer_ctrl:vector_stream0a-->PIPE               1042.438 KB     
q4_layer_ctrl:vector_stream0b-->PIPE               938.438 KB      
q4_layer_ctrl:vector_stream1a-->PIPE               1035.938 KB     
q4_layer_ctrl:activation_stream3-->PIPE               5203.531 KB     
q4_layer_ctrl:vector_stream1b-->PIPE               931.938 KB      
q4_layer_ctrl:vector_stream2a-->PIPE               975.000 KB      

INFO::[ Vitis-EM 22 ] [Time elapsed: 482 minute(s) 1 seconds, Emulation time: 9.58578 ms]
Data transfer between kernel(s) and global memory(s)
q4_layer_ctrl:m_axi_scales-HBM[6]          RD = 1.031 KB               WR = 0.000 KB        
q4_layer_ctrl:m_axi_weight0a-HBM[8]          RD = 43872.000 KB           WR = 0.000 KB        
q4_layer_ctrl:m_axi_weight0b-HBM[9]          RD = 43872.000 KB           WR = 0.000 KB        
q4_layer_ctrl:m_axi_weight1a-HBM[10]          RD = 43872.000 KB           WR = 0.000 KB        
q4_layer_ctrl:m_axi_weight1b-HBM[11]          RD = 43872.000 KB           WR = 0.000 KB        
q4_layer_ctrl:m_axi_weight2a-HBM[12]          RD = 41440.000 KB           WR = 0.000 KB        
q4_layer_ctrl:m_axi_weight2b-HBM[13]          RD = 41440.000 KB           WR = 0.000 KB        
q4_layer_ctrl:m_axi_weight3a-HBM[14]          RD = 41440.000 KB           WR = 0.000 KB        
q4_layer_ctrl:m_axi_weight3b-HBM[15]          RD = 41440.000 KB           WR = 0.000 KB        
q4_layer_ctrl:m_axi_hidden_in-HBM[0]          RD = 268.000 KB             WR = 0.000 KB        
q4_layer_ctrl:m_axi_hidden_out-HBM[1]          RD = 0.000 KB               WR = 264.000 KB      
q4_layer_ctrl:m_axi_kv_k-HBM[2]          RD = 193.750 KB             WR = 33.500 KB       
q4_layer_ctrl:m_axi_kv_v-HBM[3]          RD = 186.500 KB             WR = 33.500 KB       
q4_layer_ctrl:m_axi_norm-HBM[4]          RD = 76.000 KB              WR = 0.000 KB        
q4_layer_ctrl:m_axi_rope-HBM[5]          RD = 268.000 KB             WR = 0.000 KB        

Data transfer on stream interfaces
q4_layer_ctrl:activation_stream0-->PIPE               5507.531 KB     
q4_layer_ctrl:activation_stream1-->PIPE               5507.531 KB     
PIPE-->q4_layer_ctrl:out_stream0               3222.625 KB     
q4_layer_ctrl:activation_stream2-->PIPE               5203.531 KB     
PIPE-->q4_layer_ctrl:out_stream1               3215.625 KB     
PIPE-->q4_layer_ctrl:out_stream2               3017.000 KB     
PIPE-->q4_layer_ctrl:out_stream3               3017.000 KB     
q4_layer_ctrl:task_stream0-->PIPE               10.094 KB       
q4_layer_ctrl:task_stream1-->PIPE               10.078 KB       
q4_layer_ctrl:task_stream2-->PIPE               9.406 KB        
q4_layer_ctrl:task_stream3-->PIPE               9.406 KB        
q4_layer_ctrl:vector_stream0a-->PIPE               1042.438 KB     
q4_layer_ctrl:vector_stream0b-->PIPE               938.438 KB      
q4_layer_ctrl:vector_stream1a-->PIPE               1035.938 KB     
q4_layer_ctrl:activation_stream3-->PIPE               5203.531 KB     
q4_layer_ctrl:vector_stream1b-->PIPE               931.938 KB      
q4_layer_ctrl:vector_stream2a-->PIPE               975.000 KB      

INFO::[ Vitis-EM 22 ] [Time elapsed: 482 minute(s) 25 seconds, Emulation time: 9.60201 ms]
Data transfer between kernel(s) and global memory(s)
q4_layer_ctrl:m_axi_scales-HBM[6]          RD = 1.031 KB               WR = 0.000 KB        
q4_layer_ctrl:m_axi_weight0a-HBM[8]          RD = 43872.000 KB           WR = 0.000 KB        
q4_layer_ctrl:m_axi_weight0b-HBM[9]          RD = 43872.000 KB           WR = 0.000 KB        
q4_layer_ctrl:m_axi_weight1a-HBM[10]          RD = 43872.000 KB           WR = 0.000 KB        
q4_layer_ctrl:m_axi_weight1b-HBM[11]          RD = 43872.000 KB           WR = 0.000 KB        
q4_layer_ctrl:m_axi_weight2a-HBM[12]          RD = 41440.000 KB           WR = 0.000 KB        
q4_layer_ctrl:m_axi_weight2b-HBM[13]          RD = 41440.000 KB           WR = 0.000 KB        
q4_layer_ctrl:m_axi_weight3a-HBM[14]          RD = 41440.000 KB           WR = 0.000 KB        
q4_layer_ctrl:m_axi_weight3b-HBM[15]          RD = 41440.000 KB           WR = 0.000 KB        
q4_layer_ctrl:m_axi_hidden_in-HBM[0]          RD = 268.000 KB             WR = 0.000 KB        
q4_layer_ctrl:m_axi_hidden_out-HBM[1]          RD = 0.000 KB               WR = 264.000 KB      
q4_layer_ctrl:m_axi_kv_k-HBM[2]          RD = 210.500 KB             WR = 33.500 KB       
q4_layer_ctrl:m_axi_kv_v-HBM[3]          RD = 210.500 KB             WR = 33.500 KB       
q4_layer_ctrl:m_axi_norm-HBM[4]          RD = 76.000 KB              WR = 0.000 KB        
q4_layer_ctrl:m_axi_rope-HBM[5]          RD = 268.000 KB             WR = 0.000 KB        

Data transfer on stream interfaces
q4_layer_ctrl:activation_stream0-->PIPE               5508.031 KB     
q4_layer_ctrl:activation_stream1-->PIPE               5508.031 KB     
PIPE-->q4_layer_ctrl:out_stream0               3226.125 KB     
q4_layer_ctrl:activation_stream2-->PIPE               5203.531 KB     
PIPE-->q4_layer_ctrl:out_stream1               3219.125 KB     
PIPE-->q4_layer_ctrl:out_stream2               3017.000 KB     
PIPE-->q4_layer_ctrl:out_stream3               3017.000 KB     
q4_layer_ctrl:task_stream0-->PIPE               10.109 KB       
q4_layer_ctrl:task_stream1-->PIPE               10.094 KB       
q4_layer_ctrl:task_stream2-->PIPE               9.406 KB        
q4_layer_ctrl:task_stream3-->PIPE               9.406 KB        
q4_layer_ctrl:vector_stream0a-->PIPE               1042.438 KB     
q4_layer_ctrl:vector_stream0b-->PIPE               938.438 KB      
q4_layer_ctrl:vector_stream1a-->PIPE               1035.938 KB     
q4_layer_ctrl:activation_stream3-->PIPE               5203.531 KB     
q4_layer_ctrl:vector_stream1b-->PIPE               931.938 KB      
q4_layer_ctrl:vector_stream2a-->PIPE               975.000 KB      

INFO::[ Vitis-EM 22 ] [Time elapsed: 482 minute(s) 40 seconds, Emulation time: 9.61216 ms]
Data transfer between kernel(s) and global memory(s)
q4_layer_ctrl:m_axi_scales-HBM[6]          RD = 1.031 KB               WR = 0.000 KB        
q4_layer_ctrl:m_axi_weight0a-HBM[8]          RD = 43872.000 KB           WR = 0.000 KB        
q4_layer_ctrl:m_axi_weight0b-HBM[9]          RD = 43872.000 KB           WR = 0.000 KB        
q4_layer_ctrl:m_axi_weight1a-HBM[10]          RD = 43872.000 KB           WR = 0.000 KB        
q4_layer_ctrl:m_axi_weight1b-HBM[11]          RD = 43872.000 KB           WR = 0.000 KB        
q4_layer_ctrl:m_axi_weight2a-HBM[12]          RD = 41440.000 KB           WR = 0.000 KB        
q4_layer_ctrl:m_axi_weight2b-HBM[13]          RD = 41440.000 KB           WR = 0.000 KB        
q4_layer_ctrl:m_axi_weight3a-HBM[14]          RD = 41440.000 KB           WR = 0.000 KB        
q4_layer_ctrl:m_axi_weight3b-HBM[15]          RD = 41440.000 KB           WR = 0.000 KB        
q4_layer_ctrl:m_axi_hidden_in-HBM[0]          RD = 268.000 KB             WR = 0.000 KB        
q4_layer_ctrl:m_axi_hidden_out-HBM[1]          RD = 0.000 KB               WR = 264.000 KB      
q4_layer_ctrl:m_axi_kv_k-HBM[2]          RD = 210.500 KB             WR = 33.500 KB       
q4_layer_ctrl:m_axi_kv_v-HBM[3]          RD = 210.500 KB             WR = 33.500 KB       
q4_layer_ctrl:m_axi_norm-HBM[4]          RD = 76.000 KB              WR = 0.000 KB        
q4_layer_ctrl:m_axi_rope-HBM[5]          RD = 268.000 KB             WR = 0.000 KB        

Data transfer on stream interfaces
q4_layer_ctrl:activation_stream0-->PIPE               5508.293 KB     
q4_layer_ctrl:activation_stream1-->PIPE               5508.293 KB     
PIPE-->q4_layer_ctrl:out_stream0               3229.625 KB     
q4_layer_ctrl:activation_stream2-->PIPE               5203.531 KB     
PIPE-->q4_layer_ctrl:out_stream1               3222.625 KB     
PIPE-->q4_layer_ctrl:out_stream2               3017.000 KB     
PIPE-->q4_layer_ctrl:out_stream3               3017.000 KB     
q4_layer_ctrl:task_stream0-->PIPE               10.125 KB       
q4_layer_ctrl:task_stream1-->PIPE               10.109 KB       
q4_layer_ctrl:task_stream2-->PIPE               9.406 KB        
q4_layer_ctrl:task_stream3-->PIPE               9.406 KB        
q4_layer_ctrl:vector_stream0a-->PIPE               1042.438 KB     
q4_layer_ctrl:vector_stream0b-->PIPE               938.438 KB      
q4_layer_ctrl:vector_stream1a-->PIPE               1035.938 KB     
q4_layer_ctrl:activation_stream3-->PIPE               5203.531 KB     
q4_layer_ctrl:vector_stream1b-->PIPE               931.938 KB      
q4_layer_ctrl:vector_stream2a-->PIPE               975.000 KB      

INFO::[ Vitis-EM 22 ] [Time elapsed: 483 minute(s) 0 seconds, Emulation time: 9.6182 ms]
Data transfer between kernel(s) and global memory(s)
q4_layer_ctrl:m_axi_scales-HBM[6]          RD = 1.047 KB               WR = 0.000 KB        
q4_layer_ctrl:m_axi_weight0a-HBM[8]          RD = 43921.500 KB           WR = 0.000 KB        
q4_layer_ctrl:m_axi_weight0b-HBM[9]          RD = 43921.500 KB           WR = 0.000 KB        
q4_layer_ctrl:m_axi_weight1a-HBM[10]          RD = 43921.500 KB           WR = 0.000 KB        
q4_layer_ctrl:m_axi_weight1b-HBM[11]          RD = 43921.500 KB           WR = 0.000 KB        
q4_layer_ctrl:m_axi_weight2a-HBM[12]          RD = 41489.500 KB           WR = 0.000 KB        
q4_layer_ctrl:m_axi_weight2b-HBM[13]          RD = 41489.500 KB           WR = 0.000 KB        
q4_layer_ctrl:m_axi_weight3a-HBM[14]          RD = 41489.500 KB           WR = 0.000 KB        
q4_layer_ctrl:m_axi_weight3b-HBM[15]          RD = 41489.500 KB           WR = 0.000 KB        
q4_layer_ctrl:m_axi_hidden_in-HBM[0]          RD = 268.000 KB             WR = 0.000 KB        
q4_layer_ctrl:m_axi_hidden_out-HBM[1]          RD = 0.000 KB               WR = 264.000 KB      
q4_layer_ctrl:m_axi_kv_k-HBM[2]          RD = 210.500 KB             WR = 33.500 KB       
q4_layer_ctrl:m_axi_kv_v-HBM[3]          RD = 210.500 KB             WR = 33.500 KB       
q4_layer_ctrl:m_axi_norm-HBM[4]          RD = 76.000 KB              WR = 0.000 KB        
q4_layer_ctrl:m_axi_rope-HBM[5]          RD = 268.000 KB             WR = 0.000 KB        

Data transfer on stream interfaces
q4_layer_ctrl:activation_stream0-->PIPE               5514.039 KB     
q4_layer_ctrl:activation_stream1-->PIPE               5514.039 KB     
PIPE-->q4_layer_ctrl:out_stream0               3229.625 KB     
q4_layer_ctrl:activation_stream2-->PIPE               5209.277 KB     
PIPE-->q4_layer_ctrl:out_stream1               3222.625 KB     
PIPE-->q4_layer_ctrl:out_stream2               3017.000 KB     
PIPE-->q4_layer_ctrl:out_stream3               3017.000 KB     
q4_layer_ctrl:task_stream0-->PIPE               10.141 KB       
q4_layer_ctrl:task_stream1-->PIPE               10.125 KB       
q4_layer_ctrl:task_stream2-->PIPE               9.422 KB        
q4_layer_ctrl:task_stream3-->PIPE               9.422 KB        
q4_layer_ctrl:vector_stream0a-->PIPE               1042.438 KB     
q4_layer_ctrl:vector_stream0b-->PIPE               938.438 KB      
q4_layer_ctrl:vector_stream1a-->PIPE               1035.938 KB     
q4_layer_ctrl:activation_stream3-->PIPE               5209.277 KB     
q4_layer_ctrl:vector_stream1b-->PIPE               931.938 KB      
q4_layer_ctrl:vector_stream2a-->PIPE               975.000 KB      

INFO::[ Vitis-EM 22 ] [Time elapsed: 483 minute(s) 14 seconds, Emulation time: 9.62223 ms]
Data transfer between kernel(s) and global memory(s)
q4_layer_ctrl:m_axi_scales-HBM[6]          RD = 1.047 KB               WR = 0.000 KB        
q4_layer_ctrl:m_axi_weight0a-HBM[8]          RD = 43957.000 KB           WR = 0.000 KB        
q4_layer_ctrl:m_axi_weight0b-HBM[9]          RD = 43957.000 KB           WR = 0.000 KB        
q4_layer_ctrl:m_axi_weight1a-HBM[10]          RD = 43957.000 KB           WR = 0.000 KB        
q4_layer_ctrl:m_axi_weight1b-HBM[11]          RD = 43957.000 KB           WR = 0.000 KB        
q4_layer_ctrl:m_axi_weight2a-HBM[12]          RD = 41525.000 KB           WR = 0.000 KB        
q4_layer_ctrl:m_axi_weight2b-HBM[13]          RD = 41525.000 KB           WR = 0.000 KB        
q4_layer_ctrl:m_axi_weight3a-HBM[14]          RD = 41525.000 KB           WR = 0.000 KB        
q4_layer_ctrl:m_axi_weight3b-HBM[15]          RD = 41525.000 KB           WR = 0.000 KB        
q4_layer_ctrl:m_axi_hidden_in-HBM[0]          RD = 268.000 KB             WR = 0.000 KB        
q4_layer_ctrl:m_axi_hidden_out-HBM[1]          RD = 0.000 KB               WR = 264.000 KB      
q4_layer_ctrl:m_axi_kv_k-HBM[2]          RD = 210.500 KB             WR = 33.500 KB       
q4_layer_ctrl:m_axi_kv_v-HBM[3]          RD = 210.500 KB             WR = 33.500 KB       
q4_layer_ctrl:m_axi_norm-HBM[4]          RD = 76.000 KB              WR = 0.000 KB        
q4_layer_ctrl:m_axi_rope-HBM[5]          RD = 268.000 KB             WR = 0.000 KB        

Data transfer on stream interfaces
q4_layer_ctrl:activation_stream0-->PIPE               5518.469 KB     
q4_layer_ctrl:activation_stream1-->PIPE               5518.469 KB     
PIPE-->q4_layer_ctrl:out_stream0               3233.125 KB     
q4_layer_ctrl:activation_stream2-->PIPE               5213.707 KB     
PIPE-->q4_layer_ctrl:out_stream1               3226.125 KB     
PIPE-->q4_layer_ctrl:out_stream2               3020.500 KB     
PIPE-->q4_layer_ctrl:out_stream3               3020.500 KB     
q4_layer_ctrl:task_stream0-->PIPE               10.156 KB       
q4_layer_ctrl:task_stream1-->PIPE               10.141 KB       
q4_layer_ctrl:task_stream2-->PIPE               9.438 KB        
q4_layer_ctrl:task_stream3-->PIPE               9.438 KB        
q4_layer_ctrl:vector_stream0a-->PIPE               1042.438 KB     
q4_layer_ctrl:vector_stream0b-->PIPE               938.438 KB      
q4_layer_ctrl:vector_stream1a-->PIPE               1035.938 KB     
q4_layer_ctrl:activation_stream3-->PIPE               5213.707 KB     
q4_layer_ctrl:vector_stream1b-->PIPE               931.938 KB      
q4_layer_ctrl:vector_stream2a-->PIPE               975.000 KB      

INFO::[ Vitis-EM 22 ] [Time elapsed: 484 minute(s) 26 seconds, Emulation time: 9.6474 ms]
Data transfer between kernel(s) and global memory(s)
q4_layer_ctrl:m_axi_scales-HBM[6]          RD = 1.047 KB               WR = 0.000 KB        
q4_layer_ctrl:m_axi_weight0a-HBM[8]          RD = 44128.000 KB           WR = 0.000 KB        
q4_layer_ctrl:m_axi_weight0b-HBM[9]          RD = 44128.000 KB           WR = 0.000 KB        
q4_layer_ctrl:m_axi_weight1a-HBM[10]          RD = 44128.000 KB           WR = 0.000 KB        
q4_layer_ctrl:m_axi_weight1b-HBM[11]          RD = 44128.000 KB           WR = 0.000 KB        
q4_layer_ctrl:m_axi_weight2a-HBM[12]          RD = 41696.000 KB           WR = 0.000 KB        
q4_layer_ctrl:m_axi_weight2b-HBM[13]          RD = 41696.000 KB           WR = 0.000 KB        
q4_layer_ctrl:m_axi_weight3a-HBM[14]          RD = 41696.000 KB           WR = 0.000 KB        
q4_layer_ctrl:m_axi_weight3b-HBM[15]          RD = 41696.000 KB           WR = 0.000 KB        
q4_layer_ctrl:m_axi_hidden_in-HBM[0]          RD = 268.000 KB             WR = 0.000 KB        
q4_layer_ctrl:m_axi_hidden_out-HBM[1]          RD = 0.000 KB               WR = 264.000 KB      
q4_layer_ctrl:m_axi_kv_k-HBM[2]          RD = 210.500 KB             WR = 33.500 KB       
q4_layer_ctrl:m_axi_kv_v-HBM[3]          RD = 210.500 KB             WR = 33.500 KB       
q4_layer_ctrl:m_axi_norm-HBM[4]          RD = 80.000 KB              WR = 0.000 KB        
q4_layer_ctrl:m_axi_rope-HBM[5]          RD = 268.000 KB             WR = 0.000 KB        

Data transfer on stream interfaces
q4_layer_ctrl:activation_stream0-->PIPE               5540.293 KB     
q4_layer_ctrl:activation_stream1-->PIPE               5540.293 KB     
PIPE-->q4_layer_ctrl:out_stream0               3245.375 KB     
q4_layer_ctrl:activation_stream2-->PIPE               5235.531 KB     
PIPE-->q4_layer_ctrl:out_stream1               3238.375 KB     
PIPE-->q4_layer_ctrl:out_stream2               3032.750 KB     
PIPE-->q4_layer_ctrl:out_stream3               3032.750 KB     
q4_layer_ctrl:task_stream0-->PIPE               10.219 KB       
q4_layer_ctrl:task_stream1-->PIPE               10.188 KB       
q4_layer_ctrl:task_stream2-->PIPE               9.484 KB        
q4_layer_ctrl:task_stream3-->PIPE               9.484 KB        
q4_layer_ctrl:vector_stream0a-->PIPE               1044.062 KB     
q4_layer_ctrl:vector_stream0b-->PIPE               943.871 KB      
q4_layer_ctrl:vector_stream1a-->PIPE               1037.562 KB     
q4_layer_ctrl:activation_stream3-->PIPE               5235.531 KB     
q4_layer_ctrl:vector_stream1b-->PIPE               933.562 KB      
q4_layer_ctrl:vector_stream2a-->PIPE               976.625 KB      

INFO::[ Vitis-EM 22 ] [Time elapsed: 484 minute(s) 47 seconds, Emulation time: 9.6657 ms]
Data transfer between kernel(s) and global memory(s)
q4_layer_ctrl:m_axi_scales-HBM[6]          RD = 1.047 KB               WR = 0.000 KB        
q4_layer_ctrl:m_axi_weight0a-HBM[8]          RD = 44128.000 KB           WR = 0.000 KB        
q4_layer_ctrl:m_axi_weight0b-HBM[9]          RD = 44128.000 KB           WR = 0.000 KB        
q4_layer_ctrl:m_axi_weight1a-HBM[10]          RD = 44128.000 KB           WR = 0.000 KB        
q4_layer_ctrl:m_axi_weight1b-HBM[11]          RD = 44128.000 KB           WR = 0.000 KB        
q4_layer_ctrl:m_axi_weight2a-HBM[12]          RD = 41696.000 KB           WR = 0.000 KB        
q4_layer_ctrl:m_axi_weight2b-HBM[13]          RD = 41696.000 KB           WR = 0.000 KB        
q4_layer_ctrl:m_axi_weight3a-HBM[14]          RD = 41696.000 KB           WR = 0.000 KB        
q4_layer_ctrl:m_axi_weight3b-HBM[15]          RD = 41696.000 KB           WR = 0.000 KB        
q4_layer_ctrl:m_axi_hidden_in-HBM[0]          RD = 268.000 KB             WR = 0.000 KB        
q4_layer_ctrl:m_axi_hidden_out-HBM[1]          RD = 0.000 KB               WR = 264.000 KB      
q4_layer_ctrl:m_axi_kv_k-HBM[2]          RD = 210.500 KB             WR = 33.500 KB       
q4_layer_ctrl:m_axi_kv_v-HBM[3]          RD = 210.500 KB             WR = 33.500 KB       
q4_layer_ctrl:m_axi_norm-HBM[4]          RD = 80.000 KB              WR = 0.000 KB        
q4_layer_ctrl:m_axi_rope-HBM[5]          RD = 268.000 KB             WR = 0.000 KB        

Data transfer on stream interfaces
q4_layer_ctrl:activation_stream0-->PIPE               5540.293 KB     
q4_layer_ctrl:activation_stream1-->PIPE               5540.293 KB     
PIPE-->q4_layer_ctrl:out_stream0               3245.375 KB     
q4_layer_ctrl:activation_stream2-->PIPE               5235.531 KB     
PIPE-->q4_layer_ctrl:out_stream1               3238.375 KB     
PIPE-->q4_layer_ctrl:out_stream2               3032.750 KB     
PIPE-->q4_layer_ctrl:out_stream3               3032.750 KB     
q4_layer_ctrl:task_stream0-->PIPE               10.219 KB       
q4_layer_ctrl:task_stream1-->PIPE               10.188 KB       
q4_layer_ctrl:task_stream2-->PIPE               9.484 KB        
q4_layer_ctrl:task_stream3-->PIPE               9.484 KB        
q4_layer_ctrl:vector_stream0a-->PIPE               1049.750 KB     
q4_layer_ctrl:vector_stream0b-->PIPE               946.562 KB      
q4_layer_ctrl:vector_stream1a-->PIPE               1037.562 KB     
q4_layer_ctrl:activation_stream3-->PIPE               5235.531 KB     
q4_layer_ctrl:vector_stream1b-->PIPE               933.562 KB      
q4_layer_ctrl:vector_stream2a-->PIPE               976.625 KB      

INFO::[ Vitis-EM 22 ] [Time elapsed: 485 minute(s) 8 seconds, Emulation time: 9.68504 ms]
Data transfer between kernel(s) and global memory(s)
q4_layer_ctrl:m_axi_scales-HBM[6]          RD = 1.047 KB               WR = 0.000 KB        
q4_layer_ctrl:m_axi_weight0a-HBM[8]          RD = 44128.000 KB           WR = 0.000 KB        
q4_layer_ctrl:m_axi_weight0b-HBM[9]          RD = 44128.000 KB           WR = 0.000 KB        
q4_layer_ctrl:m_axi_weight1a-HBM[10]          RD = 44128.000 KB           WR = 0.000 KB        
q4_layer_ctrl:m_axi_weight1b-HBM[11]          RD = 44128.000 KB           WR = 0.000 KB        
q4_layer_ctrl:m_axi_weight2a-HBM[12]          RD = 41696.000 KB           WR = 0.000 KB        
q4_layer_ctrl:m_axi_weight2b-HBM[13]          RD = 41696.000 KB           WR = 0.000 KB        
q4_layer_ctrl:m_axi_weight3a-HBM[14]          RD = 41696.000 KB           WR = 0.000 KB        
q4_layer_ctrl:m_axi_weight3b-HBM[15]          RD = 41696.000 KB           WR = 0.000 KB        
q4_layer_ctrl:m_axi_hidden_in-HBM[0]          RD = 268.000 KB             WR = 0.000 KB        
q4_layer_ctrl:m_axi_hidden_out-HBM[1]          RD = 0.000 KB               WR = 264.000 KB      
q4_layer_ctrl:m_axi_kv_k-HBM[2]          RD = 210.500 KB             WR = 33.500 KB       
q4_layer_ctrl:m_axi_kv_v-HBM[3]          RD = 210.500 KB             WR = 33.500 KB       
q4_layer_ctrl:m_axi_norm-HBM[4]          RD = 80.000 KB              WR = 0.000 KB        
q4_layer_ctrl:m_axi_rope-HBM[5]          RD = 268.000 KB             WR = 0.000 KB        

Data transfer on stream interfaces
q4_layer_ctrl:activation_stream0-->PIPE               5540.293 KB     
q4_layer_ctrl:activation_stream1-->PIPE               5540.293 KB     
PIPE-->q4_layer_ctrl:out_stream0               3250.570 KB     
q4_layer_ctrl:activation_stream2-->PIPE               5235.531 KB     
PIPE-->q4_layer_ctrl:out_stream1               3238.375 KB     
PIPE-->q4_layer_ctrl:out_stream2               3032.750 KB     
PIPE-->q4_layer_ctrl:out_stream3               3032.750 KB     
q4_layer_ctrl:task_stream0-->PIPE               10.219 KB       
q4_layer_ctrl:task_stream1-->PIPE               10.188 KB       
q4_layer_ctrl:task_stream2-->PIPE               9.484 KB        
q4_layer_ctrl:task_stream3-->PIPE               9.484 KB        
q4_layer_ctrl:vector_stream0a-->PIPE               1050.562 KB     
q4_layer_ctrl:vector_stream0b-->PIPE               946.562 KB      
q4_layer_ctrl:vector_stream1a-->PIPE               1037.562 KB     
q4_layer_ctrl:activation_stream3-->PIPE               5235.531 KB     
q4_layer_ctrl:vector_stream1b-->PIPE               933.562 KB      
q4_layer_ctrl:vector_stream2a-->PIPE               976.625 KB      

INFO::[ Vitis-EM 22 ] [Time elapsed: 485 minute(s) 30 seconds, Emulation time: 9.69517 ms]
Data transfer between kernel(s) and global memory(s)
q4_layer_ctrl:m_axi_scales-HBM[6]          RD = 1.062 KB               WR = 0.000 KB        
q4_layer_ctrl:m_axi_weight0a-HBM[8]          RD = 44184.500 KB           WR = 0.000 KB        
q4_layer_ctrl:m_axi_weight0b-HBM[9]          RD = 44184.500 KB           WR = 0.000 KB        
q4_layer_ctrl:m_axi_weight1a-HBM[10]          RD = 44184.500 KB           WR = 0.000 KB        
q4_layer_ctrl:m_axi_weight1b-HBM[11]          RD = 44184.500 KB           WR = 0.000 KB        
q4_layer_ctrl:m_axi_weight2a-HBM[12]          RD = 41752.500 KB           WR = 0.000 KB        
q4_layer_ctrl:m_axi_weight2b-HBM[13]          RD = 41752.500 KB           WR = 0.000 KB        
q4_layer_ctrl:m_axi_weight3a-HBM[14]          RD = 41752.500 KB           WR = 0.000 KB        
q4_layer_ctrl:m_axi_weight3b-HBM[15]          RD = 41752.500 KB           WR = 0.000 KB        
q4_layer_ctrl:m_axi_hidden_in-HBM[0]          RD = 268.000 KB             WR = 0.000 KB        
q4_layer_ctrl:m_axi_hidden_out-HBM[1]          RD = 0.000 KB               WR = 264.000 KB      
q4_layer_ctrl:m_axi_kv_k-HBM[2]          RD = 210.500 KB             WR = 33.500 KB       
q4_layer_ctrl:m_axi_kv_v-HBM[3]          RD = 210.500 KB             WR = 33.500 KB       
q4_layer_ctrl:m_axi_norm-HBM[4]          RD = 80.000 KB              WR = 0.000 KB        
q4_layer_ctrl:m_axi_rope-HBM[5]          RD = 268.000 KB             WR = 0.000 KB        

Data transfer on stream interfaces
q4_layer_ctrl:activation_stream0-->PIPE               5546.859 KB     
q4_layer_ctrl:activation_stream1-->PIPE               5546.859 KB     
PIPE-->q4_layer_ctrl:out_stream0               3252.375 KB     
q4_layer_ctrl:activation_stream2-->PIPE               5242.098 KB     
PIPE-->q4_layer_ctrl:out_stream1               3238.375 KB     
PIPE-->q4_layer_ctrl:out_stream2               3032.750 KB     
PIPE-->q4_layer_ctrl:out_stream3               3032.750 KB     
q4_layer_ctrl:task_stream0-->PIPE               10.234 KB       
q4_layer_ctrl:task_stream1-->PIPE               10.203 KB       
q4_layer_ctrl:task_stream2-->PIPE               9.500 KB        
q4_layer_ctrl:task_stream3-->PIPE               9.500 KB        
q4_layer_ctrl:vector_stream0a-->PIPE               1050.562 KB     
q4_layer_ctrl:vector_stream0b-->PIPE               946.562 KB      
q4_layer_ctrl:vector_stream1a-->PIPE               1037.562 KB     
q4_layer_ctrl:activation_stream3-->PIPE               5242.098 KB     
q4_layer_ctrl:vector_stream1b-->PIPE               933.562 KB      
q4_layer_ctrl:vector_stream2a-->PIPE               976.625 KB      

INFO::[ Vitis-EM 22 ] [Time elapsed: 485 minute(s) 51 seconds, Emulation time: 9.70222 ms]
Data transfer between kernel(s) and global memory(s)
q4_layer_ctrl:m_axi_scales-HBM[6]          RD = 1.062 KB               WR = 0.000 KB        
q4_layer_ctrl:m_axi_weight0a-HBM[8]          RD = 44248.000 KB           WR = 0.000 KB        
q4_layer_ctrl:m_axi_weight0b-HBM[9]          RD = 44248.000 KB           WR = 0.000 KB        
q4_layer_ctrl:m_axi_weight1a-HBM[10]          RD = 44248.000 KB           WR = 0.000 KB        
q4_layer_ctrl:m_axi_weight1b-HBM[11]          RD = 44248.000 KB           WR = 0.000 KB        
q4_layer_ctrl:m_axi_weight2a-HBM[12]          RD = 41816.000 KB           WR = 0.000 KB        
q4_layer_ctrl:m_axi_weight2b-HBM[13]          RD = 41816.000 KB           WR = 0.000 KB        
q4_layer_ctrl:m_axi_weight3a-HBM[14]          RD = 41816.000 KB           WR = 0.000 KB        
q4_layer_ctrl:m_axi_weight3b-HBM[15]          RD = 41816.000 KB           WR = 0.000 KB        
q4_layer_ctrl:m_axi_hidden_in-HBM[0]          RD = 268.000 KB             WR = 0.000 KB        
q4_layer_ctrl:m_axi_hidden_out-HBM[1]          RD = 0.000 KB               WR = 264.000 KB      
q4_layer_ctrl:m_axi_kv_k-HBM[2]          RD = 210.500 KB             WR = 33.500 KB       
q4_layer_ctrl:m_axi_kv_v-HBM[3]          RD = 210.500 KB             WR = 33.500 KB       
q4_layer_ctrl:m_axi_norm-HBM[4]          RD = 80.000 KB              WR = 0.000 KB        
q4_layer_ctrl:m_axi_rope-HBM[5]          RD = 268.000 KB             WR = 0.000 KB        

Data transfer on stream interfaces
q4_layer_ctrl:activation_stream0-->PIPE               5554.828 KB     
q4_layer_ctrl:activation_stream1-->PIPE               5554.828 KB     
PIPE-->q4_layer_ctrl:out_stream0               3255.875 KB     
q4_layer_ctrl:activation_stream2-->PIPE               5250.066 KB     
PIPE-->q4_layer_ctrl:out_stream1               3241.875 KB     
PIPE-->q4_layer_ctrl:out_stream2               3036.250 KB     
PIPE-->q4_layer_ctrl:out_stream3               3036.250 KB     
q4_layer_ctrl:task_stream0-->PIPE               10.250 KB       
q4_layer_ctrl:task_stream1-->PIPE               10.219 KB       
q4_layer_ctrl:task_stream2-->PIPE               9.516 KB        
q4_layer_ctrl:task_stream3-->PIPE               9.516 KB        
q4_layer_ctrl:vector_stream0a-->PIPE               1050.562 KB     
q4_layer_ctrl:vector_stream0b-->PIPE               946.562 KB      
q4_layer_ctrl:vector_stream1a-->PIPE               1037.562 KB     
q4_layer_ctrl:activation_stream3-->PIPE               5250.066 KB     
q4_layer_ctrl:vector_stream1b-->PIPE               933.562 KB      
q4_layer_ctrl:vector_stream2a-->PIPE               976.625 KB      

INFO::[ Vitis-EM 22 ] [Time elapsed: 486 minute(s) 12 seconds, Emulation time: 9.70926 ms]
Data transfer between kernel(s) and global memory(s)
q4_layer_ctrl:m_axi_scales-HBM[6]          RD = 1.062 KB               WR = 0.000 KB        
q4_layer_ctrl:m_axi_weight0a-HBM[8]          RD = 44312.000 KB           WR = 0.000 KB        
q4_layer_ctrl:m_axi_weight0b-HBM[9]          RD = 44312.000 KB           WR = 0.000 KB        
q4_layer_ctrl:m_axi_weight1a-HBM[10]          RD = 44312.000 KB           WR = 0.000 KB        
q4_layer_ctrl:m_axi_weight1b-HBM[11]          RD = 44312.000 KB           WR = 0.000 KB        
q4_layer_ctrl:m_axi_weight2a-HBM[12]          RD = 41880.000 KB           WR = 0.000 KB        
q4_layer_ctrl:m_axi_weight2b-HBM[13]          RD = 41880.000 KB           WR = 0.000 KB        
q4_layer_ctrl:m_axi_weight3a-HBM[14]          RD = 41880.000 KB           WR = 0.000 KB        
q4_layer_ctrl:m_axi_weight3b-HBM[15]          RD = 41880.000 KB           WR = 0.000 KB        
q4_layer_ctrl:m_axi_hidden_in-HBM[0]          RD = 268.000 KB             WR = 0.000 KB        
q4_layer_ctrl:m_axi_hidden_out-HBM[1]          RD = 0.000 KB               WR = 264.000 KB      
q4_layer_ctrl:m_axi_kv_k-HBM[2]          RD = 210.500 KB             WR = 33.500 KB       
q4_layer_ctrl:m_axi_kv_v-HBM[3]          RD = 210.500 KB             WR = 33.500 KB       
q4_layer_ctrl:m_axi_norm-HBM[4]          RD = 80.000 KB              WR = 0.000 KB        
q4_layer_ctrl:m_axi_rope-HBM[5]          RD = 268.000 KB             WR = 0.000 KB        

Data transfer on stream interfaces
q4_layer_ctrl:activation_stream0-->PIPE               5562.797 KB     
q4_layer_ctrl:activation_stream1-->PIPE               5562.797 KB     
PIPE-->q4_layer_ctrl:out_stream0               3259.375 KB     
q4_layer_ctrl:activation_stream2-->PIPE               5258.035 KB     
PIPE-->q4_layer_ctrl:out_stream1               3245.375 KB     
PIPE-->q4_layer_ctrl:out_stream2               3039.750 KB     
PIPE-->q4_layer_ctrl:out_stream3               3039.750 KB     
q4_layer_ctrl:task_stream0-->PIPE               10.266 KB       
q4_layer_ctrl:task_stream1-->PIPE               10.234 KB       
q4_layer_ctrl:task_stream2-->PIPE               9.531 KB        
q4_layer_ctrl:task_stream3-->PIPE               9.531 KB        
q4_layer_ctrl:vector_stream0a-->PIPE               1050.562 KB     
q4_layer_ctrl:vector_stream0b-->PIPE               946.562 KB      
q4_layer_ctrl:vector_stream1a-->PIPE               1037.562 KB     
q4_layer_ctrl:activation_stream3-->PIPE               5258.035 KB     
q4_layer_ctrl:vector_stream1b-->PIPE               933.562 KB      
q4_layer_ctrl:vector_stream2a-->PIPE               976.625 KB      

INFO::[ Vitis-EM 22 ] [Time elapsed: 486 minute(s) 23 seconds, Emulation time: 9.7133 ms]
Data transfer between kernel(s) and global memory(s)
q4_layer_ctrl:m_axi_scales-HBM[6]          RD = 1.062 KB               WR = 0.000 KB        
q4_layer_ctrl:m_axi_weight0a-HBM[8]          RD = 44347.500 KB           WR = 0.000 KB        
q4_layer_ctrl:m_axi_weight0b-HBM[9]          RD = 44347.500 KB           WR = 0.000 KB        
q4_layer_ctrl:m_axi_weight1a-HBM[10]          RD = 44347.500 KB           WR = 0.000 KB        
q4_layer_ctrl:m_axi_weight1b-HBM[11]          RD = 44347.500 KB           WR = 0.000 KB        
q4_layer_ctrl:m_axi_weight2a-HBM[12]          RD = 41915.500 KB           WR = 0.000 KB        
q4_layer_ctrl:m_axi_weight2b-HBM[13]          RD = 41915.500 KB           WR = 0.000 KB        
q4_layer_ctrl:m_axi_weight3a-HBM[14]          RD = 41915.500 KB           WR = 0.000 KB        
q4_layer_ctrl:m_axi_weight3b-HBM[15]          RD = 41915.500 KB           WR = 0.000 KB        
q4_layer_ctrl:m_axi_hidden_in-HBM[0]          RD = 268.000 KB             WR = 0.000 KB        
q4_layer_ctrl:m_axi_hidden_out-HBM[1]          RD = 0.000 KB               WR = 264.000 KB      
q4_layer_ctrl:m_axi_kv_k-HBM[2]          RD = 210.500 KB             WR = 33.500 KB       
q4_layer_ctrl:m_axi_kv_v-HBM[3]          RD = 210.500 KB             WR = 33.500 KB       
q4_layer_ctrl:m_axi_norm-HBM[4]          RD = 80.000 KB              WR = 0.000 KB        
q4_layer_ctrl:m_axi_rope-HBM[5]          RD = 268.000 KB             WR = 0.000 KB        

Data transfer on stream interfaces
q4_layer_ctrl:activation_stream0-->PIPE               5567.230 KB     
q4_layer_ctrl:activation_stream1-->PIPE               5567.230 KB     
PIPE-->q4_layer_ctrl:out_stream0               3262.875 KB     
q4_layer_ctrl:activation_stream2-->PIPE               5262.469 KB     
PIPE-->q4_layer_ctrl:out_stream1               3248.875 KB     
PIPE-->q4_layer_ctrl:out_stream2               3043.250 KB     
PIPE-->q4_layer_ctrl:out_stream3               3043.250 KB     
q4_layer_ctrl:task_stream0-->PIPE               10.281 KB       
q4_layer_ctrl:task_stream1-->PIPE               10.250 KB       
q4_layer_ctrl:task_stream2-->PIPE               9.547 KB        
q4_layer_ctrl:task_stream3-->PIPE               9.547 KB        
q4_layer_ctrl:vector_stream0a-->PIPE               1050.562 KB     
q4_layer_ctrl:vector_stream0b-->PIPE               946.562 KB      
q4_layer_ctrl:vector_stream1a-->PIPE               1037.562 KB     
q4_layer_ctrl:activation_stream3-->PIPE               5262.469 KB     
q4_layer_ctrl:vector_stream1b-->PIPE               933.562 KB      
q4_layer_ctrl:vector_stream2a-->PIPE               976.625 KB      

INFO::[ Vitis-EM 22 ] [Time elapsed: 486 minute(s) 38 seconds, Emulation time: 9.71834 ms]
Data transfer between kernel(s) and global memory(s)
q4_layer_ctrl:m_axi_scales-HBM[6]          RD = 1.062 KB               WR = 0.000 KB        
q4_layer_ctrl:m_axi_weight0a-HBM[8]          RD = 44392.500 KB           WR = 0.000 KB        
q4_layer_ctrl:m_axi_weight0b-HBM[9]          RD = 44392.500 KB           WR = 0.000 KB        
q4_layer_ctrl:m_axi_weight1a-HBM[10]          RD = 44392.500 KB           WR = 0.000 KB        
q4_layer_ctrl:m_axi_weight1b-HBM[11]          RD = 44392.500 KB           WR = 0.000 KB        
q4_layer_ctrl:m_axi_weight2a-HBM[12]          RD = 41960.500 KB           WR = 0.000 KB        
q4_layer_ctrl:m_axi_weight2b-HBM[13]          RD = 41960.500 KB           WR = 0.000 KB        
q4_layer_ctrl:m_axi_weight3a-HBM[14]          RD = 41960.500 KB           WR = 0.000 KB        
q4_layer_ctrl:m_axi_weight3b-HBM[15]          RD = 41960.500 KB           WR = 0.000 KB        
q4_layer_ctrl:m_axi_hidden_in-HBM[0]          RD = 268.000 KB             WR = 0.000 KB        
q4_layer_ctrl:m_axi_hidden_out-HBM[1]          RD = 0.000 KB               WR = 264.000 KB      
q4_layer_ctrl:m_axi_kv_k-HBM[2]          RD = 210.500 KB             WR = 33.500 KB       
q4_layer_ctrl:m_axi_kv_v-HBM[3]          RD = 210.500 KB             WR = 33.500 KB       
q4_layer_ctrl:m_axi_norm-HBM[4]          RD = 80.000 KB              WR = 0.000 KB        
q4_layer_ctrl:m_axi_rope-HBM[5]          RD = 268.000 KB             WR = 0.000 KB        

Data transfer on stream interfaces
q4_layer_ctrl:activation_stream0-->PIPE               5572.809 KB     
q4_layer_ctrl:activation_stream1-->PIPE               5572.809 KB     
PIPE-->q4_layer_ctrl:out_stream0               3265.719 KB     
q4_layer_ctrl:activation_stream2-->PIPE               5268.047 KB     
PIPE-->q4_layer_ctrl:out_stream1               3251.719 KB     
PIPE-->q4_layer_ctrl:out_stream2               3046.094 KB     
PIPE-->q4_layer_ctrl:out_stream3               3046.094 KB     
q4_layer_ctrl:task_stream0-->PIPE               10.297 KB       
q4_layer_ctrl:task_stream1-->PIPE               10.266 KB       
q4_layer_ctrl:task_stream2-->PIPE               9.562 KB        
q4_layer_ctrl:task_stream3-->PIPE               9.562 KB        
q4_layer_ctrl:vector_stream0a-->PIPE               1050.562 KB     
q4_layer_ctrl:vector_stream0b-->PIPE               946.562 KB      
q4_layer_ctrl:vector_stream1a-->PIPE               1037.562 KB     
q4_layer_ctrl:activation_stream3-->PIPE               5268.047 KB     
q4_layer_ctrl:vector_stream1b-->PIPE               933.562 KB      
q4_layer_ctrl:vector_stream2a-->PIPE               976.625 KB      

INFO::[ Vitis-EM 22 ] [Time elapsed: 486 minute(s) 54 seconds, Emulation time: 9.72338 ms]
Data transfer between kernel(s) and global memory(s)
q4_layer_ctrl:m_axi_scales-HBM[6]          RD = 1.062 KB               WR = 0.000 KB        
q4_layer_ctrl:m_axi_weight0a-HBM[8]          RD = 44439.500 KB           WR = 0.000 KB        
q4_layer_ctrl:m_axi_weight0b-HBM[9]          RD = 44439.500 KB           WR = 0.000 KB        
q4_layer_ctrl:m_axi_weight1a-HBM[10]          RD = 44439.500 KB           WR = 0.000 KB        
q4_layer_ctrl:m_axi_weight1b-HBM[11]          RD = 44439.500 KB           WR = 0.000 KB        
q4_layer_ctrl:m_axi_weight2a-HBM[12]          RD = 42007.500 KB           WR = 0.000 KB        
q4_layer_ctrl:m_axi_weight2b-HBM[13]          RD = 42007.500 KB           WR = 0.000 KB        
q4_layer_ctrl:m_axi_weight3a-HBM[14]          RD = 42007.500 KB           WR = 0.000 KB        
q4_layer_ctrl:m_axi_weight3b-HBM[15]          RD = 42007.500 KB           WR = 0.000 KB        
q4_layer_ctrl:m_axi_hidden_in-HBM[0]          RD = 268.000 KB             WR = 0.000 KB        
q4_layer_ctrl:m_axi_hidden_out-HBM[1]          RD = 0.000 KB               WR = 264.000 KB      
q4_layer_ctrl:m_axi_kv_k-HBM[2]          RD = 210.500 KB             WR = 33.500 KB       
q4_layer_ctrl:m_axi_kv_v-HBM[3]          RD = 210.500 KB             WR = 33.500 KB       
q4_layer_ctrl:m_axi_norm-HBM[4]          RD = 80.000 KB              WR = 0.000 KB        
q4_layer_ctrl:m_axi_rope-HBM[5]          RD = 268.000 KB             WR = 0.000 KB        

Data transfer on stream interfaces
q4_layer_ctrl:activation_stream0-->PIPE               5578.629 KB     
q4_layer_ctrl:activation_stream1-->PIPE               5578.629 KB     
PIPE-->q4_layer_ctrl:out_stream0               3266.375 KB     
q4_layer_ctrl:activation_stream2-->PIPE               5273.867 KB     
PIPE-->q4_layer_ctrl:out_stream1               3252.375 KB     
PIPE-->q4_layer_ctrl:out_stream2               3046.750 KB     
PIPE-->q4_layer_ctrl:out_stream3               3046.750 KB     
q4_layer_ctrl:task_stream0-->PIPE               10.297 KB       
q4_layer_ctrl:task_stream1-->PIPE               10.266 KB       
q4_layer_ctrl:task_stream2-->PIPE               9.562 KB        
q4_layer_ctrl:task_stream3-->PIPE               9.562 KB        
q4_layer_ctrl:vector_stream0a-->PIPE               1050.562 KB     
q4_layer_ctrl:vector_stream0b-->PIPE               946.562 KB      
q4_layer_ctrl:vector_stream1a-->PIPE               1037.562 KB     
q4_layer_ctrl:activation_stream3-->PIPE               5273.867 KB     
q4_layer_ctrl:vector_stream1b-->PIPE               933.562 KB      
q4_layer_ctrl:vector_stream2a-->PIPE               976.625 KB      

INFO::[ Vitis-EM 22 ] [Time elapsed: 487 minute(s) 15 seconds, Emulation time: 9.73043 ms]
Data transfer between kernel(s) and global memory(s)
q4_layer_ctrl:m_axi_scales-HBM[6]          RD = 1.062 KB               WR = 0.000 KB        
q4_layer_ctrl:m_axi_weight0a-HBM[8]          RD = 44502.500 KB           WR = 0.000 KB        
q4_layer_ctrl:m_axi_weight0b-HBM[9]          RD = 44502.500 KB           WR = 0.000 KB        
q4_layer_ctrl:m_axi_weight1a-HBM[10]          RD = 44502.500 KB           WR = 0.000 KB        
q4_layer_ctrl:m_axi_weight1b-HBM[11]          RD = 44502.500 KB           WR = 0.000 KB        
q4_layer_ctrl:m_axi_weight2a-HBM[12]          RD = 42070.500 KB           WR = 0.000 KB        
q4_layer_ctrl:m_axi_weight2b-HBM[13]          RD = 42070.500 KB           WR = 0.000 KB        
q4_layer_ctrl:m_axi_weight3a-HBM[14]          RD = 42070.500 KB           WR = 0.000 KB        
q4_layer_ctrl:m_axi_weight3b-HBM[15]          RD = 42070.500 KB           WR = 0.000 KB        
q4_layer_ctrl:m_axi_hidden_in-HBM[0]          RD = 268.000 KB             WR = 0.000 KB        
q4_layer_ctrl:m_axi_hidden_out-HBM[1]          RD = 0.000 KB               WR = 264.000 KB      
q4_layer_ctrl:m_axi_kv_k-HBM[2]          RD = 210.500 KB             WR = 33.500 KB       
q4_layer_ctrl:m_axi_kv_v-HBM[3]          RD = 210.500 KB             WR = 33.500 KB       
q4_layer_ctrl:m_axi_norm-HBM[4]          RD = 80.000 KB              WR = 0.000 KB        
q4_layer_ctrl:m_axi_rope-HBM[5]          RD = 268.000 KB             WR = 0.000 KB        

Data transfer on stream interfaces
q4_layer_ctrl:activation_stream0-->PIPE               5586.445 KB     
q4_layer_ctrl:activation_stream1-->PIPE               5586.445 KB     
PIPE-->q4_layer_ctrl:out_stream0               3269.875 KB     
q4_layer_ctrl:activation_stream2-->PIPE               5281.684 KB     
PIPE-->q4_layer_ctrl:out_stream1               3255.875 KB     
PIPE-->q4_layer_ctrl:out_stream2               3050.250 KB     
PIPE-->q4_layer_ctrl:out_stream3               3050.250 KB     
q4_layer_ctrl:task_stream0-->PIPE               10.312 KB       
q4_layer_ctrl:task_stream1-->PIPE               10.281 KB       
q4_layer_ctrl:task_stream2-->PIPE               9.578 KB        
q4_layer_ctrl:task_stream3-->PIPE               9.578 KB        
q4_layer_ctrl:vector_stream0a-->PIPE               1050.562 KB     
q4_layer_ctrl:vector_stream0b-->PIPE               946.562 KB      
q4_layer_ctrl:vector_stream1a-->PIPE               1037.562 KB     
q4_layer_ctrl:activation_stream3-->PIPE               5281.684 KB     
q4_layer_ctrl:vector_stream1b-->PIPE               933.562 KB      
q4_layer_ctrl:vector_stream2a-->PIPE               976.625 KB      

INFO::[ Vitis-EM 22 ] [Time elapsed: 487 minute(s) 37 seconds, Emulation time: 9.73748 ms]
Data transfer between kernel(s) and global memory(s)
q4_layer_ctrl:m_axi_scales-HBM[6]          RD = 1.062 KB               WR = 0.000 KB        
q4_layer_ctrl:m_axi_weight0a-HBM[8]          RD = 44565.000 KB           WR = 0.000 KB        
q4_layer_ctrl:m_axi_weight0b-HBM[9]          RD = 44565.000 KB           WR = 0.000 KB        
q4_layer_ctrl:m_axi_weight1a-HBM[10]          RD = 44565.000 KB           WR = 0.000 KB        
q4_layer_ctrl:m_axi_weight1b-HBM[11]          RD = 44565.000 KB           WR = 0.000 KB        
q4_layer_ctrl:m_axi_weight2a-HBM[12]          RD = 42133.000 KB           WR = 0.000 KB        
q4_layer_ctrl:m_axi_weight2b-HBM[13]          RD = 42133.000 KB           WR = 0.000 KB        
q4_layer_ctrl:m_axi_weight3a-HBM[14]          RD = 42133.000 KB           WR = 0.000 KB        
q4_layer_ctrl:m_axi_weight3b-HBM[15]          RD = 42133.000 KB           WR = 0.000 KB        
q4_layer_ctrl:m_axi_hidden_in-HBM[0]          RD = 268.000 KB             WR = 0.000 KB        
q4_layer_ctrl:m_axi_hidden_out-HBM[1]          RD = 0.000 KB               WR = 264.000 KB      
q4_layer_ctrl:m_axi_kv_k-HBM[2]          RD = 210.500 KB             WR = 33.500 KB       
q4_layer_ctrl:m_axi_kv_v-HBM[3]          RD = 210.500 KB             WR = 33.500 KB       
q4_layer_ctrl:m_axi_norm-HBM[4]          RD = 80.000 KB              WR = 0.000 KB        
q4_layer_ctrl:m_axi_rope-HBM[5]          RD = 268.000 KB             WR = 0.000 KB        

Data transfer on stream interfaces
q4_layer_ctrl:activation_stream0-->PIPE               5594.254 KB     
q4_layer_ctrl:activation_stream1-->PIPE               5594.254 KB     
PIPE-->q4_layer_ctrl:out_stream0               3273.375 KB     
q4_layer_ctrl:activation_stream2-->PIPE               5289.492 KB     
PIPE-->q4_layer_ctrl:out_stream1               3259.375 KB     
PIPE-->q4_layer_ctrl:out_stream2               3053.750 KB     
PIPE-->q4_layer_ctrl:out_stream3               3053.750 KB     
q4_layer_ctrl:task_stream0-->PIPE               10.328 KB       
q4_layer_ctrl:task_stream1-->PIPE               10.297 KB       
q4_layer_ctrl:task_stream2-->PIPE               9.594 KB        
q4_layer_ctrl:task_stream3-->PIPE               9.594 KB        
q4_layer_ctrl:vector_stream0a-->PIPE               1050.562 KB     
q4_layer_ctrl:vector_stream0b-->PIPE               946.562 KB      
q4_layer_ctrl:vector_stream1a-->PIPE               1037.562 KB     
q4_layer_ctrl:activation_stream3-->PIPE               5289.492 KB     
q4_layer_ctrl:vector_stream1b-->PIPE               933.562 KB      
q4_layer_ctrl:vector_stream2a-->PIPE               976.625 KB      

INFO::[ Vitis-EM 22 ] [Time elapsed: 487 minute(s) 57 seconds, Emulation time: 9.74453 ms]
Data transfer between kernel(s) and global memory(s)
q4_layer_ctrl:m_axi_scales-HBM[6]          RD = 1.062 KB               WR = 0.000 KB        
q4_layer_ctrl:m_axi_weight0a-HBM[8]          RD = 44627.500 KB           WR = 0.000 KB        
q4_layer_ctrl:m_axi_weight0b-HBM[9]          RD = 44627.500 KB           WR = 0.000 KB        
q4_layer_ctrl:m_axi_weight1a-HBM[10]          RD = 44627.500 KB           WR = 0.000 KB        
q4_layer_ctrl:m_axi_weight1b-HBM[11]          RD = 44627.500 KB           WR = 0.000 KB        
q4_layer_ctrl:m_axi_weight2a-HBM[12]          RD = 42195.500 KB           WR = 0.000 KB        
q4_layer_ctrl:m_axi_weight2b-HBM[13]          RD = 42195.500 KB           WR = 0.000 KB        
q4_layer_ctrl:m_axi_weight3a-HBM[14]          RD = 42195.500 KB           WR = 0.000 KB        
q4_layer_ctrl:m_axi_weight3b-HBM[15]          RD = 42195.500 KB           WR = 0.000 KB        
q4_layer_ctrl:m_axi_hidden_in-HBM[0]          RD = 268.000 KB             WR = 0.000 KB        
q4_layer_ctrl:m_axi_hidden_out-HBM[1]          RD = 0.000 KB               WR = 264.000 KB      
q4_layer_ctrl:m_axi_kv_k-HBM[2]          RD = 210.500 KB             WR = 33.500 KB       
q4_layer_ctrl:m_axi_kv_v-HBM[3]          RD = 210.500 KB             WR = 33.500 KB       
q4_layer_ctrl:m_axi_norm-HBM[4]          RD = 80.000 KB              WR = 0.000 KB        
q4_layer_ctrl:m_axi_rope-HBM[5]          RD = 268.000 KB             WR = 0.000 KB        

Data transfer on stream interfaces
q4_layer_ctrl:activation_stream0-->PIPE               5602.070 KB     
q4_layer_ctrl:activation_stream1-->PIPE               5602.070 KB     
PIPE-->q4_layer_ctrl:out_stream0               3276.875 KB     
q4_layer_ctrl:activation_stream2-->PIPE               5297.309 KB     
PIPE-->q4_layer_ctrl:out_stream1               3262.875 KB     
PIPE-->q4_layer_ctrl:out_stream2               3057.250 KB     
PIPE-->q4_layer_ctrl:out_stream3               3057.250 KB     
q4_layer_ctrl:task_stream0-->PIPE               10.344 KB       
q4_layer_ctrl:task_stream1-->PIPE               10.312 KB       
q4_layer_ctrl:task_stream2-->PIPE               9.609 KB        
q4_layer_ctrl:task_stream3-->PIPE               9.609 KB        
q4_layer_ctrl:vector_stream0a-->PIPE               1050.562 KB     
q4_layer_ctrl:vector_stream0b-->PIPE               946.562 KB      
q4_layer_ctrl:vector_stream1a-->PIPE               1037.562 KB     
q4_layer_ctrl:activation_stream3-->PIPE               5297.309 KB     
q4_layer_ctrl:vector_stream1b-->PIPE               933.562 KB      
q4_layer_ctrl:vector_stream2a-->PIPE               976.625 KB      

INFO::[ Vitis-EM 22 ] [Time elapsed: 488 minute(s) 9 seconds, Emulation time: 9.74856 ms]
Data transfer between kernel(s) and global memory(s)
q4_layer_ctrl:m_axi_scales-HBM[6]          RD = 1.062 KB               WR = 0.000 KB        
q4_layer_ctrl:m_axi_weight0a-HBM[8]          RD = 44662.000 KB           WR = 0.000 KB        
q4_layer_ctrl:m_axi_weight0b-HBM[9]          RD = 44662.000 KB           WR = 0.000 KB        
q4_layer_ctrl:m_axi_weight1a-HBM[10]          RD = 44662.000 KB           WR = 0.000 KB        
q4_layer_ctrl:m_axi_weight1b-HBM[11]          RD = 44662.000 KB           WR = 0.000 KB        
q4_layer_ctrl:m_axi_weight2a-HBM[12]          RD = 42230.000 KB           WR = 0.000 KB        
q4_layer_ctrl:m_axi_weight2b-HBM[13]          RD = 42230.000 KB           WR = 0.000 KB        
q4_layer_ctrl:m_axi_weight3a-HBM[14]          RD = 42230.000 KB           WR = 0.000 KB        
q4_layer_ctrl:m_axi_weight3b-HBM[15]          RD = 42230.000 KB           WR = 0.000 KB        
q4_layer_ctrl:m_axi_hidden_in-HBM[0]          RD = 268.000 KB             WR = 0.000 KB        
q4_layer_ctrl:m_axi_hidden_out-HBM[1]          RD = 0.000 KB               WR = 264.000 KB      
q4_layer_ctrl:m_axi_kv_k-HBM[2]          RD = 210.500 KB             WR = 33.500 KB       
q4_layer_ctrl:m_axi_kv_v-HBM[3]          RD = 210.500 KB             WR = 33.500 KB       
q4_layer_ctrl:m_axi_norm-HBM[4]          RD = 80.000 KB              WR = 0.000 KB        
q4_layer_ctrl:m_axi_rope-HBM[5]          RD = 268.000 KB             WR = 0.000 KB        

Data transfer on stream interfaces
q4_layer_ctrl:activation_stream0-->PIPE               5606.352 KB     
q4_layer_ctrl:activation_stream1-->PIPE               5606.352 KB     
PIPE-->q4_layer_ctrl:out_stream0               3280.375 KB     
q4_layer_ctrl:activation_stream2-->PIPE               5301.590 KB     
PIPE-->q4_layer_ctrl:out_stream1               3266.375 KB     
PIPE-->q4_layer_ctrl:out_stream2               3060.750 KB     
PIPE-->q4_layer_ctrl:out_stream3               3060.750 KB     
q4_layer_ctrl:task_stream0-->PIPE               10.359 KB       
q4_layer_ctrl:task_stream1-->PIPE               10.328 KB       
q4_layer_ctrl:task_stream2-->PIPE               9.625 KB        
q4_layer_ctrl:task_stream3-->PIPE               9.625 KB        
q4_layer_ctrl:vector_stream0a-->PIPE               1050.562 KB     
q4_layer_ctrl:vector_stream0b-->PIPE               946.562 KB      
q4_layer_ctrl:vector_stream1a-->PIPE               1037.562 KB     
q4_layer_ctrl:activation_stream3-->PIPE               5301.590 KB     
q4_layer_ctrl:vector_stream1b-->PIPE               933.562 KB      
q4_layer_ctrl:vector_stream2a-->PIPE               976.625 KB      

INFO::[ Vitis-EM 22 ] [Time elapsed: 488 minute(s) 30 seconds, Emulation time: 9.75561 ms]
Data transfer between kernel(s) and global memory(s)
q4_layer_ctrl:m_axi_scales-HBM[6]          RD = 1.062 KB               WR = 0.000 KB        
q4_layer_ctrl:m_axi_weight0a-HBM[8]          RD = 44724.500 KB           WR = 0.000 KB        
q4_layer_ctrl:m_axi_weight0b-HBM[9]          RD = 44724.500 KB           WR = 0.000 KB        
q4_layer_ctrl:m_axi_weight1a-HBM[10]          RD = 44724.500 KB           WR = 0.000 KB        
q4_layer_ctrl:m_axi_weight1b-HBM[11]          RD = 44724.500 KB           WR = 0.000 KB        
q4_layer_ctrl:m_axi_weight2a-HBM[12]          RD = 42292.500 KB           WR = 0.000 KB        
q4_layer_ctrl:m_axi_weight2b-HBM[13]          RD = 42292.500 KB           WR = 0.000 KB        
q4_layer_ctrl:m_axi_weight3a-HBM[14]          RD = 42292.500 KB           WR = 0.000 KB        
q4_layer_ctrl:m_axi_weight3b-HBM[15]          RD = 42292.500 KB           WR = 0.000 KB        
q4_layer_ctrl:m_axi_hidden_in-HBM[0]          RD = 268.000 KB             WR = 0.000 KB        
q4_layer_ctrl:m_axi_hidden_out-HBM[1]          RD = 0.000 KB               WR = 264.000 KB      
q4_layer_ctrl:m_axi_kv_k-HBM[2]          RD = 210.500 KB             WR = 33.500 KB       
q4_layer_ctrl:m_axi_kv_v-HBM[3]          RD = 210.500 KB             WR = 33.500 KB       
q4_layer_ctrl:m_axi_norm-HBM[4]          RD = 80.000 KB              WR = 0.000 KB        
q4_layer_ctrl:m_axi_rope-HBM[5]          RD = 268.000 KB             WR = 0.000 KB        

Data transfer on stream interfaces
q4_layer_ctrl:activation_stream0-->PIPE               5614.160 KB     
q4_layer_ctrl:activation_stream1-->PIPE               5614.160 KB     
PIPE-->q4_layer_ctrl:out_stream0               3283.875 KB     
q4_layer_ctrl:activation_stream2-->PIPE               5309.398 KB     
PIPE-->q4_layer_ctrl:out_stream1               3269.875 KB     
PIPE-->q4_layer_ctrl:out_stream2               3064.250 KB     
PIPE-->q4_layer_ctrl:out_stream3               3064.250 KB     
q4_layer_ctrl:task_stream0-->PIPE               10.375 KB       
q4_layer_ctrl:task_stream1-->PIPE               10.344 KB       
q4_layer_ctrl:task_stream2-->PIPE               9.641 KB        
q4_layer_ctrl:task_stream3-->PIPE               9.641 KB        
q4_layer_ctrl:vector_stream0a-->PIPE               1050.562 KB     
q4_layer_ctrl:vector_stream0b-->PIPE               946.562 KB      
q4_layer_ctrl:vector_stream1a-->PIPE               1037.562 KB     
q4_layer_ctrl:activation_stream3-->PIPE               5309.398 KB     
q4_layer_ctrl:vector_stream1b-->PIPE               933.562 KB      
q4_layer_ctrl:vector_stream2a-->PIPE               976.625 KB      

INFO::[ Vitis-EM 22 ] [Time elapsed: 488 minute(s) 54 seconds, Emulation time: 9.76367 ms]
Data transfer between kernel(s) and global memory(s)
q4_layer_ctrl:m_axi_scales-HBM[6]          RD = 1.062 KB               WR = 0.000 KB        
q4_layer_ctrl:m_axi_weight0a-HBM[8]          RD = 44796.500 KB           WR = 0.000 KB        
q4_layer_ctrl:m_axi_weight0b-HBM[9]          RD = 44796.500 KB           WR = 0.000 KB        
q4_layer_ctrl:m_axi_weight1a-HBM[10]          RD = 44796.500 KB           WR = 0.000 KB        
q4_layer_ctrl:m_axi_weight1b-HBM[11]          RD = 44796.500 KB           WR = 0.000 KB        
q4_layer_ctrl:m_axi_weight2a-HBM[12]          RD = 42364.500 KB           WR = 0.000 KB        
q4_layer_ctrl:m_axi_weight2b-HBM[13]          RD = 42364.500 KB           WR = 0.000 KB        
q4_layer_ctrl:m_axi_weight3a-HBM[14]          RD = 42364.500 KB           WR = 0.000 KB        
q4_layer_ctrl:m_axi_weight3b-HBM[15]          RD = 42364.500 KB           WR = 0.000 KB        
q4_layer_ctrl:m_axi_hidden_in-HBM[0]          RD = 268.000 KB             WR = 0.000 KB        
q4_layer_ctrl:m_axi_hidden_out-HBM[1]          RD = 0.000 KB               WR = 264.000 KB      
q4_layer_ctrl:m_axi_kv_k-HBM[2]          RD = 210.500 KB             WR = 33.500 KB       
q4_layer_ctrl:m_axi_kv_v-HBM[3]          RD = 210.500 KB             WR = 33.500 KB       
q4_layer_ctrl:m_axi_norm-HBM[4]          RD = 80.000 KB              WR = 0.000 KB        
q4_layer_ctrl:m_axi_rope-HBM[5]          RD = 268.000 KB             WR = 0.000 KB        

Data transfer on stream interfaces
q4_layer_ctrl:activation_stream0-->PIPE               5623.164 KB     
q4_layer_ctrl:activation_stream1-->PIPE               5623.164 KB     
PIPE-->q4_layer_ctrl:out_stream0               3287.375 KB     
q4_layer_ctrl:activation_stream2-->PIPE               5318.402 KB     
PIPE-->q4_layer_ctrl:out_stream1               3273.375 KB     
PIPE-->q4_layer_ctrl:out_stream2               3067.750 KB     
PIPE-->q4_layer_ctrl:out_stream3               3067.750 KB     
q4_layer_ctrl:task_stream0-->PIPE               10.391 KB       
q4_layer_ctrl:task_stream1-->PIPE               10.359 KB       
q4_layer_ctrl:task_stream2-->PIPE               9.656 KB        
q4_layer_ctrl:task_stream3-->PIPE               9.656 KB        
q4_layer_ctrl:vector_stream0a-->PIPE               1050.562 KB     
q4_layer_ctrl:vector_stream0b-->PIPE               946.562 KB      
q4_layer_ctrl:vector_stream1a-->PIPE               1037.562 KB     
q4_layer_ctrl:activation_stream3-->PIPE               5318.402 KB     
q4_layer_ctrl:vector_stream1b-->PIPE               933.562 KB      
q4_layer_ctrl:vector_stream2a-->PIPE               976.625 KB      

INFO::[ Vitis-EM 22 ] [Time elapsed: 489 minute(s) 29 seconds, Emulation time: 9.77576 ms]
Data transfer between kernel(s) and global memory(s)
q4_layer_ctrl:m_axi_scales-HBM[6]          RD = 1.062 KB               WR = 0.000 KB        
q4_layer_ctrl:m_axi_weight0a-HBM[8]          RD = 44902.500 KB           WR = 0.000 KB        
q4_layer_ctrl:m_axi_weight0b-HBM[9]          RD = 44902.500 KB           WR = 0.000 KB        
q4_layer_ctrl:m_axi_weight1a-HBM[10]          RD = 44902.500 KB           WR = 0.000 KB        
q4_layer_ctrl:m_axi_weight1b-HBM[11]          RD = 44902.500 KB           WR = 0.000 KB        
q4_layer_ctrl:m_axi_weight2a-HBM[12]          RD = 42470.500 KB           WR = 0.000 KB        
q4_layer_ctrl:m_axi_weight2b-HBM[13]          RD = 42470.500 KB           WR = 0.000 KB        
q4_layer_ctrl:m_axi_weight3a-HBM[14]          RD = 42470.500 KB           WR = 0.000 KB        
q4_layer_ctrl:m_axi_weight3b-HBM[15]          RD = 42470.500 KB           WR = 0.000 KB        
q4_layer_ctrl:m_axi_hidden_in-HBM[0]          RD = 268.000 KB             WR = 0.000 KB        
q4_layer_ctrl:m_axi_hidden_out-HBM[1]          RD = 0.000 KB               WR = 264.000 KB      
q4_layer_ctrl:m_axi_kv_k-HBM[2]          RD = 210.500 KB             WR = 33.500 KB       
q4_layer_ctrl:m_axi_kv_v-HBM[3]          RD = 210.500 KB             WR = 33.500 KB       
q4_layer_ctrl:m_axi_norm-HBM[4]          RD = 80.000 KB              WR = 0.000 KB        
q4_layer_ctrl:m_axi_rope-HBM[5]          RD = 268.000 KB             WR = 0.000 KB        

Data transfer on stream interfaces
q4_layer_ctrl:activation_stream0-->PIPE               5636.645 KB     
q4_layer_ctrl:activation_stream1-->PIPE               5636.645 KB     
PIPE-->q4_layer_ctrl:out_stream0               3291.312 KB     
q4_layer_ctrl:activation_stream2-->PIPE               5331.883 KB     
PIPE-->q4_layer_ctrl:out_stream1               3277.312 KB     
PIPE-->q4_layer_ctrl:out_stream2               3071.688 KB     
PIPE-->q4_layer_ctrl:out_stream3               3071.688 KB     
q4_layer_ctrl:task_stream0-->PIPE               10.422 KB       
q4_layer_ctrl:task_stream1-->PIPE               10.391 KB       
q4_layer_ctrl:task_stream2-->PIPE               9.688 KB        
q4_layer_ctrl:task_stream3-->PIPE               9.688 KB        
q4_layer_ctrl:vector_stream0a-->PIPE               1050.562 KB     
q4_layer_ctrl:vector_stream0b-->PIPE               946.562 KB      
q4_layer_ctrl:vector_stream1a-->PIPE               1037.562 KB     
q4_layer_ctrl:activation_stream3-->PIPE               5331.883 KB     
q4_layer_ctrl:vector_stream1b-->PIPE               933.562 KB      
q4_layer_ctrl:vector_stream2a-->PIPE               976.625 KB      

INFO::[ Vitis-EM 22 ] [Time elapsed: 490 minute(s) 5 seconds, Emulation time: 9.78785 ms]
Data transfer between kernel(s) and global memory(s)
q4_layer_ctrl:m_axi_scales-HBM[6]          RD = 1.062 KB               WR = 0.000 KB        
q4_layer_ctrl:m_axi_weight0a-HBM[8]          RD = 45012.500 KB           WR = 0.000 KB        
q4_layer_ctrl:m_axi_weight0b-HBM[9]          RD = 45012.500 KB           WR = 0.000 KB        
q4_layer_ctrl:m_axi_weight1a-HBM[10]          RD = 45012.500 KB           WR = 0.000 KB        
q4_layer_ctrl:m_axi_weight1b-HBM[11]          RD = 45012.500 KB           WR = 0.000 KB        
q4_layer_ctrl:m_axi_weight2a-HBM[12]          RD = 42580.500 KB           WR = 0.000 KB        
q4_layer_ctrl:m_axi_weight2b-HBM[13]          RD = 42580.500 KB           WR = 0.000 KB        
q4_layer_ctrl:m_axi_weight3a-HBM[14]          RD = 42580.500 KB           WR = 0.000 KB        
q4_layer_ctrl:m_axi_weight3b-HBM[15]          RD = 42580.500 KB           WR = 0.000 KB        
q4_layer_ctrl:m_axi_hidden_in-HBM[0]          RD = 268.000 KB             WR = 0.000 KB        
q4_layer_ctrl:m_axi_hidden_out-HBM[1]          RD = 0.000 KB               WR = 264.000 KB      
q4_layer_ctrl:m_axi_kv_k-HBM[2]          RD = 210.500 KB             WR = 33.500 KB       
q4_layer_ctrl:m_axi_kv_v-HBM[3]          RD = 210.500 KB             WR = 33.500 KB       
q4_layer_ctrl:m_axi_norm-HBM[4]          RD = 80.000 KB              WR = 0.000 KB        
q4_layer_ctrl:m_axi_rope-HBM[5]          RD = 268.000 KB             WR = 0.000 KB        

Data transfer on stream interfaces
q4_layer_ctrl:activation_stream0-->PIPE               5650.156 KB     
q4_layer_ctrl:activation_stream1-->PIPE               5650.156 KB     
PIPE-->q4_layer_ctrl:out_stream0               3297.875 KB     
q4_layer_ctrl:activation_stream2-->PIPE               5345.395 KB     
PIPE-->q4_layer_ctrl:out_stream1               3283.875 KB     
PIPE-->q4_layer_ctrl:out_stream2               3078.250 KB     
PIPE-->q4_layer_ctrl:out_stream3               3078.250 KB     
q4_layer_ctrl:task_stream0-->PIPE               10.438 KB       
q4_layer_ctrl:task_stream1-->PIPE               10.406 KB       
q4_layer_ctrl:task_stream2-->PIPE               9.703 KB        
q4_layer_ctrl:task_stream3-->PIPE               9.703 KB        
q4_layer_ctrl:vector_stream0a-->PIPE               1050.562 KB     
q4_layer_ctrl:vector_stream0b-->PIPE               946.562 KB      
q4_layer_ctrl:vector_stream1a-->PIPE               1037.562 KB     
q4_layer_ctrl:activation_stream3-->PIPE               5345.395 KB     
q4_layer_ctrl:vector_stream1b-->PIPE               933.562 KB      
q4_layer_ctrl:vector_stream2a-->PIPE               976.625 KB      

INFO::[ Vitis-EM 22 ] [Time elapsed: 490 minute(s) 47 seconds, Emulation time: 9.80195 ms]
Data transfer between kernel(s) and global memory(s)
q4_layer_ctrl:m_axi_scales-HBM[6]          RD = 1.062 KB               WR = 0.000 KB        
q4_layer_ctrl:m_axi_weight0a-HBM[8]          RD = 45137.500 KB           WR = 0.000 KB        
q4_layer_ctrl:m_axi_weight0b-HBM[9]          RD = 45137.500 KB           WR = 0.000 KB        
q4_layer_ctrl:m_axi_weight1a-HBM[10]          RD = 45137.500 KB           WR = 0.000 KB        
q4_layer_ctrl:m_axi_weight1b-HBM[11]          RD = 45137.500 KB           WR = 0.000 KB        
q4_layer_ctrl:m_axi_weight2a-HBM[12]          RD = 42705.500 KB           WR = 0.000 KB        
q4_layer_ctrl:m_axi_weight2b-HBM[13]          RD = 42705.500 KB           WR = 0.000 KB        
q4_layer_ctrl:m_axi_weight3a-HBM[14]          RD = 42705.500 KB           WR = 0.000 KB        
q4_layer_ctrl:m_axi_weight3b-HBM[15]          RD = 42705.500 KB           WR = 0.000 KB        
q4_layer_ctrl:m_axi_hidden_in-HBM[0]          RD = 268.000 KB             WR = 0.000 KB        
q4_layer_ctrl:m_axi_hidden_out-HBM[1]          RD = 0.000 KB               WR = 264.000 KB      
q4_layer_ctrl:m_axi_kv_k-HBM[2]          RD = 210.500 KB             WR = 33.500 KB       
q4_layer_ctrl:m_axi_kv_v-HBM[3]          RD = 210.500 KB             WR = 33.500 KB       
q4_layer_ctrl:m_axi_norm-HBM[4]          RD = 80.000 KB              WR = 0.000 KB        
q4_layer_ctrl:m_axi_rope-HBM[5]          RD = 268.000 KB             WR = 0.000 KB        

Data transfer on stream interfaces
q4_layer_ctrl:activation_stream0-->PIPE               5665.781 KB     
q4_layer_ctrl:activation_stream1-->PIPE               5665.781 KB     
PIPE-->q4_layer_ctrl:out_stream0               3304.875 KB     
q4_layer_ctrl:activation_stream2-->PIPE               5361.020 KB     
PIPE-->q4_layer_ctrl:out_stream1               3290.875 KB     
PIPE-->q4_layer_ctrl:out_stream2               3085.250 KB     
PIPE-->q4_layer_ctrl:out_stream3               3085.250 KB     
q4_layer_ctrl:task_stream0-->PIPE               10.469 KB       
q4_layer_ctrl:task_stream1-->PIPE               10.438 KB       
q4_layer_ctrl:task_stream2-->PIPE               9.734 KB        
q4_layer_ctrl:task_stream3-->PIPE               9.734 KB        
q4_layer_ctrl:vector_stream0a-->PIPE               1050.562 KB     
q4_layer_ctrl:vector_stream0b-->PIPE               946.562 KB      
q4_layer_ctrl:vector_stream1a-->PIPE               1037.562 KB     
q4_layer_ctrl:activation_stream3-->PIPE               5361.020 KB     
q4_layer_ctrl:vector_stream1b-->PIPE               933.562 KB      
q4_layer_ctrl:vector_stream2a-->PIPE               976.625 KB      

INFO::[ Vitis-EM 22 ] [Time elapsed: 491 minute(s) 32 seconds, Emulation time: 9.81706 ms]
Data transfer between kernel(s) and global memory(s)
q4_layer_ctrl:m_axi_scales-HBM[6]          RD = 1.062 KB               WR = 0.000 KB        
q4_layer_ctrl:m_axi_weight0a-HBM[8]          RD = 45272.000 KB           WR = 0.000 KB        
q4_layer_ctrl:m_axi_weight0b-HBM[9]          RD = 45272.000 KB           WR = 0.000 KB        
q4_layer_ctrl:m_axi_weight1a-HBM[10]          RD = 45272.000 KB           WR = 0.000 KB        
q4_layer_ctrl:m_axi_weight1b-HBM[11]          RD = 45272.000 KB           WR = 0.000 KB        
q4_layer_ctrl:m_axi_weight2a-HBM[12]          RD = 42840.000 KB           WR = 0.000 KB        
q4_layer_ctrl:m_axi_weight2b-HBM[13]          RD = 42840.000 KB           WR = 0.000 KB        
q4_layer_ctrl:m_axi_weight3a-HBM[14]          RD = 42840.000 KB           WR = 0.000 KB        
q4_layer_ctrl:m_axi_weight3b-HBM[15]          RD = 42840.000 KB           WR = 0.000 KB        
q4_layer_ctrl:m_axi_hidden_in-HBM[0]          RD = 268.000 KB             WR = 0.000 KB        
q4_layer_ctrl:m_axi_hidden_out-HBM[1]          RD = 0.000 KB               WR = 264.000 KB      
q4_layer_ctrl:m_axi_kv_k-HBM[2]          RD = 210.500 KB             WR = 33.500 KB       
q4_layer_ctrl:m_axi_kv_v-HBM[3]          RD = 210.500 KB             WR = 33.500 KB       
q4_layer_ctrl:m_axi_norm-HBM[4]          RD = 80.000 KB              WR = 0.000 KB        
q4_layer_ctrl:m_axi_rope-HBM[5]          RD = 268.000 KB             WR = 0.000 KB        

Data transfer on stream interfaces
q4_layer_ctrl:activation_stream0-->PIPE               5682.594 KB     
q4_layer_ctrl:activation_stream1-->PIPE               5682.594 KB     
PIPE-->q4_layer_ctrl:out_stream0               3311.875 KB     
q4_layer_ctrl:activation_stream2-->PIPE               5377.832 KB     
PIPE-->q4_layer_ctrl:out_stream1               3297.875 KB     
PIPE-->q4_layer_ctrl:out_stream2               3092.250 KB     
PIPE-->q4_layer_ctrl:out_stream3               3092.250 KB     
q4_layer_ctrl:task_stream0-->PIPE               10.500 KB       
q4_layer_ctrl:task_stream1-->PIPE               10.469 KB       
q4_layer_ctrl:task_stream2-->PIPE               9.766 KB        
q4_layer_ctrl:task_stream3-->PIPE               9.766 KB        
q4_layer_ctrl:vector_stream0a-->PIPE               1050.562 KB     
q4_layer_ctrl:vector_stream0b-->PIPE               946.562 KB      
q4_layer_ctrl:vector_stream1a-->PIPE               1037.562 KB     
q4_layer_ctrl:activation_stream3-->PIPE               5377.832 KB     
q4_layer_ctrl:vector_stream1b-->PIPE               933.562 KB      
q4_layer_ctrl:vector_stream2a-->PIPE               976.625 KB      

INFO::[ Vitis-EM 22 ] [Time elapsed: 492 minute(s) 14 seconds, Emulation time: 9.83116 ms]
Data transfer between kernel(s) and global memory(s)
q4_layer_ctrl:m_axi_scales-HBM[6]          RD = 1.062 KB               WR = 0.000 KB        
q4_layer_ctrl:m_axi_weight0a-HBM[8]          RD = 45397.000 KB           WR = 0.000 KB        
q4_layer_ctrl:m_axi_weight0b-HBM[9]          RD = 45397.000 KB           WR = 0.000 KB        
q4_layer_ctrl:m_axi_weight1a-HBM[10]          RD = 45397.000 KB           WR = 0.000 KB        
q4_layer_ctrl:m_axi_weight1b-HBM[11]          RD = 45397.000 KB           WR = 0.000 KB        
q4_layer_ctrl:m_axi_weight2a-HBM[12]          RD = 42965.000 KB           WR = 0.000 KB        
q4_layer_ctrl:m_axi_weight2b-HBM[13]          RD = 42965.000 KB           WR = 0.000 KB        
q4_layer_ctrl:m_axi_weight3a-HBM[14]          RD = 42965.000 KB           WR = 0.000 KB        
q4_layer_ctrl:m_axi_weight3b-HBM[15]          RD = 42965.000 KB           WR = 0.000 KB        
q4_layer_ctrl:m_axi_hidden_in-HBM[0]          RD = 268.000 KB             WR = 0.000 KB        
q4_layer_ctrl:m_axi_hidden_out-HBM[1]          RD = 0.000 KB               WR = 264.000 KB      
q4_layer_ctrl:m_axi_kv_k-HBM[2]          RD = 210.500 KB             WR = 33.500 KB       
q4_layer_ctrl:m_axi_kv_v-HBM[3]          RD = 210.500 KB             WR = 33.500 KB       
q4_layer_ctrl:m_axi_norm-HBM[4]          RD = 80.000 KB              WR = 0.000 KB        
q4_layer_ctrl:m_axi_rope-HBM[5]          RD = 268.000 KB             WR = 0.000 KB        

Data transfer on stream interfaces
q4_layer_ctrl:activation_stream0-->PIPE               5698.223 KB     
q4_layer_ctrl:activation_stream1-->PIPE               5698.223 KB     
PIPE-->q4_layer_ctrl:out_stream0               3318.875 KB     
q4_layer_ctrl:activation_stream2-->PIPE               5393.461 KB     
PIPE-->q4_layer_ctrl:out_stream1               3304.875 KB     
PIPE-->q4_layer_ctrl:out_stream2               3099.250 KB     
PIPE-->q4_layer_ctrl:out_stream3               3099.250 KB     
q4_layer_ctrl:task_stream0-->PIPE               10.531 KB       
q4_layer_ctrl:task_stream1-->PIPE               10.500 KB       
q4_layer_ctrl:task_stream2-->PIPE               9.797 KB        
q4_layer_ctrl:task_stream3-->PIPE               9.797 KB        
q4_layer_ctrl:vector_stream0a-->PIPE               1050.562 KB     
q4_layer_ctrl:vector_stream0b-->PIPE               946.562 KB      
q4_layer_ctrl:vector_stream1a-->PIPE               1037.562 KB     
q4_layer_ctrl:activation_stream3-->PIPE               5393.461 KB     
q4_layer_ctrl:vector_stream1b-->PIPE               933.562 KB      
q4_layer_ctrl:vector_stream2a-->PIPE               976.625 KB      

INFO::[ Vitis-EM 22 ] [Time elapsed: 496 minute(s) 45 seconds, Emulation time: 9.92579 ms]
Data transfer between kernel(s) and global memory(s)
q4_layer_ctrl:m_axi_scales-HBM[6]          RD = 1.078 KB               WR = 0.000 KB        
q4_layer_ctrl:m_axi_weight0a-HBM[8]          RD = 46206.000 KB           WR = 0.000 KB        
q4_layer_ctrl:m_axi_weight0b-HBM[9]          RD = 46206.000 KB           WR = 0.000 KB        
q4_layer_ctrl:m_axi_weight1a-HBM[10]          RD = 46206.000 KB           WR = 0.000 KB        
q4_layer_ctrl:m_axi_weight1b-HBM[11]          RD = 46206.000 KB           WR = 0.000 KB        
q4_layer_ctrl:m_axi_weight2a-HBM[12]          RD = 43710.000 KB           WR = 0.000 KB        
q4_layer_ctrl:m_axi_weight2b-HBM[13]          RD = 43710.000 KB           WR = 0.000 KB        
q4_layer_ctrl:m_axi_weight3a-HBM[14]          RD = 43710.000 KB           WR = 0.000 KB        
q4_layer_ctrl:m_axi_weight3b-HBM[15]          RD = 43710.000 KB           WR = 0.000 KB        
q4_layer_ctrl:m_axi_hidden_in-HBM[0]          RD = 268.000 KB             WR = 0.000 KB        
q4_layer_ctrl:m_axi_hidden_out-HBM[1]          RD = 0.000 KB               WR = 264.000 KB      
q4_layer_ctrl:m_axi_kv_k-HBM[2]          RD = 210.500 KB             WR = 33.500 KB       
q4_layer_ctrl:m_axi_kv_v-HBM[3]          RD = 210.500 KB             WR = 33.500 KB       
q4_layer_ctrl:m_axi_norm-HBM[4]          RD = 80.000 KB              WR = 0.000 KB        
q4_layer_ctrl:m_axi_rope-HBM[5]          RD = 268.000 KB             WR = 0.000 KB        

Data transfer on stream interfaces
q4_layer_ctrl:activation_stream0-->PIPE               5799.359 KB     
q4_layer_ctrl:activation_stream1-->PIPE               5799.359 KB     
PIPE-->q4_layer_ctrl:out_stream0               3364.375 KB     
q4_layer_ctrl:activation_stream2-->PIPE               5486.598 KB     
PIPE-->q4_layer_ctrl:out_stream1               3350.375 KB     
PIPE-->q4_layer_ctrl:out_stream2               3141.250 KB     
PIPE-->q4_layer_ctrl:out_stream3               3141.250 KB     
q4_layer_ctrl:task_stream0-->PIPE               10.734 KB       
q4_layer_ctrl:task_stream1-->PIPE               10.703 KB       
q4_layer_ctrl:task_stream2-->PIPE               9.984 KB        
q4_layer_ctrl:task_stream3-->PIPE               9.984 KB        
q4_layer_ctrl:vector_stream0a-->PIPE               1050.562 KB     
q4_layer_ctrl:vector_stream0b-->PIPE               946.562 KB      
q4_layer_ctrl:vector_stream1a-->PIPE               1037.562 KB     
q4_layer_ctrl:activation_stream3-->PIPE               5486.598 KB     
q4_layer_ctrl:vector_stream1b-->PIPE               933.562 KB      
q4_layer_ctrl:vector_stream2a-->PIPE               976.625 KB      

INFO::[ Vitis-EM 22 ] [Time elapsed: 497 minute(s) 16 seconds, Emulation time: 9.93585 ms]
Data transfer between kernel(s) and global memory(s)
q4_layer_ctrl:m_axi_scales-HBM[6]          RD = 1.078 KB               WR = 0.000 KB        
q4_layer_ctrl:m_axi_weight0a-HBM[8]          RD = 46296.500 KB           WR = 0.000 KB        
q4_layer_ctrl:m_axi_weight0b-HBM[9]          RD = 46296.500 KB           WR = 0.000 KB        
q4_layer_ctrl:m_axi_weight1a-HBM[10]          RD = 46296.500 KB           WR = 0.000 KB        
q4_layer_ctrl:m_axi_weight1b-HBM[11]          RD = 46296.500 KB           WR = 0.000 KB        
q4_layer_ctrl:m_axi_weight2a-HBM[12]          RD = 43800.500 KB           WR = 0.000 KB        
q4_layer_ctrl:m_axi_weight2b-HBM[13]          RD = 43800.500 KB           WR = 0.000 KB        
q4_layer_ctrl:m_axi_weight3a-HBM[14]          RD = 43800.500 KB           WR = 0.000 KB        
q4_layer_ctrl:m_axi_weight3b-HBM[15]          RD = 43800.500 KB           WR = 0.000 KB        
q4_layer_ctrl:m_axi_hidden_in-HBM[0]          RD = 268.000 KB             WR = 0.000 KB        
q4_layer_ctrl:m_axi_hidden_out-HBM[1]          RD = 0.000 KB               WR = 264.000 KB      
q4_layer_ctrl:m_axi_kv_k-HBM[2]          RD = 210.500 KB             WR = 33.500 KB       
q4_layer_ctrl:m_axi_kv_v-HBM[3]          RD = 210.500 KB             WR = 33.500 KB       
q4_layer_ctrl:m_axi_norm-HBM[4]          RD = 80.000 KB              WR = 0.000 KB        
q4_layer_ctrl:m_axi_rope-HBM[5]          RD = 268.000 KB             WR = 0.000 KB        

Data transfer on stream interfaces
q4_layer_ctrl:activation_stream0-->PIPE               5810.699 KB     
q4_layer_ctrl:activation_stream1-->PIPE               5810.699 KB     
PIPE-->q4_layer_ctrl:out_stream0               3367.875 KB     
q4_layer_ctrl:activation_stream2-->PIPE               5497.938 KB     
PIPE-->q4_layer_ctrl:out_stream1               3353.875 KB     
PIPE-->q4_layer_ctrl:out_stream2               3144.750 KB     
PIPE-->q4_layer_ctrl:out_stream3               3144.750 KB     
q4_layer_ctrl:task_stream0-->PIPE               10.750 KB       
q4_layer_ctrl:task_stream1-->PIPE               10.719 KB       
q4_layer_ctrl:task_stream2-->PIPE               10.000 KB       
q4_layer_ctrl:task_stream3-->PIPE               10.000 KB       
q4_layer_ctrl:vector_stream0a-->PIPE               1050.562 KB     
q4_layer_ctrl:vector_stream0b-->PIPE               946.562 KB      
q4_layer_ctrl:vector_stream1a-->PIPE               1037.562 KB     
q4_layer_ctrl:activation_stream3-->PIPE               5497.938 KB     
q4_layer_ctrl:vector_stream1b-->PIPE               933.562 KB      
q4_layer_ctrl:vector_stream2a-->PIPE               976.625 KB      

INFO::[ Vitis-EM 22 ] [Time elapsed: 500 minute(s) 46 seconds, Emulation time: 10.0063 ms]
Data transfer between kernel(s) and global memory(s)
q4_layer_ctrl:m_axi_scales-HBM[6]          RD = 1.078 KB               WR = 0.000 KB        
q4_layer_ctrl:m_axi_weight0a-HBM[8]          RD = 46921.000 KB           WR = 0.000 KB        
q4_layer_ctrl:m_axi_weight0b-HBM[9]          RD = 46921.000 KB           WR = 0.000 KB        
q4_layer_ctrl:m_axi_weight1a-HBM[10]          RD = 46921.000 KB           WR = 0.000 KB        
q4_layer_ctrl:m_axi_weight1b-HBM[11]          RD = 46921.000 KB           WR = 0.000 KB        
q4_layer_ctrl:m_axi_weight2a-HBM[12]          RD = 44384.000 KB           WR = 0.000 KB        
q4_layer_ctrl:m_axi_weight2b-HBM[13]          RD = 44384.000 KB           WR = 0.000 KB        
q4_layer_ctrl:m_axi_weight3a-HBM[14]          RD = 44384.000 KB           WR = 0.000 KB        
q4_layer_ctrl:m_axi_weight3b-HBM[15]          RD = 44384.000 KB           WR = 0.000 KB        
q4_layer_ctrl:m_axi_hidden_in-HBM[0]          RD = 268.000 KB             WR = 0.000 KB        
q4_layer_ctrl:m_axi_hidden_out-HBM[1]          RD = 0.000 KB               WR = 264.000 KB      
q4_layer_ctrl:m_axi_kv_k-HBM[2]          RD = 210.500 KB             WR = 33.500 KB       
q4_layer_ctrl:m_axi_kv_v-HBM[3]          RD = 210.500 KB             WR = 33.500 KB       
q4_layer_ctrl:m_axi_norm-HBM[4]          RD = 80.000 KB              WR = 0.000 KB        
q4_layer_ctrl:m_axi_rope-HBM[5]          RD = 268.000 KB             WR = 0.000 KB        

Data transfer on stream interfaces
q4_layer_ctrl:activation_stream0-->PIPE               5888.750 KB     
q4_layer_ctrl:activation_stream1-->PIPE               5888.750 KB     
PIPE-->q4_layer_ctrl:out_stream0               3402.875 KB     
q4_layer_ctrl:activation_stream2-->PIPE               5571.531 KB     
PIPE-->q4_layer_ctrl:out_stream1               3388.875 KB     
PIPE-->q4_layer_ctrl:out_stream2               3179.750 KB     
PIPE-->q4_layer_ctrl:out_stream3               3179.750 KB     
q4_layer_ctrl:task_stream0-->PIPE               10.906 KB       
q4_layer_ctrl:task_stream1-->PIPE               10.875 KB       
q4_layer_ctrl:task_stream2-->PIPE               10.141 KB       
q4_layer_ctrl:task_stream3-->PIPE               10.141 KB       
q4_layer_ctrl:vector_stream0a-->PIPE               1050.562 KB     
q4_layer_ctrl:vector_stream0b-->PIPE               946.562 KB      
q4_layer_ctrl:vector_stream1a-->PIPE               1037.562 KB     
q4_layer_ctrl:activation_stream3-->PIPE               5571.531 KB     
q4_layer_ctrl:vector_stream1b-->PIPE               933.562 KB      
q4_layer_ctrl:vector_stream2a-->PIPE               976.625 KB      

INFO::[ Vitis-EM 22 ] [Time elapsed: 501 minute(s) 4 seconds, Emulation time: 10.0184 ms]
Data transfer between kernel(s) and global memory(s)
q4_layer_ctrl:m_axi_scales-HBM[6]          RD = 1.078 KB               WR = 0.000 KB        
q4_layer_ctrl:m_axi_weight0a-HBM[8]          RD = 46944.000 KB           WR = 0.000 KB        
q4_layer_ctrl:m_axi_weight0b-HBM[9]          RD = 46944.000 KB           WR = 0.000 KB        
q4_layer_ctrl:m_axi_weight1a-HBM[10]          RD = 46944.000 KB           WR = 0.000 KB        
q4_layer_ctrl:m_axi_weight1b-HBM[11]          RD = 46944.000 KB           WR = 0.000 KB        
q4_layer_ctrl:m_axi_weight2a-HBM[12]          RD = 44384.000 KB           WR = 0.000 KB        
q4_layer_ctrl:m_axi_weight2b-HBM[13]          RD = 44384.000 KB           WR = 0.000 KB        
q4_layer_ctrl:m_axi_weight3a-HBM[14]          RD = 44384.000 KB           WR = 0.000 KB        
q4_layer_ctrl:m_axi_weight3b-HBM[15]          RD = 44384.000 KB           WR = 0.000 KB        
q4_layer_ctrl:m_axi_hidden_in-HBM[0]          RD = 268.000 KB             WR = 0.000 KB        
q4_layer_ctrl:m_axi_hidden_out-HBM[1]          RD = 0.000 KB               WR = 264.000 KB      
q4_layer_ctrl:m_axi_kv_k-HBM[2]          RD = 210.500 KB             WR = 33.500 KB       
q4_layer_ctrl:m_axi_kv_v-HBM[3]          RD = 210.500 KB             WR = 33.500 KB       
q4_layer_ctrl:m_axi_norm-HBM[4]          RD = 80.000 KB              WR = 0.000 KB        
q4_layer_ctrl:m_axi_rope-HBM[5]          RD = 268.000 KB             WR = 0.000 KB        

Data transfer on stream interfaces
q4_layer_ctrl:activation_stream0-->PIPE               5892.293 KB     
q4_layer_ctrl:activation_stream1-->PIPE               5892.293 KB     
PIPE-->q4_layer_ctrl:out_stream0               3411.789 KB     
q4_layer_ctrl:activation_stream2-->PIPE               5571.531 KB     
PIPE-->q4_layer_ctrl:out_stream1               3397.789 KB     
PIPE-->q4_layer_ctrl:out_stream2               3185.164 KB     
PIPE-->q4_layer_ctrl:out_stream3               3185.109 KB     
q4_layer_ctrl:task_stream0-->PIPE               10.922 KB       
q4_layer_ctrl:task_stream1-->PIPE               10.891 KB       
q4_layer_ctrl:task_stream2-->PIPE               10.156 KB       
q4_layer_ctrl:task_stream3-->PIPE               10.156 KB       
q4_layer_ctrl:vector_stream0a-->PIPE               1057.621 KB     
q4_layer_ctrl:vector_stream0b-->PIPE               953.621 KB      
q4_layer_ctrl:vector_stream1a-->PIPE               1044.621 KB     
q4_layer_ctrl:activation_stream3-->PIPE               5571.531 KB     
q4_layer_ctrl:vector_stream1b-->PIPE               940.621 KB      
q4_layer_ctrl:vector_stream2a-->PIPE               983.684 KB      

INFO::[ Vitis-EM 22 ] [Time elapsed: 501 minute(s) 24 seconds, Emulation time: 10.0306 ms]
Data transfer between kernel(s) and global memory(s)
q4_layer_ctrl:m_axi_scales-HBM[6]          RD = 1.094 KB               WR = 0.000 KB        
q4_layer_ctrl:m_axi_weight0a-HBM[8]          RD = 46976.500 KB           WR = 0.000 KB        
q4_layer_ctrl:m_axi_weight0b-HBM[9]          RD = 46976.500 KB           WR = 0.000 KB        
q4_layer_ctrl:m_axi_weight1a-HBM[10]          RD = 46976.500 KB           WR = 0.000 KB        
q4_layer_ctrl:m_axi_weight1b-HBM[11]          RD = 46976.500 KB           WR = 0.000 KB        
q4_layer_ctrl:m_axi_weight2a-HBM[12]          RD = 44416.500 KB           WR = 0.000 KB        
q4_layer_ctrl:m_axi_weight2b-HBM[13]          RD = 44416.500 KB           WR = 0.000 KB        
q4_layer_ctrl:m_axi_weight3a-HBM[14]          RD = 44416.500 KB           WR = 0.000 KB        
q4_layer_ctrl:m_axi_weight3b-HBM[15]          RD = 44416.500 KB           WR = 0.000 KB        
q4_layer_ctrl:m_axi_hidden_in-HBM[0]          RD = 268.000 KB             WR = 0.000 KB        
q4_layer_ctrl:m_axi_hidden_out-HBM[1]          RD = 0.000 KB               WR = 264.000 KB      
q4_layer_ctrl:m_axi_kv_k-HBM[2]          RD = 210.500 KB             WR = 33.500 KB       
q4_layer_ctrl:m_axi_kv_v-HBM[3]          RD = 210.500 KB             WR = 33.500 KB       
q4_layer_ctrl:m_axi_norm-HBM[4]          RD = 80.000 KB              WR = 0.000 KB        
q4_layer_ctrl:m_axi_rope-HBM[5]          RD = 268.000 KB             WR = 0.000 KB        

Data transfer on stream interfaces
q4_layer_ctrl:activation_stream0-->PIPE               5895.875 KB     
q4_layer_ctrl:activation_stream1-->PIPE               5895.875 KB     
PIPE-->q4_layer_ctrl:out_stream0               3415.781 KB     
q4_layer_ctrl:activation_stream2-->PIPE               5575.113 KB     
PIPE-->q4_layer_ctrl:out_stream1               3401.781 KB     
PIPE-->q4_layer_ctrl:out_stream2               3189.156 KB     
PIPE-->q4_layer_ctrl:out_stream3               3189.156 KB     
q4_layer_ctrl:task_stream0-->PIPE               10.938 KB       
q4_layer_ctrl:task_stream1-->PIPE               10.906 KB       
q4_layer_ctrl:task_stream2-->PIPE               10.172 KB       
q4_layer_ctrl:task_stream3-->PIPE               10.172 KB       
q4_layer_ctrl:vector_stream0a-->PIPE               1059.297 KB     
q4_layer_ctrl:vector_stream0b-->PIPE               955.297 KB      
q4_layer_ctrl:vector_stream1a-->PIPE               1046.297 KB     
q4_layer_ctrl:activation_stream3-->PIPE               5575.113 KB     
q4_layer_ctrl:vector_stream1b-->PIPE               942.297 KB      
q4_layer_ctrl:vector_stream2a-->PIPE               985.359 KB      

INFO::[ Vitis-EM 22 ] [Time elapsed: 502 minute(s) 22 seconds, Emulation time: 10.0507 ms]
Data transfer between kernel(s) and global memory(s)
q4_layer_ctrl:m_axi_scales-HBM[6]          RD = 1.094 KB               WR = 0.000 KB        
q4_layer_ctrl:m_axi_weight0a-HBM[8]          RD = 47165.000 KB           WR = 0.000 KB        
q4_layer_ctrl:m_axi_weight0b-HBM[9]          RD = 47165.000 KB           WR = 0.000 KB        
q4_layer_ctrl:m_axi_weight1a-HBM[10]          RD = 47165.000 KB           WR = 0.000 KB        
q4_layer_ctrl:m_axi_weight1b-HBM[11]          RD = 47165.000 KB           WR = 0.000 KB        
q4_layer_ctrl:m_axi_weight2a-HBM[12]          RD = 44605.000 KB           WR = 0.000 KB        
q4_layer_ctrl:m_axi_weight2b-HBM[13]          RD = 44605.000 KB           WR = 0.000 KB        
q4_layer_ctrl:m_axi_weight3a-HBM[14]          RD = 44605.000 KB           WR = 0.000 KB        
q4_layer_ctrl:m_axi_weight3b-HBM[15]          RD = 44605.000 KB           WR = 0.000 KB        
q4_layer_ctrl:m_axi_hidden_in-HBM[0]          RD = 268.000 KB             WR = 0.000 KB        
q4_layer_ctrl:m_axi_hidden_out-HBM[1]          RD = 0.000 KB               WR = 264.000 KB      
q4_layer_ctrl:m_axi_kv_k-HBM[2]          RD = 210.500 KB             WR = 33.500 KB       
q4_layer_ctrl:m_axi_kv_v-HBM[3]          RD = 210.500 KB             WR = 33.500 KB       
q4_layer_ctrl:m_axi_norm-HBM[4]          RD = 80.000 KB              WR = 0.000 KB        
q4_layer_ctrl:m_axi_rope-HBM[5]          RD = 268.000 KB             WR = 0.000 KB        

Data transfer on stream interfaces
q4_layer_ctrl:activation_stream0-->PIPE               5919.473 KB     
q4_layer_ctrl:activation_stream1-->PIPE               5919.473 KB     
PIPE-->q4_layer_ctrl:out_stream0               3415.781 KB     
q4_layer_ctrl:activation_stream2-->PIPE               5598.711 KB     
PIPE-->q4_layer_ctrl:out_stream1               3401.781 KB     
PIPE-->q4_layer_ctrl:out_stream2               3189.156 KB     
PIPE-->q4_layer_ctrl:out_stream3               3189.156 KB     
q4_layer_ctrl:task_stream0-->PIPE               10.938 KB       
q4_layer_ctrl:task_stream1-->PIPE               10.906 KB       
q4_layer_ctrl:task_stream2-->PIPE               10.172 KB       
q4_layer_ctrl:task_stream3-->PIPE               10.172 KB       
q4_layer_ctrl:vector_stream0a-->PIPE               1059.297 KB     
q4_layer_ctrl:vector_stream0b-->PIPE               955.297 KB      
q4_layer_ctrl:vector_stream1a-->PIPE               1046.297 KB     
q4_layer_ctrl:activation_stream3-->PIPE               5598.711 KB     
q4_layer_ctrl:vector_stream1b-->PIPE               942.297 KB      
q4_layer_ctrl:vector_stream2a-->PIPE               985.359 KB      

INFO::[ Vitis-EM 22 ] [Time elapsed: 502 minute(s) 38 seconds, Emulation time: 10.0558 ms]
Data transfer between kernel(s) and global memory(s)
q4_layer_ctrl:m_axi_scales-HBM[6]          RD = 1.094 KB               WR = 0.000 KB        
q4_layer_ctrl:m_axi_weight0a-HBM[8]          RD = 47212.500 KB           WR = 0.000 KB        
q4_layer_ctrl:m_axi_weight0b-HBM[9]          RD = 47212.500 KB           WR = 0.000 KB        
q4_layer_ctrl:m_axi_weight1a-HBM[10]          RD = 47212.500 KB           WR = 0.000 KB        
q4_layer_ctrl:m_axi_weight1b-HBM[11]          RD = 47212.500 KB           WR = 0.000 KB        
q4_layer_ctrl:m_axi_weight2a-HBM[12]          RD = 44652.500 KB           WR = 0.000 KB        
q4_layer_ctrl:m_axi_weight2b-HBM[13]          RD = 44652.500 KB           WR = 0.000 KB        
q4_layer_ctrl:m_axi_weight3a-HBM[14]          RD = 44652.500 KB           WR = 0.000 KB        
q4_layer_ctrl:m_axi_weight3b-HBM[15]          RD = 44652.500 KB           WR = 0.000 KB        
q4_layer_ctrl:m_axi_hidden_in-HBM[0]          RD = 268.000 KB             WR = 0.000 KB        
q4_layer_ctrl:m_axi_hidden_out-HBM[1]          RD = 0.000 KB               WR = 264.000 KB      
q4_layer_ctrl:m_axi_kv_k-HBM[2]          RD = 210.500 KB             WR = 33.500 KB       
q4_layer_ctrl:m_axi_kv_v-HBM[3]          RD = 210.500 KB             WR = 33.500 KB       
q4_layer_ctrl:m_axi_norm-HBM[4]          RD = 80.000 KB              WR = 0.000 KB        
q4_layer_ctrl:m_axi_rope-HBM[5]          RD = 268.000 KB             WR = 0.000 KB        

Data transfer on stream interfaces
q4_layer_ctrl:activation_stream0-->PIPE               5925.363 KB     
q4_layer_ctrl:activation_stream1-->PIPE               5925.363 KB     
PIPE-->q4_layer_ctrl:out_stream0               3415.781 KB     
q4_layer_ctrl:activation_stream2-->PIPE               5604.602 KB     
PIPE-->q4_layer_ctrl:out_stream1               3401.781 KB     
PIPE-->q4_layer_ctrl:out_stream2               3189.156 KB     
PIPE-->q4_layer_ctrl:out_stream3               3189.156 KB     
q4_layer_ctrl:task_stream0-->PIPE               10.938 KB       
q4_layer_ctrl:task_stream1-->PIPE               10.906 KB       
q4_layer_ctrl:task_stream2-->PIPE               10.172 KB       
q4_layer_ctrl:task_stream3-->PIPE               10.172 KB       
q4_layer_ctrl:vector_stream0a-->PIPE               1059.297 KB     
q4_layer_ctrl:vector_stream0b-->PIPE               955.297 KB      
q4_layer_ctrl:vector_stream1a-->PIPE               1046.297 KB     
q4_layer_ctrl:activation_stream3-->PIPE               5604.602 KB     
q4_layer_ctrl:vector_stream1b-->PIPE               942.297 KB      
q4_layer_ctrl:vector_stream2a-->PIPE               985.359 KB      

INFO::[ Vitis-EM 22 ] [Time elapsed: 502 minute(s) 51 seconds, Emulation time: 10.0598 ms]
Data transfer between kernel(s) and global memory(s)
q4_layer_ctrl:m_axi_scales-HBM[6]          RD = 1.094 KB               WR = 0.000 KB        
q4_layer_ctrl:m_axi_weight0a-HBM[8]          RD = 47250.000 KB           WR = 0.000 KB        
q4_layer_ctrl:m_axi_weight0b-HBM[9]          RD = 47250.000 KB           WR = 0.000 KB        
q4_layer_ctrl:m_axi_weight1a-HBM[10]          RD = 47250.000 KB           WR = 0.000 KB        
q4_layer_ctrl:m_axi_weight1b-HBM[11]          RD = 47250.000 KB           WR = 0.000 KB        
q4_layer_ctrl:m_axi_weight2a-HBM[12]          RD = 44690.000 KB           WR = 0.000 KB        
q4_layer_ctrl:m_axi_weight2b-HBM[13]          RD = 44690.000 KB           WR = 0.000 KB        
q4_layer_ctrl:m_axi_weight3a-HBM[14]          RD = 44690.000 KB           WR = 0.000 KB        
q4_layer_ctrl:m_axi_weight3b-HBM[15]          RD = 44690.000 KB           WR = 0.000 KB        
q4_layer_ctrl:m_axi_hidden_in-HBM[0]          RD = 268.000 KB             WR = 0.000 KB        
q4_layer_ctrl:m_axi_hidden_out-HBM[1]          RD = 0.000 KB               WR = 264.000 KB      
q4_layer_ctrl:m_axi_kv_k-HBM[2]          RD = 210.500 KB             WR = 33.500 KB       
q4_layer_ctrl:m_axi_kv_v-HBM[3]          RD = 210.500 KB             WR = 33.500 KB       
q4_layer_ctrl:m_axi_norm-HBM[4]          RD = 80.000 KB              WR = 0.000 KB        
q4_layer_ctrl:m_axi_rope-HBM[5]          RD = 268.000 KB             WR = 0.000 KB        

Data transfer on stream interfaces
q4_layer_ctrl:activation_stream0-->PIPE               5930.078 KB     
q4_layer_ctrl:activation_stream1-->PIPE               5930.078 KB     
PIPE-->q4_layer_ctrl:out_stream0               3415.781 KB     
q4_layer_ctrl:activation_stream2-->PIPE               5609.316 KB     
PIPE-->q4_layer_ctrl:out_stream1               3401.781 KB     
PIPE-->q4_layer_ctrl:out_stream2               3189.156 KB     
PIPE-->q4_layer_ctrl:out_stream3               3189.156 KB     
q4_layer_ctrl:task_stream0-->PIPE               10.938 KB       
q4_layer_ctrl:task_stream1-->PIPE               10.906 KB       
q4_layer_ctrl:task_stream2-->PIPE               10.172 KB       
q4_layer_ctrl:task_stream3-->PIPE               10.172 KB       
q4_layer_ctrl:vector_stream0a-->PIPE               1059.297 KB     
q4_layer_ctrl:vector_stream0b-->PIPE               955.297 KB      
q4_layer_ctrl:vector_stream1a-->PIPE               1046.297 KB     
q4_layer_ctrl:activation_stream3-->PIPE               5609.316 KB     
q4_layer_ctrl:vector_stream1b-->PIPE               942.297 KB      
q4_layer_ctrl:vector_stream2a-->PIPE               985.359 KB      

INFO::[ Vitis-EM 22 ] [Time elapsed: 503 minute(s) 7 seconds, Emulation time: 10.0648 ms]
Data transfer between kernel(s) and global memory(s)
q4_layer_ctrl:m_axi_scales-HBM[6]          RD = 1.094 KB               WR = 0.000 KB        
q4_layer_ctrl:m_axi_weight0a-HBM[8]          RD = 47295.000 KB           WR = 0.000 KB        
q4_layer_ctrl:m_axi_weight0b-HBM[9]          RD = 47295.000 KB           WR = 0.000 KB        
q4_layer_ctrl:m_axi_weight1a-HBM[10]          RD = 47295.000 KB           WR = 0.000 KB        
q4_layer_ctrl:m_axi_weight1b-HBM[11]          RD = 47295.000 KB           WR = 0.000 KB        
q4_layer_ctrl:m_axi_weight2a-HBM[12]          RD = 44735.000 KB           WR = 0.000 KB        
q4_layer_ctrl:m_axi_weight2b-HBM[13]          RD = 44735.000 KB           WR = 0.000 KB        
q4_layer_ctrl:m_axi_weight3a-HBM[14]          RD = 44735.000 KB           WR = 0.000 KB        
q4_layer_ctrl:m_axi_weight3b-HBM[15]          RD = 44735.000 KB           WR = 0.000 KB        
q4_layer_ctrl:m_axi_hidden_in-HBM[0]          RD = 268.000 KB             WR = 0.000 KB        
q4_layer_ctrl:m_axi_hidden_out-HBM[1]          RD = 0.000 KB               WR = 264.000 KB      
q4_layer_ctrl:m_axi_kv_k-HBM[2]          RD = 210.500 KB             WR = 33.500 KB       
q4_layer_ctrl:m_axi_kv_v-HBM[3]          RD = 210.500 KB             WR = 33.500 KB       
q4_layer_ctrl:m_axi_norm-HBM[4]          RD = 80.000 KB              WR = 0.000 KB        
q4_layer_ctrl:m_axi_rope-HBM[5]          RD = 268.000 KB             WR = 0.000 KB        

Data transfer on stream interfaces
q4_layer_ctrl:activation_stream0-->PIPE               5935.684 KB     
q4_layer_ctrl:activation_stream1-->PIPE               5935.684 KB     
PIPE-->q4_layer_ctrl:out_stream0               3419.281 KB     
q4_layer_ctrl:activation_stream2-->PIPE               5614.922 KB     
PIPE-->q4_layer_ctrl:out_stream1               3405.281 KB     
PIPE-->q4_layer_ctrl:out_stream2               3192.656 KB     
PIPE-->q4_layer_ctrl:out_stream3               3192.656 KB     
q4_layer_ctrl:task_stream0-->PIPE               10.953 KB       
q4_layer_ctrl:task_stream1-->PIPE               10.922 KB       
q4_layer_ctrl:task_stream2-->PIPE               10.188 KB       
q4_layer_ctrl:task_stream3-->PIPE               10.188 KB       
q4_layer_ctrl:vector_stream0a-->PIPE               1059.297 KB     
q4_layer_ctrl:vector_stream0b-->PIPE               955.297 KB      
q4_layer_ctrl:vector_stream1a-->PIPE               1046.297 KB     
q4_layer_ctrl:activation_stream3-->PIPE               5614.922 KB     
q4_layer_ctrl:vector_stream1b-->PIPE               942.297 KB      
q4_layer_ctrl:vector_stream2a-->PIPE               985.359 KB      

INFO::[ Vitis-EM 22 ] [Time elapsed: 503 minute(s) 19 seconds, Emulation time: 10.0689 ms]
Data transfer between kernel(s) and global memory(s)
q4_layer_ctrl:m_axi_scales-HBM[6]          RD = 1.094 KB               WR = 0.000 KB        
q4_layer_ctrl:m_axi_weight0a-HBM[8]          RD = 47332.500 KB           WR = 0.000 KB        
q4_layer_ctrl:m_axi_weight0b-HBM[9]          RD = 47332.500 KB           WR = 0.000 KB        
q4_layer_ctrl:m_axi_weight1a-HBM[10]          RD = 47332.500 KB           WR = 0.000 KB        
q4_layer_ctrl:m_axi_weight1b-HBM[11]          RD = 47332.500 KB           WR = 0.000 KB        
q4_layer_ctrl:m_axi_weight2a-HBM[12]          RD = 44772.500 KB           WR = 0.000 KB        
q4_layer_ctrl:m_axi_weight2b-HBM[13]          RD = 44772.500 KB           WR = 0.000 KB        
q4_layer_ctrl:m_axi_weight3a-HBM[14]          RD = 44772.500 KB           WR = 0.000 KB        
q4_layer_ctrl:m_axi_weight3b-HBM[15]          RD = 44772.500 KB           WR = 0.000 KB        
q4_layer_ctrl:m_axi_hidden_in-HBM[0]          RD = 268.000 KB             WR = 0.000 KB        
q4_layer_ctrl:m_axi_hidden_out-HBM[1]          RD = 0.000 KB               WR = 264.000 KB      
q4_layer_ctrl:m_axi_kv_k-HBM[2]          RD = 210.500 KB             WR = 33.500 KB       
q4_layer_ctrl:m_axi_kv_v-HBM[3]          RD = 210.500 KB             WR = 33.500 KB       
q4_layer_ctrl:m_axi_norm-HBM[4]          RD = 80.000 KB              WR = 0.000 KB        
q4_layer_ctrl:m_axi_rope-HBM[5]          RD = 268.000 KB             WR = 0.000 KB        

Data transfer on stream interfaces
q4_layer_ctrl:activation_stream0-->PIPE               5940.410 KB     
q4_layer_ctrl:activation_stream1-->PIPE               5940.410 KB     
PIPE-->q4_layer_ctrl:out_stream0               3419.281 KB     
q4_layer_ctrl:activation_stream2-->PIPE               5619.648 KB     
PIPE-->q4_layer_ctrl:out_stream1               3405.281 KB     
PIPE-->q4_layer_ctrl:out_stream2               3192.656 KB     
PIPE-->q4_layer_ctrl:out_stream3               3192.656 KB     
q4_layer_ctrl:task_stream0-->PIPE               10.953 KB       
q4_layer_ctrl:task_stream1-->PIPE               10.922 KB       
q4_layer_ctrl:task_stream2-->PIPE               10.188 KB       
q4_layer_ctrl:task_stream3-->PIPE               10.188 KB       
q4_layer_ctrl:vector_stream0a-->PIPE               1059.297 KB     
q4_layer_ctrl:vector_stream0b-->PIPE               955.297 KB      
q4_layer_ctrl:vector_stream1a-->PIPE               1046.297 KB     
q4_layer_ctrl:activation_stream3-->PIPE               5619.648 KB     
q4_layer_ctrl:vector_stream1b-->PIPE               942.297 KB      
q4_layer_ctrl:vector_stream2a-->PIPE               985.359 KB      

INFO::[ Vitis-EM 22 ] [Time elapsed: 503 minute(s) 32 seconds, Emulation time: 10.0729 ms]
Data transfer between kernel(s) and global memory(s)
q4_layer_ctrl:m_axi_scales-HBM[6]          RD = 1.094 KB               WR = 0.000 KB        
q4_layer_ctrl:m_axi_weight0a-HBM[8]          RD = 47370.500 KB           WR = 0.000 KB        
q4_layer_ctrl:m_axi_weight0b-HBM[9]          RD = 47370.500 KB           WR = 0.000 KB        
q4_layer_ctrl:m_axi_weight1a-HBM[10]          RD = 47370.500 KB           WR = 0.000 KB        
q4_layer_ctrl:m_axi_weight1b-HBM[11]          RD = 47370.500 KB           WR = 0.000 KB        
q4_layer_ctrl:m_axi_weight2a-HBM[12]          RD = 44810.500 KB           WR = 0.000 KB        
q4_layer_ctrl:m_axi_weight2b-HBM[13]          RD = 44810.500 KB           WR = 0.000 KB        
q4_layer_ctrl:m_axi_weight3a-HBM[14]          RD = 44810.500 KB           WR = 0.000 KB        
q4_layer_ctrl:m_axi_weight3b-HBM[15]          RD = 44810.500 KB           WR = 0.000 KB        
q4_layer_ctrl:m_axi_hidden_in-HBM[0]          RD = 268.000 KB             WR = 0.000 KB        
q4_layer_ctrl:m_axi_hidden_out-HBM[1]          RD = 0.000 KB               WR = 264.000 KB      
q4_layer_ctrl:m_axi_kv_k-HBM[2]          RD = 210.500 KB             WR = 33.500 KB       
q4_layer_ctrl:m_axi_kv_v-HBM[3]          RD = 210.500 KB             WR = 33.500 KB       
q4_layer_ctrl:m_axi_norm-HBM[4]          RD = 80.000 KB              WR = 0.000 KB        
q4_layer_ctrl:m_axi_rope-HBM[5]          RD = 268.000 KB             WR = 0.000 KB        

Data transfer on stream interfaces
q4_layer_ctrl:activation_stream0-->PIPE               5945.121 KB     
q4_layer_ctrl:activation_stream1-->PIPE               5945.121 KB     
PIPE-->q4_layer_ctrl:out_stream0               3419.281 KB     
q4_layer_ctrl:activation_stream2-->PIPE               5624.359 KB     
PIPE-->q4_layer_ctrl:out_stream1               3405.281 KB     
PIPE-->q4_layer_ctrl:out_stream2               3192.656 KB     
PIPE-->q4_layer_ctrl:out_stream3               3192.656 KB     
q4_layer_ctrl:task_stream0-->PIPE               10.953 KB       
q4_layer_ctrl:task_stream1-->PIPE               10.922 KB       
q4_layer_ctrl:task_stream2-->PIPE               10.188 KB       
q4_layer_ctrl:task_stream3-->PIPE               10.188 KB       
q4_layer_ctrl:vector_stream0a-->PIPE               1059.297 KB     
q4_layer_ctrl:vector_stream0b-->PIPE               955.297 KB      
q4_layer_ctrl:vector_stream1a-->PIPE               1046.297 KB     
q4_layer_ctrl:activation_stream3-->PIPE               5624.359 KB     
q4_layer_ctrl:vector_stream1b-->PIPE               942.297 KB      
q4_layer_ctrl:vector_stream2a-->PIPE               985.359 KB      

INFO::[ Vitis-EM 22 ] [Time elapsed: 503 minute(s) 47 seconds, Emulation time: 10.0779 ms]
Data transfer between kernel(s) and global memory(s)
q4_layer_ctrl:m_axi_scales-HBM[6]          RD = 1.094 KB               WR = 0.000 KB        
q4_layer_ctrl:m_axi_weight0a-HBM[8]          RD = 47417.500 KB           WR = 0.000 KB        
q4_layer_ctrl:m_axi_weight0b-HBM[9]          RD = 47417.500 KB           WR = 0.000 KB        
q4_layer_ctrl:m_axi_weight1a-HBM[10]          RD = 47417.500 KB           WR = 0.000 KB        
q4_layer_ctrl:m_axi_weight1b-HBM[11]          RD = 47417.500 KB           WR = 0.000 KB        
q4_layer_ctrl:m_axi_weight2a-HBM[12]          RD = 44857.500 KB           WR = 0.000 KB        
q4_layer_ctrl:m_axi_weight2b-HBM[13]          RD = 44857.500 KB           WR = 0.000 KB        
q4_layer_ctrl:m_axi_weight3a-HBM[14]          RD = 44857.500 KB           WR = 0.000 KB        
q4_layer_ctrl:m_axi_weight3b-HBM[15]          RD = 44857.500 KB           WR = 0.000 KB        
q4_layer_ctrl:m_axi_hidden_in-HBM[0]          RD = 268.000 KB             WR = 0.000 KB        
q4_layer_ctrl:m_axi_hidden_out-HBM[1]          RD = 0.000 KB               WR = 264.000 KB      
q4_layer_ctrl:m_axi_kv_k-HBM[2]          RD = 210.500 KB             WR = 33.500 KB       
q4_layer_ctrl:m_axi_kv_v-HBM[3]          RD = 210.500 KB             WR = 33.500 KB       
q4_layer_ctrl:m_axi_norm-HBM[4]          RD = 80.000 KB              WR = 0.000 KB        
q4_layer_ctrl:m_axi_rope-HBM[5]          RD = 268.000 KB             WR = 0.000 KB        

Data transfer on stream interfaces
q4_layer_ctrl:activation_stream0-->PIPE               5951.020 KB     
q4_layer_ctrl:activation_stream1-->PIPE               5951.020 KB     
PIPE-->q4_layer_ctrl:out_stream0               3419.281 KB     
q4_layer_ctrl:activation_stream2-->PIPE               5630.258 KB     
PIPE-->q4_layer_ctrl:out_stream1               3405.281 KB     
PIPE-->q4_layer_ctrl:out_stream2               3192.656 KB     
PIPE-->q4_layer_ctrl:out_stream3               3192.656 KB     
q4_layer_ctrl:task_stream0-->PIPE               10.953 KB       
q4_layer_ctrl:task_stream1-->PIPE               10.922 KB       
q4_layer_ctrl:task_stream2-->PIPE               10.188 KB       
q4_layer_ctrl:task_stream3-->PIPE               10.188 KB       
q4_layer_ctrl:vector_stream0a-->PIPE               1059.297 KB     
q4_layer_ctrl:vector_stream0b-->PIPE               955.297 KB      
q4_layer_ctrl:vector_stream1a-->PIPE               1046.297 KB     
q4_layer_ctrl:activation_stream3-->PIPE               5630.258 KB     
q4_layer_ctrl:vector_stream1b-->PIPE               942.297 KB      
q4_layer_ctrl:vector_stream2a-->PIPE               985.359 KB      

INFO::[ Vitis-EM 22 ] [Time elapsed: 504 minute(s) 0 seconds, Emulation time: 10.0819 ms]
Data transfer between kernel(s) and global memory(s)
q4_layer_ctrl:m_axi_scales-HBM[6]          RD = 1.094 KB               WR = 0.000 KB        
q4_layer_ctrl:m_axi_weight0a-HBM[8]          RD = 47455.500 KB           WR = 0.000 KB        
q4_layer_ctrl:m_axi_weight0b-HBM[9]          RD = 47455.500 KB           WR = 0.000 KB        
q4_layer_ctrl:m_axi_weight1a-HBM[10]          RD = 47455.500 KB           WR = 0.000 KB        
q4_layer_ctrl:m_axi_weight1b-HBM[11]          RD = 47455.500 KB           WR = 0.000 KB        
q4_layer_ctrl:m_axi_weight2a-HBM[12]          RD = 44895.500 KB           WR = 0.000 KB        
q4_layer_ctrl:m_axi_weight2b-HBM[13]          RD = 44895.500 KB           WR = 0.000 KB        
q4_layer_ctrl:m_axi_weight3a-HBM[14]          RD = 44895.500 KB           WR = 0.000 KB        
q4_layer_ctrl:m_axi_weight3b-HBM[15]          RD = 44895.500 KB           WR = 0.000 KB        
q4_layer_ctrl:m_axi_hidden_in-HBM[0]          RD = 268.000 KB             WR = 0.000 KB        
q4_layer_ctrl:m_axi_hidden_out-HBM[1]          RD = 0.000 KB               WR = 264.000 KB      
q4_layer_ctrl:m_axi_kv_k-HBM[2]          RD = 210.500 KB             WR = 33.500 KB       
q4_layer_ctrl:m_axi_kv_v-HBM[3]          RD = 210.500 KB             WR = 33.500 KB       
q4_layer_ctrl:m_axi_norm-HBM[4]          RD = 80.000 KB              WR = 0.000 KB        
q4_layer_ctrl:m_axi_rope-HBM[5]          RD = 268.000 KB             WR = 0.000 KB        

Data transfer on stream interfaces
q4_layer_ctrl:activation_stream0-->PIPE               5955.734 KB     
q4_layer_ctrl:activation_stream1-->PIPE               5955.734 KB     
PIPE-->q4_layer_ctrl:out_stream0               3419.281 KB     
q4_layer_ctrl:activation_stream2-->PIPE               5634.973 KB     
PIPE-->q4_layer_ctrl:out_stream1               3405.281 KB     
PIPE-->q4_layer_ctrl:out_stream2               3192.656 KB     
PIPE-->q4_layer_ctrl:out_stream3               3192.656 KB     
q4_layer_ctrl:task_stream0-->PIPE               10.953 KB       
q4_layer_ctrl:task_stream1-->PIPE               10.922 KB       
q4_layer_ctrl:task_stream2-->PIPE               10.188 KB       
q4_layer_ctrl:task_stream3-->PIPE               10.188 KB       
q4_layer_ctrl:vector_stream0a-->PIPE               1059.297 KB     
q4_layer_ctrl:vector_stream0b-->PIPE               955.297 KB      
q4_layer_ctrl:vector_stream1a-->PIPE               1046.297 KB     
q4_layer_ctrl:activation_stream3-->PIPE               5634.973 KB     
q4_layer_ctrl:vector_stream1b-->PIPE               942.297 KB      
q4_layer_ctrl:vector_stream2a-->PIPE               985.359 KB      

INFO::[ Vitis-EM 22 ] [Time elapsed: 504 minute(s) 12 seconds, Emulation time: 10.086 ms]
Data transfer between kernel(s) and global memory(s)
q4_layer_ctrl:m_axi_scales-HBM[6]          RD = 1.094 KB               WR = 0.000 KB        
q4_layer_ctrl:m_axi_weight0a-HBM[8]          RD = 47493.000 KB           WR = 0.000 KB        
q4_layer_ctrl:m_axi_weight0b-HBM[9]          RD = 47493.000 KB           WR = 0.000 KB        
q4_layer_ctrl:m_axi_weight1a-HBM[10]          RD = 47493.000 KB           WR = 0.000 KB        
q4_layer_ctrl:m_axi_weight1b-HBM[11]          RD = 47493.000 KB           WR = 0.000 KB        
q4_layer_ctrl:m_axi_weight2a-HBM[12]          RD = 44933.000 KB           WR = 0.000 KB        
q4_layer_ctrl:m_axi_weight2b-HBM[13]          RD = 44933.000 KB           WR = 0.000 KB        
q4_layer_ctrl:m_axi_weight3a-HBM[14]          RD = 44933.000 KB           WR = 0.000 KB        
q4_layer_ctrl:m_axi_weight3b-HBM[15]          RD = 44933.000 KB           WR = 0.000 KB        
q4_layer_ctrl:m_axi_hidden_in-HBM[0]          RD = 268.000 KB             WR = 0.000 KB        
q4_layer_ctrl:m_axi_hidden_out-HBM[1]          RD = 0.000 KB               WR = 264.000 KB      
q4_layer_ctrl:m_axi_kv_k-HBM[2]          RD = 210.500 KB             WR = 33.500 KB       
q4_layer_ctrl:m_axi_kv_v-HBM[3]          RD = 210.500 KB             WR = 33.500 KB       
q4_layer_ctrl:m_axi_norm-HBM[4]          RD = 80.000 KB              WR = 0.000 KB        
q4_layer_ctrl:m_axi_rope-HBM[5]          RD = 268.000 KB             WR = 0.000 KB        

Data transfer on stream interfaces
q4_layer_ctrl:activation_stream0-->PIPE               5960.457 KB     
q4_layer_ctrl:activation_stream1-->PIPE               5960.457 KB     
PIPE-->q4_layer_ctrl:out_stream0               3419.281 KB     
q4_layer_ctrl:activation_stream2-->PIPE               5639.695 KB     
PIPE-->q4_layer_ctrl:out_stream1               3405.281 KB     
PIPE-->q4_layer_ctrl:out_stream2               3192.656 KB     
PIPE-->q4_layer_ctrl:out_stream3               3192.656 KB     
q4_layer_ctrl:task_stream0-->PIPE               10.953 KB       
q4_layer_ctrl:task_stream1-->PIPE               10.922 KB       
q4_layer_ctrl:task_stream2-->PIPE               10.188 KB       
q4_layer_ctrl:task_stream3-->PIPE               10.188 KB       
q4_layer_ctrl:vector_stream0a-->PIPE               1059.297 KB     
q4_layer_ctrl:vector_stream0b-->PIPE               955.297 KB      
q4_layer_ctrl:vector_stream1a-->PIPE               1046.297 KB     
q4_layer_ctrl:activation_stream3-->PIPE               5639.695 KB     
q4_layer_ctrl:vector_stream1b-->PIPE               942.297 KB      
q4_layer_ctrl:vector_stream2a-->PIPE               985.359 KB      

INFO::[ Vitis-EM 22 ] [Time elapsed: 504 minute(s) 26 seconds, Emulation time: 10.091 ms]
Data transfer between kernel(s) and global memory(s)
q4_layer_ctrl:m_axi_scales-HBM[6]          RD = 1.094 KB               WR = 0.000 KB        
q4_layer_ctrl:m_axi_weight0a-HBM[8]          RD = 47540.500 KB           WR = 0.000 KB        
q4_layer_ctrl:m_axi_weight0b-HBM[9]          RD = 47540.500 KB           WR = 0.000 KB        
q4_layer_ctrl:m_axi_weight1a-HBM[10]          RD = 47540.500 KB           WR = 0.000 KB        
q4_layer_ctrl:m_axi_weight1b-HBM[11]          RD = 47540.500 KB           WR = 0.000 KB        
q4_layer_ctrl:m_axi_weight2a-HBM[12]          RD = 44980.500 KB           WR = 0.000 KB        
q4_layer_ctrl:m_axi_weight2b-HBM[13]          RD = 44980.500 KB           WR = 0.000 KB        
q4_layer_ctrl:m_axi_weight3a-HBM[14]          RD = 44980.500 KB           WR = 0.000 KB        
q4_layer_ctrl:m_axi_weight3b-HBM[15]          RD = 44980.500 KB           WR = 0.000 KB        
q4_layer_ctrl:m_axi_hidden_in-HBM[0]          RD = 268.000 KB             WR = 0.000 KB        
q4_layer_ctrl:m_axi_hidden_out-HBM[1]          RD = 0.000 KB               WR = 264.000 KB      
q4_layer_ctrl:m_axi_kv_k-HBM[2]          RD = 210.500 KB             WR = 33.500 KB       
q4_layer_ctrl:m_axi_kv_v-HBM[3]          RD = 210.500 KB             WR = 33.500 KB       
q4_layer_ctrl:m_axi_norm-HBM[4]          RD = 80.000 KB              WR = 0.000 KB        
q4_layer_ctrl:m_axi_rope-HBM[5]          RD = 268.000 KB             WR = 0.000 KB        

Data transfer on stream interfaces
q4_layer_ctrl:activation_stream0-->PIPE               5966.359 KB     
q4_layer_ctrl:activation_stream1-->PIPE               5966.359 KB     
PIPE-->q4_layer_ctrl:out_stream0               3419.281 KB     
q4_layer_ctrl:activation_stream2-->PIPE               5645.598 KB     
PIPE-->q4_layer_ctrl:out_stream1               3405.281 KB     
PIPE-->q4_layer_ctrl:out_stream2               3192.656 KB     
PIPE-->q4_layer_ctrl:out_stream3               3192.656 KB     
q4_layer_ctrl:task_stream0-->PIPE               10.953 KB       
q4_layer_ctrl:task_stream1-->PIPE               10.922 KB       
q4_layer_ctrl:task_stream2-->PIPE               10.188 KB       
q4_layer_ctrl:task_stream3-->PIPE               10.188 KB       
q4_layer_ctrl:vector_stream0a-->PIPE               1059.297 KB     
q4_layer_ctrl:vector_stream0b-->PIPE               955.297 KB      
q4_layer_ctrl:vector_stream1a-->PIPE               1046.297 KB     
q4_layer_ctrl:activation_stream3-->PIPE               5645.598 KB     
q4_layer_ctrl:vector_stream1b-->PIPE               942.297 KB      
q4_layer_ctrl:vector_stream2a-->PIPE               985.359 KB      

INFO::[ Vitis-EM 22 ] [Time elapsed: 504 minute(s) 38 seconds, Emulation time: 10.095 ms]
Data transfer between kernel(s) and global memory(s)
q4_layer_ctrl:m_axi_scales-HBM[6]          RD = 1.094 KB               WR = 0.000 KB        
q4_layer_ctrl:m_axi_weight0a-HBM[8]          RD = 47578.000 KB           WR = 0.000 KB        
q4_layer_ctrl:m_axi_weight0b-HBM[9]          RD = 47578.000 KB           WR = 0.000 KB        
q4_layer_ctrl:m_axi_weight1a-HBM[10]          RD = 47578.000 KB           WR = 0.000 KB        
q4_layer_ctrl:m_axi_weight1b-HBM[11]          RD = 47578.000 KB           WR = 0.000 KB        
q4_layer_ctrl:m_axi_weight2a-HBM[12]          RD = 45018.000 KB           WR = 0.000 KB        
q4_layer_ctrl:m_axi_weight2b-HBM[13]          RD = 45018.000 KB           WR = 0.000 KB        
q4_layer_ctrl:m_axi_weight3a-HBM[14]          RD = 45018.000 KB           WR = 0.000 KB        
q4_layer_ctrl:m_axi_weight3b-HBM[15]          RD = 45018.000 KB           WR = 0.000 KB        
q4_layer_ctrl:m_axi_hidden_in-HBM[0]          RD = 268.000 KB             WR = 0.000 KB        
q4_layer_ctrl:m_axi_hidden_out-HBM[1]          RD = 0.000 KB               WR = 264.000 KB      
q4_layer_ctrl:m_axi_kv_k-HBM[2]          RD = 210.500 KB             WR = 33.500 KB       
q4_layer_ctrl:m_axi_kv_v-HBM[3]          RD = 210.500 KB             WR = 33.500 KB       
q4_layer_ctrl:m_axi_norm-HBM[4]          RD = 80.000 KB              WR = 0.000 KB        
q4_layer_ctrl:m_axi_rope-HBM[5]          RD = 268.000 KB             WR = 0.000 KB        

Data transfer on stream interfaces
q4_layer_ctrl:activation_stream0-->PIPE               5971.082 KB     
q4_layer_ctrl:activation_stream1-->PIPE               5971.082 KB     
PIPE-->q4_layer_ctrl:out_stream0               3419.281 KB     
q4_layer_ctrl:activation_stream2-->PIPE               5650.320 KB     
PIPE-->q4_layer_ctrl:out_stream1               3405.281 KB     
PIPE-->q4_layer_ctrl:out_stream2               3192.656 KB     
PIPE-->q4_layer_ctrl:out_stream3               3192.656 KB     
q4_layer_ctrl:task_stream0-->PIPE               10.953 KB       
q4_layer_ctrl:task_stream1-->PIPE               10.922 KB       
q4_layer_ctrl:task_stream2-->PIPE               10.188 KB       
q4_layer_ctrl:task_stream3-->PIPE               10.188 KB       
q4_layer_ctrl:vector_stream0a-->PIPE               1059.297 KB     
q4_layer_ctrl:vector_stream0b-->PIPE               955.297 KB      
q4_layer_ctrl:vector_stream1a-->PIPE               1046.297 KB     
q4_layer_ctrl:activation_stream3-->PIPE               5650.320 KB     
q4_layer_ctrl:vector_stream1b-->PIPE               942.297 KB      
q4_layer_ctrl:vector_stream2a-->PIPE               985.359 KB      

INFO::[ Vitis-EM 22 ] [Time elapsed: 504 minute(s) 50 seconds, Emulation time: 10.0991 ms]
Data transfer between kernel(s) and global memory(s)
q4_layer_ctrl:m_axi_scales-HBM[6]          RD = 1.094 KB               WR = 0.000 KB        
q4_layer_ctrl:m_axi_weight0a-HBM[8]          RD = 47616.000 KB           WR = 0.000 KB        
q4_layer_ctrl:m_axi_weight0b-HBM[9]          RD = 47616.000 KB           WR = 0.000 KB        
q4_layer_ctrl:m_axi_weight1a-HBM[10]          RD = 47616.000 KB           WR = 0.000 KB        
q4_layer_ctrl:m_axi_weight1b-HBM[11]          RD = 47616.000 KB           WR = 0.000 KB        
q4_layer_ctrl:m_axi_weight2a-HBM[12]          RD = 45056.000 KB           WR = 0.000 KB        
q4_layer_ctrl:m_axi_weight2b-HBM[13]          RD = 45056.000 KB           WR = 0.000 KB        
q4_layer_ctrl:m_axi_weight3a-HBM[14]          RD = 45056.000 KB           WR = 0.000 KB        
q4_layer_ctrl:m_axi_weight3b-HBM[15]          RD = 45056.000 KB           WR = 0.000 KB        
q4_layer_ctrl:m_axi_hidden_in-HBM[0]          RD = 268.000 KB             WR = 0.000 KB        
q4_layer_ctrl:m_axi_hidden_out-HBM[1]          RD = 0.000 KB               WR = 264.000 KB      
q4_layer_ctrl:m_axi_kv_k-HBM[2]          RD = 210.500 KB             WR = 33.500 KB       
q4_layer_ctrl:m_axi_kv_v-HBM[3]          RD = 210.500 KB             WR = 33.500 KB       
q4_layer_ctrl:m_axi_norm-HBM[4]          RD = 80.000 KB              WR = 0.000 KB        
q4_layer_ctrl:m_axi_rope-HBM[5]          RD = 268.000 KB             WR = 0.000 KB        

Data transfer on stream interfaces
q4_layer_ctrl:activation_stream0-->PIPE               5975.805 KB     
q4_layer_ctrl:activation_stream1-->PIPE               5975.805 KB     
PIPE-->q4_layer_ctrl:out_stream0               3419.281 KB     
q4_layer_ctrl:activation_stream2-->PIPE               5655.043 KB     
PIPE-->q4_layer_ctrl:out_stream1               3405.281 KB     
PIPE-->q4_layer_ctrl:out_stream2               3192.656 KB     
PIPE-->q4_layer_ctrl:out_stream3               3192.656 KB     
q4_layer_ctrl:task_stream0-->PIPE               10.953 KB       
q4_layer_ctrl:task_stream1-->PIPE               10.922 KB       
q4_layer_ctrl:task_stream2-->PIPE               10.188 KB       
q4_layer_ctrl:task_stream3-->PIPE               10.188 KB       
q4_layer_ctrl:vector_stream0a-->PIPE               1059.297 KB     
q4_layer_ctrl:vector_stream0b-->PIPE               955.297 KB      
q4_layer_ctrl:vector_stream1a-->PIPE               1046.297 KB     
q4_layer_ctrl:activation_stream3-->PIPE               5655.043 KB     
q4_layer_ctrl:vector_stream1b-->PIPE               942.297 KB      
q4_layer_ctrl:vector_stream2a-->PIPE               985.359 KB      

INFO::[ Vitis-EM 22 ] [Time elapsed: 505 minute(s) 1 seconds, Emulation time: 10.1031 ms]
Data transfer between kernel(s) and global memory(s)
q4_layer_ctrl:m_axi_scales-HBM[6]          RD = 1.094 KB               WR = 0.000 KB        
q4_layer_ctrl:m_axi_weight0a-HBM[8]          RD = 47651.500 KB           WR = 0.000 KB        
q4_layer_ctrl:m_axi_weight0b-HBM[9]          RD = 47651.500 KB           WR = 0.000 KB        
q4_layer_ctrl:m_axi_weight1a-HBM[10]          RD = 47651.500 KB           WR = 0.000 KB        
q4_layer_ctrl:m_axi_weight1b-HBM[11]          RD = 47651.500 KB           WR = 0.000 KB        
q4_layer_ctrl:m_axi_weight2a-HBM[12]          RD = 45091.500 KB           WR = 0.000 KB        
q4_layer_ctrl:m_axi_weight2b-HBM[13]          RD = 45091.500 KB           WR = 0.000 KB        
q4_layer_ctrl:m_axi_weight3a-HBM[14]          RD = 45091.500 KB           WR = 0.000 KB        
q4_layer_ctrl:m_axi_weight3b-HBM[15]          RD = 45091.500 KB           WR = 0.000 KB        
q4_layer_ctrl:m_axi_hidden_in-HBM[0]          RD = 268.000 KB             WR = 0.000 KB        
q4_layer_ctrl:m_axi_hidden_out-HBM[1]          RD = 0.000 KB               WR = 264.000 KB      
q4_layer_ctrl:m_axi_kv_k-HBM[2]          RD = 210.500 KB             WR = 33.500 KB       
q4_layer_ctrl:m_axi_kv_v-HBM[3]          RD = 210.500 KB             WR = 33.500 KB       
q4_layer_ctrl:m_axi_norm-HBM[4]          RD = 80.000 KB              WR = 0.000 KB        
q4_layer_ctrl:m_axi_rope-HBM[5]          RD = 268.000 KB             WR = 0.000 KB        

Data transfer on stream interfaces
q4_layer_ctrl:activation_stream0-->PIPE               5980.242 KB     
q4_layer_ctrl:activation_stream1-->PIPE               5980.242 KB     
PIPE-->q4_layer_ctrl:out_stream0               3422.781 KB     
q4_layer_ctrl:activation_stream2-->PIPE               5659.480 KB     
PIPE-->q4_layer_ctrl:out_stream1               3408.781 KB     
PIPE-->q4_layer_ctrl:out_stream2               3196.156 KB     
PIPE-->q4_layer_ctrl:out_stream3               3196.156 KB     
q4_layer_ctrl:task_stream0-->PIPE               10.969 KB       
q4_layer_ctrl:task_stream1-->PIPE               10.938 KB       
q4_layer_ctrl:task_stream2-->PIPE               10.203 KB       
q4_layer_ctrl:task_stream3-->PIPE               10.203 KB       
q4_layer_ctrl:vector_stream0a-->PIPE               1059.297 KB     
q4_layer_ctrl:vector_stream0b-->PIPE               955.297 KB      
q4_layer_ctrl:vector_stream1a-->PIPE               1046.297 KB     
q4_layer_ctrl:activation_stream3-->PIPE               5659.480 KB     
q4_layer_ctrl:vector_stream1b-->PIPE               942.297 KB      
q4_layer_ctrl:vector_stream2a-->PIPE               985.359 KB      

INFO::[ Vitis-EM 22 ] [Time elapsed: 505 minute(s) 13 seconds, Emulation time: 10.1071 ms]
Data transfer between kernel(s) and global memory(s)
q4_layer_ctrl:m_axi_scales-HBM[6]          RD = 1.094 KB               WR = 0.000 KB        
q4_layer_ctrl:m_axi_weight0a-HBM[8]          RD = 47689.000 KB           WR = 0.000 KB        
q4_layer_ctrl:m_axi_weight0b-HBM[9]          RD = 47689.000 KB           WR = 0.000 KB        
q4_layer_ctrl:m_axi_weight1a-HBM[10]          RD = 47689.000 KB           WR = 0.000 KB        
q4_layer_ctrl:m_axi_weight1b-HBM[11]          RD = 47689.000 KB           WR = 0.000 KB        
q4_layer_ctrl:m_axi_weight2a-HBM[12]          RD = 45129.000 KB           WR = 0.000 KB        
q4_layer_ctrl:m_axi_weight2b-HBM[13]          RD = 45129.000 KB           WR = 0.000 KB        
q4_layer_ctrl:m_axi_weight3a-HBM[14]          RD = 45129.000 KB           WR = 0.000 KB        
q4_layer_ctrl:m_axi_weight3b-HBM[15]          RD = 45129.000 KB           WR = 0.000 KB        
q4_layer_ctrl:m_axi_hidden_in-HBM[0]          RD = 268.000 KB             WR = 0.000 KB        
q4_layer_ctrl:m_axi_hidden_out-HBM[1]          RD = 0.000 KB               WR = 264.000 KB      
q4_layer_ctrl:m_axi_kv_k-HBM[2]          RD = 210.500 KB             WR = 33.500 KB       
q4_layer_ctrl:m_axi_kv_v-HBM[3]          RD = 210.500 KB             WR = 33.500 KB       
q4_layer_ctrl:m_axi_norm-HBM[4]          RD = 80.000 KB              WR = 0.000 KB        
q4_layer_ctrl:m_axi_rope-HBM[5]          RD = 268.000 KB             WR = 0.000 KB        

Data transfer on stream interfaces
q4_layer_ctrl:activation_stream0-->PIPE               5984.961 KB     
q4_layer_ctrl:activation_stream1-->PIPE               5984.961 KB     
PIPE-->q4_layer_ctrl:out_stream0               3422.781 KB     
q4_layer_ctrl:activation_stream2-->PIPE               5664.199 KB     
PIPE-->q4_layer_ctrl:out_stream1               3408.781 KB     
PIPE-->q4_layer_ctrl:out_stream2               3196.156 KB     
PIPE-->q4_layer_ctrl:out_stream3               3196.156 KB     
q4_layer_ctrl:task_stream0-->PIPE               10.969 KB       
q4_layer_ctrl:task_stream1-->PIPE               10.938 KB       
q4_layer_ctrl:task_stream2-->PIPE               10.203 KB       
q4_layer_ctrl:task_stream3-->PIPE               10.203 KB       
q4_layer_ctrl:vector_stream0a-->PIPE               1059.297 KB     
q4_layer_ctrl:vector_stream0b-->PIPE               955.297 KB      
q4_layer_ctrl:vector_stream1a-->PIPE               1046.297 KB     
q4_layer_ctrl:activation_stream3-->PIPE               5664.199 KB     
q4_layer_ctrl:vector_stream1b-->PIPE               942.297 KB      
q4_layer_ctrl:vector_stream2a-->PIPE               985.359 KB      

INFO::[ Vitis-EM 22 ] [Time elapsed: 505 minute(s) 25 seconds, Emulation time: 10.1112 ms]
Data transfer between kernel(s) and global memory(s)
q4_layer_ctrl:m_axi_scales-HBM[6]          RD = 1.094 KB               WR = 0.000 KB        
q4_layer_ctrl:m_axi_weight0a-HBM[8]          RD = 47727.000 KB           WR = 0.000 KB        
q4_layer_ctrl:m_axi_weight0b-HBM[9]          RD = 47727.000 KB           WR = 0.000 KB        
q4_layer_ctrl:m_axi_weight1a-HBM[10]          RD = 47727.000 KB           WR = 0.000 KB        
q4_layer_ctrl:m_axi_weight1b-HBM[11]          RD = 47727.000 KB           WR = 0.000 KB        
q4_layer_ctrl:m_axi_weight2a-HBM[12]          RD = 45167.000 KB           WR = 0.000 KB        
q4_layer_ctrl:m_axi_weight2b-HBM[13]          RD = 45167.000 KB           WR = 0.000 KB        
q4_layer_ctrl:m_axi_weight3a-HBM[14]          RD = 45167.000 KB           WR = 0.000 KB        
q4_layer_ctrl:m_axi_weight3b-HBM[15]          RD = 45167.000 KB           WR = 0.000 KB        
q4_layer_ctrl:m_axi_hidden_in-HBM[0]          RD = 268.000 KB             WR = 0.000 KB        
q4_layer_ctrl:m_axi_hidden_out-HBM[1]          RD = 0.000 KB               WR = 264.000 KB      
q4_layer_ctrl:m_axi_kv_k-HBM[2]          RD = 210.500 KB             WR = 33.500 KB       
q4_layer_ctrl:m_axi_kv_v-HBM[3]          RD = 210.500 KB             WR = 33.500 KB       
q4_layer_ctrl:m_axi_norm-HBM[4]          RD = 80.000 KB              WR = 0.000 KB        
q4_layer_ctrl:m_axi_rope-HBM[5]          RD = 268.000 KB             WR = 0.000 KB        

Data transfer on stream interfaces
q4_layer_ctrl:activation_stream0-->PIPE               5989.688 KB     
q4_layer_ctrl:activation_stream1-->PIPE               5989.688 KB     
PIPE-->q4_layer_ctrl:out_stream0               3422.781 KB     
q4_layer_ctrl:activation_stream2-->PIPE               5668.926 KB     
PIPE-->q4_layer_ctrl:out_stream1               3408.781 KB     
PIPE-->q4_layer_ctrl:out_stream2               3196.156 KB     
PIPE-->q4_layer_ctrl:out_stream3               3196.156 KB     
q4_layer_ctrl:task_stream0-->PIPE               10.969 KB       
q4_layer_ctrl:task_stream1-->PIPE               10.938 KB       
q4_layer_ctrl:task_stream2-->PIPE               10.203 KB       
q4_layer_ctrl:task_stream3-->PIPE               10.203 KB       
q4_layer_ctrl:vector_stream0a-->PIPE               1059.297 KB     
q4_layer_ctrl:vector_stream0b-->PIPE               955.297 KB      
q4_layer_ctrl:vector_stream1a-->PIPE               1046.297 KB     
q4_layer_ctrl:activation_stream3-->PIPE               5668.926 KB     
q4_layer_ctrl:vector_stream1b-->PIPE               942.297 KB      
q4_layer_ctrl:vector_stream2a-->PIPE               985.359 KB      

INFO::[ Vitis-EM 22 ] [Time elapsed: 505 minute(s) 36 seconds, Emulation time: 10.1152 ms]
Data transfer between kernel(s) and global memory(s)
q4_layer_ctrl:m_axi_scales-HBM[6]          RD = 1.094 KB               WR = 0.000 KB        
q4_layer_ctrl:m_axi_weight0a-HBM[8]          RD = 47764.500 KB           WR = 0.000 KB        
q4_layer_ctrl:m_axi_weight0b-HBM[9]          RD = 47764.500 KB           WR = 0.000 KB        
q4_layer_ctrl:m_axi_weight1a-HBM[10]          RD = 47764.500 KB           WR = 0.000 KB        
q4_layer_ctrl:m_axi_weight1b-HBM[11]          RD = 47764.500 KB           WR = 0.000 KB        
q4_layer_ctrl:m_axi_weight2a-HBM[12]          RD = 45204.500 KB           WR = 0.000 KB        
q4_layer_ctrl:m_axi_weight2b-HBM[13]          RD = 45204.500 KB           WR = 0.000 KB        
q4_layer_ctrl:m_axi_weight3a-HBM[14]          RD = 45204.500 KB           WR = 0.000 KB        
q4_layer_ctrl:m_axi_weight3b-HBM[15]          RD = 45204.500 KB           WR = 0.000 KB        
q4_layer_ctrl:m_axi_hidden_in-HBM[0]          RD = 268.000 KB             WR = 0.000 KB        
q4_layer_ctrl:m_axi_hidden_out-HBM[1]          RD = 0.000 KB               WR = 264.000 KB      
q4_layer_ctrl:m_axi_kv_k-HBM[2]          RD = 210.500 KB             WR = 33.500 KB       
q4_layer_ctrl:m_axi_kv_v-HBM[3]          RD = 210.500 KB             WR = 33.500 KB       
q4_layer_ctrl:m_axi_norm-HBM[4]          RD = 80.000 KB              WR = 0.000 KB        
q4_layer_ctrl:m_axi_rope-HBM[5]          RD = 268.000 KB             WR = 0.000 KB        

Data transfer on stream interfaces
q4_layer_ctrl:activation_stream0-->PIPE               5994.414 KB     
q4_layer_ctrl:activation_stream1-->PIPE               5994.414 KB     
PIPE-->q4_layer_ctrl:out_stream0               3422.781 KB     
q4_layer_ctrl:activation_stream2-->PIPE               5673.652 KB     
PIPE-->q4_layer_ctrl:out_stream1               3408.781 KB     
PIPE-->q4_layer_ctrl:out_stream2               3196.156 KB     
PIPE-->q4_layer_ctrl:out_stream3               3196.156 KB     
q4_layer_ctrl:task_stream0-->PIPE               10.969 KB       
q4_layer_ctrl:task_stream1-->PIPE               10.938 KB       
q4_layer_ctrl:task_stream2-->PIPE               10.203 KB       
q4_layer_ctrl:task_stream3-->PIPE               10.203 KB       
q4_layer_ctrl:vector_stream0a-->PIPE               1059.297 KB     
q4_layer_ctrl:vector_stream0b-->PIPE               955.297 KB      
q4_layer_ctrl:vector_stream1a-->PIPE               1046.297 KB     
q4_layer_ctrl:activation_stream3-->PIPE               5673.652 KB     
q4_layer_ctrl:vector_stream1b-->PIPE               942.297 KB      
q4_layer_ctrl:vector_stream2a-->PIPE               985.359 KB      

INFO::[ Vitis-EM 22 ] [Time elapsed: 505 minute(s) 50 seconds, Emulation time: 10.1202 ms]
Data transfer between kernel(s) and global memory(s)
q4_layer_ctrl:m_axi_scales-HBM[6]          RD = 1.094 KB               WR = 0.000 KB        
q4_layer_ctrl:m_axi_weight0a-HBM[8]          RD = 47812.000 KB           WR = 0.000 KB        
q4_layer_ctrl:m_axi_weight0b-HBM[9]          RD = 47812.000 KB           WR = 0.000 KB        
q4_layer_ctrl:m_axi_weight1a-HBM[10]          RD = 47812.000 KB           WR = 0.000 KB        
q4_layer_ctrl:m_axi_weight1b-HBM[11]          RD = 47812.000 KB           WR = 0.000 KB        
q4_layer_ctrl:m_axi_weight2a-HBM[12]          RD = 45252.000 KB           WR = 0.000 KB        
q4_layer_ctrl:m_axi_weight2b-HBM[13]          RD = 45252.000 KB           WR = 0.000 KB        
q4_layer_ctrl:m_axi_weight3a-HBM[14]          RD = 45252.000 KB           WR = 0.000 KB        
q4_layer_ctrl:m_axi_weight3b-HBM[15]          RD = 45252.000 KB           WR = 0.000 KB        
q4_layer_ctrl:m_axi_hidden_in-HBM[0]          RD = 268.000 KB             WR = 0.000 KB        
q4_layer_ctrl:m_axi_hidden_out-HBM[1]          RD = 0.000 KB               WR = 264.000 KB      
q4_layer_ctrl:m_axi_kv_k-HBM[2]          RD = 210.500 KB             WR = 33.500 KB       
q4_layer_ctrl:m_axi_kv_v-HBM[3]          RD = 210.500 KB             WR = 33.500 KB       
q4_layer_ctrl:m_axi_norm-HBM[4]          RD = 80.000 KB              WR = 0.000 KB        
q4_layer_ctrl:m_axi_rope-HBM[5]          RD = 268.000 KB             WR = 0.000 KB        

Data transfer on stream interfaces
q4_layer_ctrl:activation_stream0-->PIPE               6000.316 KB     
q4_layer_ctrl:activation_stream1-->PIPE               6000.316 KB     
PIPE-->q4_layer_ctrl:out_stream0               3422.781 KB     
q4_layer_ctrl:activation_stream2-->PIPE               5679.555 KB     
PIPE-->q4_layer_ctrl:out_stream1               3408.781 KB     
PIPE-->q4_layer_ctrl:out_stream2               3196.156 KB     
PIPE-->q4_layer_ctrl:out_stream3               3196.156 KB     
q4_layer_ctrl:task_stream0-->PIPE               10.969 KB       
q4_layer_ctrl:task_stream1-->PIPE               10.938 KB       
q4_layer_ctrl:task_stream2-->PIPE               10.203 KB       
q4_layer_ctrl:task_stream3-->PIPE               10.203 KB       
q4_layer_ctrl:vector_stream0a-->PIPE               1059.297 KB     
q4_layer_ctrl:vector_stream0b-->PIPE               955.297 KB      
q4_layer_ctrl:vector_stream1a-->PIPE               1046.297 KB     
q4_layer_ctrl:activation_stream3-->PIPE               5679.555 KB     
q4_layer_ctrl:vector_stream1b-->PIPE               942.297 KB      
q4_layer_ctrl:vector_stream2a-->PIPE               985.359 KB      

INFO::[ Vitis-EM 22 ] [Time elapsed: 506 minute(s) 1 seconds, Emulation time: 10.1243 ms]
Data transfer between kernel(s) and global memory(s)
q4_layer_ctrl:m_axi_scales-HBM[6]          RD = 1.094 KB               WR = 0.000 KB        
q4_layer_ctrl:m_axi_weight0a-HBM[8]          RD = 47850.000 KB           WR = 0.000 KB        
q4_layer_ctrl:m_axi_weight0b-HBM[9]          RD = 47850.000 KB           WR = 0.000 KB        
q4_layer_ctrl:m_axi_weight1a-HBM[10]          RD = 47850.000 KB           WR = 0.000 KB        
q4_layer_ctrl:m_axi_weight1b-HBM[11]          RD = 47850.000 KB           WR = 0.000 KB        
q4_layer_ctrl:m_axi_weight2a-HBM[12]          RD = 45290.000 KB           WR = 0.000 KB        
q4_layer_ctrl:m_axi_weight2b-HBM[13]          RD = 45290.000 KB           WR = 0.000 KB        
q4_layer_ctrl:m_axi_weight3a-HBM[14]          RD = 45290.000 KB           WR = 0.000 KB        
q4_layer_ctrl:m_axi_weight3b-HBM[15]          RD = 45290.000 KB           WR = 0.000 KB        
q4_layer_ctrl:m_axi_hidden_in-HBM[0]          RD = 268.000 KB             WR = 0.000 KB        
q4_layer_ctrl:m_axi_hidden_out-HBM[1]          RD = 0.000 KB               WR = 264.000 KB      
q4_layer_ctrl:m_axi_kv_k-HBM[2]          RD = 210.500 KB             WR = 33.500 KB       
q4_layer_ctrl:m_axi_kv_v-HBM[3]          RD = 210.500 KB             WR = 33.500 KB       
q4_layer_ctrl:m_axi_norm-HBM[4]          RD = 80.000 KB              WR = 0.000 KB        
q4_layer_ctrl:m_axi_rope-HBM[5]          RD = 268.000 KB             WR = 0.000 KB        

Data transfer on stream interfaces
q4_layer_ctrl:activation_stream0-->PIPE               6005.047 KB     
q4_layer_ctrl:activation_stream1-->PIPE               6005.047 KB     
PIPE-->q4_layer_ctrl:out_stream0               3422.781 KB     
q4_layer_ctrl:activation_stream2-->PIPE               5684.285 KB     
PIPE-->q4_layer_ctrl:out_stream1               3408.781 KB     
PIPE-->q4_layer_ctrl:out_stream2               3196.156 KB     
PIPE-->q4_layer_ctrl:out_stream3               3196.156 KB     
q4_layer_ctrl:task_stream0-->PIPE               10.969 KB       
q4_layer_ctrl:task_stream1-->PIPE               10.938 KB       
q4_layer_ctrl:task_stream2-->PIPE               10.203 KB       
q4_layer_ctrl:task_stream3-->PIPE               10.203 KB       
q4_layer_ctrl:vector_stream0a-->PIPE               1059.297 KB     
q4_layer_ctrl:vector_stream0b-->PIPE               955.297 KB      
q4_layer_ctrl:vector_stream1a-->PIPE               1046.297 KB     
q4_layer_ctrl:activation_stream3-->PIPE               5684.285 KB     
q4_layer_ctrl:vector_stream1b-->PIPE               942.297 KB      
q4_layer_ctrl:vector_stream2a-->PIPE               985.359 KB      

INFO::[ Vitis-EM 22 ] [Time elapsed: 506 minute(s) 13 seconds, Emulation time: 10.1283 ms]
Data transfer between kernel(s) and global memory(s)
q4_layer_ctrl:m_axi_scales-HBM[6]          RD = 1.094 KB               WR = 0.000 KB        
q4_layer_ctrl:m_axi_weight0a-HBM[8]          RD = 47887.500 KB           WR = 0.000 KB        
q4_layer_ctrl:m_axi_weight0b-HBM[9]          RD = 47887.500 KB           WR = 0.000 KB        
q4_layer_ctrl:m_axi_weight1a-HBM[10]          RD = 47887.500 KB           WR = 0.000 KB        
q4_layer_ctrl:m_axi_weight1b-HBM[11]          RD = 47887.500 KB           WR = 0.000 KB        
q4_layer_ctrl:m_axi_weight2a-HBM[12]          RD = 45327.500 KB           WR = 0.000 KB        
q4_layer_ctrl:m_axi_weight2b-HBM[13]          RD = 45327.500 KB           WR = 0.000 KB        
q4_layer_ctrl:m_axi_weight3a-HBM[14]          RD = 45327.500 KB           WR = 0.000 KB        
q4_layer_ctrl:m_axi_weight3b-HBM[15]          RD = 45327.500 KB           WR = 0.000 KB        
q4_layer_ctrl:m_axi_hidden_in-HBM[0]          RD = 268.000 KB             WR = 0.000 KB        
q4_layer_ctrl:m_axi_hidden_out-HBM[1]          RD = 0.000 KB               WR = 264.000 KB      
q4_layer_ctrl:m_axi_kv_k-HBM[2]          RD = 210.500 KB             WR = 33.500 KB       
q4_layer_ctrl:m_axi_kv_v-HBM[3]          RD = 210.500 KB             WR = 33.500 KB       
q4_layer_ctrl:m_axi_norm-HBM[4]          RD = 80.000 KB              WR = 0.000 KB        
q4_layer_ctrl:m_axi_rope-HBM[5]          RD = 268.000 KB             WR = 0.000 KB        

Data transfer on stream interfaces
q4_layer_ctrl:activation_stream0-->PIPE               6009.773 KB     
q4_layer_ctrl:activation_stream1-->PIPE               6009.773 KB     
PIPE-->q4_layer_ctrl:out_stream0               3422.781 KB     
q4_layer_ctrl:activation_stream2-->PIPE               5689.012 KB     
PIPE-->q4_layer_ctrl:out_stream1               3408.781 KB     
PIPE-->q4_layer_ctrl:out_stream2               3196.156 KB     
PIPE-->q4_layer_ctrl:out_stream3               3196.156 KB     
q4_layer_ctrl:task_stream0-->PIPE               10.969 KB       
q4_layer_ctrl:task_stream1-->PIPE               10.938 KB       
q4_layer_ctrl:task_stream2-->PIPE               10.203 KB       
q4_layer_ctrl:task_stream3-->PIPE               10.203 KB       
q4_layer_ctrl:vector_stream0a-->PIPE               1059.297 KB     
q4_layer_ctrl:vector_stream0b-->PIPE               955.297 KB      
q4_layer_ctrl:vector_stream1a-->PIPE               1046.297 KB     
q4_layer_ctrl:activation_stream3-->PIPE               5689.012 KB     
q4_layer_ctrl:vector_stream1b-->PIPE               942.297 KB      
q4_layer_ctrl:vector_stream2a-->PIPE               985.359 KB      

INFO::[ Vitis-EM 22 ] [Time elapsed: 506 minute(s) 24 seconds, Emulation time: 10.1323 ms]
Data transfer between kernel(s) and global memory(s)
q4_layer_ctrl:m_axi_scales-HBM[6]          RD = 1.094 KB               WR = 0.000 KB        
q4_layer_ctrl:m_axi_weight0a-HBM[8]          RD = 47925.500 KB           WR = 0.000 KB        
q4_layer_ctrl:m_axi_weight0b-HBM[9]          RD = 47925.500 KB           WR = 0.000 KB        
q4_layer_ctrl:m_axi_weight1a-HBM[10]          RD = 47925.500 KB           WR = 0.000 KB        
q4_layer_ctrl:m_axi_weight1b-HBM[11]          RD = 47925.500 KB           WR = 0.000 KB        
q4_layer_ctrl:m_axi_weight2a-HBM[12]          RD = 45365.500 KB           WR = 0.000 KB        
q4_layer_ctrl:m_axi_weight2b-HBM[13]          RD = 45365.500 KB           WR = 0.000 KB        
q4_layer_ctrl:m_axi_weight3a-HBM[14]          RD = 45365.500 KB           WR = 0.000 KB        
q4_layer_ctrl:m_axi_weight3b-HBM[15]          RD = 45365.500 KB           WR = 0.000 KB        
q4_layer_ctrl:m_axi_hidden_in-HBM[0]          RD = 268.000 KB             WR = 0.000 KB        
q4_layer_ctrl:m_axi_hidden_out-HBM[1]          RD = 0.000 KB               WR = 264.000 KB      
q4_layer_ctrl:m_axi_kv_k-HBM[2]          RD = 210.500 KB             WR = 33.500 KB       
q4_layer_ctrl:m_axi_kv_v-HBM[3]          RD = 210.500 KB             WR = 33.500 KB       
q4_layer_ctrl:m_axi_norm-HBM[4]          RD = 80.000 KB              WR = 0.000 KB        
q4_layer_ctrl:m_axi_rope-HBM[5]          RD = 268.000 KB             WR = 0.000 KB        

Data transfer on stream interfaces
q4_layer_ctrl:activation_stream0-->PIPE               6014.500 KB     
q4_layer_ctrl:activation_stream1-->PIPE               6014.500 KB     
PIPE-->q4_layer_ctrl:out_stream0               3422.781 KB     
q4_layer_ctrl:activation_stream2-->PIPE               5693.738 KB     
PIPE-->q4_layer_ctrl:out_stream1               3408.781 KB     
PIPE-->q4_layer_ctrl:out_stream2               3196.156 KB     
PIPE-->q4_layer_ctrl:out_stream3               3196.156 KB     
q4_layer_ctrl:task_stream0-->PIPE               10.969 KB       
q4_layer_ctrl:task_stream1-->PIPE               10.938 KB       
q4_layer_ctrl:task_stream2-->PIPE               10.203 KB       
q4_layer_ctrl:task_stream3-->PIPE               10.203 KB       
q4_layer_ctrl:vector_stream0a-->PIPE               1059.297 KB     
q4_layer_ctrl:vector_stream0b-->PIPE               955.297 KB      
q4_layer_ctrl:vector_stream1a-->PIPE               1046.297 KB     
q4_layer_ctrl:activation_stream3-->PIPE               5693.738 KB     
q4_layer_ctrl:vector_stream1b-->PIPE               942.297 KB      
q4_layer_ctrl:vector_stream2a-->PIPE               985.359 KB      

INFO::[ Vitis-EM 22 ] [Time elapsed: 506 minute(s) 35 seconds, Emulation time: 10.1364 ms]
Data transfer between kernel(s) and global memory(s)
q4_layer_ctrl:m_axi_scales-HBM[6]          RD = 1.094 KB               WR = 0.000 KB        
q4_layer_ctrl:m_axi_weight0a-HBM[8]          RD = 47963.000 KB           WR = 0.000 KB        
q4_layer_ctrl:m_axi_weight0b-HBM[9]          RD = 47963.000 KB           WR = 0.000 KB        
q4_layer_ctrl:m_axi_weight1a-HBM[10]          RD = 47963.000 KB           WR = 0.000 KB        
q4_layer_ctrl:m_axi_weight1b-HBM[11]          RD = 47963.000 KB           WR = 0.000 KB        
q4_layer_ctrl:m_axi_weight2a-HBM[12]          RD = 45403.000 KB           WR = 0.000 KB        
q4_layer_ctrl:m_axi_weight2b-HBM[13]          RD = 45403.000 KB           WR = 0.000 KB        
q4_layer_ctrl:m_axi_weight3a-HBM[14]          RD = 45403.000 KB           WR = 0.000 KB        
q4_layer_ctrl:m_axi_weight3b-HBM[15]          RD = 45403.000 KB           WR = 0.000 KB        
q4_layer_ctrl:m_axi_hidden_in-HBM[0]          RD = 268.000 KB             WR = 0.000 KB        
q4_layer_ctrl:m_axi_hidden_out-HBM[1]          RD = 0.000 KB               WR = 264.000 KB      
q4_layer_ctrl:m_axi_kv_k-HBM[2]          RD = 210.500 KB             WR = 33.500 KB       
q4_layer_ctrl:m_axi_kv_v-HBM[3]          RD = 210.500 KB             WR = 33.500 KB       
q4_layer_ctrl:m_axi_norm-HBM[4]          RD = 80.000 KB              WR = 0.000 KB        
q4_layer_ctrl:m_axi_rope-HBM[5]          RD = 268.000 KB             WR = 0.000 KB        

Data transfer on stream interfaces
q4_layer_ctrl:activation_stream0-->PIPE               6019.223 KB     
q4_layer_ctrl:activation_stream1-->PIPE               6019.223 KB     
PIPE-->q4_layer_ctrl:out_stream0               3422.781 KB     
q4_layer_ctrl:activation_stream2-->PIPE               5698.461 KB     
PIPE-->q4_layer_ctrl:out_stream1               3408.781 KB     
PIPE-->q4_layer_ctrl:out_stream2               3196.156 KB     
PIPE-->q4_layer_ctrl:out_stream3               3196.156 KB     
q4_layer_ctrl:task_stream0-->PIPE               10.969 KB       
q4_layer_ctrl:task_stream1-->PIPE               10.938 KB       
q4_layer_ctrl:task_stream2-->PIPE               10.203 KB       
q4_layer_ctrl:task_stream3-->PIPE               10.203 KB       
q4_layer_ctrl:vector_stream0a-->PIPE               1059.297 KB     
q4_layer_ctrl:vector_stream0b-->PIPE               955.297 KB      
q4_layer_ctrl:vector_stream1a-->PIPE               1046.297 KB     
q4_layer_ctrl:activation_stream3-->PIPE               5698.461 KB     
q4_layer_ctrl:vector_stream1b-->PIPE               942.297 KB      
q4_layer_ctrl:vector_stream2a-->PIPE               985.359 KB      

INFO::[ Vitis-EM 22 ] [Time elapsed: 506 minute(s) 55 seconds, Emulation time: 10.1434 ms]
Data transfer between kernel(s) and global memory(s)
q4_layer_ctrl:m_axi_scales-HBM[6]          RD = 1.094 KB               WR = 0.000 KB        
q4_layer_ctrl:m_axi_weight0a-HBM[8]          RD = 48027.000 KB           WR = 0.000 KB        
q4_layer_ctrl:m_axi_weight0b-HBM[9]          RD = 48027.000 KB           WR = 0.000 KB        
q4_layer_ctrl:m_axi_weight1a-HBM[10]          RD = 48027.000 KB           WR = 0.000 KB        
q4_layer_ctrl:m_axi_weight1b-HBM[11]          RD = 48027.000 KB           WR = 0.000 KB        
q4_layer_ctrl:m_axi_weight2a-HBM[12]          RD = 45467.000 KB           WR = 0.000 KB        
q4_layer_ctrl:m_axi_weight2b-HBM[13]          RD = 45467.000 KB           WR = 0.000 KB        
q4_layer_ctrl:m_axi_weight3a-HBM[14]          RD = 45467.000 KB           WR = 0.000 KB        
q4_layer_ctrl:m_axi_weight3b-HBM[15]          RD = 45467.000 KB           WR = 0.000 KB        
q4_layer_ctrl:m_axi_hidden_in-HBM[0]          RD = 268.000 KB             WR = 0.000 KB        
q4_layer_ctrl:m_axi_hidden_out-HBM[1]          RD = 0.000 KB               WR = 264.000 KB      
q4_layer_ctrl:m_axi_kv_k-HBM[2]          RD = 210.500 KB             WR = 33.500 KB       
q4_layer_ctrl:m_axi_kv_v-HBM[3]          RD = 210.500 KB             WR = 33.500 KB       
q4_layer_ctrl:m_axi_norm-HBM[4]          RD = 80.000 KB              WR = 0.000 KB        
q4_layer_ctrl:m_axi_rope-HBM[5]          RD = 268.000 KB             WR = 0.000 KB        

Data transfer on stream interfaces
q4_layer_ctrl:activation_stream0-->PIPE               6027.199 KB     
q4_layer_ctrl:activation_stream1-->PIPE               6027.199 KB     
PIPE-->q4_layer_ctrl:out_stream0               3426.281 KB     
q4_layer_ctrl:activation_stream2-->PIPE               5706.438 KB     
PIPE-->q4_layer_ctrl:out_stream1               3412.281 KB     
PIPE-->q4_layer_ctrl:out_stream2               3199.656 KB     
PIPE-->q4_layer_ctrl:out_stream3               3199.656 KB     
q4_layer_ctrl:task_stream0-->PIPE               10.984 KB       
q4_layer_ctrl:task_stream1-->PIPE               10.953 KB       
q4_layer_ctrl:task_stream2-->PIPE               10.219 KB       
q4_layer_ctrl:task_stream3-->PIPE               10.219 KB       
q4_layer_ctrl:vector_stream0a-->PIPE               1059.297 KB     
q4_layer_ctrl:vector_stream0b-->PIPE               955.297 KB      
q4_layer_ctrl:vector_stream1a-->PIPE               1046.297 KB     
q4_layer_ctrl:activation_stream3-->PIPE               5706.438 KB     
q4_layer_ctrl:vector_stream1b-->PIPE               942.297 KB      
q4_layer_ctrl:vector_stream2a-->PIPE               985.359 KB      

INFO::[ Vitis-EM 22 ] [Time elapsed: 507 minute(s) 14 seconds, Emulation time: 10.1505 ms]
Data transfer between kernel(s) and global memory(s)
q4_layer_ctrl:m_axi_scales-HBM[6]          RD = 1.094 KB               WR = 0.000 KB        
q4_layer_ctrl:m_axi_weight0a-HBM[8]          RD = 48093.000 KB           WR = 0.000 KB        
q4_layer_ctrl:m_axi_weight0b-HBM[9]          RD = 48093.000 KB           WR = 0.000 KB        
q4_layer_ctrl:m_axi_weight1a-HBM[10]          RD = 48093.000 KB           WR = 0.000 KB        
q4_layer_ctrl:m_axi_weight1b-HBM[11]          RD = 48093.000 KB           WR = 0.000 KB        
q4_layer_ctrl:m_axi_weight2a-HBM[12]          RD = 45533.000 KB           WR = 0.000 KB        
q4_layer_ctrl:m_axi_weight2b-HBM[13]          RD = 45533.000 KB           WR = 0.000 KB        
q4_layer_ctrl:m_axi_weight3a-HBM[14]          RD = 45533.000 KB           WR = 0.000 KB        
q4_layer_ctrl:m_axi_weight3b-HBM[15]          RD = 45533.000 KB           WR = 0.000 KB        
q4_layer_ctrl:m_axi_hidden_in-HBM[0]          RD = 268.000 KB             WR = 0.000 KB        
q4_layer_ctrl:m_axi_hidden_out-HBM[1]          RD = 0.000 KB               WR = 264.000 KB      
q4_layer_ctrl:m_axi_kv_k-HBM[2]          RD = 210.500 KB             WR = 33.500 KB       
q4_layer_ctrl:m_axi_kv_v-HBM[3]          RD = 210.500 KB             WR = 33.500 KB       
q4_layer_ctrl:m_axi_norm-HBM[4]          RD = 80.000 KB              WR = 0.000 KB        
q4_layer_ctrl:m_axi_rope-HBM[5]          RD = 268.000 KB             WR = 0.000 KB        

Data transfer on stream interfaces
q4_layer_ctrl:activation_stream0-->PIPE               6035.465 KB     
q4_layer_ctrl:activation_stream1-->PIPE               6035.465 KB     
PIPE-->q4_layer_ctrl:out_stream0               3426.281 KB     
q4_layer_ctrl:activation_stream2-->PIPE               5714.703 KB     
PIPE-->q4_layer_ctrl:out_stream1               3412.281 KB     
PIPE-->q4_layer_ctrl:out_stream2               3199.656 KB     
PIPE-->q4_layer_ctrl:out_stream3               3199.656 KB     
q4_layer_ctrl:task_stream0-->PIPE               10.984 KB       
q4_layer_ctrl:task_stream1-->PIPE               10.953 KB       
q4_layer_ctrl:task_stream2-->PIPE               10.219 KB       
q4_layer_ctrl:task_stream3-->PIPE               10.219 KB       
q4_layer_ctrl:vector_stream0a-->PIPE               1059.297 KB     
q4_layer_ctrl:vector_stream0b-->PIPE               955.297 KB      
q4_layer_ctrl:vector_stream1a-->PIPE               1046.297 KB     
q4_layer_ctrl:activation_stream3-->PIPE               5714.703 KB     
q4_layer_ctrl:vector_stream1b-->PIPE               942.297 KB      
q4_layer_ctrl:vector_stream2a-->PIPE               985.359 KB      

INFO::[ Vitis-EM 22 ] [Time elapsed: 508 minute(s) 34 seconds, Emulation time: 10.184 ms]
Data transfer between kernel(s) and global memory(s)
q4_layer_ctrl:m_axi_scales-HBM[6]          RD = 1.094 KB               WR = 0.000 KB        
q4_layer_ctrl:m_axi_weight0a-HBM[8]          RD = 48320.000 KB           WR = 0.000 KB        
q4_layer_ctrl:m_axi_weight0b-HBM[9]          RD = 48320.000 KB           WR = 0.000 KB        
q4_layer_ctrl:m_axi_weight1a-HBM[10]          RD = 48320.000 KB           WR = 0.000 KB        
q4_layer_ctrl:m_axi_weight1b-HBM[11]          RD = 48320.000 KB           WR = 0.000 KB        
q4_layer_ctrl:m_axi_weight2a-HBM[12]          RD = 45760.000 KB           WR = 0.000 KB        
q4_layer_ctrl:m_axi_weight2b-HBM[13]          RD = 45760.000 KB           WR = 0.000 KB        
q4_layer_ctrl:m_axi_weight3a-HBM[14]          RD = 45760.000 KB           WR = 0.000 KB        
q4_layer_ctrl:m_axi_weight3b-HBM[15]          RD = 45760.000 KB           WR = 0.000 KB        
q4_layer_ctrl:m_axi_hidden_in-HBM[0]          RD = 268.000 KB             WR = 0.000 KB        
q4_layer_ctrl:m_axi_hidden_out-HBM[1]          RD = 0.000 KB               WR = 268.000 KB      
q4_layer_ctrl:m_axi_kv_k-HBM[2]          RD = 210.500 KB             WR = 33.500 KB       
q4_layer_ctrl:m_axi_kv_v-HBM[3]          RD = 210.500 KB             WR = 33.500 KB       
q4_layer_ctrl:m_axi_norm-HBM[4]          RD = 80.000 KB              WR = 0.000 KB        
q4_layer_ctrl:m_axi_rope-HBM[5]          RD = 268.000 KB             WR = 0.000 KB        

Data transfer on stream interfaces
q4_layer_ctrl:activation_stream0-->PIPE               6064.293 KB     
q4_layer_ctrl:activation_stream1-->PIPE               6064.293 KB     
PIPE-->q4_layer_ctrl:out_stream0               3431.531 KB     
q4_layer_ctrl:activation_stream2-->PIPE               5743.531 KB     
PIPE-->q4_layer_ctrl:out_stream1               3417.531 KB     
PIPE-->q4_layer_ctrl:out_stream2               3204.906 KB     
PIPE-->q4_layer_ctrl:out_stream3               3204.906 KB     
q4_layer_ctrl:task_stream0-->PIPE               11.000 KB       
q4_layer_ctrl:task_stream1-->PIPE               10.969 KB       
q4_layer_ctrl:task_stream2-->PIPE               10.234 KB       
q4_layer_ctrl:task_stream3-->PIPE               10.234 KB       
q4_layer_ctrl:vector_stream0a-->PIPE               1060.922 KB     
q4_layer_ctrl:vector_stream0b-->PIPE               956.922 KB      
q4_layer_ctrl:vector_stream1a-->PIPE               1047.922 KB     
q4_layer_ctrl:activation_stream3-->PIPE               5743.531 KB     
q4_layer_ctrl:vector_stream1b-->PIPE               943.922 KB      
q4_layer_ctrl:vector_stream2a-->PIPE               986.984 KB      

phase=decode sequence_length=1 position=66 kv_context_length=66 block_size=8 blocks=1 tasks=65,63,57,57 opencl_event_us_not_device_time=1.78722e+09
numerical_dump=/home/wt/git/achieve/llm_fpga_active_studies/quantized_layer_integration_20260927_110109_m1ZkO1/w4/attention/evaluation/w4/actual_outputs.tsv validation=post_inference_pending
Q4 FULL-LAYER HW EMU PASS prefill=66 decode=1 block_size=8 weight_mode=random controller_owned_kv=1 host_intermediate_compute=0 prefill_checksum=11753421808208372082 decode_checksum=5957608185316055431

 socket connect is not established/broken 
INFO: [HW-EMU 06-0] Waiting for the simulator process to exit
INFO: [HW-EMU 06-1] All the simulator processes exited successfully
INFO: [HW-EMU 07-0] Please refer the path "/home/wt/git/achieve/llm_fpga_active_studies/quantized_layer_integration_20260927_110109_m1ZkO1/w4/attention/build/build.hw_emu.f200.xilinx_u50_gen3x16_xdma_5_202210_1/.run/2749898/hw_em/device0/binary_0/behav_waveform/xsim/simulate.log" for more detailed simulation infos, errors and warnings.
completed_at=2026-09-28T12:10:38+08:00
numerical_dump_sha256=7642e2f188910cecaecafe5540d19464803db22932351fc92741d0beb236738b
finished_at=2026-09-28T12:11:05+08:00
exit_status=0
