run_lock=/home/wt/git/achieve/llm_fpga_active_studies/quantized_layer_integration_20260927_110109_m1ZkO1/w4/legacy/build/build.hw_emu.f200.xilinx_u50_gen3x16_xdma_5_202210_1/.quantized_layer_hwemu.lock
trace_pre_sha256=a5e221acd0df30638603f82dae1ed187e5295531ac806c0703e1e09b2d287ae8
trace_post_sha256=c5cc4bec7afc7fd20f8e9648ca934e6fb571568f37aa8f6ebe17e13ccd29b864
trace_profile_init_sha256=a01ccae3341d6de5b14f95cbaac1a3a144c5199e6556fe1b14e16ea4a61d4221
trace_projection_helpers_sha256=00b1692470b82ba2a2451bbf77cafdd834294e526323cd5946c203e6bdc8471b
started_at=2026-09-27T17:51:39+08:00
precision=w4
target=hw_emu
frequency=200
prefill=66
block_size=8
physical_blocks=9
decode_tokens=1
weight_mode=random
attention_variant=baseline
layer_profile=legacy
profile_flags_sha256=0367da279c0bb63ff5f6cdea50a238213ea13a84bca27b5906b85ab4346cdbb4
allow_parallel=0
rtl_handshake_trace=1
timeout_seconds=86400
host_sha256=f55ca0c39dd121ba31f97b6724e3465371960ecfdaf22a46ca4b969759a02abe
xclbin_sha256=59e6a8d31cf1365de68c373ed0e095adde1c51e5420c2ba601d646d92df700ab
emconfig_sha256=696c863021ad86e4740c840916408d9fdae97a9bbaadaefe1e43a1f0f79116ac
profile=legacy attention_variant=baseline synth_only=0
profile_source_sha256=84d87d0186a6a644b340693a19dd60abd09e739c6ed4add00e85ac94a4f46c89 profile_cflags_sha256=0367da279c0bb63ff5f6cdea50a238213ea13a84bca27b5906b85ab4346cdbb4
phase=run target=hw_emu frequency=200 prefill=66 block_size=8 weights=random profile=legacy attention_variant=baseline
build_dir=/home/wt/git/achieve/llm_fpga_active_studies/quantized_layer_integration_20260927_110109_m1ZkO1/w4/legacy/build/build.hw_emu.f200.xilinx_u50_gen3x16_xdma_5_202210_1 temp_dir=/home/wt/git/achieve/llm_fpga_active_studies/quantized_layer_integration_20260927_110109_m1ZkO1/w4/legacy/build/_x.hw_emu.f200.xilinx_u50_gen3x16_xdma_5_202210_1 run_tmp_dir=/home/wt/git/achieve/llm_fpga_active_studies/quantized_layer_integration_20260927_110109_m1ZkO1/w4/legacy/build/run-tmp.hw_emu.f200.xilinx_u50_gen3x16_xdma_5_202210_1
Found Platform
Platform Name: Xilinx
INFO: Reading quantized_w4_layer.xclbin
Loading: 'quantized_w4_layer.xclbin'
INFO: [HW-EMU 05] Path of the simulation directory : /home/wt/git/achieve/llm_fpga_active_studies/quantized_layer_integration_20260927_110109_m1ZkO1/w4/legacy/build/build.hw_emu.f200.xilinx_u50_gen3x16_xdma_5_202210_1/.run/2683632/hw_em/device0/binary_0/behav_waveform/xsim

 server socket name is	/tmp/wt/device0_0_2683632
INFO: [HW-EMU 01] Hardware emulation runs simulation underneath. Using a large data set will result in long simulation times. It is recommended that a small dataset is used for faster execution. The flow uses approximate models for Global memories and interconnect and hence the performance data generated is approximate.
trace_guard=all_hooks_ready
configuring dataflow mode with ert polling
scheduler config ert(1), dataflow(1), slots(16), cudma(0), cuisr(0), cdma(0), cus(5)
INFO::[ Vitis-EM 22 ] [Time elapsed: 5 minute(s) 24 seconds, Emulation time: 0.170209 ms]
Data transfer between kernel(s) and global memory(s)
q4_layer_ctrl:m_axi_scales-HBM[6]          RD = 0.047 KB               WR = 0.000 KB        
q4_layer_ctrl:m_axi_weight0a-HBM[8]          RD = 384.000 KB             WR = 0.000 KB        
q4_layer_ctrl:m_axi_weight0b-HBM[9]          RD = 384.000 KB             WR = 0.000 KB        
q4_layer_ctrl:m_axi_weight1a-HBM[10]          RD = 384.000 KB             WR = 0.000 KB        
q4_layer_ctrl:m_axi_weight1b-HBM[11]          RD = 384.000 KB             WR = 0.000 KB        
q4_layer_ctrl:m_axi_weight2a-HBM[12]          RD = 256.000 KB             WR = 0.000 KB        
q4_layer_ctrl:m_axi_weight2b-HBM[13]          RD = 256.000 KB             WR = 0.000 KB        
q4_layer_ctrl:m_axi_weight3a-HBM[14]          RD = 256.000 KB             WR = 0.000 KB        
q4_layer_ctrl:m_axi_weight3b-HBM[15]          RD = 256.000 KB             WR = 0.000 KB        
q4_layer_ctrl:m_axi_hidden_in-HBM[0]          RD = 32.000 KB              WR = 0.000 KB        
q4_layer_ctrl:m_axi_hidden_out-HBM[1]          RD = 0.000 KB               WR = 0.000 KB        
q4_layer_ctrl:m_axi_kv_k-HBM[2]          RD = 0.000 KB               WR = 0.000 KB        
q4_layer_ctrl:m_axi_kv_v-HBM[3]          RD = 0.000 KB               WR = 0.000 KB        
q4_layer_ctrl:m_axi_norm-HBM[4]          RD = 4.000 KB               WR = 0.000 KB        
q4_layer_ctrl:m_axi_rope-HBM[5]          RD = 16.000 KB              WR = 0.000 KB        

Data transfer on stream interfaces
q4_layer_ctrl:activation_stream0-->PIPE               48.000 KB       
q4_layer_ctrl:activation_stream1-->PIPE               48.000 KB       
PIPE-->q4_layer_ctrl:out_stream0               35.000 KB       
q4_layer_ctrl:activation_stream2-->PIPE               32.000 KB       
PIPE-->q4_layer_ctrl:out_stream1               35.000 KB       
PIPE-->q4_layer_ctrl:out_stream2               28.000 KB       
PIPE-->q4_layer_ctrl:out_stream3               28.000 KB       
q4_layer_ctrl:task_stream0-->PIPE               0.109 KB        
q4_layer_ctrl:task_stream1-->PIPE               0.109 KB        
q4_layer_ctrl:task_stream2-->PIPE               0.078 KB        
q4_layer_ctrl:task_stream3-->PIPE               0.078 KB        
q4_layer_ctrl:vector_stream0a-->PIPE               13.000 KB       
q4_layer_ctrl:vector_stream0b-->PIPE               6.500 KB        
q4_layer_ctrl:vector_stream1a-->PIPE               13.000 KB       
q4_layer_ctrl:activation_stream3-->PIPE               32.000 KB       
q4_layer_ctrl:vector_stream1b-->PIPE               6.500 KB        
q4_layer_ctrl:vector_stream2a-->PIPE               13.000 KB       

INFO::[ Vitis-EM 22 ] [Time elapsed: 8 minute(s) 19 seconds, Emulation time: 0.350785 ms]
Data transfer between kernel(s) and global memory(s)
q4_layer_ctrl:m_axi_scales-HBM[6]          RD = 0.047 KB               WR = 0.000 KB        
q4_layer_ctrl:m_axi_weight0a-HBM[8]          RD = 384.000 KB             WR = 0.000 KB        
q4_layer_ctrl:m_axi_weight0b-HBM[9]          RD = 384.000 KB             WR = 0.000 KB        
q4_layer_ctrl:m_axi_weight1a-HBM[10]          RD = 384.000 KB             WR = 0.000 KB        
q4_layer_ctrl:m_axi_weight1b-HBM[11]          RD = 384.000 KB             WR = 0.000 KB        
q4_layer_ctrl:m_axi_weight2a-HBM[12]          RD = 256.000 KB             WR = 0.000 KB        
q4_layer_ctrl:m_axi_weight2b-HBM[13]          RD = 256.000 KB             WR = 0.000 KB        
q4_layer_ctrl:m_axi_weight3a-HBM[14]          RD = 256.000 KB             WR = 0.000 KB        
q4_layer_ctrl:m_axi_weight3b-HBM[15]          RD = 256.000 KB             WR = 0.000 KB        
q4_layer_ctrl:m_axi_hidden_in-HBM[0]          RD = 32.000 KB              WR = 0.000 KB        
q4_layer_ctrl:m_axi_hidden_out-HBM[1]          RD = 0.000 KB               WR = 0.000 KB        
q4_layer_ctrl:m_axi_kv_k-HBM[2]          RD = 4.000 KB               WR = 4.000 KB        
q4_layer_ctrl:m_axi_kv_v-HBM[3]          RD = 4.000 KB               WR = 4.000 KB        
q4_layer_ctrl:m_axi_norm-HBM[4]          RD = 4.000 KB               WR = 0.000 KB        
q4_layer_ctrl:m_axi_rope-HBM[5]          RD = 32.000 KB              WR = 0.000 KB        

Data transfer on stream interfaces
q4_layer_ctrl:activation_stream0-->PIPE               48.500 KB       
q4_layer_ctrl:activation_stream1-->PIPE               48.500 KB       
PIPE-->q4_layer_ctrl:out_stream0               38.500 KB       
q4_layer_ctrl:activation_stream2-->PIPE               32.500 KB       
PIPE-->q4_layer_ctrl:out_stream1               38.500 KB       
PIPE-->q4_layer_ctrl:out_stream2               31.500 KB       
PIPE-->q4_layer_ctrl:out_stream3               31.500 KB       
q4_layer_ctrl:task_stream0-->PIPE               0.125 KB        
q4_layer_ctrl:task_stream1-->PIPE               0.125 KB        
q4_layer_ctrl:task_stream2-->PIPE               0.094 KB        
q4_layer_ctrl:task_stream3-->PIPE               0.094 KB        
q4_layer_ctrl:vector_stream0a-->PIPE               13.000 KB       
q4_layer_ctrl:vector_stream0b-->PIPE               6.500 KB        
q4_layer_ctrl:vector_stream1a-->PIPE               13.000 KB       
q4_layer_ctrl:activation_stream3-->PIPE               32.500 KB       
q4_layer_ctrl:vector_stream1b-->PIPE               6.500 KB        
q4_layer_ctrl:vector_stream2a-->PIPE               13.000 KB       

INFO::[ Vitis-EM 22 ] [Time elapsed: 8 minute(s) 31 seconds, Emulation time: 0.358923 ms]
Data transfer between kernel(s) and global memory(s)
q4_layer_ctrl:m_axi_scales-HBM[6]          RD = 0.047 KB               WR = 0.000 KB        
q4_layer_ctrl:m_axi_weight0a-HBM[8]          RD = 384.000 KB             WR = 0.000 KB        
q4_layer_ctrl:m_axi_weight0b-HBM[9]          RD = 384.000 KB             WR = 0.000 KB        
q4_layer_ctrl:m_axi_weight1a-HBM[10]          RD = 384.000 KB             WR = 0.000 KB        
q4_layer_ctrl:m_axi_weight1b-HBM[11]          RD = 384.000 KB             WR = 0.000 KB        
q4_layer_ctrl:m_axi_weight2a-HBM[12]          RD = 256.000 KB             WR = 0.000 KB        
q4_layer_ctrl:m_axi_weight2b-HBM[13]          RD = 256.000 KB             WR = 0.000 KB        
q4_layer_ctrl:m_axi_weight3a-HBM[14]          RD = 256.000 KB             WR = 0.000 KB        
q4_layer_ctrl:m_axi_weight3b-HBM[15]          RD = 256.000 KB             WR = 0.000 KB        
q4_layer_ctrl:m_axi_hidden_in-HBM[0]          RD = 32.000 KB              WR = 0.000 KB        
q4_layer_ctrl:m_axi_hidden_out-HBM[1]          RD = 0.000 KB               WR = 0.000 KB        
q4_layer_ctrl:m_axi_kv_k-HBM[2]          RD = 4.000 KB               WR = 4.000 KB        
q4_layer_ctrl:m_axi_kv_v-HBM[3]          RD = 4.000 KB               WR = 4.000 KB        
q4_layer_ctrl:m_axi_norm-HBM[4]          RD = 4.000 KB               WR = 0.000 KB        
q4_layer_ctrl:m_axi_rope-HBM[5]          RD = 32.000 KB              WR = 0.000 KB        

Data transfer on stream interfaces
q4_layer_ctrl:activation_stream0-->PIPE               49.031 KB       
q4_layer_ctrl:activation_stream1-->PIPE               49.031 KB       
PIPE-->q4_layer_ctrl:out_stream0               45.500 KB       
q4_layer_ctrl:activation_stream2-->PIPE               33.031 KB       
PIPE-->q4_layer_ctrl:out_stream1               45.500 KB       
PIPE-->q4_layer_ctrl:out_stream2               38.500 KB       
PIPE-->q4_layer_ctrl:out_stream3               38.500 KB       
q4_layer_ctrl:task_stream0-->PIPE               0.156 KB        
q4_layer_ctrl:task_stream1-->PIPE               0.156 KB        
q4_layer_ctrl:task_stream2-->PIPE               0.125 KB        
q4_layer_ctrl:task_stream3-->PIPE               0.125 KB        
q4_layer_ctrl:vector_stream0a-->PIPE               13.000 KB       
q4_layer_ctrl:vector_stream0b-->PIPE               6.500 KB        
q4_layer_ctrl:vector_stream1a-->PIPE               13.000 KB       
q4_layer_ctrl:activation_stream3-->PIPE               33.031 KB       
q4_layer_ctrl:vector_stream1b-->PIPE               6.500 KB        
q4_layer_ctrl:vector_stream2a-->PIPE               13.000 KB       

INFO::[ Vitis-EM 22 ] [Time elapsed: 8 minute(s) 42 seconds, Emulation time: 0.367058 ms]
Data transfer between kernel(s) and global memory(s)
q4_layer_ctrl:m_axi_scales-HBM[6]          RD = 0.047 KB               WR = 0.000 KB        
q4_layer_ctrl:m_axi_weight0a-HBM[8]          RD = 384.000 KB             WR = 0.000 KB        
q4_layer_ctrl:m_axi_weight0b-HBM[9]          RD = 384.000 KB             WR = 0.000 KB        
q4_layer_ctrl:m_axi_weight1a-HBM[10]          RD = 384.000 KB             WR = 0.000 KB        
q4_layer_ctrl:m_axi_weight1b-HBM[11]          RD = 384.000 KB             WR = 0.000 KB        
q4_layer_ctrl:m_axi_weight2a-HBM[12]          RD = 256.000 KB             WR = 0.000 KB        
q4_layer_ctrl:m_axi_weight2b-HBM[13]          RD = 256.000 KB             WR = 0.000 KB        
q4_layer_ctrl:m_axi_weight3a-HBM[14]          RD = 256.000 KB             WR = 0.000 KB        
q4_layer_ctrl:m_axi_weight3b-HBM[15]          RD = 256.000 KB             WR = 0.000 KB        
q4_layer_ctrl:m_axi_hidden_in-HBM[0]          RD = 32.000 KB              WR = 0.000 KB        
q4_layer_ctrl:m_axi_hidden_out-HBM[1]          RD = 0.000 KB               WR = 0.000 KB        
q4_layer_ctrl:m_axi_kv_k-HBM[2]          RD = 4.000 KB               WR = 4.000 KB        
q4_layer_ctrl:m_axi_kv_v-HBM[3]          RD = 4.000 KB               WR = 4.000 KB        
q4_layer_ctrl:m_axi_norm-HBM[4]          RD = 4.000 KB               WR = 0.000 KB        
q4_layer_ctrl:m_axi_rope-HBM[5]          RD = 32.000 KB              WR = 0.000 KB        

Data transfer on stream interfaces
q4_layer_ctrl:activation_stream0-->PIPE               49.062 KB       
q4_layer_ctrl:activation_stream1-->PIPE               49.062 KB       
PIPE-->q4_layer_ctrl:out_stream0               49.000 KB       
q4_layer_ctrl:activation_stream2-->PIPE               33.062 KB       
PIPE-->q4_layer_ctrl:out_stream1               49.000 KB       
PIPE-->q4_layer_ctrl:out_stream2               42.000 KB       
PIPE-->q4_layer_ctrl:out_stream3               42.000 KB       
q4_layer_ctrl:task_stream0-->PIPE               0.172 KB        
q4_layer_ctrl:task_stream1-->PIPE               0.172 KB        
q4_layer_ctrl:task_stream2-->PIPE               0.141 KB        
q4_layer_ctrl:task_stream3-->PIPE               0.141 KB        
q4_layer_ctrl:vector_stream0a-->PIPE               13.000 KB       
q4_layer_ctrl:vector_stream0b-->PIPE               6.500 KB        
q4_layer_ctrl:vector_stream1a-->PIPE               13.000 KB       
q4_layer_ctrl:activation_stream3-->PIPE               33.062 KB       
q4_layer_ctrl:vector_stream1b-->PIPE               6.500 KB        
q4_layer_ctrl:vector_stream2a-->PIPE               13.000 KB       

INFO::[ Vitis-EM 22 ] [Time elapsed: 8 minute(s) 53 seconds, Emulation time: 0.37517 ms]
Data transfer between kernel(s) and global memory(s)
q4_layer_ctrl:m_axi_scales-HBM[6]          RD = 0.047 KB               WR = 0.000 KB        
q4_layer_ctrl:m_axi_weight0a-HBM[8]          RD = 384.000 KB             WR = 0.000 KB        
q4_layer_ctrl:m_axi_weight0b-HBM[9]          RD = 384.000 KB             WR = 0.000 KB        
q4_layer_ctrl:m_axi_weight1a-HBM[10]          RD = 384.000 KB             WR = 0.000 KB        
q4_layer_ctrl:m_axi_weight1b-HBM[11]          RD = 384.000 KB             WR = 0.000 KB        
q4_layer_ctrl:m_axi_weight2a-HBM[12]          RD = 256.000 KB             WR = 0.000 KB        
q4_layer_ctrl:m_axi_weight2b-HBM[13]          RD = 256.000 KB             WR = 0.000 KB        
q4_layer_ctrl:m_axi_weight3a-HBM[14]          RD = 256.000 KB             WR = 0.000 KB        
q4_layer_ctrl:m_axi_weight3b-HBM[15]          RD = 256.000 KB             WR = 0.000 KB        
q4_layer_ctrl:m_axi_hidden_in-HBM[0]          RD = 32.000 KB              WR = 0.000 KB        
q4_layer_ctrl:m_axi_hidden_out-HBM[1]          RD = 0.000 KB               WR = 0.000 KB        
q4_layer_ctrl:m_axi_kv_k-HBM[2]          RD = 4.000 KB               WR = 4.000 KB        
q4_layer_ctrl:m_axi_kv_v-HBM[3]          RD = 4.000 KB               WR = 4.000 KB        
q4_layer_ctrl:m_axi_norm-HBM[4]          RD = 4.000 KB               WR = 0.000 KB        
q4_layer_ctrl:m_axi_rope-HBM[5]          RD = 32.000 KB              WR = 0.000 KB        

Data transfer on stream interfaces
q4_layer_ctrl:activation_stream0-->PIPE               49.578 KB       
q4_layer_ctrl:activation_stream1-->PIPE               49.578 KB       
PIPE-->q4_layer_ctrl:out_stream0               52.500 KB       
q4_layer_ctrl:activation_stream2-->PIPE               33.578 KB       
PIPE-->q4_layer_ctrl:out_stream1               52.500 KB       
PIPE-->q4_layer_ctrl:out_stream2               45.500 KB       
PIPE-->q4_layer_ctrl:out_stream3               45.500 KB       
q4_layer_ctrl:task_stream0-->PIPE               0.203 KB        
q4_layer_ctrl:task_stream1-->PIPE               0.203 KB        
q4_layer_ctrl:task_stream2-->PIPE               0.172 KB        
q4_layer_ctrl:task_stream3-->PIPE               0.172 KB        
q4_layer_ctrl:vector_stream0a-->PIPE               13.000 KB       
q4_layer_ctrl:vector_stream0b-->PIPE               6.500 KB        
q4_layer_ctrl:vector_stream1a-->PIPE               13.000 KB       
q4_layer_ctrl:activation_stream3-->PIPE               33.578 KB       
q4_layer_ctrl:vector_stream1b-->PIPE               6.500 KB        
q4_layer_ctrl:vector_stream2a-->PIPE               13.000 KB       

INFO::[ Vitis-EM 22 ] [Time elapsed: 9 minute(s) 4 seconds, Emulation time: 0.383305 ms]
Data transfer between kernel(s) and global memory(s)
q4_layer_ctrl:m_axi_scales-HBM[6]          RD = 0.047 KB               WR = 0.000 KB        
q4_layer_ctrl:m_axi_weight0a-HBM[8]          RD = 384.000 KB             WR = 0.000 KB        
q4_layer_ctrl:m_axi_weight0b-HBM[9]          RD = 384.000 KB             WR = 0.000 KB        
q4_layer_ctrl:m_axi_weight1a-HBM[10]          RD = 384.000 KB             WR = 0.000 KB        
q4_layer_ctrl:m_axi_weight1b-HBM[11]          RD = 384.000 KB             WR = 0.000 KB        
q4_layer_ctrl:m_axi_weight2a-HBM[12]          RD = 256.000 KB             WR = 0.000 KB        
q4_layer_ctrl:m_axi_weight2b-HBM[13]          RD = 256.000 KB             WR = 0.000 KB        
q4_layer_ctrl:m_axi_weight3a-HBM[14]          RD = 256.000 KB             WR = 0.000 KB        
q4_layer_ctrl:m_axi_weight3b-HBM[15]          RD = 256.000 KB             WR = 0.000 KB        
q4_layer_ctrl:m_axi_hidden_in-HBM[0]          RD = 32.000 KB              WR = 0.000 KB        
q4_layer_ctrl:m_axi_hidden_out-HBM[1]          RD = 0.000 KB               WR = 0.000 KB        
q4_layer_ctrl:m_axi_kv_k-HBM[2]          RD = 4.000 KB               WR = 4.000 KB        
q4_layer_ctrl:m_axi_kv_v-HBM[3]          RD = 4.000 KB               WR = 4.000 KB        
q4_layer_ctrl:m_axi_norm-HBM[4]          RD = 4.000 KB               WR = 0.000 KB        
q4_layer_ctrl:m_axi_rope-HBM[5]          RD = 32.000 KB              WR = 0.000 KB        

Data transfer on stream interfaces
q4_layer_ctrl:activation_stream0-->PIPE               50.094 KB       
q4_layer_ctrl:activation_stream1-->PIPE               50.094 KB       
PIPE-->q4_layer_ctrl:out_stream0               59.500 KB       
q4_layer_ctrl:activation_stream2-->PIPE               34.094 KB       
PIPE-->q4_layer_ctrl:out_stream1               59.500 KB       
PIPE-->q4_layer_ctrl:out_stream2               52.500 KB       
PIPE-->q4_layer_ctrl:out_stream3               52.500 KB       
q4_layer_ctrl:task_stream0-->PIPE               0.219 KB        
q4_layer_ctrl:task_stream1-->PIPE               0.219 KB        
q4_layer_ctrl:task_stream2-->PIPE               0.188 KB        
q4_layer_ctrl:task_stream3-->PIPE               0.188 KB        
q4_layer_ctrl:vector_stream0a-->PIPE               13.000 KB       
q4_layer_ctrl:vector_stream0b-->PIPE               6.500 KB        
q4_layer_ctrl:vector_stream1a-->PIPE               13.000 KB       
q4_layer_ctrl:activation_stream3-->PIPE               34.094 KB       
q4_layer_ctrl:vector_stream1b-->PIPE               6.500 KB        
q4_layer_ctrl:vector_stream2a-->PIPE               13.000 KB       

INFO::[ Vitis-EM 22 ] [Time elapsed: 9 minute(s) 15 seconds, Emulation time: 0.391443 ms]
Data transfer between kernel(s) and global memory(s)
q4_layer_ctrl:m_axi_scales-HBM[6]          RD = 0.047 KB               WR = 0.000 KB        
q4_layer_ctrl:m_axi_weight0a-HBM[8]          RD = 384.000 KB             WR = 0.000 KB        
q4_layer_ctrl:m_axi_weight0b-HBM[9]          RD = 384.000 KB             WR = 0.000 KB        
q4_layer_ctrl:m_axi_weight1a-HBM[10]          RD = 384.000 KB             WR = 0.000 KB        
q4_layer_ctrl:m_axi_weight1b-HBM[11]          RD = 384.000 KB             WR = 0.000 KB        
q4_layer_ctrl:m_axi_weight2a-HBM[12]          RD = 256.000 KB             WR = 0.000 KB        
q4_layer_ctrl:m_axi_weight2b-HBM[13]          RD = 256.000 KB             WR = 0.000 KB        
q4_layer_ctrl:m_axi_weight3a-HBM[14]          RD = 256.000 KB             WR = 0.000 KB        
q4_layer_ctrl:m_axi_weight3b-HBM[15]          RD = 256.000 KB             WR = 0.000 KB        
q4_layer_ctrl:m_axi_hidden_in-HBM[0]          RD = 32.000 KB              WR = 0.000 KB        
q4_layer_ctrl:m_axi_hidden_out-HBM[1]          RD = 0.000 KB               WR = 0.000 KB        
q4_layer_ctrl:m_axi_kv_k-HBM[2]          RD = 4.000 KB               WR = 4.000 KB        
q4_layer_ctrl:m_axi_kv_v-HBM[3]          RD = 4.000 KB               WR = 4.000 KB        
q4_layer_ctrl:m_axi_norm-HBM[4]          RD = 4.000 KB               WR = 0.000 KB        
q4_layer_ctrl:m_axi_rope-HBM[5]          RD = 32.000 KB              WR = 0.000 KB        

Data transfer on stream interfaces
q4_layer_ctrl:activation_stream0-->PIPE               50.125 KB       
q4_layer_ctrl:activation_stream1-->PIPE               50.125 KB       
PIPE-->q4_layer_ctrl:out_stream0               63.000 KB       
q4_layer_ctrl:activation_stream2-->PIPE               34.125 KB       
PIPE-->q4_layer_ctrl:out_stream1               63.000 KB       
PIPE-->q4_layer_ctrl:out_stream2               56.000 KB       
PIPE-->q4_layer_ctrl:out_stream3               56.000 KB       
q4_layer_ctrl:task_stream0-->PIPE               0.234 KB        
q4_layer_ctrl:task_stream1-->PIPE               0.234 KB        
q4_layer_ctrl:task_stream2-->PIPE               0.203 KB        
q4_layer_ctrl:task_stream3-->PIPE               0.203 KB        
q4_layer_ctrl:vector_stream0a-->PIPE               13.000 KB       
q4_layer_ctrl:vector_stream0b-->PIPE               6.500 KB        
q4_layer_ctrl:vector_stream1a-->PIPE               13.000 KB       
q4_layer_ctrl:activation_stream3-->PIPE               34.125 KB       
q4_layer_ctrl:vector_stream1b-->PIPE               6.500 KB        
q4_layer_ctrl:vector_stream2a-->PIPE               13.000 KB       

INFO::[ Vitis-EM 22 ] [Time elapsed: 9 minute(s) 25 seconds, Emulation time: 0.399587 ms]
Data transfer between kernel(s) and global memory(s)
q4_layer_ctrl:m_axi_scales-HBM[6]          RD = 0.047 KB               WR = 0.000 KB        
q4_layer_ctrl:m_axi_weight0a-HBM[8]          RD = 384.000 KB             WR = 0.000 KB        
q4_layer_ctrl:m_axi_weight0b-HBM[9]          RD = 384.000 KB             WR = 0.000 KB        
q4_layer_ctrl:m_axi_weight1a-HBM[10]          RD = 384.000 KB             WR = 0.000 KB        
q4_layer_ctrl:m_axi_weight1b-HBM[11]          RD = 384.000 KB             WR = 0.000 KB        
q4_layer_ctrl:m_axi_weight2a-HBM[12]          RD = 256.000 KB             WR = 0.000 KB        
q4_layer_ctrl:m_axi_weight2b-HBM[13]          RD = 256.000 KB             WR = 0.000 KB        
q4_layer_ctrl:m_axi_weight3a-HBM[14]          RD = 256.000 KB             WR = 0.000 KB        
q4_layer_ctrl:m_axi_weight3b-HBM[15]          RD = 256.000 KB             WR = 0.000 KB        
q4_layer_ctrl:m_axi_hidden_in-HBM[0]          RD = 32.000 KB              WR = 0.000 KB        
q4_layer_ctrl:m_axi_hidden_out-HBM[1]          RD = 0.000 KB               WR = 0.000 KB        
q4_layer_ctrl:m_axi_kv_k-HBM[2]          RD = 4.000 KB               WR = 4.000 KB        
q4_layer_ctrl:m_axi_kv_v-HBM[3]          RD = 4.000 KB               WR = 4.000 KB        
q4_layer_ctrl:m_axi_norm-HBM[4]          RD = 4.000 KB               WR = 0.000 KB        
q4_layer_ctrl:m_axi_rope-HBM[5]          RD = 32.000 KB              WR = 0.000 KB        

Data transfer on stream interfaces
q4_layer_ctrl:activation_stream0-->PIPE               50.125 KB       
q4_layer_ctrl:activation_stream1-->PIPE               50.125 KB       
PIPE-->q4_layer_ctrl:out_stream0               63.000 KB       
q4_layer_ctrl:activation_stream2-->PIPE               34.125 KB       
PIPE-->q4_layer_ctrl:out_stream1               63.000 KB       
PIPE-->q4_layer_ctrl:out_stream2               56.000 KB       
PIPE-->q4_layer_ctrl:out_stream3               56.000 KB       
q4_layer_ctrl:task_stream0-->PIPE               0.234 KB        
q4_layer_ctrl:task_stream1-->PIPE               0.234 KB        
q4_layer_ctrl:task_stream2-->PIPE               0.203 KB        
q4_layer_ctrl:task_stream3-->PIPE               0.203 KB        
q4_layer_ctrl:vector_stream0a-->PIPE               13.000 KB       
q4_layer_ctrl:vector_stream0b-->PIPE               6.500 KB        
q4_layer_ctrl:vector_stream1a-->PIPE               13.000 KB       
q4_layer_ctrl:activation_stream3-->PIPE               34.125 KB       
q4_layer_ctrl:vector_stream1b-->PIPE               6.500 KB        
q4_layer_ctrl:vector_stream2a-->PIPE               13.000 KB       

INFO::[ Vitis-EM 22 ] [Time elapsed: 9 minute(s) 37 seconds, Emulation time: 0.409774 ms]
Data transfer between kernel(s) and global memory(s)
q4_layer_ctrl:m_axi_scales-HBM[6]          RD = 0.047 KB               WR = 0.000 KB        
q4_layer_ctrl:m_axi_weight0a-HBM[8]          RD = 384.000 KB             WR = 0.000 KB        
q4_layer_ctrl:m_axi_weight0b-HBM[9]          RD = 384.000 KB             WR = 0.000 KB        
q4_layer_ctrl:m_axi_weight1a-HBM[10]          RD = 384.000 KB             WR = 0.000 KB        
q4_layer_ctrl:m_axi_weight1b-HBM[11]          RD = 384.000 KB             WR = 0.000 KB        
q4_layer_ctrl:m_axi_weight2a-HBM[12]          RD = 256.000 KB             WR = 0.000 KB        
q4_layer_ctrl:m_axi_weight2b-HBM[13]          RD = 256.000 KB             WR = 0.000 KB        
q4_layer_ctrl:m_axi_weight3a-HBM[14]          RD = 256.000 KB             WR = 0.000 KB        
q4_layer_ctrl:m_axi_weight3b-HBM[15]          RD = 256.000 KB             WR = 0.000 KB        
q4_layer_ctrl:m_axi_hidden_in-HBM[0]          RD = 32.000 KB              WR = 0.000 KB        
q4_layer_ctrl:m_axi_hidden_out-HBM[1]          RD = 0.000 KB               WR = 0.000 KB        
q4_layer_ctrl:m_axi_kv_k-HBM[2]          RD = 4.000 KB               WR = 4.000 KB        
q4_layer_ctrl:m_axi_kv_v-HBM[3]          RD = 4.000 KB               WR = 4.000 KB        
q4_layer_ctrl:m_axi_norm-HBM[4]          RD = 4.000 KB               WR = 0.000 KB        
q4_layer_ctrl:m_axi_rope-HBM[5]          RD = 32.000 KB              WR = 0.000 KB        

Data transfer on stream interfaces
q4_layer_ctrl:activation_stream0-->PIPE               50.125 KB       
q4_layer_ctrl:activation_stream1-->PIPE               50.125 KB       
PIPE-->q4_layer_ctrl:out_stream0               63.000 KB       
q4_layer_ctrl:activation_stream2-->PIPE               34.125 KB       
PIPE-->q4_layer_ctrl:out_stream1               63.000 KB       
PIPE-->q4_layer_ctrl:out_stream2               56.000 KB       
PIPE-->q4_layer_ctrl:out_stream3               56.000 KB       
q4_layer_ctrl:task_stream0-->PIPE               0.234 KB        
q4_layer_ctrl:task_stream1-->PIPE               0.234 KB        
q4_layer_ctrl:task_stream2-->PIPE               0.203 KB        
q4_layer_ctrl:task_stream3-->PIPE               0.203 KB        
q4_layer_ctrl:vector_stream0a-->PIPE               13.000 KB       
q4_layer_ctrl:vector_stream0b-->PIPE               6.500 KB        
q4_layer_ctrl:vector_stream1a-->PIPE               13.000 KB       
q4_layer_ctrl:activation_stream3-->PIPE               34.125 KB       
q4_layer_ctrl:vector_stream1b-->PIPE               6.500 KB        
q4_layer_ctrl:vector_stream2a-->PIPE               13.000 KB       

INFO::[ Vitis-EM 22 ] [Time elapsed: 10 minute(s) 2 seconds, Emulation time: 0.416862 ms]
Data transfer between kernel(s) and global memory(s)
q4_layer_ctrl:m_axi_scales-HBM[6]          RD = 0.062 KB               WR = 0.000 KB        
q4_layer_ctrl:m_axi_weight0a-HBM[8]          RD = 424.000 KB             WR = 0.000 KB        
q4_layer_ctrl:m_axi_weight0b-HBM[9]          RD = 424.000 KB             WR = 0.000 KB        
q4_layer_ctrl:m_axi_weight1a-HBM[10]          RD = 424.000 KB             WR = 0.000 KB        
q4_layer_ctrl:m_axi_weight1b-HBM[11]          RD = 424.000 KB             WR = 0.000 KB        
q4_layer_ctrl:m_axi_weight2a-HBM[12]          RD = 296.000 KB             WR = 0.000 KB        
q4_layer_ctrl:m_axi_weight2b-HBM[13]          RD = 296.000 KB             WR = 0.000 KB        
q4_layer_ctrl:m_axi_weight3a-HBM[14]          RD = 296.000 KB             WR = 0.000 KB        
q4_layer_ctrl:m_axi_weight3b-HBM[15]          RD = 296.000 KB             WR = 0.000 KB        
q4_layer_ctrl:m_axi_hidden_in-HBM[0]          RD = 32.000 KB              WR = 0.000 KB        
q4_layer_ctrl:m_axi_hidden_out-HBM[1]          RD = 0.000 KB               WR = 0.000 KB        
q4_layer_ctrl:m_axi_kv_k-HBM[2]          RD = 4.000 KB               WR = 4.000 KB        
q4_layer_ctrl:m_axi_kv_v-HBM[3]          RD = 4.000 KB               WR = 4.000 KB        
q4_layer_ctrl:m_axi_norm-HBM[4]          RD = 4.000 KB               WR = 0.000 KB        
q4_layer_ctrl:m_axi_rope-HBM[5]          RD = 32.000 KB              WR = 0.000 KB        

Data transfer on stream interfaces
q4_layer_ctrl:activation_stream0-->PIPE               54.684 KB       
q4_layer_ctrl:activation_stream1-->PIPE               54.684 KB       
PIPE-->q4_layer_ctrl:out_stream0               63.000 KB       
q4_layer_ctrl:activation_stream2-->PIPE               38.684 KB       
PIPE-->q4_layer_ctrl:out_stream1               63.000 KB       
PIPE-->q4_layer_ctrl:out_stream2               56.000 KB       
PIPE-->q4_layer_ctrl:out_stream3               56.000 KB       
q4_layer_ctrl:task_stream0-->PIPE               0.250 KB        
q4_layer_ctrl:task_stream1-->PIPE               0.250 KB        
q4_layer_ctrl:task_stream2-->PIPE               0.219 KB        
q4_layer_ctrl:task_stream3-->PIPE               0.219 KB        
q4_layer_ctrl:vector_stream0a-->PIPE               13.000 KB       
q4_layer_ctrl:vector_stream0b-->PIPE               6.500 KB        
q4_layer_ctrl:vector_stream1a-->PIPE               13.000 KB       
q4_layer_ctrl:activation_stream3-->PIPE               38.684 KB       
q4_layer_ctrl:vector_stream1b-->PIPE               6.500 KB        
q4_layer_ctrl:vector_stream2a-->PIPE               13.000 KB       

INFO::[ Vitis-EM 22 ] [Time elapsed: 10 minute(s) 14 seconds, Emulation time: 0.418872 ms]
Data transfer between kernel(s) and global memory(s)
q4_layer_ctrl:m_axi_scales-HBM[6]          RD = 0.062 KB               WR = 0.000 KB        
q4_layer_ctrl:m_axi_weight0a-HBM[8]          RD = 443.000 KB             WR = 0.000 KB        
q4_layer_ctrl:m_axi_weight0b-HBM[9]          RD = 443.000 KB             WR = 0.000 KB        
q4_layer_ctrl:m_axi_weight1a-HBM[10]          RD = 443.000 KB             WR = 0.000 KB        
q4_layer_ctrl:m_axi_weight1b-HBM[11]          RD = 443.000 KB             WR = 0.000 KB        
q4_layer_ctrl:m_axi_weight2a-HBM[12]          RD = 315.000 KB             WR = 0.000 KB        
q4_layer_ctrl:m_axi_weight2b-HBM[13]          RD = 315.000 KB             WR = 0.000 KB        
q4_layer_ctrl:m_axi_weight3a-HBM[14]          RD = 315.000 KB             WR = 0.000 KB        
q4_layer_ctrl:m_axi_weight3b-HBM[15]          RD = 315.000 KB             WR = 0.000 KB        
q4_layer_ctrl:m_axi_hidden_in-HBM[0]          RD = 32.000 KB              WR = 0.000 KB        
q4_layer_ctrl:m_axi_hidden_out-HBM[1]          RD = 0.000 KB               WR = 0.000 KB        
q4_layer_ctrl:m_axi_kv_k-HBM[2]          RD = 4.000 KB               WR = 4.000 KB        
q4_layer_ctrl:m_axi_kv_v-HBM[3]          RD = 4.000 KB               WR = 4.000 KB        
q4_layer_ctrl:m_axi_norm-HBM[4]          RD = 4.000 KB               WR = 0.000 KB        
q4_layer_ctrl:m_axi_rope-HBM[5]          RD = 32.000 KB              WR = 0.000 KB        

Data transfer on stream interfaces
q4_layer_ctrl:activation_stream0-->PIPE               57.039 KB       
q4_layer_ctrl:activation_stream1-->PIPE               57.039 KB       
PIPE-->q4_layer_ctrl:out_stream0               63.000 KB       
q4_layer_ctrl:activation_stream2-->PIPE               41.039 KB       
PIPE-->q4_layer_ctrl:out_stream1               63.000 KB       
PIPE-->q4_layer_ctrl:out_stream2               56.000 KB       
PIPE-->q4_layer_ctrl:out_stream3               56.000 KB       
q4_layer_ctrl:task_stream0-->PIPE               0.250 KB        
q4_layer_ctrl:task_stream1-->PIPE               0.250 KB        
q4_layer_ctrl:task_stream2-->PIPE               0.219 KB        
q4_layer_ctrl:task_stream3-->PIPE               0.219 KB        
q4_layer_ctrl:vector_stream0a-->PIPE               13.000 KB       
q4_layer_ctrl:vector_stream0b-->PIPE               6.500 KB        
q4_layer_ctrl:vector_stream1a-->PIPE               13.000 KB       
q4_layer_ctrl:activation_stream3-->PIPE               41.039 KB       
q4_layer_ctrl:vector_stream1b-->PIPE               6.500 KB        
q4_layer_ctrl:vector_stream2a-->PIPE               13.000 KB       

INFO::[ Vitis-EM 22 ] [Time elapsed: 10 minute(s) 46 seconds, Emulation time: 0.424903 ms]
Data transfer between kernel(s) and global memory(s)
q4_layer_ctrl:m_axi_scales-HBM[6]          RD = 0.062 KB               WR = 0.000 KB        
q4_layer_ctrl:m_axi_weight0a-HBM[8]          RD = 497.500 KB             WR = 0.000 KB        
q4_layer_ctrl:m_axi_weight0b-HBM[9]          RD = 497.500 KB             WR = 0.000 KB        
q4_layer_ctrl:m_axi_weight1a-HBM[10]          RD = 497.500 KB             WR = 0.000 KB        
q4_layer_ctrl:m_axi_weight1b-HBM[11]          RD = 497.500 KB             WR = 0.000 KB        
q4_layer_ctrl:m_axi_weight2a-HBM[12]          RD = 369.500 KB             WR = 0.000 KB        
q4_layer_ctrl:m_axi_weight2b-HBM[13]          RD = 369.500 KB             WR = 0.000 KB        
q4_layer_ctrl:m_axi_weight3a-HBM[14]          RD = 369.500 KB             WR = 0.000 KB        
q4_layer_ctrl:m_axi_weight3b-HBM[15]          RD = 369.500 KB             WR = 0.000 KB        
q4_layer_ctrl:m_axi_hidden_in-HBM[0]          RD = 32.000 KB              WR = 0.000 KB        
q4_layer_ctrl:m_axi_hidden_out-HBM[1]          RD = 0.000 KB               WR = 0.000 KB        
q4_layer_ctrl:m_axi_kv_k-HBM[2]          RD = 4.000 KB               WR = 4.000 KB        
q4_layer_ctrl:m_axi_kv_v-HBM[3]          RD = 4.000 KB               WR = 4.000 KB        
q4_layer_ctrl:m_axi_norm-HBM[4]          RD = 4.000 KB               WR = 0.000 KB        
q4_layer_ctrl:m_axi_rope-HBM[5]          RD = 32.000 KB              WR = 0.000 KB        

Data transfer on stream interfaces
q4_layer_ctrl:activation_stream0-->PIPE               63.816 KB       
q4_layer_ctrl:activation_stream1-->PIPE               63.816 KB       
PIPE-->q4_layer_ctrl:out_stream0               66.500 KB       
q4_layer_ctrl:activation_stream2-->PIPE               47.816 KB       
PIPE-->q4_layer_ctrl:out_stream1               66.500 KB       
PIPE-->q4_layer_ctrl:out_stream2               59.500 KB       
PIPE-->q4_layer_ctrl:out_stream3               59.500 KB       
q4_layer_ctrl:task_stream0-->PIPE               0.266 KB        
q4_layer_ctrl:task_stream1-->PIPE               0.266 KB        
q4_layer_ctrl:task_stream2-->PIPE               0.234 KB        
q4_layer_ctrl:task_stream3-->PIPE               0.234 KB        
q4_layer_ctrl:vector_stream0a-->PIPE               13.000 KB       
q4_layer_ctrl:vector_stream0b-->PIPE               6.500 KB        
q4_layer_ctrl:vector_stream1a-->PIPE               13.000 KB       
q4_layer_ctrl:activation_stream3-->PIPE               47.816 KB       
q4_layer_ctrl:vector_stream1b-->PIPE               6.500 KB        
q4_layer_ctrl:vector_stream2a-->PIPE               13.000 KB       

INFO::[ Vitis-EM 22 ] [Time elapsed: 12 minute(s) 7 seconds, Emulation time: 0.43996 ms]
Data transfer between kernel(s) and global memory(s)
q4_layer_ctrl:m_axi_scales-HBM[6]          RD = 0.062 KB               WR = 0.000 KB        
q4_layer_ctrl:m_axi_weight0a-HBM[8]          RD = 634.000 KB             WR = 0.000 KB        
q4_layer_ctrl:m_axi_weight0b-HBM[9]          RD = 634.000 KB             WR = 0.000 KB        
q4_layer_ctrl:m_axi_weight1a-HBM[10]          RD = 634.000 KB             WR = 0.000 KB        
q4_layer_ctrl:m_axi_weight1b-HBM[11]          RD = 634.000 KB             WR = 0.000 KB        
q4_layer_ctrl:m_axi_weight2a-HBM[12]          RD = 506.000 KB             WR = 0.000 KB        
q4_layer_ctrl:m_axi_weight2b-HBM[13]          RD = 506.000 KB             WR = 0.000 KB        
q4_layer_ctrl:m_axi_weight3a-HBM[14]          RD = 506.000 KB             WR = 0.000 KB        
q4_layer_ctrl:m_axi_weight3b-HBM[15]          RD = 506.000 KB             WR = 0.000 KB        
q4_layer_ctrl:m_axi_hidden_in-HBM[0]          RD = 32.000 KB              WR = 0.000 KB        
q4_layer_ctrl:m_axi_hidden_out-HBM[1]          RD = 0.000 KB               WR = 0.000 KB        
q4_layer_ctrl:m_axi_kv_k-HBM[2]          RD = 4.000 KB               WR = 4.000 KB        
q4_layer_ctrl:m_axi_kv_v-HBM[3]          RD = 4.000 KB               WR = 4.000 KB        
q4_layer_ctrl:m_axi_norm-HBM[4]          RD = 4.000 KB               WR = 0.000 KB        
q4_layer_ctrl:m_axi_rope-HBM[5]          RD = 32.000 KB              WR = 0.000 KB        

Data transfer on stream interfaces
q4_layer_ctrl:activation_stream0-->PIPE               80.879 KB       
q4_layer_ctrl:activation_stream1-->PIPE               80.879 KB       
PIPE-->q4_layer_ctrl:out_stream0               73.500 KB       
q4_layer_ctrl:activation_stream2-->PIPE               64.879 KB       
PIPE-->q4_layer_ctrl:out_stream1               73.500 KB       
PIPE-->q4_layer_ctrl:out_stream2               66.500 KB       
PIPE-->q4_layer_ctrl:out_stream3               66.500 KB       
q4_layer_ctrl:task_stream0-->PIPE               0.297 KB        
q4_layer_ctrl:task_stream1-->PIPE               0.297 KB        
q4_layer_ctrl:task_stream2-->PIPE               0.266 KB        
q4_layer_ctrl:task_stream3-->PIPE               0.266 KB        
q4_layer_ctrl:vector_stream0a-->PIPE               13.000 KB       
q4_layer_ctrl:vector_stream0b-->PIPE               6.500 KB        
q4_layer_ctrl:vector_stream1a-->PIPE               13.000 KB       
q4_layer_ctrl:activation_stream3-->PIPE               64.879 KB       
q4_layer_ctrl:vector_stream1b-->PIPE               6.500 KB        
q4_layer_ctrl:vector_stream2a-->PIPE               13.000 KB       

INFO::[ Vitis-EM 22 ] [Time elapsed: 12 minute(s) 47 seconds, Emulation time: 0.472573 ms]
Data transfer between kernel(s) and global memory(s)
q4_layer_ctrl:m_axi_scales-HBM[6]          RD = 0.062 KB               WR = 0.000 KB        
q4_layer_ctrl:m_axi_weight0a-HBM[8]          RD = 640.000 KB             WR = 0.000 KB        
q4_layer_ctrl:m_axi_weight0b-HBM[9]          RD = 640.000 KB             WR = 0.000 KB        
q4_layer_ctrl:m_axi_weight1a-HBM[10]          RD = 640.000 KB             WR = 0.000 KB        
q4_layer_ctrl:m_axi_weight1b-HBM[11]          RD = 640.000 KB             WR = 0.000 KB        
q4_layer_ctrl:m_axi_weight2a-HBM[12]          RD = 512.000 KB             WR = 0.000 KB        
q4_layer_ctrl:m_axi_weight2b-HBM[13]          RD = 512.000 KB             WR = 0.000 KB        
q4_layer_ctrl:m_axi_weight3a-HBM[14]          RD = 512.000 KB             WR = 0.000 KB        
q4_layer_ctrl:m_axi_weight3b-HBM[15]          RD = 512.000 KB             WR = 0.000 KB        
q4_layer_ctrl:m_axi_hidden_in-HBM[0]          RD = 32.000 KB              WR = 0.000 KB        
q4_layer_ctrl:m_axi_hidden_out-HBM[1]          RD = 0.000 KB               WR = 0.000 KB        
q4_layer_ctrl:m_axi_kv_k-HBM[2]          RD = 4.000 KB               WR = 4.000 KB        
q4_layer_ctrl:m_axi_kv_v-HBM[3]          RD = 4.000 KB               WR = 4.000 KB        
q4_layer_ctrl:m_axi_norm-HBM[4]          RD = 8.000 KB               WR = 0.000 KB        
q4_layer_ctrl:m_axi_rope-HBM[5]          RD = 32.000 KB              WR = 0.000 KB        

Data transfer on stream interfaces
q4_layer_ctrl:activation_stream0-->PIPE               82.125 KB       
q4_layer_ctrl:activation_stream1-->PIPE               82.125 KB       
PIPE-->q4_layer_ctrl:out_stream0               91.000 KB       
q4_layer_ctrl:activation_stream2-->PIPE               66.125 KB       
PIPE-->q4_layer_ctrl:out_stream1               91.000 KB       
PIPE-->q4_layer_ctrl:out_stream2               84.000 KB       
PIPE-->q4_layer_ctrl:out_stream3               84.000 KB       
q4_layer_ctrl:task_stream0-->PIPE               0.328 KB        
q4_layer_ctrl:task_stream1-->PIPE               0.328 KB        
q4_layer_ctrl:task_stream2-->PIPE               0.297 KB        
q4_layer_ctrl:task_stream3-->PIPE               0.297 KB        
q4_layer_ctrl:vector_stream0a-->PIPE               33.820 KB       
q4_layer_ctrl:vector_stream0b-->PIPE               26.000 KB       
q4_layer_ctrl:vector_stream1a-->PIPE               33.820 KB       
q4_layer_ctrl:activation_stream3-->PIPE               66.125 KB       
q4_layer_ctrl:vector_stream1b-->PIPE               26.000 KB       
q4_layer_ctrl:vector_stream2a-->PIPE               33.820 KB       

INFO::[ Vitis-EM 22 ] [Time elapsed: 13 minute(s) 33 seconds, Emulation time: 0.518477 ms]
Data transfer between kernel(s) and global memory(s)
q4_layer_ctrl:m_axi_scales-HBM[6]          RD = 0.062 KB               WR = 0.000 KB        
q4_layer_ctrl:m_axi_weight0a-HBM[8]          RD = 640.000 KB             WR = 0.000 KB        
q4_layer_ctrl:m_axi_weight0b-HBM[9]          RD = 640.000 KB             WR = 0.000 KB        
q4_layer_ctrl:m_axi_weight1a-HBM[10]          RD = 640.000 KB             WR = 0.000 KB        
q4_layer_ctrl:m_axi_weight1b-HBM[11]          RD = 640.000 KB             WR = 0.000 KB        
q4_layer_ctrl:m_axi_weight2a-HBM[12]          RD = 512.000 KB             WR = 0.000 KB        
q4_layer_ctrl:m_axi_weight2b-HBM[13]          RD = 512.000 KB             WR = 0.000 KB        
q4_layer_ctrl:m_axi_weight3a-HBM[14]          RD = 512.000 KB             WR = 0.000 KB        
q4_layer_ctrl:m_axi_weight3b-HBM[15]          RD = 512.000 KB             WR = 0.000 KB        
q4_layer_ctrl:m_axi_hidden_in-HBM[0]          RD = 32.000 KB              WR = 0.000 KB        
q4_layer_ctrl:m_axi_hidden_out-HBM[1]          RD = 0.000 KB               WR = 0.000 KB        
q4_layer_ctrl:m_axi_kv_k-HBM[2]          RD = 4.000 KB               WR = 4.000 KB        
q4_layer_ctrl:m_axi_kv_v-HBM[3]          RD = 4.000 KB               WR = 4.000 KB        
q4_layer_ctrl:m_axi_norm-HBM[4]          RD = 8.000 KB               WR = 0.000 KB        
q4_layer_ctrl:m_axi_rope-HBM[5]          RD = 32.000 KB              WR = 0.000 KB        

Data transfer on stream interfaces
q4_layer_ctrl:activation_stream0-->PIPE               82.125 KB       
q4_layer_ctrl:activation_stream1-->PIPE               82.125 KB       
PIPE-->q4_layer_ctrl:out_stream0               101.664 KB      
q4_layer_ctrl:activation_stream2-->PIPE               66.125 KB       
PIPE-->q4_layer_ctrl:out_stream1               101.664 KB      
PIPE-->q4_layer_ctrl:out_stream2               94.664 KB       
PIPE-->q4_layer_ctrl:out_stream3               94.664 KB       
q4_layer_ctrl:task_stream0-->PIPE               0.328 KB        
q4_layer_ctrl:task_stream1-->PIPE               0.328 KB        
q4_layer_ctrl:task_stream2-->PIPE               0.297 KB        
q4_layer_ctrl:task_stream3-->PIPE               0.297 KB        
q4_layer_ctrl:vector_stream0a-->PIPE               39.000 KB       
q4_layer_ctrl:vector_stream0b-->PIPE               26.000 KB       
q4_layer_ctrl:vector_stream1a-->PIPE               39.000 KB       
q4_layer_ctrl:activation_stream3-->PIPE               66.125 KB       
q4_layer_ctrl:vector_stream1b-->PIPE               26.000 KB       
q4_layer_ctrl:vector_stream2a-->PIPE               39.000 KB       

INFO::[ Vitis-EM 22 ] [Time elapsed: 13 minute(s) 54 seconds, Emulation time: 0.530683 ms]
Data transfer between kernel(s) and global memory(s)
q4_layer_ctrl:m_axi_scales-HBM[6]          RD = 0.078 KB               WR = 0.000 KB        
q4_layer_ctrl:m_axi_weight0a-HBM[8]          RD = 660.000 KB             WR = 0.000 KB        
q4_layer_ctrl:m_axi_weight0b-HBM[9]          RD = 660.000 KB             WR = 0.000 KB        
q4_layer_ctrl:m_axi_weight1a-HBM[10]          RD = 660.000 KB             WR = 0.000 KB        
q4_layer_ctrl:m_axi_weight1b-HBM[11]          RD = 660.000 KB             WR = 0.000 KB        
q4_layer_ctrl:m_axi_weight2a-HBM[12]          RD = 532.000 KB             WR = 0.000 KB        
q4_layer_ctrl:m_axi_weight2b-HBM[13]          RD = 532.000 KB             WR = 0.000 KB        
q4_layer_ctrl:m_axi_weight3a-HBM[14]          RD = 532.000 KB             WR = 0.000 KB        
q4_layer_ctrl:m_axi_weight3b-HBM[15]          RD = 532.000 KB             WR = 0.000 KB        
q4_layer_ctrl:m_axi_hidden_in-HBM[0]          RD = 32.000 KB              WR = 0.000 KB        
q4_layer_ctrl:m_axi_hidden_out-HBM[1]          RD = 0.000 KB               WR = 0.000 KB        
q4_layer_ctrl:m_axi_kv_k-HBM[2]          RD = 4.000 KB               WR = 4.000 KB        
q4_layer_ctrl:m_axi_kv_v-HBM[3]          RD = 4.000 KB               WR = 4.000 KB        
q4_layer_ctrl:m_axi_norm-HBM[4]          RD = 8.000 KB               WR = 0.000 KB        
q4_layer_ctrl:m_axi_rope-HBM[5]          RD = 32.000 KB              WR = 0.000 KB        

Data transfer on stream interfaces
q4_layer_ctrl:activation_stream0-->PIPE               84.180 KB       
q4_layer_ctrl:activation_stream1-->PIPE               84.180 KB       
PIPE-->q4_layer_ctrl:out_stream0               105.000 KB      
q4_layer_ctrl:activation_stream2-->PIPE               68.180 KB       
PIPE-->q4_layer_ctrl:out_stream1               105.000 KB      
PIPE-->q4_layer_ctrl:out_stream2               98.000 KB       
PIPE-->q4_layer_ctrl:out_stream3               98.000 KB       
q4_layer_ctrl:task_stream0-->PIPE               0.344 KB        
q4_layer_ctrl:task_stream1-->PIPE               0.344 KB        
q4_layer_ctrl:task_stream2-->PIPE               0.312 KB        
q4_layer_ctrl:task_stream3-->PIPE               0.312 KB        
q4_layer_ctrl:vector_stream0a-->PIPE               39.000 KB       
q4_layer_ctrl:vector_stream0b-->PIPE               26.000 KB       
q4_layer_ctrl:vector_stream1a-->PIPE               39.000 KB       
q4_layer_ctrl:activation_stream3-->PIPE               68.180 KB       
q4_layer_ctrl:vector_stream1b-->PIPE               26.000 KB       
q4_layer_ctrl:vector_stream2a-->PIPE               39.000 KB       

INFO::[ Vitis-EM 22 ] [Time elapsed: 15 minute(s) 10 seconds, Emulation time: 0.544737 ms]
Data transfer between kernel(s) and global memory(s)
q4_layer_ctrl:m_axi_scales-HBM[6]          RD = 0.078 KB               WR = 0.000 KB        
q4_layer_ctrl:m_axi_weight0a-HBM[8]          RD = 787.500 KB             WR = 0.000 KB        
q4_layer_ctrl:m_axi_weight0b-HBM[9]          RD = 787.500 KB             WR = 0.000 KB        
q4_layer_ctrl:m_axi_weight1a-HBM[10]          RD = 787.500 KB             WR = 0.000 KB        
q4_layer_ctrl:m_axi_weight1b-HBM[11]          RD = 787.500 KB             WR = 0.000 KB        
q4_layer_ctrl:m_axi_weight2a-HBM[12]          RD = 659.500 KB             WR = 0.000 KB        
q4_layer_ctrl:m_axi_weight2b-HBM[13]          RD = 659.500 KB             WR = 0.000 KB        
q4_layer_ctrl:m_axi_weight3a-HBM[14]          RD = 659.500 KB             WR = 0.000 KB        
q4_layer_ctrl:m_axi_weight3b-HBM[15]          RD = 659.500 KB             WR = 0.000 KB        
q4_layer_ctrl:m_axi_hidden_in-HBM[0]          RD = 32.000 KB              WR = 0.000 KB        
q4_layer_ctrl:m_axi_hidden_out-HBM[1]          RD = 0.000 KB               WR = 0.000 KB        
q4_layer_ctrl:m_axi_kv_k-HBM[2]          RD = 4.000 KB               WR = 4.000 KB        
q4_layer_ctrl:m_axi_kv_v-HBM[3]          RD = 4.000 KB               WR = 4.000 KB        
q4_layer_ctrl:m_axi_norm-HBM[4]          RD = 8.000 KB               WR = 0.000 KB        
q4_layer_ctrl:m_axi_rope-HBM[5]          RD = 32.000 KB              WR = 0.000 KB        

Data transfer on stream interfaces
q4_layer_ctrl:activation_stream0-->PIPE               100.070 KB      
q4_layer_ctrl:activation_stream1-->PIPE               100.070 KB      
PIPE-->q4_layer_ctrl:out_stream0               112.000 KB      
q4_layer_ctrl:activation_stream2-->PIPE               84.070 KB       
PIPE-->q4_layer_ctrl:out_stream1               112.000 KB      
PIPE-->q4_layer_ctrl:out_stream2               105.000 KB      
PIPE-->q4_layer_ctrl:out_stream3               105.000 KB      
q4_layer_ctrl:task_stream0-->PIPE               0.375 KB        
q4_layer_ctrl:task_stream1-->PIPE               0.375 KB        
q4_layer_ctrl:task_stream2-->PIPE               0.344 KB        
q4_layer_ctrl:task_stream3-->PIPE               0.344 KB        
q4_layer_ctrl:vector_stream0a-->PIPE               39.000 KB       
q4_layer_ctrl:vector_stream0b-->PIPE               26.000 KB       
q4_layer_ctrl:vector_stream1a-->PIPE               39.000 KB       
q4_layer_ctrl:activation_stream3-->PIPE               84.070 KB       
q4_layer_ctrl:vector_stream1b-->PIPE               26.000 KB       
q4_layer_ctrl:vector_stream2a-->PIPE               39.000 KB       

INFO::[ Vitis-EM 22 ] [Time elapsed: 17 minute(s) 26 seconds, Emulation time: 0.569839 ms]
Data transfer between kernel(s) and global memory(s)
q4_layer_ctrl:m_axi_scales-HBM[6]          RD = 0.078 KB               WR = 0.000 KB        
q4_layer_ctrl:m_axi_weight0a-HBM[8]          RD = 1015.000 KB            WR = 0.000 KB        
q4_layer_ctrl:m_axi_weight0b-HBM[9]          RD = 1015.000 KB            WR = 0.000 KB        
q4_layer_ctrl:m_axi_weight1a-HBM[10]          RD = 1015.000 KB            WR = 0.000 KB        
q4_layer_ctrl:m_axi_weight1b-HBM[11]          RD = 1015.000 KB            WR = 0.000 KB        
q4_layer_ctrl:m_axi_weight2a-HBM[12]          RD = 887.000 KB             WR = 0.000 KB        
q4_layer_ctrl:m_axi_weight2b-HBM[13]          RD = 887.000 KB             WR = 0.000 KB        
q4_layer_ctrl:m_axi_weight3a-HBM[14]          RD = 887.000 KB             WR = 0.000 KB        
q4_layer_ctrl:m_axi_weight3b-HBM[15]          RD = 887.000 KB             WR = 0.000 KB        
q4_layer_ctrl:m_axi_hidden_in-HBM[0]          RD = 32.000 KB              WR = 0.000 KB        
q4_layer_ctrl:m_axi_hidden_out-HBM[1]          RD = 0.000 KB               WR = 0.000 KB        
q4_layer_ctrl:m_axi_kv_k-HBM[2]          RD = 4.000 KB               WR = 4.000 KB        
q4_layer_ctrl:m_axi_kv_v-HBM[3]          RD = 4.000 KB               WR = 4.000 KB        
q4_layer_ctrl:m_axi_norm-HBM[4]          RD = 8.000 KB               WR = 0.000 KB        
q4_layer_ctrl:m_axi_rope-HBM[5]          RD = 32.000 KB              WR = 0.000 KB        

Data transfer on stream interfaces
q4_layer_ctrl:activation_stream0-->PIPE               128.324 KB      
q4_layer_ctrl:activation_stream1-->PIPE               128.324 KB      
PIPE-->q4_layer_ctrl:out_stream0               122.500 KB      
q4_layer_ctrl:activation_stream2-->PIPE               112.324 KB      
PIPE-->q4_layer_ctrl:out_stream1               122.500 KB      
PIPE-->q4_layer_ctrl:out_stream2               115.500 KB      
PIPE-->q4_layer_ctrl:out_stream3               115.500 KB      
q4_layer_ctrl:task_stream0-->PIPE               0.422 KB        
q4_layer_ctrl:task_stream1-->PIPE               0.422 KB        
q4_layer_ctrl:task_stream2-->PIPE               0.391 KB        
q4_layer_ctrl:task_stream3-->PIPE               0.391 KB        
q4_layer_ctrl:vector_stream0a-->PIPE               39.000 KB       
q4_layer_ctrl:vector_stream0b-->PIPE               26.000 KB       
q4_layer_ctrl:vector_stream1a-->PIPE               39.000 KB       
q4_layer_ctrl:activation_stream3-->PIPE               112.324 KB      
q4_layer_ctrl:vector_stream1b-->PIPE               26.000 KB       
q4_layer_ctrl:vector_stream2a-->PIPE               39.000 KB       

INFO::[ Vitis-EM 22 ] [Time elapsed: 18 minute(s) 19 seconds, Emulation time: 0.579888 ms]
Data transfer between kernel(s) and global memory(s)
q4_layer_ctrl:m_axi_scales-HBM[6]          RD = 0.078 KB               WR = 0.000 KB        
q4_layer_ctrl:m_axi_weight0a-HBM[8]          RD = 1102.000 KB            WR = 0.000 KB        
q4_layer_ctrl:m_axi_weight0b-HBM[9]          RD = 1102.000 KB            WR = 0.000 KB        
q4_layer_ctrl:m_axi_weight1a-HBM[10]          RD = 1102.000 KB            WR = 0.000 KB        
q4_layer_ctrl:m_axi_weight1b-HBM[11]          RD = 1102.000 KB            WR = 0.000 KB        
q4_layer_ctrl:m_axi_weight2a-HBM[12]          RD = 974.000 KB             WR = 0.000 KB        
q4_layer_ctrl:m_axi_weight2b-HBM[13]          RD = 974.000 KB             WR = 0.000 KB        
q4_layer_ctrl:m_axi_weight3a-HBM[14]          RD = 974.000 KB             WR = 0.000 KB        
q4_layer_ctrl:m_axi_weight3b-HBM[15]          RD = 974.000 KB             WR = 0.000 KB        
q4_layer_ctrl:m_axi_hidden_in-HBM[0]          RD = 32.000 KB              WR = 0.000 KB        
q4_layer_ctrl:m_axi_hidden_out-HBM[1]          RD = 0.000 KB               WR = 0.000 KB        
q4_layer_ctrl:m_axi_kv_k-HBM[2]          RD = 4.000 KB               WR = 4.000 KB        
q4_layer_ctrl:m_axi_kv_v-HBM[3]          RD = 4.000 KB               WR = 4.000 KB        
q4_layer_ctrl:m_axi_norm-HBM[4]          RD = 8.000 KB               WR = 0.000 KB        
q4_layer_ctrl:m_axi_rope-HBM[5]          RD = 32.000 KB              WR = 0.000 KB        

Data transfer on stream interfaces
q4_layer_ctrl:activation_stream0-->PIPE               139.207 KB      
q4_layer_ctrl:activation_stream1-->PIPE               139.207 KB      
PIPE-->q4_layer_ctrl:out_stream0               129.500 KB      
q4_layer_ctrl:activation_stream2-->PIPE               123.207 KB      
PIPE-->q4_layer_ctrl:out_stream1               129.500 KB      
PIPE-->q4_layer_ctrl:out_stream2               122.500 KB      
PIPE-->q4_layer_ctrl:out_stream3               122.500 KB      
q4_layer_ctrl:task_stream0-->PIPE               0.453 KB        
q4_layer_ctrl:task_stream1-->PIPE               0.453 KB        
q4_layer_ctrl:task_stream2-->PIPE               0.422 KB        
q4_layer_ctrl:task_stream3-->PIPE               0.422 KB        
q4_layer_ctrl:vector_stream0a-->PIPE               39.000 KB       
q4_layer_ctrl:vector_stream0b-->PIPE               26.000 KB       
q4_layer_ctrl:vector_stream1a-->PIPE               39.000 KB       
q4_layer_ctrl:activation_stream3-->PIPE               123.207 KB      
q4_layer_ctrl:vector_stream1b-->PIPE               26.000 KB       
q4_layer_ctrl:vector_stream2a-->PIPE               39.000 KB       

INFO::[ Vitis-EM 22 ] [Time elapsed: 19 minute(s) 14 seconds, Emulation time: 0.589926 ms]
Data transfer between kernel(s) and global memory(s)
q4_layer_ctrl:m_axi_scales-HBM[6]          RD = 0.078 KB               WR = 0.000 KB        
q4_layer_ctrl:m_axi_weight0a-HBM[8]          RD = 1192.500 KB            WR = 0.000 KB        
q4_layer_ctrl:m_axi_weight0b-HBM[9]          RD = 1192.500 KB            WR = 0.000 KB        
q4_layer_ctrl:m_axi_weight1a-HBM[10]          RD = 1192.500 KB            WR = 0.000 KB        
q4_layer_ctrl:m_axi_weight1b-HBM[11]          RD = 1192.500 KB            WR = 0.000 KB        
q4_layer_ctrl:m_axi_weight2a-HBM[12]          RD = 1064.500 KB            WR = 0.000 KB        
q4_layer_ctrl:m_axi_weight2b-HBM[13]          RD = 1064.500 KB            WR = 0.000 KB        
q4_layer_ctrl:m_axi_weight3a-HBM[14]          RD = 1064.500 KB            WR = 0.000 KB        
q4_layer_ctrl:m_axi_weight3b-HBM[15]          RD = 1064.500 KB            WR = 0.000 KB        
q4_layer_ctrl:m_axi_hidden_in-HBM[0]          RD = 32.000 KB              WR = 0.000 KB        
q4_layer_ctrl:m_axi_hidden_out-HBM[1]          RD = 0.000 KB               WR = 0.000 KB        
q4_layer_ctrl:m_axi_kv_k-HBM[2]          RD = 4.000 KB               WR = 4.000 KB        
q4_layer_ctrl:m_axi_kv_v-HBM[3]          RD = 4.000 KB               WR = 4.000 KB        
q4_layer_ctrl:m_axi_norm-HBM[4]          RD = 8.000 KB               WR = 0.000 KB        
q4_layer_ctrl:m_axi_rope-HBM[5]          RD = 32.000 KB              WR = 0.000 KB        

Data transfer on stream interfaces
q4_layer_ctrl:activation_stream0-->PIPE               150.523 KB      
q4_layer_ctrl:activation_stream1-->PIPE               150.523 KB      
PIPE-->q4_layer_ctrl:out_stream0               133.000 KB      
q4_layer_ctrl:activation_stream2-->PIPE               134.523 KB      
PIPE-->q4_layer_ctrl:out_stream1               133.000 KB      
PIPE-->q4_layer_ctrl:out_stream2               126.000 KB      
PIPE-->q4_layer_ctrl:out_stream3               126.000 KB      
q4_layer_ctrl:task_stream0-->PIPE               0.469 KB        
q4_layer_ctrl:task_stream1-->PIPE               0.469 KB        
q4_layer_ctrl:task_stream2-->PIPE               0.438 KB        
q4_layer_ctrl:task_stream3-->PIPE               0.438 KB        
q4_layer_ctrl:vector_stream0a-->PIPE               39.000 KB       
q4_layer_ctrl:vector_stream0b-->PIPE               26.000 KB       
q4_layer_ctrl:vector_stream1a-->PIPE               39.000 KB       
q4_layer_ctrl:activation_stream3-->PIPE               134.523 KB      
q4_layer_ctrl:vector_stream1b-->PIPE               26.000 KB       
q4_layer_ctrl:vector_stream2a-->PIPE               39.000 KB       

INFO::[ Vitis-EM 22 ] [Time elapsed: 27 minute(s) 37 seconds, Emulation time: 0.684309 ms]
Data transfer between kernel(s) and global memory(s)
q4_layer_ctrl:m_axi_scales-HBM[6]          RD = 0.078 KB               WR = 0.000 KB        
q4_layer_ctrl:m_axi_weight0a-HBM[8]          RD = 2031.000 KB            WR = 0.000 KB        
q4_layer_ctrl:m_axi_weight0b-HBM[9]          RD = 2031.000 KB            WR = 0.000 KB        
q4_layer_ctrl:m_axi_weight1a-HBM[10]          RD = 2031.000 KB            WR = 0.000 KB        
q4_layer_ctrl:m_axi_weight1b-HBM[11]          RD = 2031.000 KB            WR = 0.000 KB        
q4_layer_ctrl:m_axi_weight2a-HBM[12]          RD = 1856.000 KB            WR = 0.000 KB        
q4_layer_ctrl:m_axi_weight2b-HBM[13]          RD = 1856.000 KB            WR = 0.000 KB        
q4_layer_ctrl:m_axi_weight3a-HBM[14]          RD = 1856.000 KB            WR = 0.000 KB        
q4_layer_ctrl:m_axi_weight3b-HBM[15]          RD = 1856.000 KB            WR = 0.000 KB        
q4_layer_ctrl:m_axi_hidden_in-HBM[0]          RD = 32.000 KB              WR = 0.000 KB        
q4_layer_ctrl:m_axi_hidden_out-HBM[1]          RD = 0.000 KB               WR = 0.000 KB        
q4_layer_ctrl:m_axi_kv_k-HBM[2]          RD = 4.000 KB               WR = 4.000 KB        
q4_layer_ctrl:m_axi_kv_v-HBM[3]          RD = 4.000 KB               WR = 4.000 KB        
q4_layer_ctrl:m_axi_norm-HBM[4]          RD = 8.000 KB               WR = 0.000 KB        
q4_layer_ctrl:m_axi_rope-HBM[5]          RD = 32.000 KB              WR = 0.000 KB        

Data transfer on stream interfaces
q4_layer_ctrl:activation_stream0-->PIPE               255.316 KB      
q4_layer_ctrl:activation_stream1-->PIPE               255.316 KB      
PIPE-->q4_layer_ctrl:out_stream0               178.500 KB      
q4_layer_ctrl:activation_stream2-->PIPE               234.125 KB      
PIPE-->q4_layer_ctrl:out_stream1               178.500 KB      
PIPE-->q4_layer_ctrl:out_stream2               171.500 KB      
PIPE-->q4_layer_ctrl:out_stream3               171.500 KB      
q4_layer_ctrl:task_stream0-->PIPE               0.672 KB        
q4_layer_ctrl:task_stream1-->PIPE               0.672 KB        
q4_layer_ctrl:task_stream2-->PIPE               0.625 KB        
q4_layer_ctrl:task_stream3-->PIPE               0.625 KB        
q4_layer_ctrl:vector_stream0a-->PIPE               39.000 KB       
q4_layer_ctrl:vector_stream0b-->PIPE               26.000 KB       
q4_layer_ctrl:vector_stream1a-->PIPE               39.000 KB       
q4_layer_ctrl:activation_stream3-->PIPE               234.125 KB      
q4_layer_ctrl:vector_stream1b-->PIPE               26.000 KB       
q4_layer_ctrl:vector_stream2a-->PIPE               39.000 KB       

INFO::[ Vitis-EM 22 ] [Time elapsed: 27 minute(s) 50 seconds, Emulation time: 0.689373 ms]
Data transfer between kernel(s) and global memory(s)
q4_layer_ctrl:m_axi_scales-HBM[6]          RD = 0.078 KB               WR = 0.000 KB        
q4_layer_ctrl:m_axi_weight0a-HBM[8]          RD = 2048.000 KB            WR = 0.000 KB        
q4_layer_ctrl:m_axi_weight0b-HBM[9]          RD = 2048.000 KB            WR = 0.000 KB        
q4_layer_ctrl:m_axi_weight1a-HBM[10]          RD = 2048.000 KB            WR = 0.000 KB        
q4_layer_ctrl:m_axi_weight1b-HBM[11]          RD = 2048.000 KB            WR = 0.000 KB        
q4_layer_ctrl:m_axi_weight2a-HBM[12]          RD = 1856.000 KB            WR = 0.000 KB        
q4_layer_ctrl:m_axi_weight2b-HBM[13]          RD = 1856.000 KB            WR = 0.000 KB        
q4_layer_ctrl:m_axi_weight3a-HBM[14]          RD = 1856.000 KB            WR = 0.000 KB        
q4_layer_ctrl:m_axi_weight3b-HBM[15]          RD = 1856.000 KB            WR = 0.000 KB        
q4_layer_ctrl:m_axi_hidden_in-HBM[0]          RD = 32.000 KB              WR = 0.000 KB        
q4_layer_ctrl:m_axi_hidden_out-HBM[1]          RD = 0.000 KB               WR = 0.000 KB        
q4_layer_ctrl:m_axi_kv_k-HBM[2]          RD = 4.000 KB               WR = 4.000 KB        
q4_layer_ctrl:m_axi_kv_v-HBM[3]          RD = 4.000 KB               WR = 4.000 KB        
q4_layer_ctrl:m_axi_norm-HBM[4]          RD = 8.000 KB               WR = 0.000 KB        
q4_layer_ctrl:m_axi_rope-HBM[5]          RD = 32.000 KB              WR = 0.000 KB        

Data transfer on stream interfaces
q4_layer_ctrl:activation_stream0-->PIPE               258.125 KB      
q4_layer_ctrl:activation_stream1-->PIPE               258.125 KB      
PIPE-->q4_layer_ctrl:out_stream0               182.000 KB      
q4_layer_ctrl:activation_stream2-->PIPE               234.125 KB      
PIPE-->q4_layer_ctrl:out_stream1               182.000 KB      
PIPE-->q4_layer_ctrl:out_stream2               171.500 KB      
PIPE-->q4_layer_ctrl:out_stream3               171.500 KB      
q4_layer_ctrl:task_stream0-->PIPE               0.672 KB        
q4_layer_ctrl:task_stream1-->PIPE               0.672 KB        
q4_layer_ctrl:task_stream2-->PIPE               0.625 KB        
q4_layer_ctrl:task_stream3-->PIPE               0.625 KB        
q4_layer_ctrl:vector_stream0a-->PIPE               39.000 KB       
q4_layer_ctrl:vector_stream0b-->PIPE               26.000 KB       
q4_layer_ctrl:vector_stream1a-->PIPE               39.000 KB       
q4_layer_ctrl:activation_stream3-->PIPE               234.125 KB      
q4_layer_ctrl:vector_stream1b-->PIPE               26.000 KB       
q4_layer_ctrl:vector_stream2a-->PIPE               39.000 KB       

INFO::[ Vitis-EM 22 ] [Time elapsed: 28 minute(s) 3 seconds, Emulation time: 0.699548 ms]
Data transfer between kernel(s) and global memory(s)
q4_layer_ctrl:m_axi_scales-HBM[6]          RD = 0.078 KB               WR = 0.000 KB        
q4_layer_ctrl:m_axi_weight0a-HBM[8]          RD = 2048.000 KB            WR = 0.000 KB        
q4_layer_ctrl:m_axi_weight0b-HBM[9]          RD = 2048.000 KB            WR = 0.000 KB        
q4_layer_ctrl:m_axi_weight1a-HBM[10]          RD = 2048.000 KB            WR = 0.000 KB        
q4_layer_ctrl:m_axi_weight1b-HBM[11]          RD = 2048.000 KB            WR = 0.000 KB        
q4_layer_ctrl:m_axi_weight2a-HBM[12]          RD = 1856.000 KB            WR = 0.000 KB        
q4_layer_ctrl:m_axi_weight2b-HBM[13]          RD = 1856.000 KB            WR = 0.000 KB        
q4_layer_ctrl:m_axi_weight3a-HBM[14]          RD = 1856.000 KB            WR = 0.000 KB        
q4_layer_ctrl:m_axi_weight3b-HBM[15]          RD = 1856.000 KB            WR = 0.000 KB        
q4_layer_ctrl:m_axi_hidden_in-HBM[0]          RD = 32.000 KB              WR = 0.000 KB        
q4_layer_ctrl:m_axi_hidden_out-HBM[1]          RD = 0.000 KB               WR = 0.000 KB        
q4_layer_ctrl:m_axi_kv_k-HBM[2]          RD = 4.000 KB               WR = 4.000 KB        
q4_layer_ctrl:m_axi_kv_v-HBM[3]          RD = 4.000 KB               WR = 4.000 KB        
q4_layer_ctrl:m_axi_norm-HBM[4]          RD = 8.000 KB               WR = 0.000 KB        
q4_layer_ctrl:m_axi_rope-HBM[5]          RD = 32.000 KB              WR = 0.000 KB        

Data transfer on stream interfaces
q4_layer_ctrl:activation_stream0-->PIPE               258.125 KB      
q4_layer_ctrl:activation_stream1-->PIPE               258.125 KB      
PIPE-->q4_layer_ctrl:out_stream0               182.000 KB      
q4_layer_ctrl:activation_stream2-->PIPE               234.125 KB      
PIPE-->q4_layer_ctrl:out_stream1               182.000 KB      
PIPE-->q4_layer_ctrl:out_stream2               171.500 KB      
PIPE-->q4_layer_ctrl:out_stream3               171.500 KB      
q4_layer_ctrl:task_stream0-->PIPE               0.672 KB        
q4_layer_ctrl:task_stream1-->PIPE               0.672 KB        
q4_layer_ctrl:task_stream2-->PIPE               0.625 KB        
q4_layer_ctrl:task_stream3-->PIPE               0.625 KB        
q4_layer_ctrl:vector_stream0a-->PIPE               39.000 KB       
q4_layer_ctrl:vector_stream0b-->PIPE               26.000 KB       
q4_layer_ctrl:vector_stream1a-->PIPE               39.000 KB       
q4_layer_ctrl:activation_stream3-->PIPE               234.125 KB      
q4_layer_ctrl:vector_stream1b-->PIPE               26.000 KB       
q4_layer_ctrl:vector_stream2a-->PIPE               39.000 KB       

INFO::[ Vitis-EM 22 ] [Time elapsed: 28 minute(s) 51 seconds, Emulation time: 0.713701 ms]
Data transfer between kernel(s) and global memory(s)
q4_layer_ctrl:m_axi_scales-HBM[6]          RD = 0.094 KB               WR = 0.000 KB        
q4_layer_ctrl:m_axi_weight0a-HBM[8]          RD = 2112.000 KB            WR = 0.000 KB        
q4_layer_ctrl:m_axi_weight0b-HBM[9]          RD = 2112.000 KB            WR = 0.000 KB        
q4_layer_ctrl:m_axi_weight1a-HBM[10]          RD = 2112.000 KB            WR = 0.000 KB        
q4_layer_ctrl:m_axi_weight1b-HBM[11]          RD = 2112.000 KB            WR = 0.000 KB        
q4_layer_ctrl:m_axi_weight2a-HBM[12]          RD = 1920.000 KB            WR = 0.000 KB        
q4_layer_ctrl:m_axi_weight2b-HBM[13]          RD = 1920.000 KB            WR = 0.000 KB        
q4_layer_ctrl:m_axi_weight3a-HBM[14]          RD = 1920.000 KB            WR = 0.000 KB        
q4_layer_ctrl:m_axi_weight3b-HBM[15]          RD = 1920.000 KB            WR = 0.000 KB        
q4_layer_ctrl:m_axi_hidden_in-HBM[0]          RD = 32.000 KB              WR = 0.000 KB        
q4_layer_ctrl:m_axi_hidden_out-HBM[1]          RD = 0.000 KB               WR = 0.000 KB        
q4_layer_ctrl:m_axi_kv_k-HBM[2]          RD = 4.000 KB               WR = 4.000 KB        
q4_layer_ctrl:m_axi_kv_v-HBM[3]          RD = 4.000 KB               WR = 4.000 KB        
q4_layer_ctrl:m_axi_norm-HBM[4]          RD = 8.000 KB               WR = 0.000 KB        
q4_layer_ctrl:m_axi_rope-HBM[5]          RD = 32.000 KB              WR = 0.000 KB        

Data transfer on stream interfaces
q4_layer_ctrl:activation_stream0-->PIPE               266.055 KB      
q4_layer_ctrl:activation_stream1-->PIPE               266.055 KB      
PIPE-->q4_layer_ctrl:out_stream0               182.000 KB      
q4_layer_ctrl:activation_stream2-->PIPE               242.055 KB      
PIPE-->q4_layer_ctrl:out_stream1               182.000 KB      
PIPE-->q4_layer_ctrl:out_stream2               171.500 KB      
PIPE-->q4_layer_ctrl:out_stream3               171.500 KB      
q4_layer_ctrl:task_stream0-->PIPE               0.688 KB        
q4_layer_ctrl:task_stream1-->PIPE               0.688 KB        
q4_layer_ctrl:task_stream2-->PIPE               0.641 KB        
q4_layer_ctrl:task_stream3-->PIPE               0.641 KB        
q4_layer_ctrl:vector_stream0a-->PIPE               39.000 KB       
q4_layer_ctrl:vector_stream0b-->PIPE               26.000 KB       
q4_layer_ctrl:vector_stream1a-->PIPE               39.000 KB       
q4_layer_ctrl:activation_stream3-->PIPE               242.055 KB      
q4_layer_ctrl:vector_stream1b-->PIPE               26.000 KB       
q4_layer_ctrl:vector_stream2a-->PIPE               39.000 KB       

INFO::[ Vitis-EM 22 ] [Time elapsed: 36 minute(s) 10 seconds, Emulation time: 0.795037 ms]
Data transfer between kernel(s) and global memory(s)
q4_layer_ctrl:m_axi_scales-HBM[6]          RD = 0.094 KB               WR = 0.000 KB        
q4_layer_ctrl:m_axi_weight0a-HBM[8]          RD = 2840.500 KB            WR = 0.000 KB        
q4_layer_ctrl:m_axi_weight0b-HBM[9]          RD = 2840.500 KB            WR = 0.000 KB        
q4_layer_ctrl:m_axi_weight1a-HBM[10]          RD = 2840.500 KB            WR = 0.000 KB        
q4_layer_ctrl:m_axi_weight1b-HBM[11]          RD = 2840.500 KB            WR = 0.000 KB        
q4_layer_ctrl:m_axi_weight2a-HBM[12]          RD = 2648.500 KB            WR = 0.000 KB        
q4_layer_ctrl:m_axi_weight2b-HBM[13]          RD = 2648.500 KB            WR = 0.000 KB        
q4_layer_ctrl:m_axi_weight3a-HBM[14]          RD = 2648.500 KB            WR = 0.000 KB        
q4_layer_ctrl:m_axi_weight3b-HBM[15]          RD = 2648.500 KB            WR = 0.000 KB        
q4_layer_ctrl:m_axi_hidden_in-HBM[0]          RD = 32.000 KB              WR = 0.000 KB        
q4_layer_ctrl:m_axi_hidden_out-HBM[1]          RD = 0.000 KB               WR = 0.000 KB        
q4_layer_ctrl:m_axi_kv_k-HBM[2]          RD = 4.000 KB               WR = 4.000 KB        
q4_layer_ctrl:m_axi_kv_v-HBM[3]          RD = 4.000 KB               WR = 4.000 KB        
q4_layer_ctrl:m_axi_norm-HBM[4]          RD = 8.000 KB               WR = 0.000 KB        
q4_layer_ctrl:m_axi_rope-HBM[5]          RD = 32.000 KB              WR = 0.000 KB        

Data transfer on stream interfaces
q4_layer_ctrl:activation_stream0-->PIPE               356.500 KB      
q4_layer_ctrl:activation_stream1-->PIPE               356.500 KB      
PIPE-->q4_layer_ctrl:out_stream0               224.000 KB      
q4_layer_ctrl:activation_stream2-->PIPE               332.500 KB      
PIPE-->q4_layer_ctrl:out_stream1               224.000 KB      
PIPE-->q4_layer_ctrl:out_stream2               213.500 KB      
PIPE-->q4_layer_ctrl:out_stream3               213.500 KB      
q4_layer_ctrl:task_stream0-->PIPE               0.875 KB        
q4_layer_ctrl:task_stream1-->PIPE               0.875 KB        
q4_layer_ctrl:task_stream2-->PIPE               0.828 KB        
q4_layer_ctrl:task_stream3-->PIPE               0.828 KB        
q4_layer_ctrl:vector_stream0a-->PIPE               39.000 KB       
q4_layer_ctrl:vector_stream0b-->PIPE               26.000 KB       
q4_layer_ctrl:vector_stream1a-->PIPE               39.000 KB       
q4_layer_ctrl:activation_stream3-->PIPE               332.500 KB      
q4_layer_ctrl:vector_stream1b-->PIPE               26.000 KB       
q4_layer_ctrl:vector_stream2a-->PIPE               39.000 KB       

INFO::[ Vitis-EM 22 ] [Time elapsed: 37 minute(s) 20 seconds, Emulation time: 0.808087 ms]
Data transfer between kernel(s) and global memory(s)
q4_layer_ctrl:m_axi_scales-HBM[6]          RD = 0.094 KB               WR = 0.000 KB        
q4_layer_ctrl:m_axi_weight0a-HBM[8]          RD = 2955.500 KB            WR = 0.000 KB        
q4_layer_ctrl:m_axi_weight0b-HBM[9]          RD = 2955.500 KB            WR = 0.000 KB        
q4_layer_ctrl:m_axi_weight1a-HBM[10]          RD = 2955.500 KB            WR = 0.000 KB        
q4_layer_ctrl:m_axi_weight1b-HBM[11]          RD = 2955.500 KB            WR = 0.000 KB        
q4_layer_ctrl:m_axi_weight2a-HBM[12]          RD = 2763.500 KB            WR = 0.000 KB        
q4_layer_ctrl:m_axi_weight2b-HBM[13]          RD = 2763.500 KB            WR = 0.000 KB        
q4_layer_ctrl:m_axi_weight3a-HBM[14]          RD = 2763.500 KB            WR = 0.000 KB        
q4_layer_ctrl:m_axi_weight3b-HBM[15]          RD = 2763.500 KB            WR = 0.000 KB        
q4_layer_ctrl:m_axi_hidden_in-HBM[0]          RD = 32.000 KB              WR = 0.000 KB        
q4_layer_ctrl:m_axi_hidden_out-HBM[1]          RD = 0.000 KB               WR = 0.000 KB        
q4_layer_ctrl:m_axi_kv_k-HBM[2]          RD = 4.000 KB               WR = 4.000 KB        
q4_layer_ctrl:m_axi_kv_v-HBM[3]          RD = 4.000 KB               WR = 4.000 KB        
q4_layer_ctrl:m_axi_norm-HBM[4]          RD = 8.000 KB               WR = 0.000 KB        
q4_layer_ctrl:m_axi_rope-HBM[5]          RD = 32.000 KB              WR = 0.000 KB        

Data transfer on stream interfaces
q4_layer_ctrl:activation_stream0-->PIPE               370.898 KB      
q4_layer_ctrl:activation_stream1-->PIPE               370.898 KB      
PIPE-->q4_layer_ctrl:out_stream0               231.000 KB      
q4_layer_ctrl:activation_stream2-->PIPE               346.898 KB      
PIPE-->q4_layer_ctrl:out_stream1               231.000 KB      
PIPE-->q4_layer_ctrl:out_stream2               220.500 KB      
PIPE-->q4_layer_ctrl:out_stream3               220.500 KB      
q4_layer_ctrl:task_stream0-->PIPE               0.906 KB        
q4_layer_ctrl:task_stream1-->PIPE               0.906 KB        
q4_layer_ctrl:task_stream2-->PIPE               0.859 KB        
q4_layer_ctrl:task_stream3-->PIPE               0.859 KB        
q4_layer_ctrl:vector_stream0a-->PIPE               39.000 KB       
q4_layer_ctrl:vector_stream0b-->PIPE               26.000 KB       
q4_layer_ctrl:vector_stream1a-->PIPE               39.000 KB       
q4_layer_ctrl:activation_stream3-->PIPE               346.898 KB      
q4_layer_ctrl:vector_stream1b-->PIPE               26.000 KB       
q4_layer_ctrl:vector_stream2a-->PIPE               39.000 KB       

INFO::[ Vitis-EM 22 ] [Time elapsed: 42 minute(s) 14 seconds, Emulation time: 0.866355 ms]
Data transfer between kernel(s) and global memory(s)
q4_layer_ctrl:m_axi_scales-HBM[6]          RD = 0.094 KB               WR = 0.000 KB        
q4_layer_ctrl:m_axi_weight0a-HBM[8]          RD = 3456.000 KB            WR = 0.000 KB        
q4_layer_ctrl:m_axi_weight0b-HBM[9]          RD = 3456.000 KB            WR = 0.000 KB        
q4_layer_ctrl:m_axi_weight1a-HBM[10]          RD = 3456.000 KB            WR = 0.000 KB        
q4_layer_ctrl:m_axi_weight1b-HBM[11]          RD = 3456.000 KB            WR = 0.000 KB        
q4_layer_ctrl:m_axi_weight2a-HBM[12]          RD = 3200.000 KB            WR = 0.000 KB        
q4_layer_ctrl:m_axi_weight2b-HBM[13]          RD = 3200.000 KB            WR = 0.000 KB        
q4_layer_ctrl:m_axi_weight3a-HBM[14]          RD = 3200.000 KB            WR = 0.000 KB        
q4_layer_ctrl:m_axi_weight3b-HBM[15]          RD = 3200.000 KB            WR = 0.000 KB        
q4_layer_ctrl:m_axi_hidden_in-HBM[0]          RD = 32.000 KB              WR = 0.000 KB        
q4_layer_ctrl:m_axi_hidden_out-HBM[1]          RD = 0.000 KB               WR = 0.000 KB        
q4_layer_ctrl:m_axi_kv_k-HBM[2]          RD = 4.000 KB               WR = 4.000 KB        
q4_layer_ctrl:m_axi_kv_v-HBM[3]          RD = 4.000 KB               WR = 4.000 KB        
q4_layer_ctrl:m_axi_norm-HBM[4]          RD = 8.000 KB               WR = 0.000 KB        
q4_layer_ctrl:m_axi_rope-HBM[5]          RD = 32.000 KB              WR = 0.000 KB        

Data transfer on stream interfaces
q4_layer_ctrl:activation_stream0-->PIPE               434.125 KB      
q4_layer_ctrl:activation_stream1-->PIPE               434.125 KB      
PIPE-->q4_layer_ctrl:out_stream0               259.000 KB      
q4_layer_ctrl:activation_stream2-->PIPE               402.125 KB      
PIPE-->q4_layer_ctrl:out_stream1               259.000 KB      
PIPE-->q4_layer_ctrl:out_stream2               245.000 KB      
PIPE-->q4_layer_ctrl:out_stream3               245.000 KB      
q4_layer_ctrl:task_stream0-->PIPE               1.016 KB        
q4_layer_ctrl:task_stream1-->PIPE               1.016 KB        
q4_layer_ctrl:task_stream2-->PIPE               0.953 KB        
q4_layer_ctrl:task_stream3-->PIPE               0.953 KB        
q4_layer_ctrl:vector_stream0a-->PIPE               39.000 KB       
q4_layer_ctrl:vector_stream0b-->PIPE               26.000 KB       
q4_layer_ctrl:vector_stream1a-->PIPE               39.000 KB       
q4_layer_ctrl:activation_stream3-->PIPE               402.125 KB      
q4_layer_ctrl:vector_stream1b-->PIPE               26.000 KB       
q4_layer_ctrl:vector_stream2a-->PIPE               39.000 KB       

INFO::[ Vitis-EM 22 ] [Time elapsed: 43 minute(s) 8 seconds, Emulation time: 0.916245 ms]
Data transfer between kernel(s) and global memory(s)
q4_layer_ctrl:m_axi_scales-HBM[6]          RD = 0.094 KB               WR = 0.000 KB        
q4_layer_ctrl:m_axi_weight0a-HBM[8]          RD = 3456.000 KB            WR = 0.000 KB        
q4_layer_ctrl:m_axi_weight0b-HBM[9]          RD = 3456.000 KB            WR = 0.000 KB        
q4_layer_ctrl:m_axi_weight1a-HBM[10]          RD = 3456.000 KB            WR = 0.000 KB        
q4_layer_ctrl:m_axi_weight1b-HBM[11]          RD = 3456.000 KB            WR = 0.000 KB        
q4_layer_ctrl:m_axi_weight2a-HBM[12]          RD = 3200.000 KB            WR = 0.000 KB        
q4_layer_ctrl:m_axi_weight2b-HBM[13]          RD = 3200.000 KB            WR = 0.000 KB        
q4_layer_ctrl:m_axi_weight3a-HBM[14]          RD = 3200.000 KB            WR = 0.000 KB        
q4_layer_ctrl:m_axi_weight3b-HBM[15]          RD = 3200.000 KB            WR = 0.000 KB        
q4_layer_ctrl:m_axi_hidden_in-HBM[0]          RD = 32.000 KB              WR = 0.000 KB        
q4_layer_ctrl:m_axi_hidden_out-HBM[1]          RD = 0.000 KB               WR = 0.000 KB        
q4_layer_ctrl:m_axi_kv_k-HBM[2]          RD = 4.000 KB               WR = 4.000 KB        
q4_layer_ctrl:m_axi_kv_v-HBM[3]          RD = 4.000 KB               WR = 4.000 KB        
q4_layer_ctrl:m_axi_norm-HBM[4]          RD = 8.000 KB               WR = 0.000 KB        
q4_layer_ctrl:m_axi_rope-HBM[5]          RD = 32.000 KB              WR = 0.000 KB        

Data transfer on stream interfaces
q4_layer_ctrl:activation_stream0-->PIPE               434.125 KB      
q4_layer_ctrl:activation_stream1-->PIPE               434.125 KB      
PIPE-->q4_layer_ctrl:out_stream0               291.375 KB      
q4_layer_ctrl:activation_stream2-->PIPE               402.125 KB      
PIPE-->q4_layer_ctrl:out_stream1               291.375 KB      
PIPE-->q4_layer_ctrl:out_stream2               277.375 KB      
PIPE-->q4_layer_ctrl:out_stream3               277.375 KB      
q4_layer_ctrl:task_stream0-->PIPE               1.031 KB        
q4_layer_ctrl:task_stream1-->PIPE               1.031 KB        
q4_layer_ctrl:task_stream2-->PIPE               0.969 KB        
q4_layer_ctrl:task_stream3-->PIPE               0.969 KB        
q4_layer_ctrl:vector_stream0a-->PIPE               71.094 KB       
q4_layer_ctrl:vector_stream0b-->PIPE               58.094 KB       
q4_layer_ctrl:vector_stream1a-->PIPE               71.094 KB       
q4_layer_ctrl:activation_stream3-->PIPE               402.125 KB      
q4_layer_ctrl:vector_stream1b-->PIPE               58.094 KB       
q4_layer_ctrl:vector_stream2a-->PIPE               71.094 KB       

INFO::[ Vitis-EM 22 ] [Time elapsed: 49 minute(s) 14 seconds, Emulation time: 1.04257 ms]
Data transfer between kernel(s) and global memory(s)
q4_layer_ctrl:m_axi_scales-HBM[6]          RD = 0.109 KB               WR = 0.000 KB        
q4_layer_ctrl:m_axi_weight0a-HBM[8]          RD = 4050.500 KB            WR = 0.000 KB        
q4_layer_ctrl:m_axi_weight0b-HBM[9]          RD = 4050.500 KB            WR = 0.000 KB        
q4_layer_ctrl:m_axi_weight1a-HBM[10]          RD = 4050.500 KB            WR = 0.000 KB        
q4_layer_ctrl:m_axi_weight1b-HBM[11]          RD = 4050.500 KB            WR = 0.000 KB        
q4_layer_ctrl:m_axi_weight2a-HBM[12]          RD = 3794.500 KB            WR = 0.000 KB        
q4_layer_ctrl:m_axi_weight2b-HBM[13]          RD = 3794.500 KB            WR = 0.000 KB        
q4_layer_ctrl:m_axi_weight3a-HBM[14]          RD = 3794.500 KB            WR = 0.000 KB        
q4_layer_ctrl:m_axi_weight3b-HBM[15]          RD = 3794.500 KB            WR = 0.000 KB        
q4_layer_ctrl:m_axi_hidden_in-HBM[0]          RD = 32.000 KB              WR = 0.000 KB        
q4_layer_ctrl:m_axi_hidden_out-HBM[1]          RD = 0.000 KB               WR = 0.000 KB        
q4_layer_ctrl:m_axi_kv_k-HBM[2]          RD = 4.000 KB               WR = 4.000 KB        
q4_layer_ctrl:m_axi_kv_v-HBM[3]          RD = 4.000 KB               WR = 4.000 KB        
q4_layer_ctrl:m_axi_norm-HBM[4]          RD = 8.000 KB               WR = 0.000 KB        
q4_layer_ctrl:m_axi_rope-HBM[5]          RD = 32.000 KB              WR = 0.000 KB        

Data transfer on stream interfaces
q4_layer_ctrl:activation_stream0-->PIPE               507.938 KB      
q4_layer_ctrl:activation_stream1-->PIPE               507.938 KB      
PIPE-->q4_layer_ctrl:out_stream0               337.750 KB      
q4_layer_ctrl:activation_stream2-->PIPE               475.938 KB      
PIPE-->q4_layer_ctrl:out_stream1               337.750 KB      
PIPE-->q4_layer_ctrl:out_stream2               323.750 KB      
PIPE-->q4_layer_ctrl:out_stream3               323.750 KB      
q4_layer_ctrl:task_stream0-->PIPE               1.062 KB        
q4_layer_ctrl:task_stream1-->PIPE               1.062 KB        
q4_layer_ctrl:task_stream2-->PIPE               1.000 KB        
q4_layer_ctrl:task_stream3-->PIPE               1.000 KB        
q4_layer_ctrl:vector_stream0a-->PIPE               108.875 KB      
q4_layer_ctrl:vector_stream0b-->PIPE               95.875 KB       
q4_layer_ctrl:vector_stream1a-->PIPE               108.875 KB      
q4_layer_ctrl:activation_stream3-->PIPE               475.938 KB      
q4_layer_ctrl:vector_stream1b-->PIPE               95.875 KB       
q4_layer_ctrl:vector_stream2a-->PIPE               108.875 KB      

INFO::[ Vitis-EM 22 ] [Time elapsed: 57 minute(s) 7 seconds, Emulation time: 1.20433 ms]
Data transfer between kernel(s) and global memory(s)
q4_layer_ctrl:m_axi_scales-HBM[6]          RD = 0.109 KB               WR = 0.000 KB        
q4_layer_ctrl:m_axi_weight0a-HBM[8]          RD = 4832.000 KB            WR = 0.000 KB        
q4_layer_ctrl:m_axi_weight0b-HBM[9]          RD = 4832.000 KB            WR = 0.000 KB        
q4_layer_ctrl:m_axi_weight1a-HBM[10]          RD = 4832.000 KB            WR = 0.000 KB        
q4_layer_ctrl:m_axi_weight1b-HBM[11]          RD = 4832.000 KB            WR = 0.000 KB        
q4_layer_ctrl:m_axi_weight2a-HBM[12]          RD = 4576.000 KB            WR = 0.000 KB        
q4_layer_ctrl:m_axi_weight2b-HBM[13]          RD = 4576.000 KB            WR = 0.000 KB        
q4_layer_ctrl:m_axi_weight3a-HBM[14]          RD = 4576.000 KB            WR = 0.000 KB        
q4_layer_ctrl:m_axi_weight3b-HBM[15]          RD = 4576.000 KB            WR = 0.000 KB        
q4_layer_ctrl:m_axi_hidden_in-HBM[0]          RD = 64.000 KB              WR = 0.000 KB        
q4_layer_ctrl:m_axi_hidden_out-HBM[1]          RD = 0.000 KB               WR = 32.000 KB       
q4_layer_ctrl:m_axi_kv_k-HBM[2]          RD = 4.000 KB               WR = 4.000 KB        
q4_layer_ctrl:m_axi_kv_v-HBM[3]          RD = 4.000 KB               WR = 4.000 KB        
q4_layer_ctrl:m_axi_norm-HBM[4]          RD = 12.000 KB              WR = 0.000 KB        
q4_layer_ctrl:m_axi_rope-HBM[5]          RD = 32.000 KB              WR = 0.000 KB        

Data transfer on stream interfaces
q4_layer_ctrl:activation_stream0-->PIPE               606.125 KB      
q4_layer_ctrl:activation_stream1-->PIPE               606.125 KB      
PIPE-->q4_layer_ctrl:out_stream0               369.250 KB      
q4_layer_ctrl:activation_stream2-->PIPE               574.125 KB      
PIPE-->q4_layer_ctrl:out_stream1               369.250 KB      
PIPE-->q4_layer_ctrl:out_stream2               355.250 KB      
PIPE-->q4_layer_ctrl:out_stream3               355.250 KB      
q4_layer_ctrl:task_stream0-->PIPE               1.125 KB        
q4_layer_ctrl:task_stream1-->PIPE               1.125 KB        
q4_layer_ctrl:task_stream2-->PIPE               1.062 KB        
q4_layer_ctrl:task_stream3-->PIPE               1.062 KB        
q4_layer_ctrl:vector_stream0a-->PIPE               134.875 KB      
q4_layer_ctrl:vector_stream0b-->PIPE               115.375 KB      
q4_layer_ctrl:vector_stream1a-->PIPE               134.875 KB      
q4_layer_ctrl:activation_stream3-->PIPE               574.125 KB      
q4_layer_ctrl:vector_stream1b-->PIPE               115.375 KB      
q4_layer_ctrl:vector_stream2a-->PIPE               134.875 KB      

INFO::[ Vitis-EM 22 ] [Time elapsed: 61 minute(s) 9 seconds, Emulation time: 1.29237 ms]
Data transfer between kernel(s) and global memory(s)
q4_layer_ctrl:m_axi_scales-HBM[6]          RD = 0.156 KB               WR = 0.000 KB        
q4_layer_ctrl:m_axi_weight0a-HBM[8]          RD = 5216.000 KB            WR = 0.000 KB        
q4_layer_ctrl:m_axi_weight0b-HBM[9]          RD = 5216.000 KB            WR = 0.000 KB        
q4_layer_ctrl:m_axi_weight1a-HBM[10]          RD = 5216.000 KB            WR = 0.000 KB        
q4_layer_ctrl:m_axi_weight1b-HBM[11]          RD = 5216.000 KB            WR = 0.000 KB        
q4_layer_ctrl:m_axi_weight2a-HBM[12]          RD = 4832.000 KB            WR = 0.000 KB        
q4_layer_ctrl:m_axi_weight2b-HBM[13]          RD = 4832.000 KB            WR = 0.000 KB        
q4_layer_ctrl:m_axi_weight3a-HBM[14]          RD = 4832.000 KB            WR = 0.000 KB        
q4_layer_ctrl:m_axi_weight3b-HBM[15]          RD = 4832.000 KB            WR = 0.000 KB        
q4_layer_ctrl:m_axi_hidden_in-HBM[0]          RD = 64.000 KB              WR = 0.000 KB        
q4_layer_ctrl:m_axi_hidden_out-HBM[1]          RD = 0.000 KB               WR = 32.000 KB       
q4_layer_ctrl:m_axi_kv_k-HBM[2]          RD = 4.000 KB               WR = 4.000 KB        
q4_layer_ctrl:m_axi_kv_v-HBM[3]          RD = 4.000 KB               WR = 4.000 KB        
q4_layer_ctrl:m_axi_norm-HBM[4]          RD = 12.000 KB              WR = 0.000 KB        
q4_layer_ctrl:m_axi_rope-HBM[5]          RD = 44.000 KB              WR = 0.000 KB        

Data transfer on stream interfaces
q4_layer_ctrl:activation_stream0-->PIPE               654.125 KB      
q4_layer_ctrl:activation_stream1-->PIPE               654.125 KB      
PIPE-->q4_layer_ctrl:out_stream0               397.250 KB      
q4_layer_ctrl:activation_stream2-->PIPE               606.125 KB      
PIPE-->q4_layer_ctrl:out_stream1               397.250 KB      
PIPE-->q4_layer_ctrl:out_stream2               376.250 KB      
PIPE-->q4_layer_ctrl:out_stream3               376.250 KB      
q4_layer_ctrl:task_stream0-->PIPE               1.219 KB        
q4_layer_ctrl:task_stream1-->PIPE               1.219 KB        
q4_layer_ctrl:task_stream2-->PIPE               1.125 KB        
q4_layer_ctrl:task_stream3-->PIPE               1.125 KB        
q4_layer_ctrl:vector_stream0a-->PIPE               134.875 KB      
q4_layer_ctrl:vector_stream0b-->PIPE               115.375 KB      
q4_layer_ctrl:vector_stream1a-->PIPE               134.875 KB      
q4_layer_ctrl:activation_stream3-->PIPE               606.125 KB      
q4_layer_ctrl:vector_stream1b-->PIPE               115.375 KB      
q4_layer_ctrl:vector_stream2a-->PIPE               134.875 KB      

INFO::[ Vitis-EM 22 ] [Time elapsed: 62 minute(s) 23 seconds, Emulation time: 1.36683 ms]
Data transfer between kernel(s) and global memory(s)
q4_layer_ctrl:m_axi_scales-HBM[6]          RD = 0.156 KB               WR = 0.000 KB        
q4_layer_ctrl:m_axi_weight0a-HBM[8]          RD = 5216.000 KB            WR = 0.000 KB        
q4_layer_ctrl:m_axi_weight0b-HBM[9]          RD = 5216.000 KB            WR = 0.000 KB        
q4_layer_ctrl:m_axi_weight1a-HBM[10]          RD = 5216.000 KB            WR = 0.000 KB        
q4_layer_ctrl:m_axi_weight1b-HBM[11]          RD = 5216.000 KB            WR = 0.000 KB        
q4_layer_ctrl:m_axi_weight2a-HBM[12]          RD = 4832.000 KB            WR = 0.000 KB        
q4_layer_ctrl:m_axi_weight2b-HBM[13]          RD = 4832.000 KB            WR = 0.000 KB        
q4_layer_ctrl:m_axi_weight3a-HBM[14]          RD = 4832.000 KB            WR = 0.000 KB        
q4_layer_ctrl:m_axi_weight3b-HBM[15]          RD = 4832.000 KB            WR = 0.000 KB        
q4_layer_ctrl:m_axi_hidden_in-HBM[0]          RD = 64.000 KB              WR = 0.000 KB        
q4_layer_ctrl:m_axi_hidden_out-HBM[1]          RD = 0.000 KB               WR = 32.000 KB       
q4_layer_ctrl:m_axi_kv_k-HBM[2]          RD = 4.000 KB               WR = 8.000 KB        
q4_layer_ctrl:m_axi_kv_v-HBM[3]          RD = 4.000 KB               WR = 8.000 KB        
q4_layer_ctrl:m_axi_norm-HBM[4]          RD = 12.000 KB              WR = 0.000 KB        
q4_layer_ctrl:m_axi_rope-HBM[5]          RD = 64.000 KB              WR = 0.000 KB        

Data transfer on stream interfaces
q4_layer_ctrl:activation_stream0-->PIPE               654.125 KB      
q4_layer_ctrl:activation_stream1-->PIPE               654.125 KB      
PIPE-->q4_layer_ctrl:out_stream0               397.250 KB      
q4_layer_ctrl:activation_stream2-->PIPE               606.125 KB      
PIPE-->q4_layer_ctrl:out_stream1               397.250 KB      
PIPE-->q4_layer_ctrl:out_stream2               376.250 KB      
PIPE-->q4_layer_ctrl:out_stream3               376.250 KB      
q4_layer_ctrl:task_stream0-->PIPE               1.219 KB        
q4_layer_ctrl:task_stream1-->PIPE               1.219 KB        
q4_layer_ctrl:task_stream2-->PIPE               1.125 KB        
q4_layer_ctrl:task_stream3-->PIPE               1.125 KB        
q4_layer_ctrl:vector_stream0a-->PIPE               134.875 KB      
q4_layer_ctrl:vector_stream0b-->PIPE               115.375 KB      
q4_layer_ctrl:vector_stream1a-->PIPE               134.875 KB      
q4_layer_ctrl:activation_stream3-->PIPE               606.125 KB      
q4_layer_ctrl:vector_stream1b-->PIPE               115.375 KB      
q4_layer_ctrl:vector_stream2a-->PIPE               134.875 KB      

INFO::[ Vitis-EM 22 ] [Time elapsed: 62 minute(s) 33 seconds, Emulation time: 1.37706 ms]
Data transfer between kernel(s) and global memory(s)
q4_layer_ctrl:m_axi_scales-HBM[6]          RD = 0.156 KB               WR = 0.000 KB        
q4_layer_ctrl:m_axi_weight0a-HBM[8]          RD = 5216.000 KB            WR = 0.000 KB        
q4_layer_ctrl:m_axi_weight0b-HBM[9]          RD = 5216.000 KB            WR = 0.000 KB        
q4_layer_ctrl:m_axi_weight1a-HBM[10]          RD = 5216.000 KB            WR = 0.000 KB        
q4_layer_ctrl:m_axi_weight1b-HBM[11]          RD = 5216.000 KB            WR = 0.000 KB        
q4_layer_ctrl:m_axi_weight2a-HBM[12]          RD = 4832.000 KB            WR = 0.000 KB        
q4_layer_ctrl:m_axi_weight2b-HBM[13]          RD = 4832.000 KB            WR = 0.000 KB        
q4_layer_ctrl:m_axi_weight3a-HBM[14]          RD = 4832.000 KB            WR = 0.000 KB        
q4_layer_ctrl:m_axi_weight3b-HBM[15]          RD = 4832.000 KB            WR = 0.000 KB        
q4_layer_ctrl:m_axi_hidden_in-HBM[0]          RD = 64.000 KB              WR = 0.000 KB        
q4_layer_ctrl:m_axi_hidden_out-HBM[1]          RD = 0.000 KB               WR = 32.000 KB       
q4_layer_ctrl:m_axi_kv_k-HBM[2]          RD = 4.000 KB               WR = 8.000 KB        
q4_layer_ctrl:m_axi_kv_v-HBM[3]          RD = 4.000 KB               WR = 8.000 KB        
q4_layer_ctrl:m_axi_norm-HBM[4]          RD = 12.000 KB              WR = 0.000 KB        
q4_layer_ctrl:m_axi_rope-HBM[5]          RD = 64.000 KB              WR = 0.000 KB        

Data transfer on stream interfaces
q4_layer_ctrl:activation_stream0-->PIPE               654.125 KB      
q4_layer_ctrl:activation_stream1-->PIPE               654.125 KB      
PIPE-->q4_layer_ctrl:out_stream0               397.250 KB      
q4_layer_ctrl:activation_stream2-->PIPE               606.125 KB      
PIPE-->q4_layer_ctrl:out_stream1               397.250 KB      
PIPE-->q4_layer_ctrl:out_stream2               376.250 KB      
PIPE-->q4_layer_ctrl:out_stream3               376.250 KB      
q4_layer_ctrl:task_stream0-->PIPE               1.219 KB        
q4_layer_ctrl:task_stream1-->PIPE               1.219 KB        
q4_layer_ctrl:task_stream2-->PIPE               1.125 KB        
q4_layer_ctrl:task_stream3-->PIPE               1.125 KB        
q4_layer_ctrl:vector_stream0a-->PIPE               134.875 KB      
q4_layer_ctrl:vector_stream0b-->PIPE               115.375 KB      
q4_layer_ctrl:vector_stream1a-->PIPE               134.875 KB      
q4_layer_ctrl:activation_stream3-->PIPE               606.125 KB      
q4_layer_ctrl:vector_stream1b-->PIPE               115.375 KB      
q4_layer_ctrl:vector_stream2a-->PIPE               134.875 KB      

INFO::[ Vitis-EM 22 ] [Time elapsed: 62 minute(s) 43 seconds, Emulation time: 1.38728 ms]
Data transfer between kernel(s) and global memory(s)
q4_layer_ctrl:m_axi_scales-HBM[6]          RD = 0.156 KB               WR = 0.000 KB        
q4_layer_ctrl:m_axi_weight0a-HBM[8]          RD = 5216.000 KB            WR = 0.000 KB        
q4_layer_ctrl:m_axi_weight0b-HBM[9]          RD = 5216.000 KB            WR = 0.000 KB        
q4_layer_ctrl:m_axi_weight1a-HBM[10]          RD = 5216.000 KB            WR = 0.000 KB        
q4_layer_ctrl:m_axi_weight1b-HBM[11]          RD = 5216.000 KB            WR = 0.000 KB        
q4_layer_ctrl:m_axi_weight2a-HBM[12]          RD = 4832.000 KB            WR = 0.000 KB        
q4_layer_ctrl:m_axi_weight2b-HBM[13]          RD = 4832.000 KB            WR = 0.000 KB        
q4_layer_ctrl:m_axi_weight3a-HBM[14]          RD = 4832.000 KB            WR = 0.000 KB        
q4_layer_ctrl:m_axi_weight3b-HBM[15]          RD = 4832.000 KB            WR = 0.000 KB        
q4_layer_ctrl:m_axi_hidden_in-HBM[0]          RD = 64.000 KB              WR = 0.000 KB        
q4_layer_ctrl:m_axi_hidden_out-HBM[1]          RD = 0.000 KB               WR = 32.000 KB       
q4_layer_ctrl:m_axi_kv_k-HBM[2]          RD = 4.000 KB               WR = 8.000 KB        
q4_layer_ctrl:m_axi_kv_v-HBM[3]          RD = 4.000 KB               WR = 8.000 KB        
q4_layer_ctrl:m_axi_norm-HBM[4]          RD = 12.000 KB              WR = 0.000 KB        
q4_layer_ctrl:m_axi_rope-HBM[5]          RD = 64.000 KB              WR = 0.000 KB        

Data transfer on stream interfaces
q4_layer_ctrl:activation_stream0-->PIPE               654.125 KB      
q4_layer_ctrl:activation_stream1-->PIPE               654.125 KB      
PIPE-->q4_layer_ctrl:out_stream0               397.250 KB      
q4_layer_ctrl:activation_stream2-->PIPE               606.125 KB      
PIPE-->q4_layer_ctrl:out_stream1               397.250 KB      
PIPE-->q4_layer_ctrl:out_stream2               376.250 KB      
PIPE-->q4_layer_ctrl:out_stream3               376.250 KB      
q4_layer_ctrl:task_stream0-->PIPE               1.219 KB        
q4_layer_ctrl:task_stream1-->PIPE               1.219 KB        
q4_layer_ctrl:task_stream2-->PIPE               1.125 KB        
q4_layer_ctrl:task_stream3-->PIPE               1.125 KB        
q4_layer_ctrl:vector_stream0a-->PIPE               134.875 KB      
q4_layer_ctrl:vector_stream0b-->PIPE               115.375 KB      
q4_layer_ctrl:vector_stream1a-->PIPE               134.875 KB      
q4_layer_ctrl:activation_stream3-->PIPE               606.125 KB      
q4_layer_ctrl:vector_stream1b-->PIPE               115.375 KB      
q4_layer_ctrl:vector_stream2a-->PIPE               134.875 KB      

INFO::[ Vitis-EM 22 ] [Time elapsed: 62 minute(s) 53 seconds, Emulation time: 1.39751 ms]
Data transfer between kernel(s) and global memory(s)
q4_layer_ctrl:m_axi_scales-HBM[6]          RD = 0.156 KB               WR = 0.000 KB        
q4_layer_ctrl:m_axi_weight0a-HBM[8]          RD = 5216.000 KB            WR = 0.000 KB        
q4_layer_ctrl:m_axi_weight0b-HBM[9]          RD = 5216.000 KB            WR = 0.000 KB        
q4_layer_ctrl:m_axi_weight1a-HBM[10]          RD = 5216.000 KB            WR = 0.000 KB        
q4_layer_ctrl:m_axi_weight1b-HBM[11]          RD = 5216.000 KB            WR = 0.000 KB        
q4_layer_ctrl:m_axi_weight2a-HBM[12]          RD = 4832.000 KB            WR = 0.000 KB        
q4_layer_ctrl:m_axi_weight2b-HBM[13]          RD = 4832.000 KB            WR = 0.000 KB        
q4_layer_ctrl:m_axi_weight3a-HBM[14]          RD = 4832.000 KB            WR = 0.000 KB        
q4_layer_ctrl:m_axi_weight3b-HBM[15]          RD = 4832.000 KB            WR = 0.000 KB        
q4_layer_ctrl:m_axi_hidden_in-HBM[0]          RD = 64.000 KB              WR = 0.000 KB        
q4_layer_ctrl:m_axi_hidden_out-HBM[1]          RD = 0.000 KB               WR = 32.000 KB       
q4_layer_ctrl:m_axi_kv_k-HBM[2]          RD = 4.000 KB               WR = 8.000 KB        
q4_layer_ctrl:m_axi_kv_v-HBM[3]          RD = 4.000 KB               WR = 8.000 KB        
q4_layer_ctrl:m_axi_norm-HBM[4]          RD = 12.000 KB              WR = 0.000 KB        
q4_layer_ctrl:m_axi_rope-HBM[5]          RD = 64.000 KB              WR = 0.000 KB        

Data transfer on stream interfaces
q4_layer_ctrl:activation_stream0-->PIPE               654.125 KB      
q4_layer_ctrl:activation_stream1-->PIPE               654.125 KB      
PIPE-->q4_layer_ctrl:out_stream0               397.250 KB      
q4_layer_ctrl:activation_stream2-->PIPE               606.125 KB      
PIPE-->q4_layer_ctrl:out_stream1               397.250 KB      
PIPE-->q4_layer_ctrl:out_stream2               376.250 KB      
PIPE-->q4_layer_ctrl:out_stream3               376.250 KB      
q4_layer_ctrl:task_stream0-->PIPE               1.219 KB        
q4_layer_ctrl:task_stream1-->PIPE               1.219 KB        
q4_layer_ctrl:task_stream2-->PIPE               1.125 KB        
q4_layer_ctrl:task_stream3-->PIPE               1.125 KB        
q4_layer_ctrl:vector_stream0a-->PIPE               134.875 KB      
q4_layer_ctrl:vector_stream0b-->PIPE               115.375 KB      
q4_layer_ctrl:vector_stream1a-->PIPE               134.875 KB      
q4_layer_ctrl:activation_stream3-->PIPE               606.125 KB      
q4_layer_ctrl:vector_stream1b-->PIPE               115.375 KB      
q4_layer_ctrl:vector_stream2a-->PIPE               134.875 KB      

INFO::[ Vitis-EM 22 ] [Time elapsed: 63 minute(s) 3 seconds, Emulation time: 1.40773 ms]
Data transfer between kernel(s) and global memory(s)
q4_layer_ctrl:m_axi_scales-HBM[6]          RD = 0.156 KB               WR = 0.000 KB        
q4_layer_ctrl:m_axi_weight0a-HBM[8]          RD = 5216.000 KB            WR = 0.000 KB        
q4_layer_ctrl:m_axi_weight0b-HBM[9]          RD = 5216.000 KB            WR = 0.000 KB        
q4_layer_ctrl:m_axi_weight1a-HBM[10]          RD = 5216.000 KB            WR = 0.000 KB        
q4_layer_ctrl:m_axi_weight1b-HBM[11]          RD = 5216.000 KB            WR = 0.000 KB        
q4_layer_ctrl:m_axi_weight2a-HBM[12]          RD = 4832.000 KB            WR = 0.000 KB        
q4_layer_ctrl:m_axi_weight2b-HBM[13]          RD = 4832.000 KB            WR = 0.000 KB        
q4_layer_ctrl:m_axi_weight3a-HBM[14]          RD = 4832.000 KB            WR = 0.000 KB        
q4_layer_ctrl:m_axi_weight3b-HBM[15]          RD = 4832.000 KB            WR = 0.000 KB        
q4_layer_ctrl:m_axi_hidden_in-HBM[0]          RD = 64.000 KB              WR = 0.000 KB        
q4_layer_ctrl:m_axi_hidden_out-HBM[1]          RD = 0.000 KB               WR = 32.000 KB       
q4_layer_ctrl:m_axi_kv_k-HBM[2]          RD = 4.000 KB               WR = 8.000 KB        
q4_layer_ctrl:m_axi_kv_v-HBM[3]          RD = 4.000 KB               WR = 8.000 KB        
q4_layer_ctrl:m_axi_norm-HBM[4]          RD = 12.000 KB              WR = 0.000 KB        
q4_layer_ctrl:m_axi_rope-HBM[5]          RD = 64.000 KB              WR = 0.000 KB        

Data transfer on stream interfaces
q4_layer_ctrl:activation_stream0-->PIPE               654.125 KB      
q4_layer_ctrl:activation_stream1-->PIPE               654.125 KB      
PIPE-->q4_layer_ctrl:out_stream0               397.250 KB      
q4_layer_ctrl:activation_stream2-->PIPE               606.125 KB      
PIPE-->q4_layer_ctrl:out_stream1               397.250 KB      
PIPE-->q4_layer_ctrl:out_stream2               376.250 KB      
PIPE-->q4_layer_ctrl:out_stream3               376.250 KB      
q4_layer_ctrl:task_stream0-->PIPE               1.219 KB        
q4_layer_ctrl:task_stream1-->PIPE               1.219 KB        
q4_layer_ctrl:task_stream2-->PIPE               1.125 KB        
q4_layer_ctrl:task_stream3-->PIPE               1.125 KB        
q4_layer_ctrl:vector_stream0a-->PIPE               134.875 KB      
q4_layer_ctrl:vector_stream0b-->PIPE               115.375 KB      
q4_layer_ctrl:vector_stream1a-->PIPE               134.875 KB      
q4_layer_ctrl:activation_stream3-->PIPE               606.125 KB      
q4_layer_ctrl:vector_stream1b-->PIPE               115.375 KB      
q4_layer_ctrl:vector_stream2a-->PIPE               134.875 KB      

INFO::[ Vitis-EM 22 ] [Time elapsed: 68 minute(s) 53 seconds, Emulation time: 1.63568 ms]
Data transfer between kernel(s) and global memory(s)
q4_layer_ctrl:m_axi_scales-HBM[6]          RD = 0.172 KB               WR = 0.000 KB        
q4_layer_ctrl:m_axi_weight0a-HBM[8]          RD = 5472.000 KB            WR = 0.000 KB        
q4_layer_ctrl:m_axi_weight0b-HBM[9]          RD = 5472.000 KB            WR = 0.000 KB        
q4_layer_ctrl:m_axi_weight1a-HBM[10]          RD = 5472.000 KB            WR = 0.000 KB        
q4_layer_ctrl:m_axi_weight1b-HBM[11]          RD = 5472.000 KB            WR = 0.000 KB        
q4_layer_ctrl:m_axi_weight2a-HBM[12]          RD = 5088.000 KB            WR = 0.000 KB        
q4_layer_ctrl:m_axi_weight2b-HBM[13]          RD = 5088.000 KB            WR = 0.000 KB        
q4_layer_ctrl:m_axi_weight3a-HBM[14]          RD = 5088.000 KB            WR = 0.000 KB        
q4_layer_ctrl:m_axi_weight3b-HBM[15]          RD = 5088.000 KB            WR = 0.000 KB        
q4_layer_ctrl:m_axi_hidden_in-HBM[0]          RD = 64.000 KB              WR = 0.000 KB        
q4_layer_ctrl:m_axi_hidden_out-HBM[1]          RD = 0.000 KB               WR = 32.000 KB       
q4_layer_ctrl:m_axi_kv_k-HBM[2]          RD = 12.000 KB              WR = 8.000 KB        
q4_layer_ctrl:m_axi_kv_v-HBM[3]          RD = 12.000 KB              WR = 8.000 KB        
q4_layer_ctrl:m_axi_norm-HBM[4]          RD = 16.000 KB              WR = 0.000 KB        
q4_layer_ctrl:m_axi_rope-HBM[5]          RD = 64.000 KB              WR = 0.000 KB        

Data transfer on stream interfaces
q4_layer_ctrl:activation_stream0-->PIPE               688.375 KB      
q4_layer_ctrl:activation_stream1-->PIPE               688.375 KB      
PIPE-->q4_layer_ctrl:out_stream0               459.047 KB      
q4_layer_ctrl:activation_stream2-->PIPE               640.375 KB      
PIPE-->q4_layer_ctrl:out_stream1               459.047 KB      
PIPE-->q4_layer_ctrl:out_stream2               438.047 KB      
PIPE-->q4_layer_ctrl:out_stream3               438.047 KB      
q4_layer_ctrl:task_stream0-->PIPE               1.438 KB        
q4_layer_ctrl:task_stream1-->PIPE               1.438 KB        
q4_layer_ctrl:task_stream2-->PIPE               1.344 KB        
q4_layer_ctrl:task_stream3-->PIPE               1.344 KB        
q4_layer_ctrl:vector_stream0a-->PIPE               156.254 KB      
q4_layer_ctrl:vector_stream0b-->PIPE               134.875 KB      
q4_layer_ctrl:vector_stream1a-->PIPE               156.254 KB      
q4_layer_ctrl:activation_stream3-->PIPE               640.375 KB      
q4_layer_ctrl:vector_stream1b-->PIPE               134.875 KB      
q4_layer_ctrl:vector_stream2a-->PIPE               156.254 KB      

INFO::[ Vitis-EM 22 ] [Time elapsed: 76 minute(s) 27 seconds, Emulation time: 1.75275 ms]
Data transfer between kernel(s) and global memory(s)
q4_layer_ctrl:m_axi_scales-HBM[6]          RD = 0.188 KB               WR = 0.000 KB        
q4_layer_ctrl:m_axi_weight0a-HBM[8]          RD = 6172.500 KB            WR = 0.000 KB        
q4_layer_ctrl:m_axi_weight0b-HBM[9]          RD = 6172.500 KB            WR = 0.000 KB        
q4_layer_ctrl:m_axi_weight1a-HBM[10]          RD = 6172.500 KB            WR = 0.000 KB        
q4_layer_ctrl:m_axi_weight1b-HBM[11]          RD = 6172.500 KB            WR = 0.000 KB        
q4_layer_ctrl:m_axi_weight2a-HBM[12]          RD = 5788.500 KB            WR = 0.000 KB        
q4_layer_ctrl:m_axi_weight2b-HBM[13]          RD = 5788.500 KB            WR = 0.000 KB        
q4_layer_ctrl:m_axi_weight3a-HBM[14]          RD = 5788.500 KB            WR = 0.000 KB        
q4_layer_ctrl:m_axi_weight3b-HBM[15]          RD = 5788.500 KB            WR = 0.000 KB        
q4_layer_ctrl:m_axi_hidden_in-HBM[0]          RD = 64.000 KB              WR = 0.000 KB        
q4_layer_ctrl:m_axi_hidden_out-HBM[1]          RD = 0.000 KB               WR = 32.000 KB       
q4_layer_ctrl:m_axi_kv_k-HBM[2]          RD = 12.000 KB              WR = 8.000 KB        
q4_layer_ctrl:m_axi_kv_v-HBM[3]          RD = 12.000 KB              WR = 8.000 KB        
q4_layer_ctrl:m_axi_norm-HBM[4]          RD = 16.000 KB              WR = 0.000 KB        
q4_layer_ctrl:m_axi_rope-HBM[5]          RD = 64.000 KB              WR = 0.000 KB        

Data transfer on stream interfaces
q4_layer_ctrl:activation_stream0-->PIPE               775.246 KB      
q4_layer_ctrl:activation_stream1-->PIPE               775.246 KB      
PIPE-->q4_layer_ctrl:out_stream0               502.250 KB      
q4_layer_ctrl:activation_stream2-->PIPE               727.246 KB      
PIPE-->q4_layer_ctrl:out_stream1               502.250 KB      
PIPE-->q4_layer_ctrl:out_stream2               481.250 KB      
PIPE-->q4_layer_ctrl:out_stream3               481.250 KB      
q4_layer_ctrl:task_stream0-->PIPE               1.609 KB        
q4_layer_ctrl:task_stream1-->PIPE               1.609 KB        
q4_layer_ctrl:task_stream2-->PIPE               1.516 KB        
q4_layer_ctrl:task_stream3-->PIPE               1.516 KB        
q4_layer_ctrl:vector_stream0a-->PIPE               160.875 KB      
q4_layer_ctrl:vector_stream0b-->PIPE               134.875 KB      
q4_layer_ctrl:vector_stream1a-->PIPE               160.875 KB      
q4_layer_ctrl:activation_stream3-->PIPE               727.246 KB      
q4_layer_ctrl:vector_stream1b-->PIPE               134.875 KB      
q4_layer_ctrl:vector_stream2a-->PIPE               160.875 KB      

INFO::[ Vitis-EM 22 ] [Time elapsed: 80 minute(s) 16 seconds, Emulation time: 1.79593 ms]
Data transfer between kernel(s) and global memory(s)
q4_layer_ctrl:m_axi_scales-HBM[6]          RD = 0.188 KB               WR = 0.000 KB        
q4_layer_ctrl:m_axi_weight0a-HBM[8]          RD = 6555.500 KB            WR = 0.000 KB        
q4_layer_ctrl:m_axi_weight0b-HBM[9]          RD = 6555.500 KB            WR = 0.000 KB        
q4_layer_ctrl:m_axi_weight1a-HBM[10]          RD = 6555.500 KB            WR = 0.000 KB        
q4_layer_ctrl:m_axi_weight1b-HBM[11]          RD = 6555.500 KB            WR = 0.000 KB        
q4_layer_ctrl:m_axi_weight2a-HBM[12]          RD = 6171.500 KB            WR = 0.000 KB        
q4_layer_ctrl:m_axi_weight2b-HBM[13]          RD = 6171.500 KB            WR = 0.000 KB        
q4_layer_ctrl:m_axi_weight3a-HBM[14]          RD = 6171.500 KB            WR = 0.000 KB        
q4_layer_ctrl:m_axi_weight3b-HBM[15]          RD = 6171.500 KB            WR = 0.000 KB        
q4_layer_ctrl:m_axi_hidden_in-HBM[0]          RD = 64.000 KB              WR = 0.000 KB        
q4_layer_ctrl:m_axi_hidden_out-HBM[1]          RD = 0.000 KB               WR = 32.000 KB       
q4_layer_ctrl:m_axi_kv_k-HBM[2]          RD = 12.000 KB              WR = 8.000 KB        
q4_layer_ctrl:m_axi_kv_v-HBM[3]          RD = 12.000 KB              WR = 8.000 KB        
q4_layer_ctrl:m_axi_norm-HBM[4]          RD = 16.000 KB              WR = 0.000 KB        
q4_layer_ctrl:m_axi_rope-HBM[5]          RD = 64.000 KB              WR = 0.000 KB        

Data transfer on stream interfaces
q4_layer_ctrl:activation_stream0-->PIPE               823.160 KB      
q4_layer_ctrl:activation_stream1-->PIPE               823.160 KB      
PIPE-->q4_layer_ctrl:out_stream0               523.250 KB      
q4_layer_ctrl:activation_stream2-->PIPE               775.160 KB      
PIPE-->q4_layer_ctrl:out_stream1               523.250 KB      
PIPE-->q4_layer_ctrl:out_stream2               502.250 KB      
PIPE-->q4_layer_ctrl:out_stream3               502.250 KB      
q4_layer_ctrl:task_stream0-->PIPE               1.703 KB        
q4_layer_ctrl:task_stream1-->PIPE               1.703 KB        
q4_layer_ctrl:task_stream2-->PIPE               1.609 KB        
q4_layer_ctrl:task_stream3-->PIPE               1.609 KB        
q4_layer_ctrl:vector_stream0a-->PIPE               160.875 KB      
q4_layer_ctrl:vector_stream0b-->PIPE               134.875 KB      
q4_layer_ctrl:vector_stream1a-->PIPE               160.875 KB      
q4_layer_ctrl:activation_stream3-->PIPE               775.160 KB      
q4_layer_ctrl:vector_stream1b-->PIPE               134.875 KB      
q4_layer_ctrl:vector_stream2a-->PIPE               160.875 KB      

INFO::[ Vitis-EM 22 ] [Time elapsed: 82 minute(s) 20 seconds, Emulation time: 1.81903 ms]
Data transfer between kernel(s) and global memory(s)
q4_layer_ctrl:m_axi_scales-HBM[6]          RD = 0.188 KB               WR = 0.000 KB        
q4_layer_ctrl:m_axi_weight0a-HBM[8]          RD = 6758.000 KB            WR = 0.000 KB        
q4_layer_ctrl:m_axi_weight0b-HBM[9]          RD = 6758.000 KB            WR = 0.000 KB        
q4_layer_ctrl:m_axi_weight1a-HBM[10]          RD = 6758.000 KB            WR = 0.000 KB        
q4_layer_ctrl:m_axi_weight1b-HBM[11]          RD = 6758.000 KB            WR = 0.000 KB        
q4_layer_ctrl:m_axi_weight2a-HBM[12]          RD = 6374.000 KB            WR = 0.000 KB        
q4_layer_ctrl:m_axi_weight2b-HBM[13]          RD = 6374.000 KB            WR = 0.000 KB        
q4_layer_ctrl:m_axi_weight3a-HBM[14]          RD = 6374.000 KB            WR = 0.000 KB        
q4_layer_ctrl:m_axi_weight3b-HBM[15]          RD = 6374.000 KB            WR = 0.000 KB        
q4_layer_ctrl:m_axi_hidden_in-HBM[0]          RD = 64.000 KB              WR = 0.000 KB        
q4_layer_ctrl:m_axi_hidden_out-HBM[1]          RD = 0.000 KB               WR = 32.000 KB       
q4_layer_ctrl:m_axi_kv_k-HBM[2]          RD = 12.000 KB              WR = 8.000 KB        
q4_layer_ctrl:m_axi_kv_v-HBM[3]          RD = 12.000 KB              WR = 8.000 KB        
q4_layer_ctrl:m_axi_norm-HBM[4]          RD = 16.000 KB              WR = 0.000 KB        
q4_layer_ctrl:m_axi_rope-HBM[5]          RD = 64.000 KB              WR = 0.000 KB        

Data transfer on stream interfaces
q4_layer_ctrl:activation_stream0-->PIPE               848.652 KB      
q4_layer_ctrl:activation_stream1-->PIPE               848.652 KB      
PIPE-->q4_layer_ctrl:out_stream0               533.750 KB      
q4_layer_ctrl:activation_stream2-->PIPE               800.652 KB      
PIPE-->q4_layer_ctrl:out_stream1               533.750 KB      
PIPE-->q4_layer_ctrl:out_stream2               512.750 KB      
PIPE-->q4_layer_ctrl:out_stream3               512.750 KB      
q4_layer_ctrl:task_stream0-->PIPE               1.766 KB        
q4_layer_ctrl:task_stream1-->PIPE               1.766 KB        
q4_layer_ctrl:task_stream2-->PIPE               1.672 KB        
q4_layer_ctrl:task_stream3-->PIPE               1.672 KB        
q4_layer_ctrl:vector_stream0a-->PIPE               160.875 KB      
q4_layer_ctrl:vector_stream0b-->PIPE               134.875 KB      
q4_layer_ctrl:vector_stream1a-->PIPE               160.875 KB      
q4_layer_ctrl:activation_stream3-->PIPE               800.652 KB      
q4_layer_ctrl:vector_stream1b-->PIPE               134.875 KB      
q4_layer_ctrl:vector_stream2a-->PIPE               160.875 KB      

INFO::[ Vitis-EM 22 ] [Time elapsed: 98 minute(s) 10 seconds, Emulation time: 2.04975 ms]
Data transfer between kernel(s) and global memory(s)
q4_layer_ctrl:m_axi_scales-HBM[6]          RD = 0.203 KB               WR = 0.000 KB        
q4_layer_ctrl:m_axi_weight0a-HBM[8]          RD = 8288.000 KB            WR = 0.000 KB        
q4_layer_ctrl:m_axi_weight0b-HBM[9]          RD = 8288.000 KB            WR = 0.000 KB        
q4_layer_ctrl:m_axi_weight1a-HBM[10]          RD = 8288.000 KB            WR = 0.000 KB        
q4_layer_ctrl:m_axi_weight1b-HBM[11]          RD = 8288.000 KB            WR = 0.000 KB        
q4_layer_ctrl:m_axi_weight2a-HBM[12]          RD = 7776.000 KB            WR = 0.000 KB        
q4_layer_ctrl:m_axi_weight2b-HBM[13]          RD = 7776.000 KB            WR = 0.000 KB        
q4_layer_ctrl:m_axi_weight3a-HBM[14]          RD = 7776.000 KB            WR = 0.000 KB        
q4_layer_ctrl:m_axi_weight3b-HBM[15]          RD = 7776.000 KB            WR = 0.000 KB        
q4_layer_ctrl:m_axi_hidden_in-HBM[0]          RD = 64.000 KB              WR = 0.000 KB        
q4_layer_ctrl:m_axi_hidden_out-HBM[1]          RD = 0.000 KB               WR = 32.000 KB       
q4_layer_ctrl:m_axi_kv_k-HBM[2]          RD = 12.000 KB              WR = 8.000 KB        
q4_layer_ctrl:m_axi_kv_v-HBM[3]          RD = 12.000 KB              WR = 8.000 KB        
q4_layer_ctrl:m_axi_norm-HBM[4]          RD = 16.000 KB              WR = 0.000 KB        
q4_layer_ctrl:m_axi_rope-HBM[5]          RD = 64.000 KB              WR = 0.000 KB        

Data transfer on stream interfaces
q4_layer_ctrl:activation_stream0-->PIPE               1040.375 KB     
q4_layer_ctrl:activation_stream1-->PIPE               1040.375 KB     
PIPE-->q4_layer_ctrl:out_stream0               640.555 KB      
q4_layer_ctrl:activation_stream2-->PIPE               976.375 KB      
PIPE-->q4_layer_ctrl:out_stream1               640.555 KB      
PIPE-->q4_layer_ctrl:out_stream2               612.555 KB      
PIPE-->q4_layer_ctrl:out_stream3               612.555 KB      
q4_layer_ctrl:task_stream0-->PIPE               2.141 KB        
q4_layer_ctrl:task_stream1-->PIPE               2.141 KB        
q4_layer_ctrl:task_stream2-->PIPE               2.016 KB        
q4_layer_ctrl:task_stream3-->PIPE               2.016 KB        
q4_layer_ctrl:vector_stream0a-->PIPE               180.832 KB      
q4_layer_ctrl:vector_stream0b-->PIPE               154.832 KB      
q4_layer_ctrl:vector_stream1a-->PIPE               180.832 KB      
q4_layer_ctrl:activation_stream3-->PIPE               976.375 KB      
q4_layer_ctrl:vector_stream1b-->PIPE               154.832 KB      
q4_layer_ctrl:vector_stream2a-->PIPE               180.832 KB      

INFO::[ Vitis-EM 22 ] [Time elapsed: 98 minute(s) 58 seconds, Emulation time: 2.08934 ms]
Data transfer between kernel(s) and global memory(s)
q4_layer_ctrl:m_axi_scales-HBM[6]          RD = 0.203 KB               WR = 0.000 KB        
q4_layer_ctrl:m_axi_weight0a-HBM[8]          RD = 8288.000 KB            WR = 0.000 KB        
q4_layer_ctrl:m_axi_weight0b-HBM[9]          RD = 8288.000 KB            WR = 0.000 KB        
q4_layer_ctrl:m_axi_weight1a-HBM[10]          RD = 8288.000 KB            WR = 0.000 KB        
q4_layer_ctrl:m_axi_weight1b-HBM[11]          RD = 8288.000 KB            WR = 0.000 KB        
q4_layer_ctrl:m_axi_weight2a-HBM[12]          RD = 7776.000 KB            WR = 0.000 KB        
q4_layer_ctrl:m_axi_weight2b-HBM[13]          RD = 7776.000 KB            WR = 0.000 KB        
q4_layer_ctrl:m_axi_weight3a-HBM[14]          RD = 7776.000 KB            WR = 0.000 KB        
q4_layer_ctrl:m_axi_weight3b-HBM[15]          RD = 7776.000 KB            WR = 0.000 KB        
q4_layer_ctrl:m_axi_hidden_in-HBM[0]          RD = 64.000 KB              WR = 0.000 KB        
q4_layer_ctrl:m_axi_hidden_out-HBM[1]          RD = 0.000 KB               WR = 32.000 KB       
q4_layer_ctrl:m_axi_kv_k-HBM[2]          RD = 12.000 KB              WR = 8.000 KB        
q4_layer_ctrl:m_axi_kv_v-HBM[3]          RD = 12.000 KB              WR = 8.000 KB        
q4_layer_ctrl:m_axi_norm-HBM[4]          RD = 16.000 KB              WR = 0.000 KB        
q4_layer_ctrl:m_axi_rope-HBM[5]          RD = 64.000 KB              WR = 0.000 KB        

Data transfer on stream interfaces
q4_layer_ctrl:activation_stream0-->PIPE               1040.375 KB     
q4_layer_ctrl:activation_stream1-->PIPE               1040.375 KB     
PIPE-->q4_layer_ctrl:out_stream0               681.133 KB      
q4_layer_ctrl:activation_stream2-->PIPE               976.375 KB      
PIPE-->q4_layer_ctrl:out_stream1               681.133 KB      
PIPE-->q4_layer_ctrl:out_stream2               653.133 KB      
PIPE-->q4_layer_ctrl:out_stream3               653.133 KB      
q4_layer_ctrl:task_stream0-->PIPE               2.141 KB        
q4_layer_ctrl:task_stream1-->PIPE               2.141 KB        
q4_layer_ctrl:task_stream2-->PIPE               2.016 KB        
q4_layer_ctrl:task_stream3-->PIPE               2.016 KB        
q4_layer_ctrl:vector_stream0a-->PIPE               218.512 KB      
q4_layer_ctrl:vector_stream0b-->PIPE               192.512 KB      
q4_layer_ctrl:vector_stream1a-->PIPE               218.512 KB      
q4_layer_ctrl:activation_stream3-->PIPE               976.375 KB      
q4_layer_ctrl:vector_stream1b-->PIPE               192.512 KB      
q4_layer_ctrl:vector_stream2a-->PIPE               218.512 KB      

INFO::[ Vitis-EM 22 ] [Time elapsed: 103 minute(s) 13 seconds, Emulation time: 2.17117 ms]
Data transfer between kernel(s) and global memory(s)
q4_layer_ctrl:m_axi_scales-HBM[6]          RD = 0.219 KB               WR = 0.000 KB        
q4_layer_ctrl:m_axi_weight0a-HBM[8]          RD = 8716.500 KB            WR = 0.000 KB        
q4_layer_ctrl:m_axi_weight0b-HBM[9]          RD = 8716.500 KB            WR = 0.000 KB        
q4_layer_ctrl:m_axi_weight1a-HBM[10]          RD = 8716.500 KB            WR = 0.000 KB        
q4_layer_ctrl:m_axi_weight1b-HBM[11]          RD = 8716.500 KB            WR = 0.000 KB        
q4_layer_ctrl:m_axi_weight2a-HBM[12]          RD = 8204.500 KB            WR = 0.000 KB        
q4_layer_ctrl:m_axi_weight2b-HBM[13]          RD = 8204.500 KB            WR = 0.000 KB        
q4_layer_ctrl:m_axi_weight3a-HBM[14]          RD = 8204.500 KB            WR = 0.000 KB        
q4_layer_ctrl:m_axi_weight3b-HBM[15]          RD = 8204.500 KB            WR = 0.000 KB        
q4_layer_ctrl:m_axi_hidden_in-HBM[0]          RD = 64.000 KB              WR = 0.000 KB        
q4_layer_ctrl:m_axi_hidden_out-HBM[1]          RD = 0.000 KB               WR = 32.000 KB       
q4_layer_ctrl:m_axi_kv_k-HBM[2]          RD = 12.000 KB              WR = 8.000 KB        
q4_layer_ctrl:m_axi_kv_v-HBM[3]          RD = 12.000 KB              WR = 8.000 KB        
q4_layer_ctrl:m_axi_norm-HBM[4]          RD = 16.000 KB              WR = 0.000 KB        
q4_layer_ctrl:m_axi_rope-HBM[5]          RD = 64.000 KB              WR = 0.000 KB        

Data transfer on stream interfaces
q4_layer_ctrl:activation_stream0-->PIPE               1093.449 KB     
q4_layer_ctrl:activation_stream1-->PIPE               1093.449 KB     
PIPE-->q4_layer_ctrl:out_stream0               700.000 KB      
q4_layer_ctrl:activation_stream2-->PIPE               1029.449 KB     
PIPE-->q4_layer_ctrl:out_stream1               700.000 KB      
PIPE-->q4_layer_ctrl:out_stream2               672.000 KB      
PIPE-->q4_layer_ctrl:out_stream3               672.000 KB      
q4_layer_ctrl:task_stream0-->PIPE               2.172 KB        
q4_layer_ctrl:task_stream1-->PIPE               2.172 KB        
q4_layer_ctrl:task_stream2-->PIPE               2.047 KB        
q4_layer_ctrl:task_stream3-->PIPE               2.047 KB        
q4_layer_ctrl:vector_stream0a-->PIPE               230.750 KB      
q4_layer_ctrl:vector_stream0b-->PIPE               204.750 KB      
q4_layer_ctrl:vector_stream1a-->PIPE               230.750 KB      
q4_layer_ctrl:activation_stream3-->PIPE               1029.449 KB     
q4_layer_ctrl:vector_stream1b-->PIPE               204.750 KB      
q4_layer_ctrl:vector_stream2a-->PIPE               230.750 KB      

INFO::[ Vitis-EM 22 ] [Time elapsed: 103 minute(s) 28 seconds, Emulation time: 2.17418 ms]
Data transfer between kernel(s) and global memory(s)
q4_layer_ctrl:m_axi_scales-HBM[6]          RD = 0.219 KB               WR = 0.000 KB        
q4_layer_ctrl:m_axi_weight0a-HBM[8]          RD = 8744.500 KB            WR = 0.000 KB        
q4_layer_ctrl:m_axi_weight0b-HBM[9]          RD = 8744.500 KB            WR = 0.000 KB        
q4_layer_ctrl:m_axi_weight1a-HBM[10]          RD = 8744.500 KB            WR = 0.000 KB        
q4_layer_ctrl:m_axi_weight1b-HBM[11]          RD = 8744.500 KB            WR = 0.000 KB        
q4_layer_ctrl:m_axi_weight2a-HBM[12]          RD = 8232.500 KB            WR = 0.000 KB        
q4_layer_ctrl:m_axi_weight2b-HBM[13]          RD = 8232.500 KB            WR = 0.000 KB        
q4_layer_ctrl:m_axi_weight3a-HBM[14]          RD = 8232.500 KB            WR = 0.000 KB        
q4_layer_ctrl:m_axi_weight3b-HBM[15]          RD = 8232.500 KB            WR = 0.000 KB        
q4_layer_ctrl:m_axi_hidden_in-HBM[0]          RD = 64.000 KB              WR = 0.000 KB        
q4_layer_ctrl:m_axi_hidden_out-HBM[1]          RD = 0.000 KB               WR = 32.000 KB       
q4_layer_ctrl:m_axi_kv_k-HBM[2]          RD = 12.000 KB              WR = 8.000 KB        
q4_layer_ctrl:m_axi_kv_v-HBM[3]          RD = 12.000 KB              WR = 8.000 KB        
q4_layer_ctrl:m_axi_norm-HBM[4]          RD = 16.000 KB              WR = 0.000 KB        
q4_layer_ctrl:m_axi_rope-HBM[5]          RD = 64.000 KB              WR = 0.000 KB        

Data transfer on stream interfaces
q4_layer_ctrl:activation_stream0-->PIPE               1096.980 KB     
q4_layer_ctrl:activation_stream1-->PIPE               1096.980 KB     
PIPE-->q4_layer_ctrl:out_stream0               700.000 KB      
q4_layer_ctrl:activation_stream2-->PIPE               1032.980 KB     
PIPE-->q4_layer_ctrl:out_stream1               700.000 KB      
PIPE-->q4_layer_ctrl:out_stream2               672.000 KB      
PIPE-->q4_layer_ctrl:out_stream3               672.000 KB      
q4_layer_ctrl:task_stream0-->PIPE               2.172 KB        
q4_layer_ctrl:task_stream1-->PIPE               2.172 KB        
q4_layer_ctrl:task_stream2-->PIPE               2.047 KB        
q4_layer_ctrl:task_stream3-->PIPE               2.047 KB        
q4_layer_ctrl:vector_stream0a-->PIPE               230.750 KB      
q4_layer_ctrl:vector_stream0b-->PIPE               204.750 KB      
q4_layer_ctrl:vector_stream1a-->PIPE               230.750 KB      
q4_layer_ctrl:activation_stream3-->PIPE               1032.980 KB     
q4_layer_ctrl:vector_stream1b-->PIPE               204.750 KB      
q4_layer_ctrl:vector_stream2a-->PIPE               230.750 KB      

INFO::[ Vitis-EM 22 ] [Time elapsed: 103 minute(s) 42 seconds, Emulation time: 2.1772 ms]
Data transfer between kernel(s) and global memory(s)
q4_layer_ctrl:m_axi_scales-HBM[6]          RD = 0.219 KB               WR = 0.000 KB        
q4_layer_ctrl:m_axi_weight0a-HBM[8]          RD = 8773.000 KB            WR = 0.000 KB        
q4_layer_ctrl:m_axi_weight0b-HBM[9]          RD = 8773.000 KB            WR = 0.000 KB        
q4_layer_ctrl:m_axi_weight1a-HBM[10]          RD = 8773.000 KB            WR = 0.000 KB        
q4_layer_ctrl:m_axi_weight1b-HBM[11]          RD = 8773.000 KB            WR = 0.000 KB        
q4_layer_ctrl:m_axi_weight2a-HBM[12]          RD = 8261.000 KB            WR = 0.000 KB        
q4_layer_ctrl:m_axi_weight2b-HBM[13]          RD = 8261.000 KB            WR = 0.000 KB        
q4_layer_ctrl:m_axi_weight3a-HBM[14]          RD = 8261.000 KB            WR = 0.000 KB        
q4_layer_ctrl:m_axi_weight3b-HBM[15]          RD = 8261.000 KB            WR = 0.000 KB        
q4_layer_ctrl:m_axi_hidden_in-HBM[0]          RD = 64.000 KB              WR = 0.000 KB        
q4_layer_ctrl:m_axi_hidden_out-HBM[1]          RD = 0.000 KB               WR = 32.000 KB       
q4_layer_ctrl:m_axi_kv_k-HBM[2]          RD = 12.000 KB              WR = 8.000 KB        
q4_layer_ctrl:m_axi_kv_v-HBM[3]          RD = 12.000 KB              WR = 8.000 KB        
q4_layer_ctrl:m_axi_norm-HBM[4]          RD = 16.000 KB              WR = 0.000 KB        
q4_layer_ctrl:m_axi_rope-HBM[5]          RD = 64.000 KB              WR = 0.000 KB        

Data transfer on stream interfaces
q4_layer_ctrl:activation_stream0-->PIPE               1100.516 KB     
q4_layer_ctrl:activation_stream1-->PIPE               1100.516 KB     
PIPE-->q4_layer_ctrl:out_stream0               700.000 KB      
q4_layer_ctrl:activation_stream2-->PIPE               1036.516 KB     
PIPE-->q4_layer_ctrl:out_stream1               700.000 KB      
PIPE-->q4_layer_ctrl:out_stream2               672.000 KB      
PIPE-->q4_layer_ctrl:out_stream3               672.000 KB      
q4_layer_ctrl:task_stream0-->PIPE               2.172 KB        
q4_layer_ctrl:task_stream1-->PIPE               2.172 KB        
q4_layer_ctrl:task_stream2-->PIPE               2.047 KB        
q4_layer_ctrl:task_stream3-->PIPE               2.047 KB        
q4_layer_ctrl:vector_stream0a-->PIPE               230.750 KB      
q4_layer_ctrl:vector_stream0b-->PIPE               204.750 KB      
q4_layer_ctrl:vector_stream1a-->PIPE               230.750 KB      
q4_layer_ctrl:activation_stream3-->PIPE               1036.516 KB     
q4_layer_ctrl:vector_stream1b-->PIPE               204.750 KB      
q4_layer_ctrl:vector_stream2a-->PIPE               230.750 KB      

INFO::[ Vitis-EM 22 ] [Time elapsed: 103 minute(s) 56 seconds, Emulation time: 2.18021 ms]
Data transfer between kernel(s) and global memory(s)
q4_layer_ctrl:m_axi_scales-HBM[6]          RD = 0.219 KB               WR = 0.000 KB        
q4_layer_ctrl:m_axi_weight0a-HBM[8]          RD = 8801.000 KB            WR = 0.000 KB        
q4_layer_ctrl:m_axi_weight0b-HBM[9]          RD = 8801.000 KB            WR = 0.000 KB        
q4_layer_ctrl:m_axi_weight1a-HBM[10]          RD = 8801.000 KB            WR = 0.000 KB        
q4_layer_ctrl:m_axi_weight1b-HBM[11]          RD = 8801.000 KB            WR = 0.000 KB        
q4_layer_ctrl:m_axi_weight2a-HBM[12]          RD = 8289.000 KB            WR = 0.000 KB        
q4_layer_ctrl:m_axi_weight2b-HBM[13]          RD = 8289.000 KB            WR = 0.000 KB        
q4_layer_ctrl:m_axi_weight3a-HBM[14]          RD = 8289.000 KB            WR = 0.000 KB        
q4_layer_ctrl:m_axi_weight3b-HBM[15]          RD = 8289.000 KB            WR = 0.000 KB        
q4_layer_ctrl:m_axi_hidden_in-HBM[0]          RD = 64.000 KB              WR = 0.000 KB        
q4_layer_ctrl:m_axi_hidden_out-HBM[1]          RD = 0.000 KB               WR = 32.000 KB       
q4_layer_ctrl:m_axi_kv_k-HBM[2]          RD = 12.000 KB              WR = 8.000 KB        
q4_layer_ctrl:m_axi_kv_v-HBM[3]          RD = 12.000 KB              WR = 8.000 KB        
q4_layer_ctrl:m_axi_norm-HBM[4]          RD = 16.000 KB              WR = 0.000 KB        
q4_layer_ctrl:m_axi_rope-HBM[5]          RD = 64.000 KB              WR = 0.000 KB        

Data transfer on stream interfaces
q4_layer_ctrl:activation_stream0-->PIPE               1104.047 KB     
q4_layer_ctrl:activation_stream1-->PIPE               1104.047 KB     
PIPE-->q4_layer_ctrl:out_stream0               700.000 KB      
q4_layer_ctrl:activation_stream2-->PIPE               1040.047 KB     
PIPE-->q4_layer_ctrl:out_stream1               700.000 KB      
PIPE-->q4_layer_ctrl:out_stream2               672.000 KB      
PIPE-->q4_layer_ctrl:out_stream3               672.000 KB      
q4_layer_ctrl:task_stream0-->PIPE               2.172 KB        
q4_layer_ctrl:task_stream1-->PIPE               2.172 KB        
q4_layer_ctrl:task_stream2-->PIPE               2.047 KB        
q4_layer_ctrl:task_stream3-->PIPE               2.047 KB        
q4_layer_ctrl:vector_stream0a-->PIPE               230.750 KB      
q4_layer_ctrl:vector_stream0b-->PIPE               204.750 KB      
q4_layer_ctrl:vector_stream1a-->PIPE               230.750 KB      
q4_layer_ctrl:activation_stream3-->PIPE               1040.047 KB     
q4_layer_ctrl:vector_stream1b-->PIPE               204.750 KB      
q4_layer_ctrl:vector_stream2a-->PIPE               230.750 KB      

INFO::[ Vitis-EM 22 ] [Time elapsed: 104 minute(s) 49 seconds, Emulation time: 2.19125 ms]
Data transfer between kernel(s) and global memory(s)
q4_layer_ctrl:m_axi_scales-HBM[6]          RD = 0.219 KB               WR = 0.000 KB        
q4_layer_ctrl:m_axi_weight0a-HBM[8]          RD = 8904.500 KB            WR = 0.000 KB        
q4_layer_ctrl:m_axi_weight0b-HBM[9]          RD = 8904.500 KB            WR = 0.000 KB        
q4_layer_ctrl:m_axi_weight1a-HBM[10]          RD = 8904.500 KB            WR = 0.000 KB        
q4_layer_ctrl:m_axi_weight1b-HBM[11]          RD = 8904.500 KB            WR = 0.000 KB        
q4_layer_ctrl:m_axi_weight2a-HBM[12]          RD = 8392.500 KB            WR = 0.000 KB        
q4_layer_ctrl:m_axi_weight2b-HBM[13]          RD = 8392.500 KB            WR = 0.000 KB        
q4_layer_ctrl:m_axi_weight3a-HBM[14]          RD = 8392.500 KB            WR = 0.000 KB        
q4_layer_ctrl:m_axi_weight3b-HBM[15]          RD = 8392.500 KB            WR = 0.000 KB        
q4_layer_ctrl:m_axi_hidden_in-HBM[0]          RD = 64.000 KB              WR = 0.000 KB        
q4_layer_ctrl:m_axi_hidden_out-HBM[1]          RD = 0.000 KB               WR = 32.000 KB       
q4_layer_ctrl:m_axi_kv_k-HBM[2]          RD = 12.000 KB              WR = 8.000 KB        
q4_layer_ctrl:m_axi_kv_v-HBM[3]          RD = 12.000 KB              WR = 8.000 KB        
q4_layer_ctrl:m_axi_norm-HBM[4]          RD = 16.000 KB              WR = 0.000 KB        
q4_layer_ctrl:m_axi_rope-HBM[5]          RD = 64.000 KB              WR = 0.000 KB        

Data transfer on stream interfaces
q4_layer_ctrl:activation_stream0-->PIPE               1116.984 KB     
q4_layer_ctrl:activation_stream1-->PIPE               1116.984 KB     
PIPE-->q4_layer_ctrl:out_stream0               700.000 KB      
q4_layer_ctrl:activation_stream2-->PIPE               1052.984 KB     
PIPE-->q4_layer_ctrl:out_stream1               700.000 KB      
PIPE-->q4_layer_ctrl:out_stream2               672.000 KB      
PIPE-->q4_layer_ctrl:out_stream3               672.000 KB      
q4_layer_ctrl:task_stream0-->PIPE               2.172 KB        
q4_layer_ctrl:task_stream1-->PIPE               2.172 KB        
q4_layer_ctrl:task_stream2-->PIPE               2.047 KB        
q4_layer_ctrl:task_stream3-->PIPE               2.047 KB        
q4_layer_ctrl:vector_stream0a-->PIPE               230.750 KB      
q4_layer_ctrl:vector_stream0b-->PIPE               204.750 KB      
q4_layer_ctrl:vector_stream1a-->PIPE               230.750 KB      
q4_layer_ctrl:activation_stream3-->PIPE               1052.984 KB     
q4_layer_ctrl:vector_stream1b-->PIPE               204.750 KB      
q4_layer_ctrl:vector_stream2a-->PIPE               230.750 KB      

INFO::[ Vitis-EM 22 ] [Time elapsed: 105 minute(s) 36 seconds, Emulation time: 2.20129 ms]
Data transfer between kernel(s) and global memory(s)
q4_layer_ctrl:m_axi_scales-HBM[6]          RD = 0.219 KB               WR = 0.000 KB        
q4_layer_ctrl:m_axi_weight0a-HBM[8]          RD = 8996.500 KB            WR = 0.000 KB        
q4_layer_ctrl:m_axi_weight0b-HBM[9]          RD = 8996.500 KB            WR = 0.000 KB        
q4_layer_ctrl:m_axi_weight1a-HBM[10]          RD = 8996.500 KB            WR = 0.000 KB        
q4_layer_ctrl:m_axi_weight1b-HBM[11]          RD = 8996.500 KB            WR = 0.000 KB        
q4_layer_ctrl:m_axi_weight2a-HBM[12]          RD = 8484.500 KB            WR = 0.000 KB        
q4_layer_ctrl:m_axi_weight2b-HBM[13]          RD = 8484.500 KB            WR = 0.000 KB        
q4_layer_ctrl:m_axi_weight3a-HBM[14]          RD = 8484.500 KB            WR = 0.000 KB        
q4_layer_ctrl:m_axi_weight3b-HBM[15]          RD = 8484.500 KB            WR = 0.000 KB        
q4_layer_ctrl:m_axi_hidden_in-HBM[0]          RD = 64.000 KB              WR = 0.000 KB        
q4_layer_ctrl:m_axi_hidden_out-HBM[1]          RD = 0.000 KB               WR = 32.000 KB       
q4_layer_ctrl:m_axi_kv_k-HBM[2]          RD = 12.000 KB              WR = 8.000 KB        
q4_layer_ctrl:m_axi_kv_v-HBM[3]          RD = 12.000 KB              WR = 8.000 KB        
q4_layer_ctrl:m_axi_norm-HBM[4]          RD = 16.000 KB              WR = 0.000 KB        
q4_layer_ctrl:m_axi_rope-HBM[5]          RD = 64.000 KB              WR = 0.000 KB        

Data transfer on stream interfaces
q4_layer_ctrl:activation_stream0-->PIPE               1128.457 KB     
q4_layer_ctrl:activation_stream1-->PIPE               1128.457 KB     
PIPE-->q4_layer_ctrl:out_stream0               703.500 KB      
q4_layer_ctrl:activation_stream2-->PIPE               1064.457 KB     
PIPE-->q4_layer_ctrl:out_stream1               703.500 KB      
PIPE-->q4_layer_ctrl:out_stream2               675.500 KB      
PIPE-->q4_layer_ctrl:out_stream3               675.500 KB      
q4_layer_ctrl:task_stream0-->PIPE               2.188 KB        
q4_layer_ctrl:task_stream1-->PIPE               2.188 KB        
q4_layer_ctrl:task_stream2-->PIPE               2.062 KB        
q4_layer_ctrl:task_stream3-->PIPE               2.062 KB        
q4_layer_ctrl:vector_stream0a-->PIPE               230.750 KB      
q4_layer_ctrl:vector_stream0b-->PIPE               204.750 KB      
q4_layer_ctrl:vector_stream1a-->PIPE               230.750 KB      
q4_layer_ctrl:activation_stream3-->PIPE               1064.457 KB     
q4_layer_ctrl:vector_stream1b-->PIPE               204.750 KB      
q4_layer_ctrl:vector_stream2a-->PIPE               230.750 KB      

INFO::[ Vitis-EM 22 ] [Time elapsed: 105 minute(s) 50 seconds, Emulation time: 2.20431 ms]
Data transfer between kernel(s) and global memory(s)
q4_layer_ctrl:m_axi_scales-HBM[6]          RD = 0.219 KB               WR = 0.000 KB        
q4_layer_ctrl:m_axi_weight0a-HBM[8]          RD = 9024.500 KB            WR = 0.000 KB        
q4_layer_ctrl:m_axi_weight0b-HBM[9]          RD = 9024.500 KB            WR = 0.000 KB        
q4_layer_ctrl:m_axi_weight1a-HBM[10]          RD = 9024.500 KB            WR = 0.000 KB        
q4_layer_ctrl:m_axi_weight1b-HBM[11]          RD = 9024.500 KB            WR = 0.000 KB        
q4_layer_ctrl:m_axi_weight2a-HBM[12]          RD = 8512.500 KB            WR = 0.000 KB        
q4_layer_ctrl:m_axi_weight2b-HBM[13]          RD = 8512.500 KB            WR = 0.000 KB        
q4_layer_ctrl:m_axi_weight3a-HBM[14]          RD = 8512.500 KB            WR = 0.000 KB        
q4_layer_ctrl:m_axi_weight3b-HBM[15]          RD = 8512.500 KB            WR = 0.000 KB        
q4_layer_ctrl:m_axi_hidden_in-HBM[0]          RD = 64.000 KB              WR = 0.000 KB        
q4_layer_ctrl:m_axi_hidden_out-HBM[1]          RD = 0.000 KB               WR = 32.000 KB       
q4_layer_ctrl:m_axi_kv_k-HBM[2]          RD = 12.000 KB              WR = 8.000 KB        
q4_layer_ctrl:m_axi_kv_v-HBM[3]          RD = 12.000 KB              WR = 8.000 KB        
q4_layer_ctrl:m_axi_norm-HBM[4]          RD = 16.000 KB              WR = 0.000 KB        
q4_layer_ctrl:m_axi_rope-HBM[5]          RD = 64.000 KB              WR = 0.000 KB        

Data transfer on stream interfaces
q4_layer_ctrl:activation_stream0-->PIPE               1131.988 KB     
q4_layer_ctrl:activation_stream1-->PIPE               1131.988 KB     
PIPE-->q4_layer_ctrl:out_stream0               703.500 KB      
q4_layer_ctrl:activation_stream2-->PIPE               1067.988 KB     
PIPE-->q4_layer_ctrl:out_stream1               703.500 KB      
PIPE-->q4_layer_ctrl:out_stream2               675.500 KB      
PIPE-->q4_layer_ctrl:out_stream3               675.500 KB      
q4_layer_ctrl:task_stream0-->PIPE               2.188 KB        
q4_layer_ctrl:task_stream1-->PIPE               2.188 KB        
q4_layer_ctrl:task_stream2-->PIPE               2.062 KB        
q4_layer_ctrl:task_stream3-->PIPE               2.062 KB        
q4_layer_ctrl:vector_stream0a-->PIPE               230.750 KB      
q4_layer_ctrl:vector_stream0b-->PIPE               204.750 KB      
q4_layer_ctrl:vector_stream1a-->PIPE               230.750 KB      
q4_layer_ctrl:activation_stream3-->PIPE               1067.988 KB     
q4_layer_ctrl:vector_stream1b-->PIPE               204.750 KB      
q4_layer_ctrl:vector_stream2a-->PIPE               230.750 KB      

INFO::[ Vitis-EM 22 ] [Time elapsed: 106 minute(s) 5 seconds, Emulation time: 2.20732 ms]
Data transfer between kernel(s) and global memory(s)
q4_layer_ctrl:m_axi_scales-HBM[6]          RD = 0.219 KB               WR = 0.000 KB        
q4_layer_ctrl:m_axi_weight0a-HBM[8]          RD = 9053.000 KB            WR = 0.000 KB        
q4_layer_ctrl:m_axi_weight0b-HBM[9]          RD = 9053.000 KB            WR = 0.000 KB        
q4_layer_ctrl:m_axi_weight1a-HBM[10]          RD = 9053.000 KB            WR = 0.000 KB        
q4_layer_ctrl:m_axi_weight1b-HBM[11]          RD = 9053.000 KB            WR = 0.000 KB        
q4_layer_ctrl:m_axi_weight2a-HBM[12]          RD = 8541.000 KB            WR = 0.000 KB        
q4_layer_ctrl:m_axi_weight2b-HBM[13]          RD = 8541.000 KB            WR = 0.000 KB        
q4_layer_ctrl:m_axi_weight3a-HBM[14]          RD = 8541.000 KB            WR = 0.000 KB        
q4_layer_ctrl:m_axi_weight3b-HBM[15]          RD = 8541.000 KB            WR = 0.000 KB        
q4_layer_ctrl:m_axi_hidden_in-HBM[0]          RD = 64.000 KB              WR = 0.000 KB        
q4_layer_ctrl:m_axi_hidden_out-HBM[1]          RD = 0.000 KB               WR = 32.000 KB       
q4_layer_ctrl:m_axi_kv_k-HBM[2]          RD = 12.000 KB              WR = 8.000 KB        
q4_layer_ctrl:m_axi_kv_v-HBM[3]          RD = 12.000 KB              WR = 8.000 KB        
q4_layer_ctrl:m_axi_norm-HBM[4]          RD = 16.000 KB              WR = 0.000 KB        
q4_layer_ctrl:m_axi_rope-HBM[5]          RD = 64.000 KB              WR = 0.000 KB        

Data transfer on stream interfaces
q4_layer_ctrl:activation_stream0-->PIPE               1135.520 KB     
q4_layer_ctrl:activation_stream1-->PIPE               1135.520 KB     
PIPE-->q4_layer_ctrl:out_stream0               703.500 KB      
q4_layer_ctrl:activation_stream2-->PIPE               1071.520 KB     
PIPE-->q4_layer_ctrl:out_stream1               703.500 KB      
PIPE-->q4_layer_ctrl:out_stream2               675.500 KB      
PIPE-->q4_layer_ctrl:out_stream3               675.500 KB      
q4_layer_ctrl:task_stream0-->PIPE               2.188 KB        
q4_layer_ctrl:task_stream1-->PIPE               2.188 KB        
q4_layer_ctrl:task_stream2-->PIPE               2.062 KB        
q4_layer_ctrl:task_stream3-->PIPE               2.062 KB        
q4_layer_ctrl:vector_stream0a-->PIPE               230.750 KB      
q4_layer_ctrl:vector_stream0b-->PIPE               204.750 KB      
q4_layer_ctrl:vector_stream1a-->PIPE               230.750 KB      
q4_layer_ctrl:activation_stream3-->PIPE               1071.520 KB     
q4_layer_ctrl:vector_stream1b-->PIPE               204.750 KB      
q4_layer_ctrl:vector_stream2a-->PIPE               230.750 KB      

INFO::[ Vitis-EM 22 ] [Time elapsed: 106 minute(s) 19 seconds, Emulation time: 2.21033 ms]
Data transfer between kernel(s) and global memory(s)
q4_layer_ctrl:m_axi_scales-HBM[6]          RD = 0.219 KB               WR = 0.000 KB        
q4_layer_ctrl:m_axi_weight0a-HBM[8]          RD = 9081.000 KB            WR = 0.000 KB        
q4_layer_ctrl:m_axi_weight0b-HBM[9]          RD = 9081.000 KB            WR = 0.000 KB        
q4_layer_ctrl:m_axi_weight1a-HBM[10]          RD = 9081.000 KB            WR = 0.000 KB        
q4_layer_ctrl:m_axi_weight1b-HBM[11]          RD = 9081.000 KB            WR = 0.000 KB        
q4_layer_ctrl:m_axi_weight2a-HBM[12]          RD = 8569.000 KB            WR = 0.000 KB        
q4_layer_ctrl:m_axi_weight2b-HBM[13]          RD = 8569.000 KB            WR = 0.000 KB        
q4_layer_ctrl:m_axi_weight3a-HBM[14]          RD = 8569.000 KB            WR = 0.000 KB        
q4_layer_ctrl:m_axi_weight3b-HBM[15]          RD = 8569.000 KB            WR = 0.000 KB        
q4_layer_ctrl:m_axi_hidden_in-HBM[0]          RD = 64.000 KB              WR = 0.000 KB        
q4_layer_ctrl:m_axi_hidden_out-HBM[1]          RD = 0.000 KB               WR = 32.000 KB       
q4_layer_ctrl:m_axi_kv_k-HBM[2]          RD = 12.000 KB              WR = 8.000 KB        
q4_layer_ctrl:m_axi_kv_v-HBM[3]          RD = 12.000 KB              WR = 8.000 KB        
q4_layer_ctrl:m_axi_norm-HBM[4]          RD = 16.000 KB              WR = 0.000 KB        
q4_layer_ctrl:m_axi_rope-HBM[5]          RD = 64.000 KB              WR = 0.000 KB        

Data transfer on stream interfaces
q4_layer_ctrl:activation_stream0-->PIPE               1139.051 KB     
q4_layer_ctrl:activation_stream1-->PIPE               1139.051 KB     
PIPE-->q4_layer_ctrl:out_stream0               703.500 KB      
q4_layer_ctrl:activation_stream2-->PIPE               1075.051 KB     
PIPE-->q4_layer_ctrl:out_stream1               703.500 KB      
PIPE-->q4_layer_ctrl:out_stream2               675.500 KB      
PIPE-->q4_layer_ctrl:out_stream3               675.500 KB      
q4_layer_ctrl:task_stream0-->PIPE               2.188 KB        
q4_layer_ctrl:task_stream1-->PIPE               2.188 KB        
q4_layer_ctrl:task_stream2-->PIPE               2.062 KB        
q4_layer_ctrl:task_stream3-->PIPE               2.062 KB        
q4_layer_ctrl:vector_stream0a-->PIPE               230.750 KB      
q4_layer_ctrl:vector_stream0b-->PIPE               204.750 KB      
q4_layer_ctrl:vector_stream1a-->PIPE               230.750 KB      
q4_layer_ctrl:activation_stream3-->PIPE               1075.051 KB     
q4_layer_ctrl:vector_stream1b-->PIPE               204.750 KB      
q4_layer_ctrl:vector_stream2a-->PIPE               230.750 KB      

INFO::[ Vitis-EM 22 ] [Time elapsed: 121 minute(s) 30 seconds, Emulation time: 2.72254 ms]
Data transfer between kernel(s) and global memory(s)
q4_layer_ctrl:m_axi_scales-HBM[6]          RD = 0.281 KB               WR = 0.000 KB        
q4_layer_ctrl:m_axi_weight0a-HBM[8]          RD = 10061.500 KB           WR = 0.000 KB        
q4_layer_ctrl:m_axi_weight0b-HBM[9]          RD = 10061.500 KB           WR = 0.000 KB        
q4_layer_ctrl:m_axi_weight1a-HBM[10]          RD = 10061.500 KB           WR = 0.000 KB        
q4_layer_ctrl:m_axi_weight1b-HBM[11]          RD = 10061.500 KB           WR = 0.000 KB        
q4_layer_ctrl:m_axi_weight2a-HBM[12]          RD = 9421.500 KB            WR = 0.000 KB        
q4_layer_ctrl:m_axi_weight2b-HBM[13]          RD = 9421.500 KB            WR = 0.000 KB        
q4_layer_ctrl:m_axi_weight3a-HBM[14]          RD = 9421.500 KB            WR = 0.000 KB        
q4_layer_ctrl:m_axi_weight3b-HBM[15]          RD = 9421.500 KB            WR = 0.000 KB        
q4_layer_ctrl:m_axi_hidden_in-HBM[0]          RD = 96.000 KB              WR = 0.000 KB        
q4_layer_ctrl:m_axi_hidden_out-HBM[1]          RD = 0.000 KB               WR = 64.000 KB       
q4_layer_ctrl:m_axi_kv_k-HBM[2]          RD = 24.000 KB              WR = 12.000 KB       
q4_layer_ctrl:m_axi_kv_v-HBM[3]          RD = 24.000 KB              WR = 12.000 KB       
q4_layer_ctrl:m_axi_norm-HBM[4]          RD = 20.000 KB              WR = 0.000 KB        
q4_layer_ctrl:m_axi_rope-HBM[5]          RD = 96.000 KB              WR = 0.000 KB        

Data transfer on stream interfaces
q4_layer_ctrl:activation_stream0-->PIPE               1263.945 KB     
q4_layer_ctrl:activation_stream1-->PIPE               1263.945 KB     
PIPE-->q4_layer_ctrl:out_stream0               787.500 KB      
q4_layer_ctrl:activation_stream2-->PIPE               1183.945 KB     
PIPE-->q4_layer_ctrl:out_stream1               787.500 KB      
PIPE-->q4_layer_ctrl:out_stream2               752.500 KB      
PIPE-->q4_layer_ctrl:out_stream3               752.500 KB      
q4_layer_ctrl:task_stream0-->PIPE               2.469 KB        
q4_layer_ctrl:task_stream1-->PIPE               2.469 KB        
q4_layer_ctrl:task_stream2-->PIPE               2.312 KB        
q4_layer_ctrl:task_stream3-->PIPE               2.312 KB        
q4_layer_ctrl:vector_stream0a-->PIPE               256.750 KB      
q4_layer_ctrl:vector_stream0b-->PIPE               224.250 KB      
q4_layer_ctrl:vector_stream1a-->PIPE               256.750 KB      
q4_layer_ctrl:activation_stream3-->PIPE               1183.945 KB     
q4_layer_ctrl:vector_stream1b-->PIPE               224.250 KB      
q4_layer_ctrl:vector_stream2a-->PIPE               256.750 KB      

INFO::[ Vitis-EM 22 ] [Time elapsed: 124 minute(s) 29 seconds, Emulation time: 2.78432 ms]
Data transfer between kernel(s) and global memory(s)
q4_layer_ctrl:m_axi_scales-HBM[6]          RD = 0.281 KB               WR = 0.000 KB        
q4_layer_ctrl:m_axi_weight0a-HBM[8]          RD = 10304.000 KB           WR = 0.000 KB        
q4_layer_ctrl:m_axi_weight0b-HBM[9]          RD = 10304.000 KB           WR = 0.000 KB        
q4_layer_ctrl:m_axi_weight1a-HBM[10]          RD = 10304.000 KB           WR = 0.000 KB        
q4_layer_ctrl:m_axi_weight1b-HBM[11]          RD = 10304.000 KB           WR = 0.000 KB        
q4_layer_ctrl:m_axi_weight2a-HBM[12]          RD = 9664.000 KB            WR = 0.000 KB        
q4_layer_ctrl:m_axi_weight2b-HBM[13]          RD = 9664.000 KB            WR = 0.000 KB        
q4_layer_ctrl:m_axi_weight3a-HBM[14]          RD = 9664.000 KB            WR = 0.000 KB        
q4_layer_ctrl:m_axi_weight3b-HBM[15]          RD = 9664.000 KB            WR = 0.000 KB        
q4_layer_ctrl:m_axi_hidden_in-HBM[0]          RD = 96.000 KB              WR = 0.000 KB        
q4_layer_ctrl:m_axi_hidden_out-HBM[1]          RD = 0.000 KB               WR = 64.000 KB       
q4_layer_ctrl:m_axi_kv_k-HBM[2]          RD = 24.000 KB              WR = 12.000 KB       
q4_layer_ctrl:m_axi_kv_v-HBM[3]          RD = 24.000 KB              WR = 12.000 KB       
q4_layer_ctrl:m_axi_norm-HBM[4]          RD = 24.000 KB              WR = 0.000 KB        
q4_layer_ctrl:m_axi_rope-HBM[5]          RD = 96.000 KB              WR = 0.000 KB        

Data transfer on stream interfaces
q4_layer_ctrl:activation_stream0-->PIPE               1294.750 KB     
q4_layer_ctrl:activation_stream1-->PIPE               1294.750 KB     
PIPE-->q4_layer_ctrl:out_stream0               815.500 KB      
q4_layer_ctrl:activation_stream2-->PIPE               1214.750 KB     
PIPE-->q4_layer_ctrl:out_stream1               815.500 KB      
PIPE-->q4_layer_ctrl:out_stream2               780.500 KB      
PIPE-->q4_layer_ctrl:out_stream3               780.500 KB      
q4_layer_ctrl:task_stream0-->PIPE               2.547 KB        
q4_layer_ctrl:task_stream1-->PIPE               2.547 KB        
q4_layer_ctrl:task_stream2-->PIPE               2.391 KB        
q4_layer_ctrl:task_stream3-->PIPE               2.391 KB        
q4_layer_ctrl:vector_stream0a-->PIPE               278.129 KB      
q4_layer_ctrl:vector_stream0b-->PIPE               243.750 KB      
q4_layer_ctrl:vector_stream1a-->PIPE               278.129 KB      
q4_layer_ctrl:activation_stream3-->PIPE               1214.750 KB     
q4_layer_ctrl:vector_stream1b-->PIPE               243.750 KB      
q4_layer_ctrl:vector_stream2a-->PIPE               278.129 KB      

INFO::[ Vitis-EM 22 ] [Time elapsed: 135 minute(s) 35 seconds, Emulation time: 2.9518 ms]
Data transfer between kernel(s) and global memory(s)
q4_layer_ctrl:m_axi_scales-HBM[6]          RD = 0.297 KB               WR = 0.000 KB        
q4_layer_ctrl:m_axi_weight0a-HBM[8]          RD = 11328.000 KB           WR = 0.000 KB        
q4_layer_ctrl:m_axi_weight0b-HBM[9]          RD = 11328.000 KB           WR = 0.000 KB        
q4_layer_ctrl:m_axi_weight1a-HBM[10]          RD = 11328.000 KB           WR = 0.000 KB        
q4_layer_ctrl:m_axi_weight1b-HBM[11]          RD = 11328.000 KB           WR = 0.000 KB        
q4_layer_ctrl:m_axi_weight2a-HBM[12]          RD = 10688.000 KB           WR = 0.000 KB        
q4_layer_ctrl:m_axi_weight2b-HBM[13]          RD = 10688.000 KB           WR = 0.000 KB        
q4_layer_ctrl:m_axi_weight3a-HBM[14]          RD = 10688.000 KB           WR = 0.000 KB        
q4_layer_ctrl:m_axi_weight3b-HBM[15]          RD = 10688.000 KB           WR = 0.000 KB        
q4_layer_ctrl:m_axi_hidden_in-HBM[0]          RD = 96.000 KB              WR = 0.000 KB        
q4_layer_ctrl:m_axi_hidden_out-HBM[1]          RD = 0.000 KB               WR = 64.000 KB       
q4_layer_ctrl:m_axi_kv_k-HBM[2]          RD = 24.000 KB              WR = 12.000 KB       
q4_layer_ctrl:m_axi_kv_v-HBM[3]          RD = 24.000 KB              WR = 12.000 KB       
q4_layer_ctrl:m_axi_norm-HBM[4]          RD = 24.000 KB              WR = 0.000 KB        
q4_layer_ctrl:m_axi_rope-HBM[5]          RD = 96.000 KB              WR = 0.000 KB        

Data transfer on stream interfaces
q4_layer_ctrl:activation_stream0-->PIPE               1422.508 KB     
q4_layer_ctrl:activation_stream1-->PIPE               1422.508 KB     
PIPE-->q4_layer_ctrl:out_stream0               882.000 KB      
q4_layer_ctrl:activation_stream2-->PIPE               1342.508 KB     
PIPE-->q4_layer_ctrl:out_stream1               882.000 KB      
PIPE-->q4_layer_ctrl:out_stream2               847.000 KB      
PIPE-->q4_layer_ctrl:out_stream3               847.000 KB      
q4_layer_ctrl:task_stream0-->PIPE               2.797 KB        
q4_layer_ctrl:task_stream1-->PIPE               2.797 KB        
q4_layer_ctrl:task_stream2-->PIPE               2.641 KB        
q4_layer_ctrl:task_stream3-->PIPE               2.641 KB        
q4_layer_ctrl:vector_stream0a-->PIPE               282.750 KB      
q4_layer_ctrl:vector_stream0b-->PIPE               243.750 KB      
q4_layer_ctrl:vector_stream1a-->PIPE               282.750 KB      
q4_layer_ctrl:activation_stream3-->PIPE               1342.508 KB     
q4_layer_ctrl:vector_stream1b-->PIPE               243.750 KB      
q4_layer_ctrl:vector_stream2a-->PIPE               282.750 KB      

INFO::[ Vitis-EM 22 ] [Time elapsed: 135 minute(s) 50 seconds, Emulation time: 2.95483 ms]
Data transfer between kernel(s) and global memory(s)
q4_layer_ctrl:m_axi_scales-HBM[6]          RD = 0.297 KB               WR = 0.000 KB        
q4_layer_ctrl:m_axi_weight0a-HBM[8]          RD = 11356.500 KB           WR = 0.000 KB        
q4_layer_ctrl:m_axi_weight0b-HBM[9]          RD = 11356.500 KB           WR = 0.000 KB        
q4_layer_ctrl:m_axi_weight1a-HBM[10]          RD = 11356.500 KB           WR = 0.000 KB        
q4_layer_ctrl:m_axi_weight1b-HBM[11]          RD = 11356.500 KB           WR = 0.000 KB        
q4_layer_ctrl:m_axi_weight2a-HBM[12]          RD = 10716.500 KB           WR = 0.000 KB        
q4_layer_ctrl:m_axi_weight2b-HBM[13]          RD = 10716.500 KB           WR = 0.000 KB        
q4_layer_ctrl:m_axi_weight3a-HBM[14]          RD = 10716.500 KB           WR = 0.000 KB        
q4_layer_ctrl:m_axi_weight3b-HBM[15]          RD = 10716.500 KB           WR = 0.000 KB        
q4_layer_ctrl:m_axi_hidden_in-HBM[0]          RD = 96.000 KB              WR = 0.000 KB        
q4_layer_ctrl:m_axi_hidden_out-HBM[1]          RD = 0.000 KB               WR = 64.000 KB       
q4_layer_ctrl:m_axi_kv_k-HBM[2]          RD = 24.000 KB              WR = 12.000 KB       
q4_layer_ctrl:m_axi_kv_v-HBM[3]          RD = 24.000 KB              WR = 12.000 KB       
q4_layer_ctrl:m_axi_norm-HBM[4]          RD = 24.000 KB              WR = 0.000 KB        
q4_layer_ctrl:m_axi_rope-HBM[5]          RD = 96.000 KB              WR = 0.000 KB        

Data transfer on stream interfaces
q4_layer_ctrl:activation_stream0-->PIPE               1425.609 KB     
q4_layer_ctrl:activation_stream1-->PIPE               1425.609 KB     
PIPE-->q4_layer_ctrl:out_stream0               885.500 KB      
q4_layer_ctrl:activation_stream2-->PIPE               1345.609 KB     
PIPE-->q4_layer_ctrl:out_stream1               885.500 KB      
PIPE-->q4_layer_ctrl:out_stream2               850.500 KB      
PIPE-->q4_layer_ctrl:out_stream3               850.500 KB      
q4_layer_ctrl:task_stream0-->PIPE               2.812 KB        
q4_layer_ctrl:task_stream1-->PIPE               2.812 KB        
q4_layer_ctrl:task_stream2-->PIPE               2.656 KB        
q4_layer_ctrl:task_stream3-->PIPE               2.656 KB        
q4_layer_ctrl:vector_stream0a-->PIPE               282.750 KB      
q4_layer_ctrl:vector_stream0b-->PIPE               243.750 KB      
q4_layer_ctrl:vector_stream1a-->PIPE               282.750 KB      
q4_layer_ctrl:activation_stream3-->PIPE               1345.609 KB     
q4_layer_ctrl:vector_stream1b-->PIPE               243.750 KB      
q4_layer_ctrl:vector_stream2a-->PIPE               282.750 KB      

INFO::[ Vitis-EM 22 ] [Time elapsed: 136 minute(s) 1 seconds, Emulation time: 2.95684 ms]
Data transfer between kernel(s) and global memory(s)
q4_layer_ctrl:m_axi_scales-HBM[6]          RD = 0.297 KB               WR = 0.000 KB        
q4_layer_ctrl:m_axi_weight0a-HBM[8]          RD = 11375.000 KB           WR = 0.000 KB        
q4_layer_ctrl:m_axi_weight0b-HBM[9]          RD = 11375.000 KB           WR = 0.000 KB        
q4_layer_ctrl:m_axi_weight1a-HBM[10]          RD = 11375.000 KB           WR = 0.000 KB        
q4_layer_ctrl:m_axi_weight1b-HBM[11]          RD = 11375.000 KB           WR = 0.000 KB        
q4_layer_ctrl:m_axi_weight2a-HBM[12]          RD = 10735.000 KB           WR = 0.000 KB        
q4_layer_ctrl:m_axi_weight2b-HBM[13]          RD = 10735.000 KB           WR = 0.000 KB        
q4_layer_ctrl:m_axi_weight3a-HBM[14]          RD = 10735.000 KB           WR = 0.000 KB        
q4_layer_ctrl:m_axi_weight3b-HBM[15]          RD = 10735.000 KB           WR = 0.000 KB        
q4_layer_ctrl:m_axi_hidden_in-HBM[0]          RD = 96.000 KB              WR = 0.000 KB        
q4_layer_ctrl:m_axi_hidden_out-HBM[1]          RD = 0.000 KB               WR = 64.000 KB       
q4_layer_ctrl:m_axi_kv_k-HBM[2]          RD = 24.000 KB              WR = 12.000 KB       
q4_layer_ctrl:m_axi_kv_v-HBM[3]          RD = 24.000 KB              WR = 12.000 KB       
q4_layer_ctrl:m_axi_norm-HBM[4]          RD = 24.000 KB              WR = 0.000 KB        
q4_layer_ctrl:m_axi_rope-HBM[5]          RD = 96.000 KB              WR = 0.000 KB        

Data transfer on stream interfaces
q4_layer_ctrl:activation_stream0-->PIPE               1427.965 KB     
q4_layer_ctrl:activation_stream1-->PIPE               1427.965 KB     
PIPE-->q4_layer_ctrl:out_stream0               885.500 KB      
q4_layer_ctrl:activation_stream2-->PIPE               1347.965 KB     
PIPE-->q4_layer_ctrl:out_stream1               885.500 KB      
PIPE-->q4_layer_ctrl:out_stream2               850.500 KB      
PIPE-->q4_layer_ctrl:out_stream3               850.500 KB      
q4_layer_ctrl:task_stream0-->PIPE               2.812 KB        
q4_layer_ctrl:task_stream1-->PIPE               2.812 KB        
q4_layer_ctrl:task_stream2-->PIPE               2.656 KB        
q4_layer_ctrl:task_stream3-->PIPE               2.656 KB        
q4_layer_ctrl:vector_stream0a-->PIPE               282.750 KB      
q4_layer_ctrl:vector_stream0b-->PIPE               243.750 KB      
q4_layer_ctrl:vector_stream1a-->PIPE               282.750 KB      
q4_layer_ctrl:activation_stream3-->PIPE               1347.965 KB     
q4_layer_ctrl:vector_stream1b-->PIPE               243.750 KB      
q4_layer_ctrl:vector_stream2a-->PIPE               282.750 KB      

INFO::[ Vitis-EM 22 ] [Time elapsed: 154 minute(s) 24 seconds, Emulation time: 3.22696 ms]
Data transfer between kernel(s) and global memory(s)
q4_layer_ctrl:m_axi_scales-HBM[6]          RD = 0.312 KB               WR = 0.000 KB        
q4_layer_ctrl:m_axi_weight0a-HBM[8]          RD = 13120.000 KB           WR = 0.000 KB        
q4_layer_ctrl:m_axi_weight0b-HBM[9]          RD = 13120.000 KB           WR = 0.000 KB        
q4_layer_ctrl:m_axi_weight1a-HBM[10]          RD = 13120.000 KB           WR = 0.000 KB        
q4_layer_ctrl:m_axi_weight1b-HBM[11]          RD = 13120.000 KB           WR = 0.000 KB        
q4_layer_ctrl:m_axi_weight2a-HBM[12]          RD = 12352.000 KB           WR = 0.000 KB        
q4_layer_ctrl:m_axi_weight2b-HBM[13]          RD = 12352.000 KB           WR = 0.000 KB        
q4_layer_ctrl:m_axi_weight3a-HBM[14]          RD = 12352.000 KB           WR = 0.000 KB        
q4_layer_ctrl:m_axi_weight3b-HBM[15]          RD = 12352.000 KB           WR = 0.000 KB        
q4_layer_ctrl:m_axi_hidden_in-HBM[0]          RD = 96.000 KB              WR = 0.000 KB        
q4_layer_ctrl:m_axi_hidden_out-HBM[1]          RD = 0.000 KB               WR = 64.000 KB       
q4_layer_ctrl:m_axi_kv_k-HBM[2]          RD = 24.000 KB              WR = 12.000 KB       
q4_layer_ctrl:m_axi_kv_v-HBM[3]          RD = 24.000 KB              WR = 12.000 KB       
q4_layer_ctrl:m_axi_norm-HBM[4]          RD = 24.000 KB              WR = 0.000 KB        
q4_layer_ctrl:m_axi_rope-HBM[5]          RD = 96.000 KB              WR = 0.000 KB        

Data transfer on stream interfaces
q4_layer_ctrl:activation_stream0-->PIPE               1646.750 KB     
q4_layer_ctrl:activation_stream1-->PIPE               1646.750 KB     
PIPE-->q4_layer_ctrl:out_stream0               1018.117 KB     
q4_layer_ctrl:activation_stream2-->PIPE               1550.750 KB     
PIPE-->q4_layer_ctrl:out_stream1               1018.117 KB     
PIPE-->q4_layer_ctrl:out_stream2               976.117 KB      
PIPE-->q4_layer_ctrl:out_stream3               976.117 KB      
q4_layer_ctrl:task_stream0-->PIPE               3.250 KB        
q4_layer_ctrl:task_stream1-->PIPE               3.250 KB        
q4_layer_ctrl:task_stream2-->PIPE               3.062 KB        
q4_layer_ctrl:task_stream3-->PIPE               3.062 KB        
q4_layer_ctrl:vector_stream0a-->PIPE               316.926 KB      
q4_layer_ctrl:vector_stream0b-->PIPE               277.926 KB      
q4_layer_ctrl:vector_stream1a-->PIPE               316.926 KB      
q4_layer_ctrl:activation_stream3-->PIPE               1550.750 KB     
q4_layer_ctrl:vector_stream1b-->PIPE               277.926 KB      
q4_layer_ctrl:vector_stream2a-->PIPE               316.926 KB      

INFO::[ Vitis-EM 22 ] [Time elapsed: 163 minute(s) 56 seconds, Emulation time: 3.3944 ms]
Data transfer between kernel(s) and global memory(s)
q4_layer_ctrl:m_axi_scales-HBM[6]          RD = 0.328 KB               WR = 0.000 KB        
q4_layer_ctrl:m_axi_weight0a-HBM[8]          RD = 14117.500 KB           WR = 0.000 KB        
q4_layer_ctrl:m_axi_weight0b-HBM[9]          RD = 14117.500 KB           WR = 0.000 KB        
q4_layer_ctrl:m_axi_weight1a-HBM[10]          RD = 14117.500 KB           WR = 0.000 KB        
q4_layer_ctrl:m_axi_weight1b-HBM[11]          RD = 14117.500 KB           WR = 0.000 KB        
q4_layer_ctrl:m_axi_weight2a-HBM[12]          RD = 13349.500 KB           WR = 0.000 KB        
q4_layer_ctrl:m_axi_weight2b-HBM[13]          RD = 13349.500 KB           WR = 0.000 KB        
q4_layer_ctrl:m_axi_weight3a-HBM[14]          RD = 13349.500 KB           WR = 0.000 KB        
q4_layer_ctrl:m_axi_weight3b-HBM[15]          RD = 13349.500 KB           WR = 0.000 KB        
q4_layer_ctrl:m_axi_hidden_in-HBM[0]          RD = 96.000 KB              WR = 0.000 KB        
q4_layer_ctrl:m_axi_hidden_out-HBM[1]          RD = 0.000 KB               WR = 64.000 KB       
q4_layer_ctrl:m_axi_kv_k-HBM[2]          RD = 24.000 KB              WR = 12.000 KB       
q4_layer_ctrl:m_axi_kv_v-HBM[3]          RD = 24.000 KB              WR = 12.000 KB       
q4_layer_ctrl:m_axi_norm-HBM[4]          RD = 24.000 KB              WR = 0.000 KB        
q4_layer_ctrl:m_axi_rope-HBM[5]          RD = 96.000 KB              WR = 0.000 KB        

Data transfer on stream interfaces
q4_layer_ctrl:activation_stream0-->PIPE               1770.988 KB     
q4_layer_ctrl:activation_stream1-->PIPE               1770.988 KB     
PIPE-->q4_layer_ctrl:out_stream0               1065.750 KB     
q4_layer_ctrl:activation_stream2-->PIPE               1674.988 KB     
PIPE-->q4_layer_ctrl:out_stream1               1065.750 KB     
PIPE-->q4_layer_ctrl:out_stream2               1023.750 KB     
PIPE-->q4_layer_ctrl:out_stream3               1023.750 KB     
q4_layer_ctrl:task_stream0-->PIPE               3.297 KB        
q4_layer_ctrl:task_stream1-->PIPE               3.297 KB        
q4_layer_ctrl:task_stream2-->PIPE               3.109 KB        
q4_layer_ctrl:task_stream3-->PIPE               3.109 KB        
q4_layer_ctrl:vector_stream0a-->PIPE               352.625 KB      
q4_layer_ctrl:vector_stream0b-->PIPE               313.625 KB      
q4_layer_ctrl:vector_stream1a-->PIPE               352.625 KB      
q4_layer_ctrl:activation_stream3-->PIPE               1674.988 KB     
q4_layer_ctrl:vector_stream1b-->PIPE               313.625 KB      
q4_layer_ctrl:vector_stream2a-->PIPE               352.625 KB      

INFO::[ Vitis-EM 22 ] [Time elapsed: 173 minute(s) 29 seconds, Emulation time: 3.65922 ms]
Data transfer between kernel(s) and global memory(s)
q4_layer_ctrl:m_axi_scales-HBM[6]          RD = 0.375 KB               WR = 0.000 KB        
q4_layer_ctrl:m_axi_weight0a-HBM[8]          RD = 14880.000 KB           WR = 0.000 KB        
q4_layer_ctrl:m_axi_weight0b-HBM[9]          RD = 14880.000 KB           WR = 0.000 KB        
q4_layer_ctrl:m_axi_weight1a-HBM[10]          RD = 14880.000 KB           WR = 0.000 KB        
q4_layer_ctrl:m_axi_weight1b-HBM[11]          RD = 14880.000 KB           WR = 0.000 KB        
q4_layer_ctrl:m_axi_weight2a-HBM[12]          RD = 13984.000 KB           WR = 0.000 KB        
q4_layer_ctrl:m_axi_weight2b-HBM[13]          RD = 13984.000 KB           WR = 0.000 KB        
q4_layer_ctrl:m_axi_weight3a-HBM[14]          RD = 13984.000 KB           WR = 0.000 KB        
q4_layer_ctrl:m_axi_weight3b-HBM[15]          RD = 13984.000 KB           WR = 0.000 KB        
q4_layer_ctrl:m_axi_hidden_in-HBM[0]          RD = 128.000 KB             WR = 0.000 KB        
q4_layer_ctrl:m_axi_hidden_out-HBM[1]          RD = 0.000 KB               WR = 96.000 KB       
q4_layer_ctrl:m_axi_kv_k-HBM[2]          RD = 24.000 KB              WR = 16.000 KB       
q4_layer_ctrl:m_axi_kv_v-HBM[3]          RD = 24.000 KB              WR = 16.000 KB       
q4_layer_ctrl:m_axi_norm-HBM[4]          RD = 28.000 KB              WR = 0.000 KB        
q4_layer_ctrl:m_axi_rope-HBM[5]          RD = 128.000 KB             WR = 0.000 KB        

Data transfer on stream interfaces
q4_layer_ctrl:activation_stream0-->PIPE               1866.750 KB     
q4_layer_ctrl:activation_stream1-->PIPE               1866.750 KB     
PIPE-->q4_layer_ctrl:out_stream0               1121.750 KB     
q4_layer_ctrl:activation_stream2-->PIPE               1754.750 KB     
PIPE-->q4_layer_ctrl:out_stream1               1121.750 KB     
PIPE-->q4_layer_ctrl:out_stream2               1072.750 KB     
PIPE-->q4_layer_ctrl:out_stream3               1072.750 KB     
q4_layer_ctrl:task_stream0-->PIPE               3.438 KB        
q4_layer_ctrl:task_stream1-->PIPE               3.438 KB        
q4_layer_ctrl:task_stream2-->PIPE               3.219 KB        
q4_layer_ctrl:task_stream3-->PIPE               3.219 KB        
q4_layer_ctrl:vector_stream0a-->PIPE               378.625 KB      
q4_layer_ctrl:vector_stream0b-->PIPE               333.125 KB      
q4_layer_ctrl:vector_stream1a-->PIPE               378.625 KB      
q4_layer_ctrl:activation_stream3-->PIPE               1754.750 KB     
q4_layer_ctrl:vector_stream1b-->PIPE               333.125 KB      
q4_layer_ctrl:vector_stream2a-->PIPE               378.625 KB      

INFO::[ Vitis-EM 22 ] [Time elapsed: 173 minute(s) 47 seconds, Emulation time: 3.67761 ms]
Data transfer between kernel(s) and global memory(s)
q4_layer_ctrl:m_axi_scales-HBM[6]          RD = 0.375 KB               WR = 0.000 KB        
q4_layer_ctrl:m_axi_weight0a-HBM[8]          RD = 14880.000 KB           WR = 0.000 KB        
q4_layer_ctrl:m_axi_weight0b-HBM[9]          RD = 14880.000 KB           WR = 0.000 KB        
q4_layer_ctrl:m_axi_weight1a-HBM[10]          RD = 14880.000 KB           WR = 0.000 KB        
q4_layer_ctrl:m_axi_weight1b-HBM[11]          RD = 14880.000 KB           WR = 0.000 KB        
q4_layer_ctrl:m_axi_weight2a-HBM[12]          RD = 13984.000 KB           WR = 0.000 KB        
q4_layer_ctrl:m_axi_weight2b-HBM[13]          RD = 13984.000 KB           WR = 0.000 KB        
q4_layer_ctrl:m_axi_weight3a-HBM[14]          RD = 13984.000 KB           WR = 0.000 KB        
q4_layer_ctrl:m_axi_weight3b-HBM[15]          RD = 13984.000 KB           WR = 0.000 KB        
q4_layer_ctrl:m_axi_hidden_in-HBM[0]          RD = 128.000 KB             WR = 0.000 KB        
q4_layer_ctrl:m_axi_hidden_out-HBM[1]          RD = 0.000 KB               WR = 96.000 KB       
q4_layer_ctrl:m_axi_kv_k-HBM[2]          RD = 24.000 KB              WR = 16.000 KB       
q4_layer_ctrl:m_axi_kv_v-HBM[3]          RD = 24.000 KB              WR = 16.000 KB       
q4_layer_ctrl:m_axi_norm-HBM[4]          RD = 28.000 KB              WR = 0.000 KB        
q4_layer_ctrl:m_axi_rope-HBM[5]          RD = 128.000 KB             WR = 0.000 KB        

Data transfer on stream interfaces
q4_layer_ctrl:activation_stream0-->PIPE               1866.750 KB     
q4_layer_ctrl:activation_stream1-->PIPE               1866.750 KB     
PIPE-->q4_layer_ctrl:out_stream0               1121.750 KB     
q4_layer_ctrl:activation_stream2-->PIPE               1754.750 KB     
PIPE-->q4_layer_ctrl:out_stream1               1121.750 KB     
PIPE-->q4_layer_ctrl:out_stream2               1072.750 KB     
PIPE-->q4_layer_ctrl:out_stream3               1072.750 KB     
q4_layer_ctrl:task_stream0-->PIPE               3.438 KB        
q4_layer_ctrl:task_stream1-->PIPE               3.438 KB        
q4_layer_ctrl:task_stream2-->PIPE               3.219 KB        
q4_layer_ctrl:task_stream3-->PIPE               3.219 KB        
q4_layer_ctrl:vector_stream0a-->PIPE               378.625 KB      
q4_layer_ctrl:vector_stream0b-->PIPE               333.125 KB      
q4_layer_ctrl:vector_stream1a-->PIPE               378.625 KB      
q4_layer_ctrl:activation_stream3-->PIPE               1754.750 KB     
q4_layer_ctrl:vector_stream1b-->PIPE               333.125 KB      
q4_layer_ctrl:vector_stream2a-->PIPE               378.625 KB      

INFO::[ Vitis-EM 22 ] [Time elapsed: 184 minute(s) 19 seconds, Emulation time: 4.04577 ms]
Data transfer between kernel(s) and global memory(s)
q4_layer_ctrl:m_axi_scales-HBM[6]          RD = 0.406 KB               WR = 0.000 KB        
q4_layer_ctrl:m_axi_weight0a-HBM[8]          RD = 15417.000 KB           WR = 0.000 KB        
q4_layer_ctrl:m_axi_weight0b-HBM[9]          RD = 15417.000 KB           WR = 0.000 KB        
q4_layer_ctrl:m_axi_weight1a-HBM[10]          RD = 15417.000 KB           WR = 0.000 KB        
q4_layer_ctrl:m_axi_weight1b-HBM[11]          RD = 15417.000 KB           WR = 0.000 KB        
q4_layer_ctrl:m_axi_weight2a-HBM[12]          RD = 14521.000 KB           WR = 0.000 KB        
q4_layer_ctrl:m_axi_weight2b-HBM[13]          RD = 14521.000 KB           WR = 0.000 KB        
q4_layer_ctrl:m_axi_weight3a-HBM[14]          RD = 14521.000 KB           WR = 0.000 KB        
q4_layer_ctrl:m_axi_weight3b-HBM[15]          RD = 14521.000 KB           WR = 0.000 KB        
q4_layer_ctrl:m_axi_hidden_in-HBM[0]          RD = 128.000 KB             WR = 0.000 KB        
q4_layer_ctrl:m_axi_hidden_out-HBM[1]          RD = 0.000 KB               WR = 96.000 KB       
q4_layer_ctrl:m_axi_kv_k-HBM[2]          RD = 40.000 KB              WR = 16.000 KB       
q4_layer_ctrl:m_axi_kv_v-HBM[3]          RD = 40.000 KB              WR = 16.000 KB       
q4_layer_ctrl:m_axi_norm-HBM[4]          RD = 32.000 KB              WR = 0.000 KB        
q4_layer_ctrl:m_axi_rope-HBM[5]          RD = 128.000 KB             WR = 0.000 KB        

Data transfer on stream interfaces
q4_layer_ctrl:activation_stream0-->PIPE               1935.781 KB     
q4_layer_ctrl:activation_stream1-->PIPE               1935.781 KB     
PIPE-->q4_layer_ctrl:out_stream0               1205.750 KB     
q4_layer_ctrl:activation_stream2-->PIPE               1823.781 KB     
PIPE-->q4_layer_ctrl:out_stream1               1205.750 KB     
PIPE-->q4_layer_ctrl:out_stream2               1156.750 KB     
PIPE-->q4_layer_ctrl:out_stream3               1156.750 KB     
q4_layer_ctrl:task_stream0-->PIPE               3.734 KB        
q4_layer_ctrl:task_stream1-->PIPE               3.734 KB        
q4_layer_ctrl:task_stream2-->PIPE               3.516 KB        
q4_layer_ctrl:task_stream3-->PIPE               3.516 KB        
q4_layer_ctrl:vector_stream0a-->PIPE               404.625 KB      
q4_layer_ctrl:vector_stream0b-->PIPE               352.625 KB      
q4_layer_ctrl:vector_stream1a-->PIPE               404.625 KB      
q4_layer_ctrl:activation_stream3-->PIPE               1823.781 KB     
q4_layer_ctrl:vector_stream1b-->PIPE               352.625 KB      
q4_layer_ctrl:vector_stream2a-->PIPE               404.625 KB      

INFO::[ Vitis-EM 22 ] [Time elapsed: 184 minute(s) 50 seconds, Emulation time: 4.05078 ms]
Data transfer between kernel(s) and global memory(s)
q4_layer_ctrl:m_axi_scales-HBM[6]          RD = 0.406 KB               WR = 0.000 KB        
q4_layer_ctrl:m_axi_weight0a-HBM[8]          RD = 15461.000 KB           WR = 0.000 KB        
q4_layer_ctrl:m_axi_weight0b-HBM[9]          RD = 15461.000 KB           WR = 0.000 KB        
q4_layer_ctrl:m_axi_weight1a-HBM[10]          RD = 15461.000 KB           WR = 0.000 KB        
q4_layer_ctrl:m_axi_weight1b-HBM[11]          RD = 15461.000 KB           WR = 0.000 KB        
q4_layer_ctrl:m_axi_weight2a-HBM[12]          RD = 14565.000 KB           WR = 0.000 KB        
q4_layer_ctrl:m_axi_weight2b-HBM[13]          RD = 14565.000 KB           WR = 0.000 KB        
q4_layer_ctrl:m_axi_weight3a-HBM[14]          RD = 14565.000 KB           WR = 0.000 KB        
q4_layer_ctrl:m_axi_weight3b-HBM[15]          RD = 14565.000 KB           WR = 0.000 KB        
q4_layer_ctrl:m_axi_hidden_in-HBM[0]          RD = 128.000 KB             WR = 0.000 KB        
q4_layer_ctrl:m_axi_hidden_out-HBM[1]          RD = 0.000 KB               WR = 96.000 KB       
q4_layer_ctrl:m_axi_kv_k-HBM[2]          RD = 40.000 KB              WR = 16.000 KB       
q4_layer_ctrl:m_axi_kv_v-HBM[3]          RD = 40.000 KB              WR = 16.000 KB       
q4_layer_ctrl:m_axi_norm-HBM[4]          RD = 32.000 KB              WR = 0.000 KB        
q4_layer_ctrl:m_axi_rope-HBM[5]          RD = 128.000 KB             WR = 0.000 KB        

Data transfer on stream interfaces
q4_layer_ctrl:activation_stream0-->PIPE               1941.422 KB     
q4_layer_ctrl:activation_stream1-->PIPE               1941.422 KB     
PIPE-->q4_layer_ctrl:out_stream0               1205.750 KB     
q4_layer_ctrl:activation_stream2-->PIPE               1829.422 KB     
PIPE-->q4_layer_ctrl:out_stream1               1205.750 KB     
PIPE-->q4_layer_ctrl:out_stream2               1156.750 KB     
PIPE-->q4_layer_ctrl:out_stream3               1156.750 KB     
q4_layer_ctrl:task_stream0-->PIPE               3.750 KB        
q4_layer_ctrl:task_stream1-->PIPE               3.750 KB        
q4_layer_ctrl:task_stream2-->PIPE               3.531 KB        
q4_layer_ctrl:task_stream3-->PIPE               3.531 KB        
q4_layer_ctrl:vector_stream0a-->PIPE               404.625 KB      
q4_layer_ctrl:vector_stream0b-->PIPE               352.625 KB      
q4_layer_ctrl:vector_stream1a-->PIPE               404.625 KB      
q4_layer_ctrl:activation_stream3-->PIPE               1829.422 KB     
q4_layer_ctrl:vector_stream1b-->PIPE               352.625 KB      
q4_layer_ctrl:vector_stream2a-->PIPE               404.625 KB      

INFO::[ Vitis-EM 22 ] [Time elapsed: 185 minute(s) 18 seconds, Emulation time: 4.05581 ms]
Data transfer between kernel(s) and global memory(s)
q4_layer_ctrl:m_axi_scales-HBM[6]          RD = 0.406 KB               WR = 0.000 KB        
q4_layer_ctrl:m_axi_weight0a-HBM[8]          RD = 15508.000 KB           WR = 0.000 KB        
q4_layer_ctrl:m_axi_weight0b-HBM[9]          RD = 15508.000 KB           WR = 0.000 KB        
q4_layer_ctrl:m_axi_weight1a-HBM[10]          RD = 15508.000 KB           WR = 0.000 KB        
q4_layer_ctrl:m_axi_weight1b-HBM[11]          RD = 15508.000 KB           WR = 0.000 KB        
q4_layer_ctrl:m_axi_weight2a-HBM[12]          RD = 14612.000 KB           WR = 0.000 KB        
q4_layer_ctrl:m_axi_weight2b-HBM[13]          RD = 14612.000 KB           WR = 0.000 KB        
q4_layer_ctrl:m_axi_weight3a-HBM[14]          RD = 14612.000 KB           WR = 0.000 KB        
q4_layer_ctrl:m_axi_weight3b-HBM[15]          RD = 14612.000 KB           WR = 0.000 KB        
q4_layer_ctrl:m_axi_hidden_in-HBM[0]          RD = 128.000 KB             WR = 0.000 KB        
q4_layer_ctrl:m_axi_hidden_out-HBM[1]          RD = 0.000 KB               WR = 96.000 KB       
q4_layer_ctrl:m_axi_kv_k-HBM[2]          RD = 40.000 KB              WR = 16.000 KB       
q4_layer_ctrl:m_axi_kv_v-HBM[3]          RD = 40.000 KB              WR = 16.000 KB       
q4_layer_ctrl:m_axi_norm-HBM[4]          RD = 32.000 KB              WR = 0.000 KB        
q4_layer_ctrl:m_axi_rope-HBM[5]          RD = 128.000 KB             WR = 0.000 KB        

Data transfer on stream interfaces
q4_layer_ctrl:activation_stream0-->PIPE               1947.098 KB     
q4_layer_ctrl:activation_stream1-->PIPE               1947.098 KB     
PIPE-->q4_layer_ctrl:out_stream0               1209.250 KB     
q4_layer_ctrl:activation_stream2-->PIPE               1835.098 KB     
PIPE-->q4_layer_ctrl:out_stream1               1209.250 KB     
PIPE-->q4_layer_ctrl:out_stream2               1160.250 KB     
PIPE-->q4_layer_ctrl:out_stream3               1160.250 KB     
q4_layer_ctrl:task_stream0-->PIPE               3.750 KB        
q4_layer_ctrl:task_stream1-->PIPE               3.750 KB        
q4_layer_ctrl:task_stream2-->PIPE               3.531 KB        
q4_layer_ctrl:task_stream3-->PIPE               3.531 KB        
q4_layer_ctrl:vector_stream0a-->PIPE               404.625 KB      
q4_layer_ctrl:vector_stream0b-->PIPE               352.625 KB      
q4_layer_ctrl:vector_stream1a-->PIPE               404.625 KB      
q4_layer_ctrl:activation_stream3-->PIPE               1835.098 KB     
q4_layer_ctrl:vector_stream1b-->PIPE               352.625 KB      
q4_layer_ctrl:vector_stream2a-->PIPE               404.625 KB      

INFO::[ Vitis-EM 22 ] [Time elapsed: 185 minute(s) 33 seconds, Emulation time: 4.05882 ms]
Data transfer between kernel(s) and global memory(s)
q4_layer_ctrl:m_axi_scales-HBM[6]          RD = 0.406 KB               WR = 0.000 KB        
q4_layer_ctrl:m_axi_weight0a-HBM[8]          RD = 15533.000 KB           WR = 0.000 KB        
q4_layer_ctrl:m_axi_weight0b-HBM[9]          RD = 15533.000 KB           WR = 0.000 KB        
q4_layer_ctrl:m_axi_weight1a-HBM[10]          RD = 15533.000 KB           WR = 0.000 KB        
q4_layer_ctrl:m_axi_weight1b-HBM[11]          RD = 15533.000 KB           WR = 0.000 KB        
q4_layer_ctrl:m_axi_weight2a-HBM[12]          RD = 14637.000 KB           WR = 0.000 KB        
q4_layer_ctrl:m_axi_weight2b-HBM[13]          RD = 14637.000 KB           WR = 0.000 KB        
q4_layer_ctrl:m_axi_weight3a-HBM[14]          RD = 14637.000 KB           WR = 0.000 KB        
q4_layer_ctrl:m_axi_weight3b-HBM[15]          RD = 14637.000 KB           WR = 0.000 KB        
q4_layer_ctrl:m_axi_hidden_in-HBM[0]          RD = 128.000 KB             WR = 0.000 KB        
q4_layer_ctrl:m_axi_hidden_out-HBM[1]          RD = 0.000 KB               WR = 96.000 KB       
q4_layer_ctrl:m_axi_kv_k-HBM[2]          RD = 40.000 KB              WR = 16.000 KB       
q4_layer_ctrl:m_axi_kv_v-HBM[3]          RD = 40.000 KB              WR = 16.000 KB       
q4_layer_ctrl:m_axi_norm-HBM[4]          RD = 32.000 KB              WR = 0.000 KB        
q4_layer_ctrl:m_axi_rope-HBM[5]          RD = 128.000 KB             WR = 0.000 KB        

Data transfer on stream interfaces
q4_layer_ctrl:activation_stream0-->PIPE               1950.184 KB     
q4_layer_ctrl:activation_stream1-->PIPE               1950.184 KB     
PIPE-->q4_layer_ctrl:out_stream0               1212.750 KB     
q4_layer_ctrl:activation_stream2-->PIPE               1838.184 KB     
PIPE-->q4_layer_ctrl:out_stream1               1212.750 KB     
PIPE-->q4_layer_ctrl:out_stream2               1163.750 KB     
PIPE-->q4_layer_ctrl:out_stream3               1163.750 KB     
q4_layer_ctrl:task_stream0-->PIPE               3.766 KB        
q4_layer_ctrl:task_stream1-->PIPE               3.766 KB        
q4_layer_ctrl:task_stream2-->PIPE               3.547 KB        
q4_layer_ctrl:task_stream3-->PIPE               3.547 KB        
q4_layer_ctrl:vector_stream0a-->PIPE               404.625 KB      
q4_layer_ctrl:vector_stream0b-->PIPE               352.625 KB      
q4_layer_ctrl:vector_stream1a-->PIPE               404.625 KB      
q4_layer_ctrl:activation_stream3-->PIPE               1838.184 KB     
q4_layer_ctrl:vector_stream1b-->PIPE               352.625 KB      
q4_layer_ctrl:vector_stream2a-->PIPE               404.625 KB      

INFO::[ Vitis-EM 22 ] [Time elapsed: 185 minute(s) 45 seconds, Emulation time: 4.06083 ms]
Data transfer between kernel(s) and global memory(s)
q4_layer_ctrl:m_axi_scales-HBM[6]          RD = 0.406 KB               WR = 0.000 KB        
q4_layer_ctrl:m_axi_weight0a-HBM[8]          RD = 15551.500 KB           WR = 0.000 KB        
q4_layer_ctrl:m_axi_weight0b-HBM[9]          RD = 15551.500 KB           WR = 0.000 KB        
q4_layer_ctrl:m_axi_weight1a-HBM[10]          RD = 15551.500 KB           WR = 0.000 KB        
q4_layer_ctrl:m_axi_weight1b-HBM[11]          RD = 15551.500 KB           WR = 0.000 KB        
q4_layer_ctrl:m_axi_weight2a-HBM[12]          RD = 14655.500 KB           WR = 0.000 KB        
q4_layer_ctrl:m_axi_weight2b-HBM[13]          RD = 14655.500 KB           WR = 0.000 KB        
q4_layer_ctrl:m_axi_weight3a-HBM[14]          RD = 14655.500 KB           WR = 0.000 KB        
q4_layer_ctrl:m_axi_weight3b-HBM[15]          RD = 14655.500 KB           WR = 0.000 KB        
q4_layer_ctrl:m_axi_hidden_in-HBM[0]          RD = 128.000 KB             WR = 0.000 KB        
q4_layer_ctrl:m_axi_hidden_out-HBM[1]          RD = 0.000 KB               WR = 96.000 KB       
q4_layer_ctrl:m_axi_kv_k-HBM[2]          RD = 40.000 KB              WR = 16.000 KB       
q4_layer_ctrl:m_axi_kv_v-HBM[3]          RD = 40.000 KB              WR = 16.000 KB       
q4_layer_ctrl:m_axi_norm-HBM[4]          RD = 32.000 KB              WR = 0.000 KB        
q4_layer_ctrl:m_axi_rope-HBM[5]          RD = 128.000 KB             WR = 0.000 KB        

Data transfer on stream interfaces
q4_layer_ctrl:activation_stream0-->PIPE               1952.539 KB     
q4_layer_ctrl:activation_stream1-->PIPE               1952.539 KB     
PIPE-->q4_layer_ctrl:out_stream0               1212.750 KB     
q4_layer_ctrl:activation_stream2-->PIPE               1840.539 KB     
PIPE-->q4_layer_ctrl:out_stream1               1212.750 KB     
PIPE-->q4_layer_ctrl:out_stream2               1163.750 KB     
PIPE-->q4_layer_ctrl:out_stream3               1163.750 KB     
q4_layer_ctrl:task_stream0-->PIPE               3.766 KB        
q4_layer_ctrl:task_stream1-->PIPE               3.766 KB        
q4_layer_ctrl:task_stream2-->PIPE               3.547 KB        
q4_layer_ctrl:task_stream3-->PIPE               3.547 KB        
q4_layer_ctrl:vector_stream0a-->PIPE               404.625 KB      
q4_layer_ctrl:vector_stream0b-->PIPE               352.625 KB      
q4_layer_ctrl:vector_stream1a-->PIPE               404.625 KB      
q4_layer_ctrl:activation_stream3-->PIPE               1840.539 KB     
q4_layer_ctrl:vector_stream1b-->PIPE               352.625 KB      
q4_layer_ctrl:vector_stream2a-->PIPE               404.625 KB      

INFO::[ Vitis-EM 22 ] [Time elapsed: 186 minute(s) 29 seconds, Emulation time: 4.06886 ms]
Data transfer between kernel(s) and global memory(s)
q4_layer_ctrl:m_axi_scales-HBM[6]          RD = 0.406 KB               WR = 0.000 KB        
q4_layer_ctrl:m_axi_weight0a-HBM[8]          RD = 15623.500 KB           WR = 0.000 KB        
q4_layer_ctrl:m_axi_weight0b-HBM[9]          RD = 15623.500 KB           WR = 0.000 KB        
q4_layer_ctrl:m_axi_weight1a-HBM[10]          RD = 15623.500 KB           WR = 0.000 KB        
q4_layer_ctrl:m_axi_weight1b-HBM[11]          RD = 15623.500 KB           WR = 0.000 KB        
q4_layer_ctrl:m_axi_weight2a-HBM[12]          RD = 14727.500 KB           WR = 0.000 KB        
q4_layer_ctrl:m_axi_weight2b-HBM[13]          RD = 14727.500 KB           WR = 0.000 KB        
q4_layer_ctrl:m_axi_weight3a-HBM[14]          RD = 14727.500 KB           WR = 0.000 KB        
q4_layer_ctrl:m_axi_weight3b-HBM[15]          RD = 14727.500 KB           WR = 0.000 KB        
q4_layer_ctrl:m_axi_hidden_in-HBM[0]          RD = 128.000 KB             WR = 0.000 KB        
q4_layer_ctrl:m_axi_hidden_out-HBM[1]          RD = 0.000 KB               WR = 96.000 KB       
q4_layer_ctrl:m_axi_kv_k-HBM[2]          RD = 40.000 KB              WR = 16.000 KB       
q4_layer_ctrl:m_axi_kv_v-HBM[3]          RD = 40.000 KB              WR = 16.000 KB       
q4_layer_ctrl:m_axi_norm-HBM[4]          RD = 32.000 KB              WR = 0.000 KB        
q4_layer_ctrl:m_axi_rope-HBM[5]          RD = 128.000 KB             WR = 0.000 KB        

Data transfer on stream interfaces
q4_layer_ctrl:activation_stream0-->PIPE               1961.504 KB     
q4_layer_ctrl:activation_stream1-->PIPE               1961.504 KB     
PIPE-->q4_layer_ctrl:out_stream0               1216.250 KB     
q4_layer_ctrl:activation_stream2-->PIPE               1849.504 KB     
PIPE-->q4_layer_ctrl:out_stream1               1216.250 KB     
PIPE-->q4_layer_ctrl:out_stream2               1167.250 KB     
PIPE-->q4_layer_ctrl:out_stream3               1167.250 KB     
q4_layer_ctrl:task_stream0-->PIPE               3.781 KB        
q4_layer_ctrl:task_stream1-->PIPE               3.781 KB        
q4_layer_ctrl:task_stream2-->PIPE               3.562 KB        
q4_layer_ctrl:task_stream3-->PIPE               3.562 KB        
q4_layer_ctrl:vector_stream0a-->PIPE               404.625 KB      
q4_layer_ctrl:vector_stream0b-->PIPE               352.625 KB      
q4_layer_ctrl:vector_stream1a-->PIPE               404.625 KB      
q4_layer_ctrl:activation_stream3-->PIPE               1849.504 KB     
q4_layer_ctrl:vector_stream1b-->PIPE               352.625 KB      
q4_layer_ctrl:vector_stream2a-->PIPE               404.625 KB      

INFO::[ Vitis-EM 22 ] [Time elapsed: 187 minute(s) 44 seconds, Emulation time: 4.08293 ms]
Data transfer between kernel(s) and global memory(s)
q4_layer_ctrl:m_axi_scales-HBM[6]          RD = 0.406 KB               WR = 0.000 KB        
q4_layer_ctrl:m_axi_weight0a-HBM[8]          RD = 15748.000 KB           WR = 0.000 KB        
q4_layer_ctrl:m_axi_weight0b-HBM[9]          RD = 15748.000 KB           WR = 0.000 KB        
q4_layer_ctrl:m_axi_weight1a-HBM[10]          RD = 15748.000 KB           WR = 0.000 KB        
q4_layer_ctrl:m_axi_weight1b-HBM[11]          RD = 15748.000 KB           WR = 0.000 KB        
q4_layer_ctrl:m_axi_weight2a-HBM[12]          RD = 14852.000 KB           WR = 0.000 KB        
q4_layer_ctrl:m_axi_weight2b-HBM[13]          RD = 14852.000 KB           WR = 0.000 KB        
q4_layer_ctrl:m_axi_weight3a-HBM[14]          RD = 14852.000 KB           WR = 0.000 KB        
q4_layer_ctrl:m_axi_weight3b-HBM[15]          RD = 14852.000 KB           WR = 0.000 KB        
q4_layer_ctrl:m_axi_hidden_in-HBM[0]          RD = 128.000 KB             WR = 0.000 KB        
q4_layer_ctrl:m_axi_hidden_out-HBM[1]          RD = 0.000 KB               WR = 96.000 KB       
q4_layer_ctrl:m_axi_kv_k-HBM[2]          RD = 40.000 KB              WR = 16.000 KB       
q4_layer_ctrl:m_axi_kv_v-HBM[3]          RD = 40.000 KB              WR = 16.000 KB       
q4_layer_ctrl:m_axi_norm-HBM[4]          RD = 32.000 KB              WR = 0.000 KB        
q4_layer_ctrl:m_axi_rope-HBM[5]          RD = 128.000 KB             WR = 0.000 KB        

Data transfer on stream interfaces
q4_layer_ctrl:activation_stream0-->PIPE               1977.094 KB     
q4_layer_ctrl:activation_stream1-->PIPE               1977.094 KB     
PIPE-->q4_layer_ctrl:out_stream0               1223.250 KB     
q4_layer_ctrl:activation_stream2-->PIPE               1865.094 KB     
PIPE-->q4_layer_ctrl:out_stream1               1223.250 KB     
PIPE-->q4_layer_ctrl:out_stream2               1174.250 KB     
PIPE-->q4_layer_ctrl:out_stream3               1174.250 KB     
q4_layer_ctrl:task_stream0-->PIPE               3.812 KB        
q4_layer_ctrl:task_stream1-->PIPE               3.812 KB        
q4_layer_ctrl:task_stream2-->PIPE               3.594 KB        
q4_layer_ctrl:task_stream3-->PIPE               3.594 KB        
q4_layer_ctrl:vector_stream0a-->PIPE               404.625 KB      
q4_layer_ctrl:vector_stream0b-->PIPE               352.625 KB      
q4_layer_ctrl:vector_stream1a-->PIPE               404.625 KB      
q4_layer_ctrl:activation_stream3-->PIPE               1865.094 KB     
q4_layer_ctrl:vector_stream1b-->PIPE               352.625 KB      
q4_layer_ctrl:vector_stream2a-->PIPE               404.625 KB      

INFO::[ Vitis-EM 22 ] [Time elapsed: 188 minute(s) 16 seconds, Emulation time: 4.08896 ms]
Data transfer between kernel(s) and global memory(s)
q4_layer_ctrl:m_axi_scales-HBM[6]          RD = 0.406 KB               WR = 0.000 KB        
q4_layer_ctrl:m_axi_weight0a-HBM[8]          RD = 15801.000 KB           WR = 0.000 KB        
q4_layer_ctrl:m_axi_weight0b-HBM[9]          RD = 15801.000 KB           WR = 0.000 KB        
q4_layer_ctrl:m_axi_weight1a-HBM[10]          RD = 15801.000 KB           WR = 0.000 KB        
q4_layer_ctrl:m_axi_weight1b-HBM[11]          RD = 15801.000 KB           WR = 0.000 KB        
q4_layer_ctrl:m_axi_weight2a-HBM[12]          RD = 14905.000 KB           WR = 0.000 KB        
q4_layer_ctrl:m_axi_weight2b-HBM[13]          RD = 14905.000 KB           WR = 0.000 KB        
q4_layer_ctrl:m_axi_weight3a-HBM[14]          RD = 14905.000 KB           WR = 0.000 KB        
q4_layer_ctrl:m_axi_weight3b-HBM[15]          RD = 14905.000 KB           WR = 0.000 KB        
q4_layer_ctrl:m_axi_hidden_in-HBM[0]          RD = 128.000 KB             WR = 0.000 KB        
q4_layer_ctrl:m_axi_hidden_out-HBM[1]          RD = 0.000 KB               WR = 96.000 KB       
q4_layer_ctrl:m_axi_kv_k-HBM[2]          RD = 40.000 KB              WR = 16.000 KB       
q4_layer_ctrl:m_axi_kv_v-HBM[3]          RD = 40.000 KB              WR = 16.000 KB       
q4_layer_ctrl:m_axi_norm-HBM[4]          RD = 32.000 KB              WR = 0.000 KB        
q4_layer_ctrl:m_axi_rope-HBM[5]          RD = 128.000 KB             WR = 0.000 KB        

Data transfer on stream interfaces
q4_layer_ctrl:activation_stream0-->PIPE               1983.719 KB     
q4_layer_ctrl:activation_stream1-->PIPE               1983.719 KB     
PIPE-->q4_layer_ctrl:out_stream0               1226.750 KB     
q4_layer_ctrl:activation_stream2-->PIPE               1871.719 KB     
PIPE-->q4_layer_ctrl:out_stream1               1226.750 KB     
PIPE-->q4_layer_ctrl:out_stream2               1177.750 KB     
PIPE-->q4_layer_ctrl:out_stream3               1177.750 KB     
q4_layer_ctrl:task_stream0-->PIPE               3.828 KB        
q4_layer_ctrl:task_stream1-->PIPE               3.828 KB        
q4_layer_ctrl:task_stream2-->PIPE               3.609 KB        
q4_layer_ctrl:task_stream3-->PIPE               3.609 KB        
q4_layer_ctrl:vector_stream0a-->PIPE               404.625 KB      
q4_layer_ctrl:vector_stream0b-->PIPE               352.625 KB      
q4_layer_ctrl:vector_stream1a-->PIPE               404.625 KB      
q4_layer_ctrl:activation_stream3-->PIPE               1871.719 KB     
q4_layer_ctrl:vector_stream1b-->PIPE               352.625 KB      
q4_layer_ctrl:vector_stream2a-->PIPE               404.625 KB      

INFO::[ Vitis-EM 22 ] [Time elapsed: 189 minute(s) 48 seconds, Emulation time: 4.10603 ms]
Data transfer between kernel(s) and global memory(s)
q4_layer_ctrl:m_axi_scales-HBM[6]          RD = 0.406 KB               WR = 0.000 KB        
q4_layer_ctrl:m_axi_weight0a-HBM[8]          RD = 15954.000 KB           WR = 0.000 KB        
q4_layer_ctrl:m_axi_weight0b-HBM[9]          RD = 15954.000 KB           WR = 0.000 KB        
q4_layer_ctrl:m_axi_weight1a-HBM[10]          RD = 15954.000 KB           WR = 0.000 KB        
q4_layer_ctrl:m_axi_weight1b-HBM[11]          RD = 15954.000 KB           WR = 0.000 KB        
q4_layer_ctrl:m_axi_weight2a-HBM[12]          RD = 15058.000 KB           WR = 0.000 KB        
q4_layer_ctrl:m_axi_weight2b-HBM[13]          RD = 15058.000 KB           WR = 0.000 KB        
q4_layer_ctrl:m_axi_weight3a-HBM[14]          RD = 15058.000 KB           WR = 0.000 KB        
q4_layer_ctrl:m_axi_weight3b-HBM[15]          RD = 15058.000 KB           WR = 0.000 KB        
q4_layer_ctrl:m_axi_hidden_in-HBM[0]          RD = 128.000 KB             WR = 0.000 KB        
q4_layer_ctrl:m_axi_hidden_out-HBM[1]          RD = 0.000 KB               WR = 96.000 KB       
q4_layer_ctrl:m_axi_kv_k-HBM[2]          RD = 40.000 KB              WR = 16.000 KB       
q4_layer_ctrl:m_axi_kv_v-HBM[3]          RD = 40.000 KB              WR = 16.000 KB       
q4_layer_ctrl:m_axi_norm-HBM[4]          RD = 32.000 KB              WR = 0.000 KB        
q4_layer_ctrl:m_axi_rope-HBM[5]          RD = 128.000 KB             WR = 0.000 KB        

Data transfer on stream interfaces
q4_layer_ctrl:activation_stream0-->PIPE               2002.820 KB     
q4_layer_ctrl:activation_stream1-->PIPE               2002.820 KB     
PIPE-->q4_layer_ctrl:out_stream0               1233.750 KB     
q4_layer_ctrl:activation_stream2-->PIPE               1890.820 KB     
PIPE-->q4_layer_ctrl:out_stream1               1233.750 KB     
PIPE-->q4_layer_ctrl:out_stream2               1184.750 KB     
PIPE-->q4_layer_ctrl:out_stream3               1184.750 KB     
q4_layer_ctrl:task_stream0-->PIPE               3.859 KB        
q4_layer_ctrl:task_stream1-->PIPE               3.859 KB        
q4_layer_ctrl:task_stream2-->PIPE               3.641 KB        
q4_layer_ctrl:task_stream3-->PIPE               3.641 KB        
q4_layer_ctrl:vector_stream0a-->PIPE               404.625 KB      
q4_layer_ctrl:vector_stream0b-->PIPE               352.625 KB      
q4_layer_ctrl:vector_stream1a-->PIPE               404.625 KB      
q4_layer_ctrl:activation_stream3-->PIPE               1890.820 KB     
q4_layer_ctrl:vector_stream1b-->PIPE               352.625 KB      
q4_layer_ctrl:vector_stream2a-->PIPE               404.625 KB      

INFO::[ Vitis-EM 22 ] [Time elapsed: 189 minute(s) 59 seconds, Emulation time: 4.10804 ms]
Data transfer between kernel(s) and global memory(s)
q4_layer_ctrl:m_axi_scales-HBM[6]          RD = 0.406 KB               WR = 0.000 KB        
q4_layer_ctrl:m_axi_weight0a-HBM[8]          RD = 15968.000 KB           WR = 0.000 KB        
q4_layer_ctrl:m_axi_weight0b-HBM[9]          RD = 15968.000 KB           WR = 0.000 KB        
q4_layer_ctrl:m_axi_weight1a-HBM[10]          RD = 15968.000 KB           WR = 0.000 KB        
q4_layer_ctrl:m_axi_weight1b-HBM[11]          RD = 15968.000 KB           WR = 0.000 KB        
q4_layer_ctrl:m_axi_weight2a-HBM[12]          RD = 15072.000 KB           WR = 0.000 KB        
q4_layer_ctrl:m_axi_weight2b-HBM[13]          RD = 15072.000 KB           WR = 0.000 KB        
q4_layer_ctrl:m_axi_weight3a-HBM[14]          RD = 15072.000 KB           WR = 0.000 KB        
q4_layer_ctrl:m_axi_weight3b-HBM[15]          RD = 15072.000 KB           WR = 0.000 KB        
q4_layer_ctrl:m_axi_hidden_in-HBM[0]          RD = 128.000 KB             WR = 0.000 KB        
q4_layer_ctrl:m_axi_hidden_out-HBM[1]          RD = 0.000 KB               WR = 96.000 KB       
q4_layer_ctrl:m_axi_kv_k-HBM[2]          RD = 40.000 KB              WR = 16.000 KB       
q4_layer_ctrl:m_axi_kv_v-HBM[3]          RD = 40.000 KB              WR = 16.000 KB       
q4_layer_ctrl:m_axi_norm-HBM[4]          RD = 32.000 KB              WR = 0.000 KB        
q4_layer_ctrl:m_axi_rope-HBM[5]          RD = 128.000 KB             WR = 0.000 KB        

Data transfer on stream interfaces
q4_layer_ctrl:activation_stream0-->PIPE               2005.176 KB     
q4_layer_ctrl:activation_stream1-->PIPE               2005.176 KB     
PIPE-->q4_layer_ctrl:out_stream0               1233.750 KB     
q4_layer_ctrl:activation_stream2-->PIPE               1893.176 KB     
PIPE-->q4_layer_ctrl:out_stream1               1233.750 KB     
PIPE-->q4_layer_ctrl:out_stream2               1184.750 KB     
PIPE-->q4_layer_ctrl:out_stream3               1184.750 KB     
q4_layer_ctrl:task_stream0-->PIPE               3.859 KB        
q4_layer_ctrl:task_stream1-->PIPE               3.859 KB        
q4_layer_ctrl:task_stream2-->PIPE               3.641 KB        
q4_layer_ctrl:task_stream3-->PIPE               3.641 KB        
q4_layer_ctrl:vector_stream0a-->PIPE               404.625 KB      
q4_layer_ctrl:vector_stream0b-->PIPE               352.625 KB      
q4_layer_ctrl:vector_stream1a-->PIPE               404.625 KB      
q4_layer_ctrl:activation_stream3-->PIPE               1893.176 KB     
q4_layer_ctrl:vector_stream1b-->PIPE               352.625 KB      
q4_layer_ctrl:vector_stream2a-->PIPE               404.625 KB      

INFO::[ Vitis-EM 22 ] [Time elapsed: 194 minute(s) 21 seconds, Emulation time: 4.15723 ms]
Data transfer between kernel(s) and global memory(s)
q4_layer_ctrl:m_axi_scales-HBM[6]          RD = 0.406 KB               WR = 0.000 KB        
q4_layer_ctrl:m_axi_weight0a-HBM[8]          RD = 16409.000 KB           WR = 0.000 KB        
q4_layer_ctrl:m_axi_weight0b-HBM[9]          RD = 16409.000 KB           WR = 0.000 KB        
q4_layer_ctrl:m_axi_weight1a-HBM[10]          RD = 16409.000 KB           WR = 0.000 KB        
q4_layer_ctrl:m_axi_weight1b-HBM[11]          RD = 16409.000 KB           WR = 0.000 KB        
q4_layer_ctrl:m_axi_weight2a-HBM[12]          RD = 15513.000 KB           WR = 0.000 KB        
q4_layer_ctrl:m_axi_weight2b-HBM[13]          RD = 15513.000 KB           WR = 0.000 KB        
q4_layer_ctrl:m_axi_weight3a-HBM[14]          RD = 15513.000 KB           WR = 0.000 KB        
q4_layer_ctrl:m_axi_weight3b-HBM[15]          RD = 15513.000 KB           WR = 0.000 KB        
q4_layer_ctrl:m_axi_hidden_in-HBM[0]          RD = 128.000 KB             WR = 0.000 KB        
q4_layer_ctrl:m_axi_hidden_out-HBM[1]          RD = 0.000 KB               WR = 96.000 KB       
q4_layer_ctrl:m_axi_kv_k-HBM[2]          RD = 40.000 KB              WR = 16.000 KB       
q4_layer_ctrl:m_axi_kv_v-HBM[3]          RD = 40.000 KB              WR = 16.000 KB       
q4_layer_ctrl:m_axi_norm-HBM[4]          RD = 32.000 KB              WR = 0.000 KB        
q4_layer_ctrl:m_axi_rope-HBM[5]          RD = 128.000 KB             WR = 0.000 KB        

Data transfer on stream interfaces
q4_layer_ctrl:activation_stream0-->PIPE               2059.699 KB     
q4_layer_ctrl:activation_stream1-->PIPE               2059.699 KB     
PIPE-->q4_layer_ctrl:out_stream0               1258.250 KB     
q4_layer_ctrl:activation_stream2-->PIPE               1947.699 KB     
PIPE-->q4_layer_ctrl:out_stream1               1258.250 KB     
PIPE-->q4_layer_ctrl:out_stream2               1209.250 KB     
PIPE-->q4_layer_ctrl:out_stream3               1209.250 KB     
q4_layer_ctrl:task_stream0-->PIPE               3.969 KB        
q4_layer_ctrl:task_stream1-->PIPE               3.969 KB        
q4_layer_ctrl:task_stream2-->PIPE               3.750 KB        
q4_layer_ctrl:task_stream3-->PIPE               3.750 KB        
q4_layer_ctrl:vector_stream0a-->PIPE               404.625 KB      
q4_layer_ctrl:vector_stream0b-->PIPE               352.625 KB      
q4_layer_ctrl:vector_stream1a-->PIPE               404.625 KB      
q4_layer_ctrl:activation_stream3-->PIPE               1947.699 KB     
q4_layer_ctrl:vector_stream1b-->PIPE               352.625 KB      
q4_layer_ctrl:vector_stream2a-->PIPE               404.625 KB      

INFO::[ Vitis-EM 22 ] [Time elapsed: 195 minute(s) 51 seconds, Emulation time: 4.19168 ms]
Data transfer between kernel(s) and global memory(s)
q4_layer_ctrl:m_axi_scales-HBM[6]          RD = 0.406 KB               WR = 0.000 KB        
q4_layer_ctrl:m_axi_weight0a-HBM[8]          RD = 16544.000 KB           WR = 0.000 KB        
q4_layer_ctrl:m_axi_weight0b-HBM[9]          RD = 16544.000 KB           WR = 0.000 KB        
q4_layer_ctrl:m_axi_weight1a-HBM[10]          RD = 16544.000 KB           WR = 0.000 KB        
q4_layer_ctrl:m_axi_weight1b-HBM[11]          RD = 16544.000 KB           WR = 0.000 KB        
q4_layer_ctrl:m_axi_weight2a-HBM[12]          RD = 15584.000 KB           WR = 0.000 KB        
q4_layer_ctrl:m_axi_weight2b-HBM[13]          RD = 15584.000 KB           WR = 0.000 KB        
q4_layer_ctrl:m_axi_weight3a-HBM[14]          RD = 15584.000 KB           WR = 0.000 KB        
q4_layer_ctrl:m_axi_weight3b-HBM[15]          RD = 15584.000 KB           WR = 0.000 KB        
q4_layer_ctrl:m_axi_hidden_in-HBM[0]          RD = 128.000 KB             WR = 0.000 KB        
q4_layer_ctrl:m_axi_hidden_out-HBM[1]          RD = 0.000 KB               WR = 96.000 KB       
q4_layer_ctrl:m_axi_kv_k-HBM[2]          RD = 40.000 KB              WR = 16.000 KB       
q4_layer_ctrl:m_axi_kv_v-HBM[3]          RD = 40.000 KB              WR = 16.000 KB       
q4_layer_ctrl:m_axi_norm-HBM[4]          RD = 32.000 KB              WR = 0.000 KB        
q4_layer_ctrl:m_axi_rope-HBM[5]          RD = 128.000 KB             WR = 0.000 KB        

Data transfer on stream interfaces
q4_layer_ctrl:activation_stream0-->PIPE               2077.250 KB     
q4_layer_ctrl:activation_stream1-->PIPE               2077.250 KB     
PIPE-->q4_layer_ctrl:out_stream0               1268.750 KB     
q4_layer_ctrl:activation_stream2-->PIPE               1957.250 KB     
PIPE-->q4_layer_ctrl:out_stream1               1268.750 KB     
PIPE-->q4_layer_ctrl:out_stream2               1216.250 KB     
PIPE-->q4_layer_ctrl:out_stream3               1216.250 KB     
q4_layer_ctrl:task_stream0-->PIPE               4.000 KB        
q4_layer_ctrl:task_stream1-->PIPE               4.000 KB        
q4_layer_ctrl:task_stream2-->PIPE               3.766 KB        
q4_layer_ctrl:task_stream3-->PIPE               3.766 KB        
q4_layer_ctrl:vector_stream0a-->PIPE               404.625 KB      
q4_layer_ctrl:vector_stream0b-->PIPE               352.625 KB      
q4_layer_ctrl:vector_stream1a-->PIPE               404.625 KB      
q4_layer_ctrl:activation_stream3-->PIPE               1957.250 KB     
q4_layer_ctrl:vector_stream1b-->PIPE               352.625 KB      
q4_layer_ctrl:vector_stream2a-->PIPE               404.625 KB      

INFO::[ Vitis-EM 22 ] [Time elapsed: 196 minute(s) 38 seconds, Emulation time: 4.20175 ms]
Data transfer between kernel(s) and global memory(s)
q4_layer_ctrl:m_axi_scales-HBM[6]          RD = 0.422 KB               WR = 0.000 KB        
q4_layer_ctrl:m_axi_weight0a-HBM[8]          RD = 16625.500 KB           WR = 0.000 KB        
q4_layer_ctrl:m_axi_weight0b-HBM[9]          RD = 16625.500 KB           WR = 0.000 KB        
q4_layer_ctrl:m_axi_weight1a-HBM[10]          RD = 16625.500 KB           WR = 0.000 KB        
q4_layer_ctrl:m_axi_weight1b-HBM[11]          RD = 16625.500 KB           WR = 0.000 KB        
q4_layer_ctrl:m_axi_weight2a-HBM[12]          RD = 15665.500 KB           WR = 0.000 KB        
q4_layer_ctrl:m_axi_weight2b-HBM[13]          RD = 15665.500 KB           WR = 0.000 KB        
q4_layer_ctrl:m_axi_weight3a-HBM[14]          RD = 15665.500 KB           WR = 0.000 KB        
q4_layer_ctrl:m_axi_weight3b-HBM[15]          RD = 15665.500 KB           WR = 0.000 KB        
q4_layer_ctrl:m_axi_hidden_in-HBM[0]          RD = 128.000 KB             WR = 0.000 KB        
q4_layer_ctrl:m_axi_hidden_out-HBM[1]          RD = 0.000 KB               WR = 96.000 KB       
q4_layer_ctrl:m_axi_kv_k-HBM[2]          RD = 40.000 KB              WR = 16.000 KB       
q4_layer_ctrl:m_axi_kv_v-HBM[3]          RD = 40.000 KB              WR = 16.000 KB       
q4_layer_ctrl:m_axi_norm-HBM[4]          RD = 32.000 KB              WR = 0.000 KB        
q4_layer_ctrl:m_axi_rope-HBM[5]          RD = 128.000 KB             WR = 0.000 KB        

Data transfer on stream interfaces
q4_layer_ctrl:activation_stream0-->PIPE               2086.980 KB     
q4_layer_ctrl:activation_stream1-->PIPE               2086.980 KB     
PIPE-->q4_layer_ctrl:out_stream0               1272.250 KB     
q4_layer_ctrl:activation_stream2-->PIPE               1966.980 KB     
PIPE-->q4_layer_ctrl:out_stream1               1272.250 KB     
PIPE-->q4_layer_ctrl:out_stream2               1219.750 KB     
PIPE-->q4_layer_ctrl:out_stream3               1219.750 KB     
q4_layer_ctrl:task_stream0-->PIPE               4.031 KB        
q4_layer_ctrl:task_stream1-->PIPE               4.031 KB        
q4_layer_ctrl:task_stream2-->PIPE               3.797 KB        
q4_layer_ctrl:task_stream3-->PIPE               3.797 KB        
q4_layer_ctrl:vector_stream0a-->PIPE               404.625 KB      
q4_layer_ctrl:vector_stream0b-->PIPE               352.625 KB      
q4_layer_ctrl:vector_stream1a-->PIPE               404.625 KB      
q4_layer_ctrl:activation_stream3-->PIPE               1966.980 KB     
q4_layer_ctrl:vector_stream1b-->PIPE               352.625 KB      
q4_layer_ctrl:vector_stream2a-->PIPE               404.625 KB      

INFO::[ Vitis-EM 22 ] [Time elapsed: 197 minute(s) 53 seconds, Emulation time: 4.21581 ms]
Data transfer between kernel(s) and global memory(s)
q4_layer_ctrl:m_axi_scales-HBM[6]          RD = 0.422 KB               WR = 0.000 KB        
q4_layer_ctrl:m_axi_weight0a-HBM[8]          RD = 16753.000 KB           WR = 0.000 KB        
q4_layer_ctrl:m_axi_weight0b-HBM[9]          RD = 16753.000 KB           WR = 0.000 KB        
q4_layer_ctrl:m_axi_weight1a-HBM[10]          RD = 16753.000 KB           WR = 0.000 KB        
q4_layer_ctrl:m_axi_weight1b-HBM[11]          RD = 16753.000 KB           WR = 0.000 KB        
q4_layer_ctrl:m_axi_weight2a-HBM[12]          RD = 15793.000 KB           WR = 0.000 KB        
q4_layer_ctrl:m_axi_weight2b-HBM[13]          RD = 15793.000 KB           WR = 0.000 KB        
q4_layer_ctrl:m_axi_weight3a-HBM[14]          RD = 15793.000 KB           WR = 0.000 KB        
q4_layer_ctrl:m_axi_weight3b-HBM[15]          RD = 15793.000 KB           WR = 0.000 KB        
q4_layer_ctrl:m_axi_hidden_in-HBM[0]          RD = 128.000 KB             WR = 0.000 KB        
q4_layer_ctrl:m_axi_hidden_out-HBM[1]          RD = 0.000 KB               WR = 96.000 KB       
q4_layer_ctrl:m_axi_kv_k-HBM[2]          RD = 40.000 KB              WR = 16.000 KB       
q4_layer_ctrl:m_axi_kv_v-HBM[3]          RD = 40.000 KB              WR = 16.000 KB       
q4_layer_ctrl:m_axi_norm-HBM[4]          RD = 32.000 KB              WR = 0.000 KB        
q4_layer_ctrl:m_axi_rope-HBM[5]          RD = 128.000 KB             WR = 0.000 KB        

Data transfer on stream interfaces
q4_layer_ctrl:activation_stream0-->PIPE               2102.879 KB     
q4_layer_ctrl:activation_stream1-->PIPE               2102.879 KB     
PIPE-->q4_layer_ctrl:out_stream0               1279.250 KB     
q4_layer_ctrl:activation_stream2-->PIPE               1982.879 KB     
PIPE-->q4_layer_ctrl:out_stream1               1279.250 KB     
PIPE-->q4_layer_ctrl:out_stream2               1226.750 KB     
PIPE-->q4_layer_ctrl:out_stream3               1226.750 KB     
q4_layer_ctrl:task_stream0-->PIPE               4.062 KB        
q4_layer_ctrl:task_stream1-->PIPE               4.062 KB        
q4_layer_ctrl:task_stream2-->PIPE               3.828 KB        
q4_layer_ctrl:task_stream3-->PIPE               3.828 KB        
q4_layer_ctrl:vector_stream0a-->PIPE               404.625 KB      
q4_layer_ctrl:vector_stream0b-->PIPE               352.625 KB      
q4_layer_ctrl:vector_stream1a-->PIPE               404.625 KB      
q4_layer_ctrl:activation_stream3-->PIPE               1982.879 KB     
q4_layer_ctrl:vector_stream1b-->PIPE               352.625 KB      
q4_layer_ctrl:vector_stream2a-->PIPE               404.625 KB      

INFO::[ Vitis-EM 22 ] [Time elapsed: 199 minute(s) 4 seconds, Emulation time: 4.22887 ms]
Data transfer between kernel(s) and global memory(s)
q4_layer_ctrl:m_axi_scales-HBM[6]          RD = 0.422 KB               WR = 0.000 KB        
q4_layer_ctrl:m_axi_weight0a-HBM[8]          RD = 16870.000 KB           WR = 0.000 KB        
q4_layer_ctrl:m_axi_weight0b-HBM[9]          RD = 16870.000 KB           WR = 0.000 KB        
q4_layer_ctrl:m_axi_weight1a-HBM[10]          RD = 16870.000 KB           WR = 0.000 KB        
q4_layer_ctrl:m_axi_weight1b-HBM[11]          RD = 16870.000 KB           WR = 0.000 KB        
q4_layer_ctrl:m_axi_weight2a-HBM[12]          RD = 15910.000 KB           WR = 0.000 KB        
q4_layer_ctrl:m_axi_weight2b-HBM[13]          RD = 15910.000 KB           WR = 0.000 KB        
q4_layer_ctrl:m_axi_weight3a-HBM[14]          RD = 15910.000 KB           WR = 0.000 KB        
q4_layer_ctrl:m_axi_weight3b-HBM[15]          RD = 15910.000 KB           WR = 0.000 KB        
q4_layer_ctrl:m_axi_hidden_in-HBM[0]          RD = 128.000 KB             WR = 0.000 KB        
q4_layer_ctrl:m_axi_hidden_out-HBM[1]          RD = 0.000 KB               WR = 96.000 KB       
q4_layer_ctrl:m_axi_kv_k-HBM[2]          RD = 40.000 KB              WR = 16.000 KB       
q4_layer_ctrl:m_axi_kv_v-HBM[3]          RD = 40.000 KB              WR = 16.000 KB       
q4_layer_ctrl:m_axi_norm-HBM[4]          RD = 32.000 KB              WR = 0.000 KB        
q4_layer_ctrl:m_axi_rope-HBM[5]          RD = 128.000 KB             WR = 0.000 KB        

Data transfer on stream interfaces
q4_layer_ctrl:activation_stream0-->PIPE               2117.520 KB     
q4_layer_ctrl:activation_stream1-->PIPE               2117.520 KB     
PIPE-->q4_layer_ctrl:out_stream0               1282.750 KB     
q4_layer_ctrl:activation_stream2-->PIPE               1997.520 KB     
PIPE-->q4_layer_ctrl:out_stream1               1282.750 KB     
PIPE-->q4_layer_ctrl:out_stream2               1230.250 KB     
PIPE-->q4_layer_ctrl:out_stream3               1230.250 KB     
q4_layer_ctrl:task_stream0-->PIPE               4.094 KB        
q4_layer_ctrl:task_stream1-->PIPE               4.094 KB        
q4_layer_ctrl:task_stream2-->PIPE               3.859 KB        
q4_layer_ctrl:task_stream3-->PIPE               3.859 KB        
q4_layer_ctrl:vector_stream0a-->PIPE               404.625 KB      
q4_layer_ctrl:vector_stream0b-->PIPE               352.625 KB      
q4_layer_ctrl:vector_stream1a-->PIPE               404.625 KB      
q4_layer_ctrl:activation_stream3-->PIPE               1997.520 KB     
q4_layer_ctrl:vector_stream1b-->PIPE               352.625 KB      
q4_layer_ctrl:vector_stream2a-->PIPE               404.625 KB      

INFO::[ Vitis-EM 22 ] [Time elapsed: 205 minute(s) 34 seconds, Emulation time: 4.30217 ms]
Data transfer between kernel(s) and global memory(s)
q4_layer_ctrl:m_axi_scales-HBM[6]          RD = 0.422 KB               WR = 0.000 KB        
q4_layer_ctrl:m_axi_weight0a-HBM[8]          RD = 17521.500 KB           WR = 0.000 KB        
q4_layer_ctrl:m_axi_weight0b-HBM[9]          RD = 17521.500 KB           WR = 0.000 KB        
q4_layer_ctrl:m_axi_weight1a-HBM[10]          RD = 17521.500 KB           WR = 0.000 KB        
q4_layer_ctrl:m_axi_weight1b-HBM[11]          RD = 17521.500 KB           WR = 0.000 KB        
q4_layer_ctrl:m_axi_weight2a-HBM[12]          RD = 16561.500 KB           WR = 0.000 KB        
q4_layer_ctrl:m_axi_weight2b-HBM[13]          RD = 16561.500 KB           WR = 0.000 KB        
q4_layer_ctrl:m_axi_weight3a-HBM[14]          RD = 16561.500 KB           WR = 0.000 KB        
q4_layer_ctrl:m_axi_weight3b-HBM[15]          RD = 16561.500 KB           WR = 0.000 KB        
q4_layer_ctrl:m_axi_hidden_in-HBM[0]          RD = 128.000 KB             WR = 0.000 KB        
q4_layer_ctrl:m_axi_hidden_out-HBM[1]          RD = 0.000 KB               WR = 96.000 KB       
q4_layer_ctrl:m_axi_kv_k-HBM[2]          RD = 40.000 KB              WR = 16.000 KB       
q4_layer_ctrl:m_axi_kv_v-HBM[3]          RD = 40.000 KB              WR = 16.000 KB       
q4_layer_ctrl:m_axi_norm-HBM[4]          RD = 32.000 KB              WR = 0.000 KB        
q4_layer_ctrl:m_axi_rope-HBM[5]          RD = 128.000 KB             WR = 0.000 KB        

Data transfer on stream interfaces
q4_layer_ctrl:activation_stream0-->PIPE               2198.738 KB     
q4_layer_ctrl:activation_stream1-->PIPE               2198.738 KB     
PIPE-->q4_layer_ctrl:out_stream0               1321.250 KB     
q4_layer_ctrl:activation_stream2-->PIPE               2078.738 KB     
PIPE-->q4_layer_ctrl:out_stream1               1321.250 KB     
PIPE-->q4_layer_ctrl:out_stream2               1268.750 KB     
PIPE-->q4_layer_ctrl:out_stream3               1268.750 KB     
q4_layer_ctrl:task_stream0-->PIPE               4.250 KB        
q4_layer_ctrl:task_stream1-->PIPE               4.250 KB        
q4_layer_ctrl:task_stream2-->PIPE               4.016 KB        
q4_layer_ctrl:task_stream3-->PIPE               4.016 KB        
q4_layer_ctrl:vector_stream0a-->PIPE               404.625 KB      
q4_layer_ctrl:vector_stream0b-->PIPE               352.625 KB      
q4_layer_ctrl:vector_stream1a-->PIPE               404.625 KB      
q4_layer_ctrl:activation_stream3-->PIPE               2078.738 KB     
q4_layer_ctrl:vector_stream1b-->PIPE               352.625 KB      
q4_layer_ctrl:vector_stream2a-->PIPE               404.625 KB      

INFO::[ Vitis-EM 22 ] [Time elapsed: 205 minute(s) 53 seconds, Emulation time: 4.30519 ms]
Data transfer between kernel(s) and global memory(s)
q4_layer_ctrl:m_axi_scales-HBM[6]          RD = 0.422 KB               WR = 0.000 KB        
q4_layer_ctrl:m_axi_weight0a-HBM[8]          RD = 17549.500 KB           WR = 0.000 KB        
q4_layer_ctrl:m_axi_weight0b-HBM[9]          RD = 17549.500 KB           WR = 0.000 KB        
q4_layer_ctrl:m_axi_weight1a-HBM[10]          RD = 17549.500 KB           WR = 0.000 KB        
q4_layer_ctrl:m_axi_weight1b-HBM[11]          RD = 17549.500 KB           WR = 0.000 KB        
q4_layer_ctrl:m_axi_weight2a-HBM[12]          RD = 16589.500 KB           WR = 0.000 KB        
q4_layer_ctrl:m_axi_weight2b-HBM[13]          RD = 16589.500 KB           WR = 0.000 KB        
q4_layer_ctrl:m_axi_weight3a-HBM[14]          RD = 16589.500 KB           WR = 0.000 KB        
q4_layer_ctrl:m_axi_weight3b-HBM[15]          RD = 16589.500 KB           WR = 0.000 KB        
q4_layer_ctrl:m_axi_hidden_in-HBM[0]          RD = 128.000 KB             WR = 0.000 KB        
q4_layer_ctrl:m_axi_hidden_out-HBM[1]          RD = 0.000 KB               WR = 96.000 KB       
q4_layer_ctrl:m_axi_kv_k-HBM[2]          RD = 40.000 KB              WR = 16.000 KB       
q4_layer_ctrl:m_axi_kv_v-HBM[3]          RD = 40.000 KB              WR = 16.000 KB       
q4_layer_ctrl:m_axi_norm-HBM[4]          RD = 32.000 KB              WR = 0.000 KB        
q4_layer_ctrl:m_axi_rope-HBM[5]          RD = 128.000 KB             WR = 0.000 KB        

Data transfer on stream interfaces
q4_layer_ctrl:activation_stream0-->PIPE               2202.270 KB     
q4_layer_ctrl:activation_stream1-->PIPE               2202.270 KB     
PIPE-->q4_layer_ctrl:out_stream0               1321.250 KB     
q4_layer_ctrl:activation_stream2-->PIPE               2082.270 KB     
PIPE-->q4_layer_ctrl:out_stream1               1321.250 KB     
PIPE-->q4_layer_ctrl:out_stream2               1268.750 KB     
PIPE-->q4_layer_ctrl:out_stream3               1268.750 KB     
q4_layer_ctrl:task_stream0-->PIPE               4.250 KB        
q4_layer_ctrl:task_stream1-->PIPE               4.250 KB        
q4_layer_ctrl:task_stream2-->PIPE               4.016 KB        
q4_layer_ctrl:task_stream3-->PIPE               4.016 KB        
q4_layer_ctrl:vector_stream0a-->PIPE               404.625 KB      
q4_layer_ctrl:vector_stream0b-->PIPE               352.625 KB      
q4_layer_ctrl:vector_stream1a-->PIPE               404.625 KB      
q4_layer_ctrl:activation_stream3-->PIPE               2082.270 KB     
q4_layer_ctrl:vector_stream1b-->PIPE               352.625 KB      
q4_layer_ctrl:vector_stream2a-->PIPE               404.625 KB      

INFO::[ Vitis-EM 22 ] [Time elapsed: 206 minute(s) 6 seconds, Emulation time: 4.3072 ms]
Data transfer between kernel(s) and global memory(s)
q4_layer_ctrl:m_axi_scales-HBM[6]          RD = 0.422 KB               WR = 0.000 KB        
q4_layer_ctrl:m_axi_weight0a-HBM[8]          RD = 17568.000 KB           WR = 0.000 KB        
q4_layer_ctrl:m_axi_weight0b-HBM[9]          RD = 17568.000 KB           WR = 0.000 KB        
q4_layer_ctrl:m_axi_weight1a-HBM[10]          RD = 17568.000 KB           WR = 0.000 KB        
q4_layer_ctrl:m_axi_weight1b-HBM[11]          RD = 17568.000 KB           WR = 0.000 KB        
q4_layer_ctrl:m_axi_weight2a-HBM[12]          RD = 16608.000 KB           WR = 0.000 KB        
q4_layer_ctrl:m_axi_weight2b-HBM[13]          RD = 16608.000 KB           WR = 0.000 KB        
q4_layer_ctrl:m_axi_weight3a-HBM[14]          RD = 16608.000 KB           WR = 0.000 KB        
q4_layer_ctrl:m_axi_weight3b-HBM[15]          RD = 16608.000 KB           WR = 0.000 KB        
q4_layer_ctrl:m_axi_hidden_in-HBM[0]          RD = 128.000 KB             WR = 0.000 KB        
q4_layer_ctrl:m_axi_hidden_out-HBM[1]          RD = 0.000 KB               WR = 96.000 KB       
q4_layer_ctrl:m_axi_kv_k-HBM[2]          RD = 40.000 KB              WR = 16.000 KB       
q4_layer_ctrl:m_axi_kv_v-HBM[3]          RD = 40.000 KB              WR = 16.000 KB       
q4_layer_ctrl:m_axi_norm-HBM[4]          RD = 32.000 KB              WR = 0.000 KB        
q4_layer_ctrl:m_axi_rope-HBM[5]          RD = 128.000 KB             WR = 0.000 KB        

Data transfer on stream interfaces
q4_layer_ctrl:activation_stream0-->PIPE               2204.625 KB     
q4_layer_ctrl:activation_stream1-->PIPE               2204.625 KB     
PIPE-->q4_layer_ctrl:out_stream0               1321.250 KB     
q4_layer_ctrl:activation_stream2-->PIPE               2084.625 KB     
PIPE-->q4_layer_ctrl:out_stream1               1321.250 KB     
PIPE-->q4_layer_ctrl:out_stream2               1268.750 KB     
PIPE-->q4_layer_ctrl:out_stream3               1268.750 KB     
q4_layer_ctrl:task_stream0-->PIPE               4.250 KB        
q4_layer_ctrl:task_stream1-->PIPE               4.250 KB        
q4_layer_ctrl:task_stream2-->PIPE               4.016 KB        
q4_layer_ctrl:task_stream3-->PIPE               4.016 KB        
q4_layer_ctrl:vector_stream0a-->PIPE               404.625 KB      
q4_layer_ctrl:vector_stream0b-->PIPE               352.625 KB      
q4_layer_ctrl:vector_stream1a-->PIPE               404.625 KB      
q4_layer_ctrl:activation_stream3-->PIPE               2084.625 KB     
q4_layer_ctrl:vector_stream1b-->PIPE               352.625 KB      
q4_layer_ctrl:vector_stream2a-->PIPE               404.625 KB      

INFO::[ Vitis-EM 22 ] [Time elapsed: 206 minute(s) 22 seconds, Emulation time: 4.31022 ms]
Data transfer between kernel(s) and global memory(s)
q4_layer_ctrl:m_axi_scales-HBM[6]          RD = 0.422 KB               WR = 0.000 KB        
q4_layer_ctrl:m_axi_weight0a-HBM[8]          RD = 17593.000 KB           WR = 0.000 KB        
q4_layer_ctrl:m_axi_weight0b-HBM[9]          RD = 17593.000 KB           WR = 0.000 KB        
q4_layer_ctrl:m_axi_weight1a-HBM[10]          RD = 17593.000 KB           WR = 0.000 KB        
q4_layer_ctrl:m_axi_weight1b-HBM[11]          RD = 17593.000 KB           WR = 0.000 KB        
q4_layer_ctrl:m_axi_weight2a-HBM[12]          RD = 16633.000 KB           WR = 0.000 KB        
q4_layer_ctrl:m_axi_weight2b-HBM[13]          RD = 16633.000 KB           WR = 0.000 KB        
q4_layer_ctrl:m_axi_weight3a-HBM[14]          RD = 16633.000 KB           WR = 0.000 KB        
q4_layer_ctrl:m_axi_weight3b-HBM[15]          RD = 16633.000 KB           WR = 0.000 KB        
q4_layer_ctrl:m_axi_hidden_in-HBM[0]          RD = 128.000 KB             WR = 0.000 KB        
q4_layer_ctrl:m_axi_hidden_out-HBM[1]          RD = 0.000 KB               WR = 96.000 KB       
q4_layer_ctrl:m_axi_kv_k-HBM[2]          RD = 40.000 KB              WR = 16.000 KB       
q4_layer_ctrl:m_axi_kv_v-HBM[3]          RD = 40.000 KB              WR = 16.000 KB       
q4_layer_ctrl:m_axi_norm-HBM[4]          RD = 32.000 KB              WR = 0.000 KB        
q4_layer_ctrl:m_axi_rope-HBM[5]          RD = 128.000 KB             WR = 0.000 KB        

Data transfer on stream interfaces
q4_layer_ctrl:activation_stream0-->PIPE               2207.715 KB     
q4_layer_ctrl:activation_stream1-->PIPE               2207.715 KB     
PIPE-->q4_layer_ctrl:out_stream0               1324.750 KB     
q4_layer_ctrl:activation_stream2-->PIPE               2087.715 KB     
PIPE-->q4_layer_ctrl:out_stream1               1324.750 KB     
PIPE-->q4_layer_ctrl:out_stream2               1272.250 KB     
PIPE-->q4_layer_ctrl:out_stream3               1272.250 KB     
q4_layer_ctrl:task_stream0-->PIPE               4.266 KB        
q4_layer_ctrl:task_stream1-->PIPE               4.266 KB        
q4_layer_ctrl:task_stream2-->PIPE               4.031 KB        
q4_layer_ctrl:task_stream3-->PIPE               4.031 KB        
q4_layer_ctrl:vector_stream0a-->PIPE               404.625 KB      
q4_layer_ctrl:vector_stream0b-->PIPE               352.625 KB      
q4_layer_ctrl:vector_stream1a-->PIPE               404.625 KB      
q4_layer_ctrl:activation_stream3-->PIPE               2087.715 KB     
q4_layer_ctrl:vector_stream1b-->PIPE               352.625 KB      
q4_layer_ctrl:vector_stream2a-->PIPE               404.625 KB      

INFO::[ Vitis-EM 22 ] [Time elapsed: 207 minute(s) 0 seconds, Emulation time: 4.31724 ms]
Data transfer between kernel(s) and global memory(s)
q4_layer_ctrl:m_axi_scales-HBM[6]          RD = 0.422 KB               WR = 0.000 KB        
q4_layer_ctrl:m_axi_weight0a-HBM[8]          RD = 17655.500 KB           WR = 0.000 KB        
q4_layer_ctrl:m_axi_weight0b-HBM[9]          RD = 17655.500 KB           WR = 0.000 KB        
q4_layer_ctrl:m_axi_weight1a-HBM[10]          RD = 17655.500 KB           WR = 0.000 KB        
q4_layer_ctrl:m_axi_weight1b-HBM[11]          RD = 17655.500 KB           WR = 0.000 KB        
q4_layer_ctrl:m_axi_weight2a-HBM[12]          RD = 16695.500 KB           WR = 0.000 KB        
q4_layer_ctrl:m_axi_weight2b-HBM[13]          RD = 16695.500 KB           WR = 0.000 KB        
q4_layer_ctrl:m_axi_weight3a-HBM[14]          RD = 16695.500 KB           WR = 0.000 KB        
q4_layer_ctrl:m_axi_weight3b-HBM[15]          RD = 16695.500 KB           WR = 0.000 KB        
q4_layer_ctrl:m_axi_hidden_in-HBM[0]          RD = 128.000 KB             WR = 0.000 KB        
q4_layer_ctrl:m_axi_hidden_out-HBM[1]          RD = 0.000 KB               WR = 96.000 KB       
q4_layer_ctrl:m_axi_kv_k-HBM[2]          RD = 40.000 KB              WR = 16.000 KB       
q4_layer_ctrl:m_axi_kv_v-HBM[3]          RD = 40.000 KB              WR = 16.000 KB       
q4_layer_ctrl:m_axi_norm-HBM[4]          RD = 32.000 KB              WR = 0.000 KB        
q4_layer_ctrl:m_axi_rope-HBM[5]          RD = 128.000 KB             WR = 0.000 KB        

Data transfer on stream interfaces
q4_layer_ctrl:activation_stream0-->PIPE               2215.508 KB     
q4_layer_ctrl:activation_stream1-->PIPE               2215.508 KB     
PIPE-->q4_layer_ctrl:out_stream0               1328.250 KB     
q4_layer_ctrl:activation_stream2-->PIPE               2095.508 KB     
PIPE-->q4_layer_ctrl:out_stream1               1328.250 KB     
PIPE-->q4_layer_ctrl:out_stream2               1275.750 KB     
PIPE-->q4_layer_ctrl:out_stream3               1275.750 KB     
q4_layer_ctrl:task_stream0-->PIPE               4.281 KB        
q4_layer_ctrl:task_stream1-->PIPE               4.281 KB        
q4_layer_ctrl:task_stream2-->PIPE               4.047 KB        
q4_layer_ctrl:task_stream3-->PIPE               4.047 KB        
q4_layer_ctrl:vector_stream0a-->PIPE               404.625 KB      
q4_layer_ctrl:vector_stream0b-->PIPE               352.625 KB      
q4_layer_ctrl:vector_stream1a-->PIPE               404.625 KB      
q4_layer_ctrl:activation_stream3-->PIPE               2095.508 KB     
q4_layer_ctrl:vector_stream1b-->PIPE               352.625 KB      
q4_layer_ctrl:vector_stream2a-->PIPE               404.625 KB      

INFO::[ Vitis-EM 22 ] [Time elapsed: 207 minute(s) 18 seconds, Emulation time: 4.32026 ms]
Data transfer between kernel(s) and global memory(s)
q4_layer_ctrl:m_axi_scales-HBM[6]          RD = 0.422 KB               WR = 0.000 KB        
q4_layer_ctrl:m_axi_weight0a-HBM[8]          RD = 17683.500 KB           WR = 0.000 KB        
q4_layer_ctrl:m_axi_weight0b-HBM[9]          RD = 17683.500 KB           WR = 0.000 KB        
q4_layer_ctrl:m_axi_weight1a-HBM[10]          RD = 17683.500 KB           WR = 0.000 KB        
q4_layer_ctrl:m_axi_weight1b-HBM[11]          RD = 17683.500 KB           WR = 0.000 KB        
q4_layer_ctrl:m_axi_weight2a-HBM[12]          RD = 16723.500 KB           WR = 0.000 KB        
q4_layer_ctrl:m_axi_weight2b-HBM[13]          RD = 16723.500 KB           WR = 0.000 KB        
q4_layer_ctrl:m_axi_weight3a-HBM[14]          RD = 16723.500 KB           WR = 0.000 KB        
q4_layer_ctrl:m_axi_weight3b-HBM[15]          RD = 16723.500 KB           WR = 0.000 KB        
q4_layer_ctrl:m_axi_hidden_in-HBM[0]          RD = 128.000 KB             WR = 0.000 KB        
q4_layer_ctrl:m_axi_hidden_out-HBM[1]          RD = 0.000 KB               WR = 96.000 KB       
q4_layer_ctrl:m_axi_kv_k-HBM[2]          RD = 40.000 KB              WR = 16.000 KB       
q4_layer_ctrl:m_axi_kv_v-HBM[3]          RD = 40.000 KB              WR = 16.000 KB       
q4_layer_ctrl:m_axi_norm-HBM[4]          RD = 32.000 KB              WR = 0.000 KB        
q4_layer_ctrl:m_axi_rope-HBM[5]          RD = 128.000 KB             WR = 0.000 KB        

Data transfer on stream interfaces
q4_layer_ctrl:activation_stream0-->PIPE               2219.039 KB     
q4_layer_ctrl:activation_stream1-->PIPE               2219.039 KB     
PIPE-->q4_layer_ctrl:out_stream0               1328.250 KB     
q4_layer_ctrl:activation_stream2-->PIPE               2099.039 KB     
PIPE-->q4_layer_ctrl:out_stream1               1328.250 KB     
PIPE-->q4_layer_ctrl:out_stream2               1275.750 KB     
PIPE-->q4_layer_ctrl:out_stream3               1275.750 KB     
q4_layer_ctrl:task_stream0-->PIPE               4.281 KB        
q4_layer_ctrl:task_stream1-->PIPE               4.281 KB        
q4_layer_ctrl:task_stream2-->PIPE               4.047 KB        
q4_layer_ctrl:task_stream3-->PIPE               4.047 KB        
q4_layer_ctrl:vector_stream0a-->PIPE               404.625 KB      
q4_layer_ctrl:vector_stream0b-->PIPE               352.625 KB      
q4_layer_ctrl:vector_stream1a-->PIPE               404.625 KB      
q4_layer_ctrl:activation_stream3-->PIPE               2099.039 KB     
q4_layer_ctrl:vector_stream1b-->PIPE               352.625 KB      
q4_layer_ctrl:vector_stream2a-->PIPE               404.625 KB      

INFO::[ Vitis-EM 22 ] [Time elapsed: 207 minute(s) 39 seconds, Emulation time: 4.32428 ms]
Data transfer between kernel(s) and global memory(s)
q4_layer_ctrl:m_axi_scales-HBM[6]          RD = 0.422 KB               WR = 0.000 KB        
q4_layer_ctrl:m_axi_weight0a-HBM[8]          RD = 17718.000 KB           WR = 0.000 KB        
q4_layer_ctrl:m_axi_weight0b-HBM[9]          RD = 17718.000 KB           WR = 0.000 KB        
q4_layer_ctrl:m_axi_weight1a-HBM[10]          RD = 17718.000 KB           WR = 0.000 KB        
q4_layer_ctrl:m_axi_weight1b-HBM[11]          RD = 17718.000 KB           WR = 0.000 KB        
q4_layer_ctrl:m_axi_weight2a-HBM[12]          RD = 16758.000 KB           WR = 0.000 KB        
q4_layer_ctrl:m_axi_weight2b-HBM[13]          RD = 16758.000 KB           WR = 0.000 KB        
q4_layer_ctrl:m_axi_weight3a-HBM[14]          RD = 16758.000 KB           WR = 0.000 KB        
q4_layer_ctrl:m_axi_weight3b-HBM[15]          RD = 16758.000 KB           WR = 0.000 KB        
q4_layer_ctrl:m_axi_hidden_in-HBM[0]          RD = 128.000 KB             WR = 0.000 KB        
q4_layer_ctrl:m_axi_hidden_out-HBM[1]          RD = 0.000 KB               WR = 96.000 KB       
q4_layer_ctrl:m_axi_kv_k-HBM[2]          RD = 40.000 KB              WR = 16.000 KB       
q4_layer_ctrl:m_axi_kv_v-HBM[3]          RD = 40.000 KB              WR = 16.000 KB       
q4_layer_ctrl:m_axi_norm-HBM[4]          RD = 32.000 KB              WR = 0.000 KB        
q4_layer_ctrl:m_axi_rope-HBM[5]          RD = 128.000 KB             WR = 0.000 KB        

Data transfer on stream interfaces
q4_layer_ctrl:activation_stream0-->PIPE               2223.297 KB     
q4_layer_ctrl:activation_stream1-->PIPE               2223.297 KB     
PIPE-->q4_layer_ctrl:out_stream0               1331.750 KB     
q4_layer_ctrl:activation_stream2-->PIPE               2103.297 KB     
PIPE-->q4_layer_ctrl:out_stream1               1331.750 KB     
PIPE-->q4_layer_ctrl:out_stream2               1279.250 KB     
PIPE-->q4_layer_ctrl:out_stream3               1279.250 KB     
q4_layer_ctrl:task_stream0-->PIPE               4.297 KB        
q4_layer_ctrl:task_stream1-->PIPE               4.297 KB        
q4_layer_ctrl:task_stream2-->PIPE               4.062 KB        
q4_layer_ctrl:task_stream3-->PIPE               4.062 KB        
q4_layer_ctrl:vector_stream0a-->PIPE               404.625 KB      
q4_layer_ctrl:vector_stream0b-->PIPE               352.625 KB      
q4_layer_ctrl:vector_stream1a-->PIPE               404.625 KB      
q4_layer_ctrl:activation_stream3-->PIPE               2103.297 KB     
q4_layer_ctrl:vector_stream1b-->PIPE               352.625 KB      
q4_layer_ctrl:vector_stream2a-->PIPE               404.625 KB      

INFO::[ Vitis-EM 22 ] [Time elapsed: 208 minute(s) 23 seconds, Emulation time: 4.33231 ms]
Data transfer between kernel(s) and global memory(s)
q4_layer_ctrl:m_axi_scales-HBM[6]          RD = 0.422 KB               WR = 0.000 KB        
q4_layer_ctrl:m_axi_weight0a-HBM[8]          RD = 17789.500 KB           WR = 0.000 KB        
q4_layer_ctrl:m_axi_weight0b-HBM[9]          RD = 17789.500 KB           WR = 0.000 KB        
q4_layer_ctrl:m_axi_weight1a-HBM[10]          RD = 17789.500 KB           WR = 0.000 KB        
q4_layer_ctrl:m_axi_weight1b-HBM[11]          RD = 17789.500 KB           WR = 0.000 KB        
q4_layer_ctrl:m_axi_weight2a-HBM[12]          RD = 16829.500 KB           WR = 0.000 KB        
q4_layer_ctrl:m_axi_weight2b-HBM[13]          RD = 16829.500 KB           WR = 0.000 KB        
q4_layer_ctrl:m_axi_weight3a-HBM[14]          RD = 16829.500 KB           WR = 0.000 KB        
q4_layer_ctrl:m_axi_weight3b-HBM[15]          RD = 16829.500 KB           WR = 0.000 KB        
q4_layer_ctrl:m_axi_hidden_in-HBM[0]          RD = 128.000 KB             WR = 0.000 KB        
q4_layer_ctrl:m_axi_hidden_out-HBM[1]          RD = 0.000 KB               WR = 96.000 KB       
q4_layer_ctrl:m_axi_kv_k-HBM[2]          RD = 40.000 KB              WR = 16.000 KB       
q4_layer_ctrl:m_axi_kv_v-HBM[3]          RD = 40.000 KB              WR = 16.000 KB       
q4_layer_ctrl:m_axi_norm-HBM[4]          RD = 32.000 KB              WR = 0.000 KB        
q4_layer_ctrl:m_axi_rope-HBM[5]          RD = 128.000 KB             WR = 0.000 KB        

Data transfer on stream interfaces
q4_layer_ctrl:activation_stream0-->PIPE               2232.266 KB     
q4_layer_ctrl:activation_stream1-->PIPE               2232.266 KB     
PIPE-->q4_layer_ctrl:out_stream0               1335.250 KB     
q4_layer_ctrl:activation_stream2-->PIPE               2112.266 KB     
PIPE-->q4_layer_ctrl:out_stream1               1335.250 KB     
PIPE-->q4_layer_ctrl:out_stream2               1282.750 KB     
PIPE-->q4_layer_ctrl:out_stream3               1282.750 KB     
q4_layer_ctrl:task_stream0-->PIPE               4.312 KB        
q4_layer_ctrl:task_stream1-->PIPE               4.312 KB        
q4_layer_ctrl:task_stream2-->PIPE               4.078 KB        
q4_layer_ctrl:task_stream3-->PIPE               4.078 KB        
q4_layer_ctrl:vector_stream0a-->PIPE               404.625 KB      
q4_layer_ctrl:vector_stream0b-->PIPE               352.625 KB      
q4_layer_ctrl:vector_stream1a-->PIPE               404.625 KB      
q4_layer_ctrl:activation_stream3-->PIPE               2112.266 KB     
q4_layer_ctrl:vector_stream1b-->PIPE               352.625 KB      
q4_layer_ctrl:vector_stream2a-->PIPE               404.625 KB      

INFO::[ Vitis-EM 22 ] [Time elapsed: 209 minute(s) 55 seconds, Emulation time: 4.3565 ms]
Data transfer between kernel(s) and global memory(s)
q4_layer_ctrl:m_axi_scales-HBM[6]          RD = 0.422 KB               WR = 0.000 KB        
q4_layer_ctrl:m_axi_weight0a-HBM[8]          RD = 17952.000 KB           WR = 0.000 KB        
q4_layer_ctrl:m_axi_weight0b-HBM[9]          RD = 17952.000 KB           WR = 0.000 KB        
q4_layer_ctrl:m_axi_weight1a-HBM[10]          RD = 17952.000 KB           WR = 0.000 KB        
q4_layer_ctrl:m_axi_weight1b-HBM[11]          RD = 17952.000 KB           WR = 0.000 KB        
q4_layer_ctrl:m_axi_weight2a-HBM[12]          RD = 16928.000 KB           WR = 0.000 KB        
q4_layer_ctrl:m_axi_weight2b-HBM[13]          RD = 16928.000 KB           WR = 0.000 KB        
q4_layer_ctrl:m_axi_weight3a-HBM[14]          RD = 16928.000 KB           WR = 0.000 KB        
q4_layer_ctrl:m_axi_weight3b-HBM[15]          RD = 16928.000 KB           WR = 0.000 KB        
q4_layer_ctrl:m_axi_hidden_in-HBM[0]          RD = 128.000 KB             WR = 0.000 KB        
q4_layer_ctrl:m_axi_hidden_out-HBM[1]          RD = 0.000 KB               WR = 96.000 KB       
q4_layer_ctrl:m_axi_kv_k-HBM[2]          RD = 40.000 KB              WR = 16.000 KB       
q4_layer_ctrl:m_axi_kv_v-HBM[3]          RD = 40.000 KB              WR = 16.000 KB       
q4_layer_ctrl:m_axi_norm-HBM[4]          RD = 32.000 KB              WR = 0.000 KB        
q4_layer_ctrl:m_axi_rope-HBM[5]          RD = 128.000 KB             WR = 0.000 KB        

Data transfer on stream interfaces
q4_layer_ctrl:activation_stream0-->PIPE               2253.250 KB     
q4_layer_ctrl:activation_stream1-->PIPE               2253.250 KB     
PIPE-->q4_layer_ctrl:out_stream0               1345.750 KB     
q4_layer_ctrl:activation_stream2-->PIPE               2125.250 KB     
PIPE-->q4_layer_ctrl:out_stream1               1345.750 KB     
PIPE-->q4_layer_ctrl:out_stream2               1289.750 KB     
PIPE-->q4_layer_ctrl:out_stream3               1289.750 KB     
q4_layer_ctrl:task_stream0-->PIPE               4.344 KB        
q4_layer_ctrl:task_stream1-->PIPE               4.344 KB        
q4_layer_ctrl:task_stream2-->PIPE               4.094 KB        
q4_layer_ctrl:task_stream3-->PIPE               4.094 KB        
q4_layer_ctrl:vector_stream0a-->PIPE               404.625 KB      
q4_layer_ctrl:vector_stream0b-->PIPE               352.625 KB      
q4_layer_ctrl:vector_stream1a-->PIPE               404.625 KB      
q4_layer_ctrl:activation_stream3-->PIPE               2125.250 KB     
q4_layer_ctrl:vector_stream1b-->PIPE               352.625 KB      
q4_layer_ctrl:vector_stream2a-->PIPE               404.625 KB      

INFO::[ Vitis-EM 22 ] [Time elapsed: 210 minute(s) 5 seconds, Emulation time: 4.36672 ms]
Data transfer between kernel(s) and global memory(s)
q4_layer_ctrl:m_axi_scales-HBM[6]          RD = 0.422 KB               WR = 0.000 KB        
q4_layer_ctrl:m_axi_weight0a-HBM[8]          RD = 17952.000 KB           WR = 0.000 KB        
q4_layer_ctrl:m_axi_weight0b-HBM[9]          RD = 17952.000 KB           WR = 0.000 KB        
q4_layer_ctrl:m_axi_weight1a-HBM[10]          RD = 17952.000 KB           WR = 0.000 KB        
q4_layer_ctrl:m_axi_weight1b-HBM[11]          RD = 17952.000 KB           WR = 0.000 KB        
q4_layer_ctrl:m_axi_weight2a-HBM[12]          RD = 16928.000 KB           WR = 0.000 KB        
q4_layer_ctrl:m_axi_weight2b-HBM[13]          RD = 16928.000 KB           WR = 0.000 KB        
q4_layer_ctrl:m_axi_weight3a-HBM[14]          RD = 16928.000 KB           WR = 0.000 KB        
q4_layer_ctrl:m_axi_weight3b-HBM[15]          RD = 16928.000 KB           WR = 0.000 KB        
q4_layer_ctrl:m_axi_hidden_in-HBM[0]          RD = 128.000 KB             WR = 0.000 KB        
q4_layer_ctrl:m_axi_hidden_out-HBM[1]          RD = 0.000 KB               WR = 96.000 KB       
q4_layer_ctrl:m_axi_kv_k-HBM[2]          RD = 40.000 KB              WR = 16.000 KB       
q4_layer_ctrl:m_axi_kv_v-HBM[3]          RD = 40.000 KB              WR = 16.000 KB       
q4_layer_ctrl:m_axi_norm-HBM[4]          RD = 32.000 KB              WR = 0.000 KB        
q4_layer_ctrl:m_axi_rope-HBM[5]          RD = 128.000 KB             WR = 0.000 KB        

Data transfer on stream interfaces
q4_layer_ctrl:activation_stream0-->PIPE               2253.250 KB     
q4_layer_ctrl:activation_stream1-->PIPE               2253.250 KB     
PIPE-->q4_layer_ctrl:out_stream0               1345.750 KB     
q4_layer_ctrl:activation_stream2-->PIPE               2125.250 KB     
PIPE-->q4_layer_ctrl:out_stream1               1345.750 KB     
PIPE-->q4_layer_ctrl:out_stream2               1289.750 KB     
PIPE-->q4_layer_ctrl:out_stream3               1289.750 KB     
q4_layer_ctrl:task_stream0-->PIPE               4.344 KB        
q4_layer_ctrl:task_stream1-->PIPE               4.344 KB        
q4_layer_ctrl:task_stream2-->PIPE               4.094 KB        
q4_layer_ctrl:task_stream3-->PIPE               4.094 KB        
q4_layer_ctrl:vector_stream0a-->PIPE               404.625 KB      
q4_layer_ctrl:vector_stream0b-->PIPE               352.625 KB      
q4_layer_ctrl:vector_stream1a-->PIPE               404.625 KB      
q4_layer_ctrl:activation_stream3-->PIPE               2125.250 KB     
q4_layer_ctrl:vector_stream1b-->PIPE               352.625 KB      
q4_layer_ctrl:vector_stream2a-->PIPE               404.625 KB      

INFO::[ Vitis-EM 22 ] [Time elapsed: 212 minute(s) 31 seconds, Emulation time: 4.47227 ms]
Data transfer between kernel(s) and global memory(s)
q4_layer_ctrl:m_axi_scales-HBM[6]          RD = 0.438 KB               WR = 0.000 KB        
q4_layer_ctrl:m_axi_weight0a-HBM[8]          RD = 18018.500 KB           WR = 0.000 KB        
q4_layer_ctrl:m_axi_weight0b-HBM[9]          RD = 18018.500 KB           WR = 0.000 KB        
q4_layer_ctrl:m_axi_weight1a-HBM[10]          RD = 18018.500 KB           WR = 0.000 KB        
q4_layer_ctrl:m_axi_weight1b-HBM[11]          RD = 18018.500 KB           WR = 0.000 KB        
q4_layer_ctrl:m_axi_weight2a-HBM[12]          RD = 16994.500 KB           WR = 0.000 KB        
q4_layer_ctrl:m_axi_weight2b-HBM[13]          RD = 16994.500 KB           WR = 0.000 KB        
q4_layer_ctrl:m_axi_weight3a-HBM[14]          RD = 16994.500 KB           WR = 0.000 KB        
q4_layer_ctrl:m_axi_weight3b-HBM[15]          RD = 16994.500 KB           WR = 0.000 KB        
q4_layer_ctrl:m_axi_hidden_in-HBM[0]          RD = 128.000 KB             WR = 0.000 KB        
q4_layer_ctrl:m_axi_hidden_out-HBM[1]          RD = 0.000 KB               WR = 96.000 KB       
q4_layer_ctrl:m_axi_kv_k-HBM[2]          RD = 40.000 KB              WR = 16.000 KB       
q4_layer_ctrl:m_axi_kv_v-HBM[3]          RD = 40.000 KB              WR = 16.000 KB       
q4_layer_ctrl:m_axi_norm-HBM[4]          RD = 32.000 KB              WR = 0.000 KB        
q4_layer_ctrl:m_axi_rope-HBM[5]          RD = 128.000 KB             WR = 0.000 KB        

Data transfer on stream interfaces
q4_layer_ctrl:activation_stream0-->PIPE               2261.074 KB     
q4_layer_ctrl:activation_stream1-->PIPE               2261.074 KB     
PIPE-->q4_layer_ctrl:out_stream0               1421.000 KB     
q4_layer_ctrl:activation_stream2-->PIPE               2133.074 KB     
PIPE-->q4_layer_ctrl:out_stream1               1421.000 KB     
PIPE-->q4_layer_ctrl:out_stream2               1365.000 KB     
PIPE-->q4_layer_ctrl:out_stream3               1365.000 KB     
q4_layer_ctrl:task_stream0-->PIPE               4.375 KB        
q4_layer_ctrl:task_stream1-->PIPE               4.375 KB        
q4_layer_ctrl:task_stream2-->PIPE               4.125 KB        
q4_layer_ctrl:task_stream3-->PIPE               4.125 KB        
q4_layer_ctrl:vector_stream0a-->PIPE               474.500 KB      
q4_layer_ctrl:vector_stream0b-->PIPE               422.500 KB      
q4_layer_ctrl:vector_stream1a-->PIPE               474.500 KB      
q4_layer_ctrl:activation_stream3-->PIPE               2133.074 KB     
q4_layer_ctrl:vector_stream1b-->PIPE               422.500 KB      
q4_layer_ctrl:vector_stream2a-->PIPE               474.500 KB      

INFO::[ Vitis-EM 22 ] [Time elapsed: 215 minute(s) 9 seconds, Emulation time: 4.5054 ms]
Data transfer between kernel(s) and global memory(s)
q4_layer_ctrl:m_axi_scales-HBM[6]          RD = 0.438 KB               WR = 0.000 KB        
q4_layer_ctrl:m_axi_weight0a-HBM[8]          RD = 18326.500 KB           WR = 0.000 KB        
q4_layer_ctrl:m_axi_weight0b-HBM[9]          RD = 18326.500 KB           WR = 0.000 KB        
q4_layer_ctrl:m_axi_weight1a-HBM[10]          RD = 18326.500 KB           WR = 0.000 KB        
q4_layer_ctrl:m_axi_weight1b-HBM[11]          RD = 18326.500 KB           WR = 0.000 KB        
q4_layer_ctrl:m_axi_weight2a-HBM[12]          RD = 17302.500 KB           WR = 0.000 KB        
q4_layer_ctrl:m_axi_weight2b-HBM[13]          RD = 17302.500 KB           WR = 0.000 KB        
q4_layer_ctrl:m_axi_weight3a-HBM[14]          RD = 17302.500 KB           WR = 0.000 KB        
q4_layer_ctrl:m_axi_weight3b-HBM[15]          RD = 17302.500 KB           WR = 0.000 KB        
q4_layer_ctrl:m_axi_hidden_in-HBM[0]          RD = 128.000 KB             WR = 0.000 KB        
q4_layer_ctrl:m_axi_hidden_out-HBM[1]          RD = 0.000 KB               WR = 96.000 KB       
q4_layer_ctrl:m_axi_kv_k-HBM[2]          RD = 40.000 KB              WR = 16.000 KB       
q4_layer_ctrl:m_axi_kv_v-HBM[3]          RD = 40.000 KB              WR = 16.000 KB       
q4_layer_ctrl:m_axi_norm-HBM[4]          RD = 32.000 KB              WR = 0.000 KB        
q4_layer_ctrl:m_axi_rope-HBM[5]          RD = 128.000 KB             WR = 0.000 KB        

Data transfer on stream interfaces
q4_layer_ctrl:activation_stream0-->PIPE               2299.602 KB     
q4_layer_ctrl:activation_stream1-->PIPE               2299.602 KB     
PIPE-->q4_layer_ctrl:out_stream0               1424.500 KB     
q4_layer_ctrl:activation_stream2-->PIPE               2171.602 KB     
PIPE-->q4_layer_ctrl:out_stream1               1424.500 KB     
PIPE-->q4_layer_ctrl:out_stream2               1368.500 KB     
PIPE-->q4_layer_ctrl:out_stream3               1368.500 KB     
q4_layer_ctrl:task_stream0-->PIPE               4.391 KB        
q4_layer_ctrl:task_stream1-->PIPE               4.391 KB        
q4_layer_ctrl:task_stream2-->PIPE               4.141 KB        
q4_layer_ctrl:task_stream3-->PIPE               4.141 KB        
q4_layer_ctrl:vector_stream0a-->PIPE               474.500 KB      
q4_layer_ctrl:vector_stream0b-->PIPE               422.500 KB      
q4_layer_ctrl:vector_stream1a-->PIPE               474.500 KB      
q4_layer_ctrl:activation_stream3-->PIPE               2171.602 KB     
q4_layer_ctrl:vector_stream1b-->PIPE               422.500 KB      
q4_layer_ctrl:vector_stream2a-->PIPE               474.500 KB      

INFO::[ Vitis-EM 22 ] [Time elapsed: 216 minute(s) 16 seconds, Emulation time: 4.51945 ms]
Data transfer between kernel(s) and global memory(s)
q4_layer_ctrl:m_axi_scales-HBM[6]          RD = 0.438 KB               WR = 0.000 KB        
q4_layer_ctrl:m_axi_weight0a-HBM[8]          RD = 18458.500 KB           WR = 0.000 KB        
q4_layer_ctrl:m_axi_weight0b-HBM[9]          RD = 18458.500 KB           WR = 0.000 KB        
q4_layer_ctrl:m_axi_weight1a-HBM[10]          RD = 18458.500 KB           WR = 0.000 KB        
q4_layer_ctrl:m_axi_weight1b-HBM[11]          RD = 18458.500 KB           WR = 0.000 KB        
q4_layer_ctrl:m_axi_weight2a-HBM[12]          RD = 17434.500 KB           WR = 0.000 KB        
q4_layer_ctrl:m_axi_weight2b-HBM[13]          RD = 17434.500 KB           WR = 0.000 KB        
q4_layer_ctrl:m_axi_weight3a-HBM[14]          RD = 17434.500 KB           WR = 0.000 KB        
q4_layer_ctrl:m_axi_weight3b-HBM[15]          RD = 17434.500 KB           WR = 0.000 KB        
q4_layer_ctrl:m_axi_hidden_in-HBM[0]          RD = 128.000 KB             WR = 0.000 KB        
q4_layer_ctrl:m_axi_hidden_out-HBM[1]          RD = 0.000 KB               WR = 96.000 KB       
q4_layer_ctrl:m_axi_kv_k-HBM[2]          RD = 40.000 KB              WR = 16.000 KB       
q4_layer_ctrl:m_axi_kv_v-HBM[3]          RD = 40.000 KB              WR = 16.000 KB       
q4_layer_ctrl:m_axi_norm-HBM[4]          RD = 32.000 KB              WR = 0.000 KB        
q4_layer_ctrl:m_axi_rope-HBM[5]          RD = 128.000 KB             WR = 0.000 KB        

Data transfer on stream interfaces
q4_layer_ctrl:activation_stream0-->PIPE               2316.066 KB     
q4_layer_ctrl:activation_stream1-->PIPE               2316.066 KB     
PIPE-->q4_layer_ctrl:out_stream0               1424.500 KB     
q4_layer_ctrl:activation_stream2-->PIPE               2188.066 KB     
PIPE-->q4_layer_ctrl:out_stream1               1424.500 KB     
PIPE-->q4_layer_ctrl:out_stream2               1368.500 KB     
PIPE-->q4_layer_ctrl:out_stream3               1368.500 KB     
q4_layer_ctrl:task_stream0-->PIPE               4.391 KB        
q4_layer_ctrl:task_stream1-->PIPE               4.391 KB        
q4_layer_ctrl:task_stream2-->PIPE               4.141 KB        
q4_layer_ctrl:task_stream3-->PIPE               4.141 KB        
q4_layer_ctrl:vector_stream0a-->PIPE               474.500 KB      
q4_layer_ctrl:vector_stream0b-->PIPE               422.500 KB      
q4_layer_ctrl:vector_stream1a-->PIPE               474.500 KB      
q4_layer_ctrl:activation_stream3-->PIPE               2188.066 KB     
q4_layer_ctrl:vector_stream1b-->PIPE               422.500 KB      
q4_layer_ctrl:vector_stream2a-->PIPE               474.500 KB      

INFO::[ Vitis-EM 22 ] [Time elapsed: 216 minute(s) 41 seconds, Emulation time: 4.52447 ms]
Data transfer between kernel(s) and global memory(s)
q4_layer_ctrl:m_axi_scales-HBM[6]          RD = 0.438 KB               WR = 0.000 KB        
q4_layer_ctrl:m_axi_weight0a-HBM[8]          RD = 18505.500 KB           WR = 0.000 KB        
q4_layer_ctrl:m_axi_weight0b-HBM[9]          RD = 18505.500 KB           WR = 0.000 KB        
q4_layer_ctrl:m_axi_weight1a-HBM[10]          RD = 18505.500 KB           WR = 0.000 KB        
q4_layer_ctrl:m_axi_weight1b-HBM[11]          RD = 18505.500 KB           WR = 0.000 KB        
q4_layer_ctrl:m_axi_weight2a-HBM[12]          RD = 17481.500 KB           WR = 0.000 KB        
q4_layer_ctrl:m_axi_weight2b-HBM[13]          RD = 17481.500 KB           WR = 0.000 KB        
q4_layer_ctrl:m_axi_weight3a-HBM[14]          RD = 17481.500 KB           WR = 0.000 KB        
q4_layer_ctrl:m_axi_weight3b-HBM[15]          RD = 17481.500 KB           WR = 0.000 KB        
q4_layer_ctrl:m_axi_hidden_in-HBM[0]          RD = 128.000 KB             WR = 0.000 KB        
q4_layer_ctrl:m_axi_hidden_out-HBM[1]          RD = 0.000 KB               WR = 96.000 KB       
q4_layer_ctrl:m_axi_kv_k-HBM[2]          RD = 40.000 KB              WR = 16.000 KB       
q4_layer_ctrl:m_axi_kv_v-HBM[3]          RD = 40.000 KB              WR = 16.000 KB       
q4_layer_ctrl:m_axi_norm-HBM[4]          RD = 32.000 KB              WR = 0.000 KB        
q4_layer_ctrl:m_axi_rope-HBM[5]          RD = 128.000 KB             WR = 0.000 KB        

Data transfer on stream interfaces
q4_layer_ctrl:activation_stream0-->PIPE               2321.949 KB     
q4_layer_ctrl:activation_stream1-->PIPE               2321.949 KB     
PIPE-->q4_layer_ctrl:out_stream0               1424.500 KB     
q4_layer_ctrl:activation_stream2-->PIPE               2193.949 KB     
PIPE-->q4_layer_ctrl:out_stream1               1424.500 KB     
PIPE-->q4_layer_ctrl:out_stream2               1368.500 KB     
PIPE-->q4_layer_ctrl:out_stream3               1368.500 KB     
q4_layer_ctrl:task_stream0-->PIPE               4.391 KB        
q4_layer_ctrl:task_stream1-->PIPE               4.391 KB        
q4_layer_ctrl:task_stream2-->PIPE               4.141 KB        
q4_layer_ctrl:task_stream3-->PIPE               4.141 KB        
q4_layer_ctrl:vector_stream0a-->PIPE               474.500 KB      
q4_layer_ctrl:vector_stream0b-->PIPE               422.500 KB      
q4_layer_ctrl:vector_stream1a-->PIPE               474.500 KB      
q4_layer_ctrl:activation_stream3-->PIPE               2193.949 KB     
q4_layer_ctrl:vector_stream1b-->PIPE               422.500 KB      
q4_layer_ctrl:vector_stream2a-->PIPE               474.500 KB      

INFO::[ Vitis-EM 22 ] [Time elapsed: 217 minute(s) 52 seconds, Emulation time: 4.53953 ms]
Data transfer between kernel(s) and global memory(s)
q4_layer_ctrl:m_axi_scales-HBM[6]          RD = 0.438 KB               WR = 0.000 KB        
q4_layer_ctrl:m_axi_weight0a-HBM[8]          RD = 18644.000 KB           WR = 0.000 KB        
q4_layer_ctrl:m_axi_weight0b-HBM[9]          RD = 18644.000 KB           WR = 0.000 KB        
q4_layer_ctrl:m_axi_weight1a-HBM[10]          RD = 18644.000 KB           WR = 0.000 KB        
q4_layer_ctrl:m_axi_weight1b-HBM[11]          RD = 18644.000 KB           WR = 0.000 KB        
q4_layer_ctrl:m_axi_weight2a-HBM[12]          RD = 17620.000 KB           WR = 0.000 KB        
q4_layer_ctrl:m_axi_weight2b-HBM[13]          RD = 17620.000 KB           WR = 0.000 KB        
q4_layer_ctrl:m_axi_weight3a-HBM[14]          RD = 17620.000 KB           WR = 0.000 KB        
q4_layer_ctrl:m_axi_weight3b-HBM[15]          RD = 17620.000 KB           WR = 0.000 KB        
q4_layer_ctrl:m_axi_hidden_in-HBM[0]          RD = 128.000 KB             WR = 0.000 KB        
q4_layer_ctrl:m_axi_hidden_out-HBM[1]          RD = 0.000 KB               WR = 96.000 KB       
q4_layer_ctrl:m_axi_kv_k-HBM[2]          RD = 40.000 KB              WR = 16.000 KB       
q4_layer_ctrl:m_axi_kv_v-HBM[3]          RD = 40.000 KB              WR = 16.000 KB       
q4_layer_ctrl:m_axi_norm-HBM[4]          RD = 32.000 KB              WR = 0.000 KB        
q4_layer_ctrl:m_axi_rope-HBM[5]          RD = 128.000 KB             WR = 0.000 KB        

Data transfer on stream interfaces
q4_layer_ctrl:activation_stream0-->PIPE               2339.309 KB     
q4_layer_ctrl:activation_stream1-->PIPE               2339.309 KB     
PIPE-->q4_layer_ctrl:out_stream0               1425.703 KB     
q4_layer_ctrl:activation_stream2-->PIPE               2211.309 KB     
PIPE-->q4_layer_ctrl:out_stream1               1425.703 KB     
PIPE-->q4_layer_ctrl:out_stream2               1369.703 KB     
PIPE-->q4_layer_ctrl:out_stream3               1369.703 KB     
q4_layer_ctrl:task_stream0-->PIPE               4.406 KB        
q4_layer_ctrl:task_stream1-->PIPE               4.406 KB        
q4_layer_ctrl:task_stream2-->PIPE               4.156 KB        
q4_layer_ctrl:task_stream3-->PIPE               4.156 KB        
q4_layer_ctrl:vector_stream0a-->PIPE               474.500 KB      
q4_layer_ctrl:vector_stream0b-->PIPE               422.500 KB      
q4_layer_ctrl:vector_stream1a-->PIPE               474.500 KB      
q4_layer_ctrl:activation_stream3-->PIPE               2211.309 KB     
q4_layer_ctrl:vector_stream1b-->PIPE               422.500 KB      
q4_layer_ctrl:vector_stream2a-->PIPE               474.500 KB      

INFO::[ Vitis-EM 22 ] [Time elapsed: 218 minute(s) 11 seconds, Emulation time: 4.54356 ms]
Data transfer between kernel(s) and global memory(s)
q4_layer_ctrl:m_axi_scales-HBM[6]          RD = 0.438 KB               WR = 0.000 KB        
q4_layer_ctrl:m_axi_weight0a-HBM[8]          RD = 18682.000 KB           WR = 0.000 KB        
q4_layer_ctrl:m_axi_weight0b-HBM[9]          RD = 18682.000 KB           WR = 0.000 KB        
q4_layer_ctrl:m_axi_weight1a-HBM[10]          RD = 18682.000 KB           WR = 0.000 KB        
q4_layer_ctrl:m_axi_weight1b-HBM[11]          RD = 18682.000 KB           WR = 0.000 KB        
q4_layer_ctrl:m_axi_weight2a-HBM[12]          RD = 17658.000 KB           WR = 0.000 KB        
q4_layer_ctrl:m_axi_weight2b-HBM[13]          RD = 17658.000 KB           WR = 0.000 KB        
q4_layer_ctrl:m_axi_weight3a-HBM[14]          RD = 17658.000 KB           WR = 0.000 KB        
q4_layer_ctrl:m_axi_weight3b-HBM[15]          RD = 17658.000 KB           WR = 0.000 KB        
q4_layer_ctrl:m_axi_hidden_in-HBM[0]          RD = 128.000 KB             WR = 0.000 KB        
q4_layer_ctrl:m_axi_hidden_out-HBM[1]          RD = 0.000 KB               WR = 96.000 KB       
q4_layer_ctrl:m_axi_kv_k-HBM[2]          RD = 40.000 KB              WR = 16.000 KB       
q4_layer_ctrl:m_axi_kv_v-HBM[3]          RD = 40.000 KB              WR = 16.000 KB       
q4_layer_ctrl:m_axi_norm-HBM[4]          RD = 32.000 KB              WR = 0.000 KB        
q4_layer_ctrl:m_axi_rope-HBM[5]          RD = 128.000 KB             WR = 0.000 KB        

Data transfer on stream interfaces
q4_layer_ctrl:activation_stream0-->PIPE               2344.027 KB     
q4_layer_ctrl:activation_stream1-->PIPE               2344.027 KB     
PIPE-->q4_layer_ctrl:out_stream0               1428.000 KB     
q4_layer_ctrl:activation_stream2-->PIPE               2216.027 KB     
PIPE-->q4_layer_ctrl:out_stream1               1428.000 KB     
PIPE-->q4_layer_ctrl:out_stream2               1372.000 KB     
PIPE-->q4_layer_ctrl:out_stream3               1372.000 KB     
q4_layer_ctrl:task_stream0-->PIPE               4.406 KB        
q4_layer_ctrl:task_stream1-->PIPE               4.406 KB        
q4_layer_ctrl:task_stream2-->PIPE               4.156 KB        
q4_layer_ctrl:task_stream3-->PIPE               4.156 KB        
q4_layer_ctrl:vector_stream0a-->PIPE               474.500 KB      
q4_layer_ctrl:vector_stream0b-->PIPE               422.500 KB      
q4_layer_ctrl:vector_stream1a-->PIPE               474.500 KB      
q4_layer_ctrl:activation_stream3-->PIPE               2216.027 KB     
q4_layer_ctrl:vector_stream1b-->PIPE               422.500 KB      
q4_layer_ctrl:vector_stream2a-->PIPE               474.500 KB      

INFO::[ Vitis-EM 22 ] [Time elapsed: 221 minute(s) 17 seconds, Emulation time: 4.58271 ms]
Data transfer between kernel(s) and global memory(s)
q4_layer_ctrl:m_axi_scales-HBM[6]          RD = 0.438 KB               WR = 0.000 KB        
q4_layer_ctrl:m_axi_weight0a-HBM[8]          RD = 19046.500 KB           WR = 0.000 KB        
q4_layer_ctrl:m_axi_weight0b-HBM[9]          RD = 19046.500 KB           WR = 0.000 KB        
q4_layer_ctrl:m_axi_weight1a-HBM[10]          RD = 19046.500 KB           WR = 0.000 KB        
q4_layer_ctrl:m_axi_weight1b-HBM[11]          RD = 19046.500 KB           WR = 0.000 KB        
q4_layer_ctrl:m_axi_weight2a-HBM[12]          RD = 18022.500 KB           WR = 0.000 KB        
q4_layer_ctrl:m_axi_weight2b-HBM[13]          RD = 18022.500 KB           WR = 0.000 KB        
q4_layer_ctrl:m_axi_weight3a-HBM[14]          RD = 18022.500 KB           WR = 0.000 KB        
q4_layer_ctrl:m_axi_weight3b-HBM[15]          RD = 18022.500 KB           WR = 0.000 KB        
q4_layer_ctrl:m_axi_hidden_in-HBM[0]          RD = 128.000 KB             WR = 0.000 KB        
q4_layer_ctrl:m_axi_hidden_out-HBM[1]          RD = 0.000 KB               WR = 96.000 KB       
q4_layer_ctrl:m_axi_kv_k-HBM[2]          RD = 40.000 KB              WR = 16.000 KB       
q4_layer_ctrl:m_axi_kv_v-HBM[3]          RD = 40.000 KB              WR = 16.000 KB       
q4_layer_ctrl:m_axi_norm-HBM[4]          RD = 32.000 KB              WR = 0.000 KB        
q4_layer_ctrl:m_axi_rope-HBM[5]          RD = 128.000 KB             WR = 0.000 KB        

Data transfer on stream interfaces
q4_layer_ctrl:activation_stream0-->PIPE               2389.609 KB     
q4_layer_ctrl:activation_stream1-->PIPE               2389.609 KB     
PIPE-->q4_layer_ctrl:out_stream0               1431.500 KB     
q4_layer_ctrl:activation_stream2-->PIPE               2261.609 KB     
PIPE-->q4_layer_ctrl:out_stream1               1431.500 KB     
PIPE-->q4_layer_ctrl:out_stream2               1375.500 KB     
PIPE-->q4_layer_ctrl:out_stream3               1375.500 KB     
q4_layer_ctrl:task_stream0-->PIPE               4.422 KB        
q4_layer_ctrl:task_stream1-->PIPE               4.422 KB        
q4_layer_ctrl:task_stream2-->PIPE               4.172 KB        
q4_layer_ctrl:task_stream3-->PIPE               4.172 KB        
q4_layer_ctrl:vector_stream0a-->PIPE               474.500 KB      
q4_layer_ctrl:vector_stream0b-->PIPE               422.500 KB      
q4_layer_ctrl:vector_stream1a-->PIPE               474.500 KB      
q4_layer_ctrl:activation_stream3-->PIPE               2261.609 KB     
q4_layer_ctrl:vector_stream1b-->PIPE               422.500 KB      
q4_layer_ctrl:vector_stream2a-->PIPE               474.500 KB      

INFO::[ Vitis-EM 22 ] [Time elapsed: 223 minute(s) 58 seconds, Emulation time: 4.62504 ms]
Data transfer between kernel(s) and global memory(s)
q4_layer_ctrl:m_axi_scales-HBM[6]          RD = 0.438 KB               WR = 0.000 KB        
q4_layer_ctrl:m_axi_weight0a-HBM[8]          RD = 19328.000 KB           WR = 0.000 KB        
q4_layer_ctrl:m_axi_weight0b-HBM[9]          RD = 19328.000 KB           WR = 0.000 KB        
q4_layer_ctrl:m_axi_weight1a-HBM[10]          RD = 19328.000 KB           WR = 0.000 KB        
q4_layer_ctrl:m_axi_weight1b-HBM[11]          RD = 19328.000 KB           WR = 0.000 KB        
q4_layer_ctrl:m_axi_weight2a-HBM[12]          RD = 18304.000 KB           WR = 0.000 KB        
q4_layer_ctrl:m_axi_weight2b-HBM[13]          RD = 18304.000 KB           WR = 0.000 KB        
q4_layer_ctrl:m_axi_weight3a-HBM[14]          RD = 18304.000 KB           WR = 0.000 KB        
q4_layer_ctrl:m_axi_weight3b-HBM[15]          RD = 18304.000 KB           WR = 0.000 KB        
q4_layer_ctrl:m_axi_hidden_in-HBM[0]          RD = 142.000 KB             WR = 0.000 KB        
q4_layer_ctrl:m_axi_hidden_out-HBM[1]          RD = 0.000 KB               WR = 128.000 KB      
q4_layer_ctrl:m_axi_kv_k-HBM[2]          RD = 40.000 KB              WR = 16.000 KB       
q4_layer_ctrl:m_axi_kv_v-HBM[3]          RD = 40.000 KB              WR = 16.000 KB       
q4_layer_ctrl:m_axi_norm-HBM[4]          RD = 36.000 KB              WR = 0.000 KB        
q4_layer_ctrl:m_axi_rope-HBM[5]          RD = 128.000 KB             WR = 0.000 KB        

Data transfer on stream interfaces
q4_layer_ctrl:activation_stream0-->PIPE               2425.250 KB     
q4_layer_ctrl:activation_stream1-->PIPE               2425.250 KB     
PIPE-->q4_layer_ctrl:out_stream0               1449.000 KB     
q4_layer_ctrl:activation_stream2-->PIPE               2297.250 KB     
PIPE-->q4_layer_ctrl:out_stream1               1449.000 KB     
PIPE-->q4_layer_ctrl:out_stream2               1393.000 KB     
PIPE-->q4_layer_ctrl:out_stream3               1393.000 KB     
q4_layer_ctrl:task_stream0-->PIPE               4.438 KB        
q4_layer_ctrl:task_stream1-->PIPE               4.438 KB        
q4_layer_ctrl:task_stream2-->PIPE               4.188 KB        
q4_layer_ctrl:task_stream3-->PIPE               4.188 KB        
q4_layer_ctrl:vector_stream0a-->PIPE               487.500 KB      
q4_layer_ctrl:vector_stream0b-->PIPE               435.500 KB      
q4_layer_ctrl:vector_stream1a-->PIPE               487.500 KB      
q4_layer_ctrl:activation_stream3-->PIPE               2297.250 KB     
q4_layer_ctrl:vector_stream1b-->PIPE               435.500 KB      
q4_layer_ctrl:vector_stream2a-->PIPE               487.500 KB      

INFO::[ Vitis-EM 22 ] [Time elapsed: 224 minute(s) 8 seconds, Emulation time: 4.63526 ms]
Data transfer between kernel(s) and global memory(s)
q4_layer_ctrl:m_axi_scales-HBM[6]          RD = 0.438 KB               WR = 0.000 KB        
q4_layer_ctrl:m_axi_weight0a-HBM[8]          RD = 19328.000 KB           WR = 0.000 KB        
q4_layer_ctrl:m_axi_weight0b-HBM[9]          RD = 19328.000 KB           WR = 0.000 KB        
q4_layer_ctrl:m_axi_weight1a-HBM[10]          RD = 19328.000 KB           WR = 0.000 KB        
q4_layer_ctrl:m_axi_weight1b-HBM[11]          RD = 19328.000 KB           WR = 0.000 KB        
q4_layer_ctrl:m_axi_weight2a-HBM[12]          RD = 18304.000 KB           WR = 0.000 KB        
q4_layer_ctrl:m_axi_weight2b-HBM[13]          RD = 18304.000 KB           WR = 0.000 KB        
q4_layer_ctrl:m_axi_weight3a-HBM[14]          RD = 18304.000 KB           WR = 0.000 KB        
q4_layer_ctrl:m_axi_weight3b-HBM[15]          RD = 18304.000 KB           WR = 0.000 KB        
q4_layer_ctrl:m_axi_hidden_in-HBM[0]          RD = 160.000 KB             WR = 0.000 KB        
q4_layer_ctrl:m_axi_hidden_out-HBM[1]          RD = 0.000 KB               WR = 128.000 KB      
q4_layer_ctrl:m_axi_kv_k-HBM[2]          RD = 40.000 KB              WR = 16.000 KB       
q4_layer_ctrl:m_axi_kv_v-HBM[3]          RD = 40.000 KB              WR = 16.000 KB       
q4_layer_ctrl:m_axi_norm-HBM[4]          RD = 36.000 KB              WR = 0.000 KB        
q4_layer_ctrl:m_axi_rope-HBM[5]          RD = 128.000 KB             WR = 0.000 KB        

Data transfer on stream interfaces
q4_layer_ctrl:activation_stream0-->PIPE               2425.250 KB     
q4_layer_ctrl:activation_stream1-->PIPE               2425.250 KB     
PIPE-->q4_layer_ctrl:out_stream0               1449.000 KB     
q4_layer_ctrl:activation_stream2-->PIPE               2297.250 KB     
PIPE-->q4_layer_ctrl:out_stream1               1449.000 KB     
PIPE-->q4_layer_ctrl:out_stream2               1393.000 KB     
PIPE-->q4_layer_ctrl:out_stream3               1393.000 KB     
q4_layer_ctrl:task_stream0-->PIPE               4.453 KB        
q4_layer_ctrl:task_stream1-->PIPE               4.453 KB        
q4_layer_ctrl:task_stream2-->PIPE               4.203 KB        
q4_layer_ctrl:task_stream3-->PIPE               4.203 KB        
q4_layer_ctrl:vector_stream0a-->PIPE               488.516 KB      
q4_layer_ctrl:vector_stream0b-->PIPE               442.000 KB      
q4_layer_ctrl:vector_stream1a-->PIPE               488.516 KB      
q4_layer_ctrl:activation_stream3-->PIPE               2297.250 KB     
q4_layer_ctrl:vector_stream1b-->PIPE               442.000 KB      
q4_layer_ctrl:vector_stream2a-->PIPE               488.516 KB      

INFO::[ Vitis-EM 22 ] [Time elapsed: 229 minute(s) 44 seconds, Emulation time: 4.81813 ms]
Data transfer between kernel(s) and global memory(s)
q4_layer_ctrl:m_axi_scales-HBM[6]          RD = 0.484 KB               WR = 0.000 KB        
q4_layer_ctrl:m_axi_weight0a-HBM[8]          RD = 19712.000 KB           WR = 0.000 KB        
q4_layer_ctrl:m_axi_weight0b-HBM[9]          RD = 19712.000 KB           WR = 0.000 KB        
q4_layer_ctrl:m_axi_weight1a-HBM[10]          RD = 19712.000 KB           WR = 0.000 KB        
q4_layer_ctrl:m_axi_weight1b-HBM[11]          RD = 19712.000 KB           WR = 0.000 KB        
q4_layer_ctrl:m_axi_weight2a-HBM[12]          RD = 18560.000 KB           WR = 0.000 KB        
q4_layer_ctrl:m_axi_weight2b-HBM[13]          RD = 18560.000 KB           WR = 0.000 KB        
q4_layer_ctrl:m_axi_weight3a-HBM[14]          RD = 18560.000 KB           WR = 0.000 KB        
q4_layer_ctrl:m_axi_weight3b-HBM[15]          RD = 18560.000 KB           WR = 0.000 KB        
q4_layer_ctrl:m_axi_hidden_in-HBM[0]          RD = 160.000 KB             WR = 0.000 KB        
q4_layer_ctrl:m_axi_hidden_out-HBM[1]          RD = 0.000 KB               WR = 128.000 KB      
q4_layer_ctrl:m_axi_kv_k-HBM[2]          RD = 40.000 KB              WR = 16.000 KB       
q4_layer_ctrl:m_axi_kv_v-HBM[3]          RD = 40.000 KB              WR = 16.000 KB       
q4_layer_ctrl:m_axi_norm-HBM[4]          RD = 36.000 KB              WR = 0.000 KB        
q4_layer_ctrl:m_axi_rope-HBM[5]          RD = 160.000 KB             WR = 0.000 KB        

Data transfer on stream interfaces
q4_layer_ctrl:activation_stream0-->PIPE               2473.250 KB     
q4_layer_ctrl:activation_stream1-->PIPE               2473.250 KB     
PIPE-->q4_layer_ctrl:out_stream0               1484.000 KB     
q4_layer_ctrl:activation_stream2-->PIPE               2329.250 KB     
PIPE-->q4_layer_ctrl:out_stream1               1484.000 KB     
PIPE-->q4_layer_ctrl:out_stream2               1421.000 KB     
PIPE-->q4_layer_ctrl:out_stream3               1421.000 KB     
q4_layer_ctrl:task_stream0-->PIPE               4.547 KB        
q4_layer_ctrl:task_stream1-->PIPE               4.547 KB        
q4_layer_ctrl:task_stream2-->PIPE               4.266 KB        
q4_layer_ctrl:task_stream3-->PIPE               4.266 KB        
q4_layer_ctrl:vector_stream0a-->PIPE               500.500 KB      
q4_layer_ctrl:vector_stream0b-->PIPE               442.000 KB      
q4_layer_ctrl:vector_stream1a-->PIPE               500.500 KB      
q4_layer_ctrl:activation_stream3-->PIPE               2329.250 KB     
q4_layer_ctrl:vector_stream1b-->PIPE               442.000 KB      
q4_layer_ctrl:vector_stream2a-->PIPE               500.500 KB      

INFO::[ Vitis-EM 22 ] [Time elapsed: 237 minute(s) 26 seconds, Emulation time: 5.15111 ms]
Data transfer between kernel(s) and global memory(s)
q4_layer_ctrl:m_axi_scales-HBM[6]          RD = 0.500 KB               WR = 0.000 KB        
q4_layer_ctrl:m_axi_weight0a-HBM[8]          RD = 19968.000 KB           WR = 0.000 KB        
q4_layer_ctrl:m_axi_weight0b-HBM[9]          RD = 19968.000 KB           WR = 0.000 KB        
q4_layer_ctrl:m_axi_weight1a-HBM[10]          RD = 19968.000 KB           WR = 0.000 KB        
q4_layer_ctrl:m_axi_weight1b-HBM[11]          RD = 19968.000 KB           WR = 0.000 KB        
q4_layer_ctrl:m_axi_weight2a-HBM[12]          RD = 18816.000 KB           WR = 0.000 KB        
q4_layer_ctrl:m_axi_weight2b-HBM[13]          RD = 18816.000 KB           WR = 0.000 KB        
q4_layer_ctrl:m_axi_weight3a-HBM[14]          RD = 18816.000 KB           WR = 0.000 KB        
q4_layer_ctrl:m_axi_weight3b-HBM[15]          RD = 18816.000 KB           WR = 0.000 KB        
q4_layer_ctrl:m_axi_hidden_in-HBM[0]          RD = 160.000 KB             WR = 0.000 KB        
q4_layer_ctrl:m_axi_hidden_out-HBM[1]          RD = 0.000 KB               WR = 128.000 KB      
q4_layer_ctrl:m_axi_kv_k-HBM[2]          RD = 60.000 KB              WR = 20.000 KB       
q4_layer_ctrl:m_axi_kv_v-HBM[3]          RD = 60.000 KB              WR = 20.000 KB       
q4_layer_ctrl:m_axi_norm-HBM[4]          RD = 40.000 KB              WR = 0.000 KB        
q4_layer_ctrl:m_axi_rope-HBM[5]          RD = 160.000 KB             WR = 0.000 KB        

Data transfer on stream interfaces
q4_layer_ctrl:activation_stream0-->PIPE               2507.875 KB     
q4_layer_ctrl:activation_stream1-->PIPE               2507.875 KB     
PIPE-->q4_layer_ctrl:out_stream0               1540.000 KB     
q4_layer_ctrl:activation_stream2-->PIPE               2363.875 KB     
PIPE-->q4_layer_ctrl:out_stream1               1540.000 KB     
PIPE-->q4_layer_ctrl:out_stream2               1477.000 KB     
PIPE-->q4_layer_ctrl:out_stream3               1477.000 KB     
q4_layer_ctrl:task_stream0-->PIPE               4.766 KB        
q4_layer_ctrl:task_stream1-->PIPE               4.766 KB        
q4_layer_ctrl:task_stream2-->PIPE               4.484 KB        
q4_layer_ctrl:task_stream3-->PIPE               4.484 KB        
q4_layer_ctrl:vector_stream0a-->PIPE               520.508 KB      
q4_layer_ctrl:vector_stream0b-->PIPE               461.500 KB      
q4_layer_ctrl:vector_stream1a-->PIPE               520.508 KB      
q4_layer_ctrl:activation_stream3-->PIPE               2363.875 KB     
q4_layer_ctrl:vector_stream1b-->PIPE               461.500 KB      
q4_layer_ctrl:vector_stream2a-->PIPE               520.508 KB      

INFO::[ Vitis-EM 22 ] [Time elapsed: 237 minute(s) 37 seconds, Emulation time: 5.15924 ms]
Data transfer between kernel(s) and global memory(s)
q4_layer_ctrl:m_axi_scales-HBM[6]          RD = 0.500 KB               WR = 0.000 KB        
q4_layer_ctrl:m_axi_weight0a-HBM[8]          RD = 19968.000 KB           WR = 0.000 KB        
q4_layer_ctrl:m_axi_weight0b-HBM[9]          RD = 19968.000 KB           WR = 0.000 KB        
q4_layer_ctrl:m_axi_weight1a-HBM[10]          RD = 19968.000 KB           WR = 0.000 KB        
q4_layer_ctrl:m_axi_weight1b-HBM[11]          RD = 19968.000 KB           WR = 0.000 KB        
q4_layer_ctrl:m_axi_weight2a-HBM[12]          RD = 18816.000 KB           WR = 0.000 KB        
q4_layer_ctrl:m_axi_weight2b-HBM[13]          RD = 18816.000 KB           WR = 0.000 KB        
q4_layer_ctrl:m_axi_weight3a-HBM[14]          RD = 18816.000 KB           WR = 0.000 KB        
q4_layer_ctrl:m_axi_weight3b-HBM[15]          RD = 18816.000 KB           WR = 0.000 KB        
q4_layer_ctrl:m_axi_hidden_in-HBM[0]          RD = 160.000 KB             WR = 0.000 KB        
q4_layer_ctrl:m_axi_hidden_out-HBM[1]          RD = 0.000 KB               WR = 128.000 KB      
q4_layer_ctrl:m_axi_kv_k-HBM[2]          RD = 60.000 KB              WR = 20.000 KB       
q4_layer_ctrl:m_axi_kv_v-HBM[3]          RD = 60.000 KB              WR = 20.000 KB       
q4_layer_ctrl:m_axi_norm-HBM[4]          RD = 40.000 KB              WR = 0.000 KB        
q4_layer_ctrl:m_axi_rope-HBM[5]          RD = 160.000 KB             WR = 0.000 KB        

Data transfer on stream interfaces
q4_layer_ctrl:activation_stream0-->PIPE               2507.875 KB     
q4_layer_ctrl:activation_stream1-->PIPE               2507.875 KB     
PIPE-->q4_layer_ctrl:out_stream0               1540.656 KB     
q4_layer_ctrl:activation_stream2-->PIPE               2363.875 KB     
PIPE-->q4_layer_ctrl:out_stream1               1540.656 KB     
PIPE-->q4_layer_ctrl:out_stream2               1477.656 KB     
PIPE-->q4_layer_ctrl:out_stream3               1477.656 KB     
q4_layer_ctrl:task_stream0-->PIPE               4.766 KB        
q4_layer_ctrl:task_stream1-->PIPE               4.766 KB        
q4_layer_ctrl:task_stream2-->PIPE               4.484 KB        
q4_layer_ctrl:task_stream3-->PIPE               4.484 KB        
q4_layer_ctrl:vector_stream0a-->PIPE               521.879 KB      
q4_layer_ctrl:vector_stream0b-->PIPE               461.500 KB      
q4_layer_ctrl:vector_stream1a-->PIPE               521.879 KB      
q4_layer_ctrl:activation_stream3-->PIPE               2363.875 KB     
q4_layer_ctrl:vector_stream1b-->PIPE               461.500 KB      
q4_layer_ctrl:vector_stream2a-->PIPE               521.879 KB      

INFO::[ Vitis-EM 22 ] [Time elapsed: 237 minute(s) 48 seconds, Emulation time: 5.16736 ms]
Data transfer between kernel(s) and global memory(s)
q4_layer_ctrl:m_axi_scales-HBM[6]          RD = 0.500 KB               WR = 0.000 KB        
q4_layer_ctrl:m_axi_weight0a-HBM[8]          RD = 19968.000 KB           WR = 0.000 KB        
q4_layer_ctrl:m_axi_weight0b-HBM[9]          RD = 19968.000 KB           WR = 0.000 KB        
q4_layer_ctrl:m_axi_weight1a-HBM[10]          RD = 19968.000 KB           WR = 0.000 KB        
q4_layer_ctrl:m_axi_weight1b-HBM[11]          RD = 19968.000 KB           WR = 0.000 KB        
q4_layer_ctrl:m_axi_weight2a-HBM[12]          RD = 18816.000 KB           WR = 0.000 KB        
q4_layer_ctrl:m_axi_weight2b-HBM[13]          RD = 18816.000 KB           WR = 0.000 KB        
q4_layer_ctrl:m_axi_weight3a-HBM[14]          RD = 18816.000 KB           WR = 0.000 KB        
q4_layer_ctrl:m_axi_weight3b-HBM[15]          RD = 18816.000 KB           WR = 0.000 KB        
q4_layer_ctrl:m_axi_hidden_in-HBM[0]          RD = 160.000 KB             WR = 0.000 KB        
q4_layer_ctrl:m_axi_hidden_out-HBM[1]          RD = 0.000 KB               WR = 128.000 KB      
q4_layer_ctrl:m_axi_kv_k-HBM[2]          RD = 60.000 KB              WR = 20.000 KB       
q4_layer_ctrl:m_axi_kv_v-HBM[3]          RD = 60.000 KB              WR = 20.000 KB       
q4_layer_ctrl:m_axi_norm-HBM[4]          RD = 40.000 KB              WR = 0.000 KB        
q4_layer_ctrl:m_axi_rope-HBM[5]          RD = 160.000 KB             WR = 0.000 KB        

Data transfer on stream interfaces
q4_layer_ctrl:activation_stream0-->PIPE               2507.875 KB     
q4_layer_ctrl:activation_stream1-->PIPE               2507.875 KB     
PIPE-->q4_layer_ctrl:out_stream0               1544.812 KB     
q4_layer_ctrl:activation_stream2-->PIPE               2363.875 KB     
PIPE-->q4_layer_ctrl:out_stream1               1544.812 KB     
PIPE-->q4_layer_ctrl:out_stream2               1481.812 KB     
PIPE-->q4_layer_ctrl:out_stream3               1481.812 KB     
q4_layer_ctrl:task_stream0-->PIPE               4.766 KB        
q4_layer_ctrl:task_stream1-->PIPE               4.766 KB        
q4_layer_ctrl:task_stream2-->PIPE               4.484 KB        
q4_layer_ctrl:task_stream3-->PIPE               4.484 KB        
q4_layer_ctrl:vector_stream0a-->PIPE               521.879 KB      
q4_layer_ctrl:vector_stream0b-->PIPE               461.500 KB      
q4_layer_ctrl:vector_stream1a-->PIPE               521.879 KB      
q4_layer_ctrl:activation_stream3-->PIPE               2363.875 KB     
q4_layer_ctrl:vector_stream1b-->PIPE               461.500 KB      
q4_layer_ctrl:vector_stream2a-->PIPE               521.879 KB      

INFO::[ Vitis-EM 22 ] [Time elapsed: 238 minute(s) 13 seconds, Emulation time: 5.18459 ms]
Data transfer between kernel(s) and global memory(s)
q4_layer_ctrl:m_axi_scales-HBM[6]          RD = 0.500 KB               WR = 0.000 KB        
q4_layer_ctrl:m_axi_weight0a-HBM[8]          RD = 19968.000 KB           WR = 0.000 KB        
q4_layer_ctrl:m_axi_weight0b-HBM[9]          RD = 19968.000 KB           WR = 0.000 KB        
q4_layer_ctrl:m_axi_weight1a-HBM[10]          RD = 19968.000 KB           WR = 0.000 KB        
q4_layer_ctrl:m_axi_weight1b-HBM[11]          RD = 19968.000 KB           WR = 0.000 KB        
q4_layer_ctrl:m_axi_weight2a-HBM[12]          RD = 18816.000 KB           WR = 0.000 KB        
q4_layer_ctrl:m_axi_weight2b-HBM[13]          RD = 18816.000 KB           WR = 0.000 KB        
q4_layer_ctrl:m_axi_weight3a-HBM[14]          RD = 18816.000 KB           WR = 0.000 KB        
q4_layer_ctrl:m_axi_weight3b-HBM[15]          RD = 18816.000 KB           WR = 0.000 KB        
q4_layer_ctrl:m_axi_hidden_in-HBM[0]          RD = 160.000 KB             WR = 0.000 KB        
q4_layer_ctrl:m_axi_hidden_out-HBM[1]          RD = 0.000 KB               WR = 128.000 KB      
q4_layer_ctrl:m_axi_kv_k-HBM[2]          RD = 60.000 KB              WR = 20.000 KB       
q4_layer_ctrl:m_axi_kv_v-HBM[3]          RD = 60.000 KB              WR = 20.000 KB       
q4_layer_ctrl:m_axi_norm-HBM[4]          RD = 40.000 KB              WR = 0.000 KB        
q4_layer_ctrl:m_axi_rope-HBM[5]          RD = 160.000 KB             WR = 0.000 KB        

Data transfer on stream interfaces
q4_layer_ctrl:activation_stream0-->PIPE               2507.875 KB     
q4_layer_ctrl:activation_stream1-->PIPE               2507.875 KB     
PIPE-->q4_layer_ctrl:out_stream0               1547.000 KB     
q4_layer_ctrl:activation_stream2-->PIPE               2363.875 KB     
PIPE-->q4_layer_ctrl:out_stream1               1547.000 KB     
PIPE-->q4_layer_ctrl:out_stream2               1484.000 KB     
PIPE-->q4_layer_ctrl:out_stream3               1484.000 KB     
q4_layer_ctrl:task_stream0-->PIPE               4.766 KB        
q4_layer_ctrl:task_stream1-->PIPE               4.766 KB        
q4_layer_ctrl:task_stream2-->PIPE               4.484 KB        
q4_layer_ctrl:task_stream3-->PIPE               4.484 KB        
q4_layer_ctrl:vector_stream0a-->PIPE               526.500 KB      
q4_layer_ctrl:vector_stream0b-->PIPE               461.500 KB      
q4_layer_ctrl:vector_stream1a-->PIPE               526.500 KB      
q4_layer_ctrl:activation_stream3-->PIPE               2363.875 KB     
q4_layer_ctrl:vector_stream1b-->PIPE               461.500 KB      
q4_layer_ctrl:vector_stream2a-->PIPE               526.500 KB      

INFO::[ Vitis-EM 22 ] [Time elapsed: 238 minute(s) 35 seconds, Emulation time: 5.19981 ms]
Data transfer between kernel(s) and global memory(s)
q4_layer_ctrl:m_axi_scales-HBM[6]          RD = 0.500 KB               WR = 0.000 KB        
q4_layer_ctrl:m_axi_weight0a-HBM[8]          RD = 19968.000 KB           WR = 0.000 KB        
q4_layer_ctrl:m_axi_weight0b-HBM[9]          RD = 19968.000 KB           WR = 0.000 KB        
q4_layer_ctrl:m_axi_weight1a-HBM[10]          RD = 19968.000 KB           WR = 0.000 KB        
q4_layer_ctrl:m_axi_weight1b-HBM[11]          RD = 19968.000 KB           WR = 0.000 KB        
q4_layer_ctrl:m_axi_weight2a-HBM[12]          RD = 18816.000 KB           WR = 0.000 KB        
q4_layer_ctrl:m_axi_weight2b-HBM[13]          RD = 18816.000 KB           WR = 0.000 KB        
q4_layer_ctrl:m_axi_weight3a-HBM[14]          RD = 18816.000 KB           WR = 0.000 KB        
q4_layer_ctrl:m_axi_weight3b-HBM[15]          RD = 18816.000 KB           WR = 0.000 KB        
q4_layer_ctrl:m_axi_hidden_in-HBM[0]          RD = 160.000 KB             WR = 0.000 KB        
q4_layer_ctrl:m_axi_hidden_out-HBM[1]          RD = 0.000 KB               WR = 128.000 KB      
q4_layer_ctrl:m_axi_kv_k-HBM[2]          RD = 60.000 KB              WR = 20.000 KB       
q4_layer_ctrl:m_axi_kv_v-HBM[3]          RD = 60.000 KB              WR = 20.000 KB       
q4_layer_ctrl:m_axi_norm-HBM[4]          RD = 40.000 KB              WR = 0.000 KB        
q4_layer_ctrl:m_axi_rope-HBM[5]          RD = 160.000 KB             WR = 0.000 KB        

Data transfer on stream interfaces
q4_layer_ctrl:activation_stream0-->PIPE               2507.875 KB     
q4_layer_ctrl:activation_stream1-->PIPE               2507.875 KB     
PIPE-->q4_layer_ctrl:out_stream0               1551.430 KB     
q4_layer_ctrl:activation_stream2-->PIPE               2363.875 KB     
PIPE-->q4_layer_ctrl:out_stream1               1551.430 KB     
PIPE-->q4_layer_ctrl:out_stream2               1488.430 KB     
PIPE-->q4_layer_ctrl:out_stream3               1488.430 KB     
q4_layer_ctrl:task_stream0-->PIPE               4.766 KB        
q4_layer_ctrl:task_stream1-->PIPE               4.766 KB        
q4_layer_ctrl:task_stream2-->PIPE               4.484 KB        
q4_layer_ctrl:task_stream3-->PIPE               4.484 KB        
q4_layer_ctrl:vector_stream0a-->PIPE               526.500 KB      
q4_layer_ctrl:vector_stream0b-->PIPE               461.500 KB      
q4_layer_ctrl:vector_stream1a-->PIPE               526.500 KB      
q4_layer_ctrl:activation_stream3-->PIPE               2363.875 KB     
q4_layer_ctrl:vector_stream1b-->PIPE               461.500 KB      
q4_layer_ctrl:vector_stream2a-->PIPE               526.500 KB      

INFO::[ Vitis-EM 22 ] [Time elapsed: 240 minute(s) 15 seconds, Emulation time: 5.22501 ms]
Data transfer between kernel(s) and global memory(s)
q4_layer_ctrl:m_axi_scales-HBM[6]          RD = 0.516 KB               WR = 0.000 KB        
q4_layer_ctrl:m_axi_weight0a-HBM[8]          RD = 20118.500 KB           WR = 0.000 KB        
q4_layer_ctrl:m_axi_weight0b-HBM[9]          RD = 20118.500 KB           WR = 0.000 KB        
q4_layer_ctrl:m_axi_weight1a-HBM[10]          RD = 20118.500 KB           WR = 0.000 KB        
q4_layer_ctrl:m_axi_weight1b-HBM[11]          RD = 20118.500 KB           WR = 0.000 KB        
q4_layer_ctrl:m_axi_weight2a-HBM[12]          RD = 18966.500 KB           WR = 0.000 KB        
q4_layer_ctrl:m_axi_weight2b-HBM[13]          RD = 18966.500 KB           WR = 0.000 KB        
q4_layer_ctrl:m_axi_weight3a-HBM[14]          RD = 18966.500 KB           WR = 0.000 KB        
q4_layer_ctrl:m_axi_weight3b-HBM[15]          RD = 18966.500 KB           WR = 0.000 KB        
q4_layer_ctrl:m_axi_hidden_in-HBM[0]          RD = 160.000 KB             WR = 0.000 KB        
q4_layer_ctrl:m_axi_hidden_out-HBM[1]          RD = 0.000 KB               WR = 128.000 KB      
q4_layer_ctrl:m_axi_kv_k-HBM[2]          RD = 60.000 KB              WR = 20.000 KB       
q4_layer_ctrl:m_axi_kv_v-HBM[3]          RD = 60.000 KB              WR = 20.000 KB       
q4_layer_ctrl:m_axi_norm-HBM[4]          RD = 40.000 KB              WR = 0.000 KB        
q4_layer_ctrl:m_axi_rope-HBM[5]          RD = 160.000 KB             WR = 0.000 KB        

Data transfer on stream interfaces
q4_layer_ctrl:activation_stream0-->PIPE               2526.211 KB     
q4_layer_ctrl:activation_stream1-->PIPE               2526.211 KB     
PIPE-->q4_layer_ctrl:out_stream0               1561.000 KB     
q4_layer_ctrl:activation_stream2-->PIPE               2382.211 KB     
PIPE-->q4_layer_ctrl:out_stream1               1561.000 KB     
PIPE-->q4_layer_ctrl:out_stream2               1498.000 KB     
PIPE-->q4_layer_ctrl:out_stream3               1498.000 KB     
q4_layer_ctrl:task_stream0-->PIPE               4.812 KB        
q4_layer_ctrl:task_stream1-->PIPE               4.812 KB        
q4_layer_ctrl:task_stream2-->PIPE               4.531 KB        
q4_layer_ctrl:task_stream3-->PIPE               4.531 KB        
q4_layer_ctrl:vector_stream0a-->PIPE               526.500 KB      
q4_layer_ctrl:vector_stream0b-->PIPE               461.500 KB      
q4_layer_ctrl:vector_stream1a-->PIPE               526.500 KB      
q4_layer_ctrl:activation_stream3-->PIPE               2382.211 KB     
q4_layer_ctrl:vector_stream1b-->PIPE               461.500 KB      
q4_layer_ctrl:vector_stream2a-->PIPE               526.500 KB      

INFO::[ Vitis-EM 22 ] [Time elapsed: 241 minute(s) 35 seconds, Emulation time: 5.24006 ms]
Data transfer between kernel(s) and global memory(s)
q4_layer_ctrl:m_axi_scales-HBM[6]          RD = 0.516 KB               WR = 0.000 KB        
q4_layer_ctrl:m_axi_weight0a-HBM[8]          RD = 20255.000 KB           WR = 0.000 KB        
q4_layer_ctrl:m_axi_weight0b-HBM[9]          RD = 20255.000 KB           WR = 0.000 KB        
q4_layer_ctrl:m_axi_weight1a-HBM[10]          RD = 20255.000 KB           WR = 0.000 KB        
q4_layer_ctrl:m_axi_weight1b-HBM[11]          RD = 20255.000 KB           WR = 0.000 KB        
q4_layer_ctrl:m_axi_weight2a-HBM[12]          RD = 19103.000 KB           WR = 0.000 KB        
q4_layer_ctrl:m_axi_weight2b-HBM[13]          RD = 19103.000 KB           WR = 0.000 KB        
q4_layer_ctrl:m_axi_weight3a-HBM[14]          RD = 19103.000 KB           WR = 0.000 KB        
q4_layer_ctrl:m_axi_weight3b-HBM[15]          RD = 19103.000 KB           WR = 0.000 KB        
q4_layer_ctrl:m_axi_hidden_in-HBM[0]          RD = 160.000 KB             WR = 0.000 KB        
q4_layer_ctrl:m_axi_hidden_out-HBM[1]          RD = 0.000 KB               WR = 128.000 KB      
q4_layer_ctrl:m_axi_kv_k-HBM[2]          RD = 60.000 KB              WR = 20.000 KB       
q4_layer_ctrl:m_axi_kv_v-HBM[3]          RD = 60.000 KB              WR = 20.000 KB       
q4_layer_ctrl:m_axi_norm-HBM[4]          RD = 40.000 KB              WR = 0.000 KB        
q4_layer_ctrl:m_axi_rope-HBM[5]          RD = 160.000 KB             WR = 0.000 KB        

Data transfer on stream interfaces
q4_layer_ctrl:activation_stream0-->PIPE               2543.137 KB     
q4_layer_ctrl:activation_stream1-->PIPE               2543.137 KB     
PIPE-->q4_layer_ctrl:out_stream0               1568.000 KB     
q4_layer_ctrl:activation_stream2-->PIPE               2399.137 KB     
PIPE-->q4_layer_ctrl:out_stream1               1568.000 KB     
PIPE-->q4_layer_ctrl:out_stream2               1505.000 KB     
PIPE-->q4_layer_ctrl:out_stream3               1505.000 KB     
q4_layer_ctrl:task_stream0-->PIPE               4.844 KB        
q4_layer_ctrl:task_stream1-->PIPE               4.844 KB        
q4_layer_ctrl:task_stream2-->PIPE               4.562 KB        
q4_layer_ctrl:task_stream3-->PIPE               4.562 KB        
q4_layer_ctrl:vector_stream0a-->PIPE               526.500 KB      
q4_layer_ctrl:vector_stream0b-->PIPE               461.500 KB      
q4_layer_ctrl:vector_stream1a-->PIPE               526.500 KB      
q4_layer_ctrl:activation_stream3-->PIPE               2399.137 KB     
q4_layer_ctrl:vector_stream1b-->PIPE               461.500 KB      
q4_layer_ctrl:vector_stream2a-->PIPE               526.500 KB      

INFO::[ Vitis-EM 22 ] [Time elapsed: 242 minute(s) 39 seconds, Emulation time: 5.25212 ms]
Data transfer between kernel(s) and global memory(s)
q4_layer_ctrl:m_axi_scales-HBM[6]          RD = 0.516 KB               WR = 0.000 KB        
q4_layer_ctrl:m_axi_weight0a-HBM[8]          RD = 20361.500 KB           WR = 0.000 KB        
q4_layer_ctrl:m_axi_weight0b-HBM[9]          RD = 20361.500 KB           WR = 0.000 KB        
q4_layer_ctrl:m_axi_weight1a-HBM[10]          RD = 20361.500 KB           WR = 0.000 KB        
q4_layer_ctrl:m_axi_weight1b-HBM[11]          RD = 20361.500 KB           WR = 0.000 KB        
q4_layer_ctrl:m_axi_weight2a-HBM[12]          RD = 19209.500 KB           WR = 0.000 KB        
q4_layer_ctrl:m_axi_weight2b-HBM[13]          RD = 19209.500 KB           WR = 0.000 KB        
q4_layer_ctrl:m_axi_weight3a-HBM[14]          RD = 19209.500 KB           WR = 0.000 KB        
q4_layer_ctrl:m_axi_weight3b-HBM[15]          RD = 19209.500 KB           WR = 0.000 KB        
q4_layer_ctrl:m_axi_hidden_in-HBM[0]          RD = 160.000 KB             WR = 0.000 KB        
q4_layer_ctrl:m_axi_hidden_out-HBM[1]          RD = 0.000 KB               WR = 128.000 KB      
q4_layer_ctrl:m_axi_kv_k-HBM[2]          RD = 60.000 KB              WR = 20.000 KB       
q4_layer_ctrl:m_axi_kv_v-HBM[3]          RD = 60.000 KB              WR = 20.000 KB       
q4_layer_ctrl:m_axi_norm-HBM[4]          RD = 40.000 KB              WR = 0.000 KB        
q4_layer_ctrl:m_axi_rope-HBM[5]          RD = 160.000 KB             WR = 0.000 KB        

Data transfer on stream interfaces
q4_layer_ctrl:activation_stream0-->PIPE               2556.391 KB     
q4_layer_ctrl:activation_stream1-->PIPE               2556.391 KB     
PIPE-->q4_layer_ctrl:out_stream0               1574.945 KB     
q4_layer_ctrl:activation_stream2-->PIPE               2412.391 KB     
PIPE-->q4_layer_ctrl:out_stream1               1574.945 KB     
PIPE-->q4_layer_ctrl:out_stream2               1511.945 KB     
PIPE-->q4_layer_ctrl:out_stream3               1511.945 KB     
q4_layer_ctrl:task_stream0-->PIPE               4.875 KB        
q4_layer_ctrl:task_stream1-->PIPE               4.875 KB        
q4_layer_ctrl:task_stream2-->PIPE               4.594 KB        
q4_layer_ctrl:task_stream3-->PIPE               4.594 KB        
q4_layer_ctrl:vector_stream0a-->PIPE               526.500 KB      
q4_layer_ctrl:vector_stream0b-->PIPE               461.500 KB      
q4_layer_ctrl:vector_stream1a-->PIPE               526.500 KB      
q4_layer_ctrl:activation_stream3-->PIPE               2412.391 KB     
q4_layer_ctrl:vector_stream1b-->PIPE               461.500 KB      
q4_layer_ctrl:vector_stream2a-->PIPE               526.500 KB      

INFO::[ Vitis-EM 22 ] [Time elapsed: 243 minute(s) 23 seconds, Emulation time: 5.26017 ms]
Data transfer between kernel(s) and global memory(s)
q4_layer_ctrl:m_axi_scales-HBM[6]          RD = 0.516 KB               WR = 0.000 KB        
q4_layer_ctrl:m_axi_weight0a-HBM[8]          RD = 20433.500 KB           WR = 0.000 KB        
q4_layer_ctrl:m_axi_weight0b-HBM[9]          RD = 20433.500 KB           WR = 0.000 KB        
q4_layer_ctrl:m_axi_weight1a-HBM[10]          RD = 20433.500 KB           WR = 0.000 KB        
q4_layer_ctrl:m_axi_weight1b-HBM[11]          RD = 20433.500 KB           WR = 0.000 KB        
q4_layer_ctrl:m_axi_weight2a-HBM[12]          RD = 19281.500 KB           WR = 0.000 KB        
q4_layer_ctrl:m_axi_weight2b-HBM[13]          RD = 19281.500 KB           WR = 0.000 KB        
q4_layer_ctrl:m_axi_weight3a-HBM[14]          RD = 19281.500 KB           WR = 0.000 KB        
q4_layer_ctrl:m_axi_weight3b-HBM[15]          RD = 19281.500 KB           WR = 0.000 KB        
q4_layer_ctrl:m_axi_hidden_in-HBM[0]          RD = 160.000 KB             WR = 0.000 KB        
q4_layer_ctrl:m_axi_hidden_out-HBM[1]          RD = 0.000 KB               WR = 128.000 KB      
q4_layer_ctrl:m_axi_kv_k-HBM[2]          RD = 60.000 KB              WR = 20.000 KB       
q4_layer_ctrl:m_axi_kv_v-HBM[3]          RD = 60.000 KB              WR = 20.000 KB       
q4_layer_ctrl:m_axi_norm-HBM[4]          RD = 40.000 KB              WR = 0.000 KB        
q4_layer_ctrl:m_axi_rope-HBM[5]          RD = 160.000 KB             WR = 0.000 KB        

Data transfer on stream interfaces
q4_layer_ctrl:activation_stream0-->PIPE               2565.363 KB     
q4_layer_ctrl:activation_stream1-->PIPE               2565.363 KB     
PIPE-->q4_layer_ctrl:out_stream0               1578.500 KB     
q4_layer_ctrl:activation_stream2-->PIPE               2421.363 KB     
PIPE-->q4_layer_ctrl:out_stream1               1578.500 KB     
PIPE-->q4_layer_ctrl:out_stream2               1515.500 KB     
PIPE-->q4_layer_ctrl:out_stream3               1515.500 KB     
q4_layer_ctrl:task_stream0-->PIPE               4.891 KB        
q4_layer_ctrl:task_stream1-->PIPE               4.891 KB        
q4_layer_ctrl:task_stream2-->PIPE               4.609 KB        
q4_layer_ctrl:task_stream3-->PIPE               4.609 KB        
q4_layer_ctrl:vector_stream0a-->PIPE               526.500 KB      
q4_layer_ctrl:vector_stream0b-->PIPE               461.500 KB      
q4_layer_ctrl:vector_stream1a-->PIPE               526.500 KB      
q4_layer_ctrl:activation_stream3-->PIPE               2421.363 KB     
q4_layer_ctrl:vector_stream1b-->PIPE               461.500 KB      
q4_layer_ctrl:vector_stream2a-->PIPE               526.500 KB      

INFO::[ Vitis-EM 22 ] [Time elapsed: 248 minute(s) 45 seconds, Emulation time: 5.32042 ms]
Data transfer between kernel(s) and global memory(s)
q4_layer_ctrl:m_axi_scales-HBM[6]          RD = 0.516 KB               WR = 0.000 KB        
q4_layer_ctrl:m_axi_weight0a-HBM[8]          RD = 20969.500 KB           WR = 0.000 KB        
q4_layer_ctrl:m_axi_weight0b-HBM[9]          RD = 20969.500 KB           WR = 0.000 KB        
q4_layer_ctrl:m_axi_weight1a-HBM[10]          RD = 20969.500 KB           WR = 0.000 KB        
q4_layer_ctrl:m_axi_weight1b-HBM[11]          RD = 20969.500 KB           WR = 0.000 KB        
q4_layer_ctrl:m_axi_weight2a-HBM[12]          RD = 19817.500 KB           WR = 0.000 KB        
q4_layer_ctrl:m_axi_weight2b-HBM[13]          RD = 19817.500 KB           WR = 0.000 KB        
q4_layer_ctrl:m_axi_weight3a-HBM[14]          RD = 19817.500 KB           WR = 0.000 KB        
q4_layer_ctrl:m_axi_weight3b-HBM[15]          RD = 19817.500 KB           WR = 0.000 KB        
q4_layer_ctrl:m_axi_hidden_in-HBM[0]          RD = 160.000 KB             WR = 0.000 KB        
q4_layer_ctrl:m_axi_hidden_out-HBM[1]          RD = 0.000 KB               WR = 128.000 KB      
q4_layer_ctrl:m_axi_kv_k-HBM[2]          RD = 60.000 KB              WR = 20.000 KB       
q4_layer_ctrl:m_axi_kv_v-HBM[3]          RD = 60.000 KB              WR = 20.000 KB       
q4_layer_ctrl:m_axi_norm-HBM[4]          RD = 40.000 KB              WR = 0.000 KB        
q4_layer_ctrl:m_axi_rope-HBM[5]          RD = 160.000 KB             WR = 0.000 KB        

Data transfer on stream interfaces
q4_layer_ctrl:activation_stream0-->PIPE               2632.387 KB     
q4_layer_ctrl:activation_stream1-->PIPE               2632.387 KB     
PIPE-->q4_layer_ctrl:out_stream0               1606.500 KB     
q4_layer_ctrl:activation_stream2-->PIPE               2488.387 KB     
PIPE-->q4_layer_ctrl:out_stream1               1606.500 KB     
PIPE-->q4_layer_ctrl:out_stream2               1543.500 KB     
PIPE-->q4_layer_ctrl:out_stream3               1543.500 KB     
q4_layer_ctrl:task_stream0-->PIPE               5.016 KB        
q4_layer_ctrl:task_stream1-->PIPE               5.016 KB        
q4_layer_ctrl:task_stream2-->PIPE               4.734 KB        
q4_layer_ctrl:task_stream3-->PIPE               4.734 KB        
q4_layer_ctrl:vector_stream0a-->PIPE               526.500 KB      
q4_layer_ctrl:vector_stream0b-->PIPE               461.500 KB      
q4_layer_ctrl:vector_stream1a-->PIPE               526.500 KB      
q4_layer_ctrl:activation_stream3-->PIPE               2488.387 KB     
q4_layer_ctrl:vector_stream1b-->PIPE               461.500 KB      
q4_layer_ctrl:vector_stream2a-->PIPE               526.500 KB      

INFO::[ Vitis-EM 22 ] [Time elapsed: 249 minute(s) 12 seconds, Emulation time: 5.32544 ms]
Data transfer between kernel(s) and global memory(s)
q4_layer_ctrl:m_axi_scales-HBM[6]          RD = 0.516 KB               WR = 0.000 KB        
q4_layer_ctrl:m_axi_weight0a-HBM[8]          RD = 21013.000 KB           WR = 0.000 KB        
q4_layer_ctrl:m_axi_weight0b-HBM[9]          RD = 21013.000 KB           WR = 0.000 KB        
q4_layer_ctrl:m_axi_weight1a-HBM[10]          RD = 21013.000 KB           WR = 0.000 KB        
q4_layer_ctrl:m_axi_weight1b-HBM[11]          RD = 21013.000 KB           WR = 0.000 KB        
q4_layer_ctrl:m_axi_weight2a-HBM[12]          RD = 19861.000 KB           WR = 0.000 KB        
q4_layer_ctrl:m_axi_weight2b-HBM[13]          RD = 19861.000 KB           WR = 0.000 KB        
q4_layer_ctrl:m_axi_weight3a-HBM[14]          RD = 19861.000 KB           WR = 0.000 KB        
q4_layer_ctrl:m_axi_weight3b-HBM[15]          RD = 19861.000 KB           WR = 0.000 KB        
q4_layer_ctrl:m_axi_hidden_in-HBM[0]          RD = 160.000 KB             WR = 0.000 KB        
q4_layer_ctrl:m_axi_hidden_out-HBM[1]          RD = 0.000 KB               WR = 128.000 KB      
q4_layer_ctrl:m_axi_kv_k-HBM[2]          RD = 60.000 KB              WR = 20.000 KB       
q4_layer_ctrl:m_axi_kv_v-HBM[3]          RD = 60.000 KB              WR = 20.000 KB       
q4_layer_ctrl:m_axi_norm-HBM[4]          RD = 40.000 KB              WR = 0.000 KB        
q4_layer_ctrl:m_axi_rope-HBM[5]          RD = 160.000 KB             WR = 0.000 KB        

Data transfer on stream interfaces
q4_layer_ctrl:activation_stream0-->PIPE               2637.824 KB     
q4_layer_ctrl:activation_stream1-->PIPE               2637.824 KB     
PIPE-->q4_layer_ctrl:out_stream0               1610.000 KB     
q4_layer_ctrl:activation_stream2-->PIPE               2493.824 KB     
PIPE-->q4_layer_ctrl:out_stream1               1610.000 KB     
PIPE-->q4_layer_ctrl:out_stream2               1547.000 KB     
PIPE-->q4_layer_ctrl:out_stream3               1547.000 KB     
q4_layer_ctrl:task_stream0-->PIPE               5.031 KB        
q4_layer_ctrl:task_stream1-->PIPE               5.031 KB        
q4_layer_ctrl:task_stream2-->PIPE               4.750 KB        
q4_layer_ctrl:task_stream3-->PIPE               4.750 KB        
q4_layer_ctrl:vector_stream0a-->PIPE               526.500 KB      
q4_layer_ctrl:vector_stream0b-->PIPE               461.500 KB      
q4_layer_ctrl:vector_stream1a-->PIPE               526.500 KB      
q4_layer_ctrl:activation_stream3-->PIPE               2493.824 KB     
q4_layer_ctrl:vector_stream1b-->PIPE               461.500 KB      
q4_layer_ctrl:vector_stream2a-->PIPE               526.500 KB      

INFO::[ Vitis-EM 22 ] [Time elapsed: 249 minute(s) 34 seconds, Emulation time: 5.32945 ms]
Data transfer between kernel(s) and global memory(s)
q4_layer_ctrl:m_axi_scales-HBM[6]          RD = 0.516 KB               WR = 0.000 KB        
q4_layer_ctrl:m_axi_weight0a-HBM[8]          RD = 21050.500 KB           WR = 0.000 KB        
q4_layer_ctrl:m_axi_weight0b-HBM[9]          RD = 21050.500 KB           WR = 0.000 KB        
q4_layer_ctrl:m_axi_weight1a-HBM[10]          RD = 21050.500 KB           WR = 0.000 KB        
q4_layer_ctrl:m_axi_weight1b-HBM[11]          RD = 21050.500 KB           WR = 0.000 KB        
q4_layer_ctrl:m_axi_weight2a-HBM[12]          RD = 19898.500 KB           WR = 0.000 KB        
q4_layer_ctrl:m_axi_weight2b-HBM[13]          RD = 19898.500 KB           WR = 0.000 KB        
q4_layer_ctrl:m_axi_weight3a-HBM[14]          RD = 19898.500 KB           WR = 0.000 KB        
q4_layer_ctrl:m_axi_weight3b-HBM[15]          RD = 19898.500 KB           WR = 0.000 KB        
q4_layer_ctrl:m_axi_hidden_in-HBM[0]          RD = 160.000 KB             WR = 0.000 KB        
q4_layer_ctrl:m_axi_hidden_out-HBM[1]          RD = 0.000 KB               WR = 128.000 KB      
q4_layer_ctrl:m_axi_kv_k-HBM[2]          RD = 60.000 KB              WR = 20.000 KB       
q4_layer_ctrl:m_axi_kv_v-HBM[3]          RD = 60.000 KB              WR = 20.000 KB       
q4_layer_ctrl:m_axi_norm-HBM[4]          RD = 40.000 KB              WR = 0.000 KB        
q4_layer_ctrl:m_axi_rope-HBM[5]          RD = 160.000 KB             WR = 0.000 KB        

Data transfer on stream interfaces
q4_layer_ctrl:activation_stream0-->PIPE               2642.531 KB     
q4_layer_ctrl:activation_stream1-->PIPE               2642.531 KB     
PIPE-->q4_layer_ctrl:out_stream0               1610.000 KB     
q4_layer_ctrl:activation_stream2-->PIPE               2498.531 KB     
PIPE-->q4_layer_ctrl:out_stream1               1610.000 KB     
PIPE-->q4_layer_ctrl:out_stream2               1547.000 KB     
PIPE-->q4_layer_ctrl:out_stream3               1547.000 KB     
q4_layer_ctrl:task_stream0-->PIPE               5.031 KB        
q4_layer_ctrl:task_stream1-->PIPE               5.031 KB        
q4_layer_ctrl:task_stream2-->PIPE               4.750 KB        
q4_layer_ctrl:task_stream3-->PIPE               4.750 KB        
q4_layer_ctrl:vector_stream0a-->PIPE               526.500 KB      
q4_layer_ctrl:vector_stream0b-->PIPE               461.500 KB      
q4_layer_ctrl:vector_stream1a-->PIPE               526.500 KB      
q4_layer_ctrl:activation_stream3-->PIPE               2498.531 KB     
q4_layer_ctrl:vector_stream1b-->PIPE               461.500 KB      
q4_layer_ctrl:vector_stream2a-->PIPE               526.500 KB      

INFO::[ Vitis-EM 22 ] [Time elapsed: 250 minute(s) 1 seconds, Emulation time: 5.33448 ms]
Data transfer between kernel(s) and global memory(s)
q4_layer_ctrl:m_axi_scales-HBM[6]          RD = 0.516 KB               WR = 0.000 KB        
q4_layer_ctrl:m_axi_weight0a-HBM[8]          RD = 21094.000 KB           WR = 0.000 KB        
q4_layer_ctrl:m_axi_weight0b-HBM[9]          RD = 21094.000 KB           WR = 0.000 KB        
q4_layer_ctrl:m_axi_weight1a-HBM[10]          RD = 21094.000 KB           WR = 0.000 KB        
q4_layer_ctrl:m_axi_weight1b-HBM[11]          RD = 21094.000 KB           WR = 0.000 KB        
q4_layer_ctrl:m_axi_weight2a-HBM[12]          RD = 19942.000 KB           WR = 0.000 KB        
q4_layer_ctrl:m_axi_weight2b-HBM[13]          RD = 19942.000 KB           WR = 0.000 KB        
q4_layer_ctrl:m_axi_weight3a-HBM[14]          RD = 19942.000 KB           WR = 0.000 KB        
q4_layer_ctrl:m_axi_weight3b-HBM[15]          RD = 19942.000 KB           WR = 0.000 KB        
q4_layer_ctrl:m_axi_hidden_in-HBM[0]          RD = 160.000 KB             WR = 0.000 KB        
q4_layer_ctrl:m_axi_hidden_out-HBM[1]          RD = 0.000 KB               WR = 128.000 KB      
q4_layer_ctrl:m_axi_kv_k-HBM[2]          RD = 60.000 KB              WR = 20.000 KB       
q4_layer_ctrl:m_axi_kv_v-HBM[3]          RD = 60.000 KB              WR = 20.000 KB       
q4_layer_ctrl:m_axi_norm-HBM[4]          RD = 40.000 KB              WR = 0.000 KB        
q4_layer_ctrl:m_axi_rope-HBM[5]          RD = 160.000 KB             WR = 0.000 KB        

Data transfer on stream interfaces
q4_layer_ctrl:activation_stream0-->PIPE               2647.969 KB     
q4_layer_ctrl:activation_stream1-->PIPE               2647.969 KB     
PIPE-->q4_layer_ctrl:out_stream0               1613.500 KB     
q4_layer_ctrl:activation_stream2-->PIPE               2503.969 KB     
PIPE-->q4_layer_ctrl:out_stream1               1613.500 KB     
PIPE-->q4_layer_ctrl:out_stream2               1550.500 KB     
PIPE-->q4_layer_ctrl:out_stream3               1550.500 KB     
q4_layer_ctrl:task_stream0-->PIPE               5.047 KB        
q4_layer_ctrl:task_stream1-->PIPE               5.047 KB        
q4_layer_ctrl:task_stream2-->PIPE               4.766 KB        
q4_layer_ctrl:task_stream3-->PIPE               4.766 KB        
q4_layer_ctrl:vector_stream0a-->PIPE               526.500 KB      
q4_layer_ctrl:vector_stream0b-->PIPE               461.500 KB      
q4_layer_ctrl:vector_stream1a-->PIPE               526.500 KB      
q4_layer_ctrl:activation_stream3-->PIPE               2503.969 KB     
q4_layer_ctrl:vector_stream1b-->PIPE               461.500 KB      
q4_layer_ctrl:vector_stream2a-->PIPE               526.500 KB      

INFO::[ Vitis-EM 22 ] [Time elapsed: 254 minute(s) 54 seconds, Emulation time: 5.40809 ms]
Data transfer between kernel(s) and global memory(s)
q4_layer_ctrl:m_axi_scales-HBM[6]          RD = 0.531 KB               WR = 0.000 KB        
q4_layer_ctrl:m_axi_weight0a-HBM[8]          RD = 21571.500 KB           WR = 0.000 KB        
q4_layer_ctrl:m_axi_weight0b-HBM[9]          RD = 21571.500 KB           WR = 0.000 KB        
q4_layer_ctrl:m_axi_weight1a-HBM[10]          RD = 21571.500 KB           WR = 0.000 KB        
q4_layer_ctrl:m_axi_weight1b-HBM[11]          RD = 21571.500 KB           WR = 0.000 KB        
q4_layer_ctrl:m_axi_weight2a-HBM[12]          RD = 20355.500 KB           WR = 0.000 KB        
q4_layer_ctrl:m_axi_weight2b-HBM[13]          RD = 20355.500 KB           WR = 0.000 KB        
q4_layer_ctrl:m_axi_weight3a-HBM[14]          RD = 20355.500 KB           WR = 0.000 KB        
q4_layer_ctrl:m_axi_weight3b-HBM[15]          RD = 20355.500 KB           WR = 0.000 KB        
q4_layer_ctrl:m_axi_hidden_in-HBM[0]          RD = 160.000 KB             WR = 0.000 KB        
q4_layer_ctrl:m_axi_hidden_out-HBM[1]          RD = 0.000 KB               WR = 128.000 KB      
q4_layer_ctrl:m_axi_kv_k-HBM[2]          RD = 60.000 KB              WR = 20.000 KB       
q4_layer_ctrl:m_axi_kv_v-HBM[3]          RD = 60.000 KB              WR = 20.000 KB       
q4_layer_ctrl:m_axi_norm-HBM[4]          RD = 40.000 KB              WR = 0.000 KB        
q4_layer_ctrl:m_axi_rope-HBM[5]          RD = 160.000 KB             WR = 0.000 KB        

Data transfer on stream interfaces
q4_layer_ctrl:activation_stream0-->PIPE               2707.875 KB     
q4_layer_ctrl:activation_stream1-->PIPE               2707.875 KB     
PIPE-->q4_layer_ctrl:out_stream0               1638.000 KB     
q4_layer_ctrl:activation_stream2-->PIPE               2555.875 KB     
PIPE-->q4_layer_ctrl:out_stream1               1638.000 KB     
PIPE-->q4_layer_ctrl:out_stream2               1571.500 KB     
PIPE-->q4_layer_ctrl:out_stream3               1571.500 KB     
q4_layer_ctrl:task_stream0-->PIPE               5.172 KB        
q4_layer_ctrl:task_stream1-->PIPE               5.172 KB        
q4_layer_ctrl:task_stream2-->PIPE               4.875 KB        
q4_layer_ctrl:task_stream3-->PIPE               4.875 KB        
q4_layer_ctrl:vector_stream0a-->PIPE               526.500 KB      
q4_layer_ctrl:vector_stream0b-->PIPE               461.500 KB      
q4_layer_ctrl:vector_stream1a-->PIPE               526.500 KB      
q4_layer_ctrl:activation_stream3-->PIPE               2555.875 KB     
q4_layer_ctrl:vector_stream1b-->PIPE               461.500 KB      
q4_layer_ctrl:vector_stream2a-->PIPE               526.500 KB      

INFO::[ Vitis-EM 22 ] [Time elapsed: 260 minute(s) 41 seconds, Emulation time: 5.47334 ms]
Data transfer between kernel(s) and global memory(s)
q4_layer_ctrl:m_axi_scales-HBM[6]          RD = 0.531 KB               WR = 0.000 KB        
q4_layer_ctrl:m_axi_weight0a-HBM[8]          RD = 22153.000 KB           WR = 0.000 KB        
q4_layer_ctrl:m_axi_weight0b-HBM[9]          RD = 22153.000 KB           WR = 0.000 KB        
q4_layer_ctrl:m_axi_weight1a-HBM[10]          RD = 22153.000 KB           WR = 0.000 KB        
q4_layer_ctrl:m_axi_weight1b-HBM[11]          RD = 22153.000 KB           WR = 0.000 KB        
q4_layer_ctrl:m_axi_weight2a-HBM[12]          RD = 20937.000 KB           WR = 0.000 KB        
q4_layer_ctrl:m_axi_weight2b-HBM[13]          RD = 20937.000 KB           WR = 0.000 KB        
q4_layer_ctrl:m_axi_weight3a-HBM[14]          RD = 20937.000 KB           WR = 0.000 KB        
q4_layer_ctrl:m_axi_weight3b-HBM[15]          RD = 20937.000 KB           WR = 0.000 KB        
q4_layer_ctrl:m_axi_hidden_in-HBM[0]          RD = 160.000 KB             WR = 0.000 KB        
q4_layer_ctrl:m_axi_hidden_out-HBM[1]          RD = 0.000 KB               WR = 128.000 KB      
q4_layer_ctrl:m_axi_kv_k-HBM[2]          RD = 60.000 KB              WR = 20.000 KB       
q4_layer_ctrl:m_axi_kv_v-HBM[3]          RD = 60.000 KB              WR = 20.000 KB       
q4_layer_ctrl:m_axi_norm-HBM[4]          RD = 40.000 KB              WR = 0.000 KB        
q4_layer_ctrl:m_axi_rope-HBM[5]          RD = 160.000 KB             WR = 0.000 KB        

Data transfer on stream interfaces
q4_layer_ctrl:activation_stream0-->PIPE               2780.391 KB     
q4_layer_ctrl:activation_stream1-->PIPE               2780.391 KB     
PIPE-->q4_layer_ctrl:out_stream0               1672.672 KB     
q4_layer_ctrl:activation_stream2-->PIPE               2628.391 KB     
PIPE-->q4_layer_ctrl:out_stream1               1672.672 KB     
PIPE-->q4_layer_ctrl:out_stream2               1606.172 KB     
PIPE-->q4_layer_ctrl:out_stream3               1606.172 KB     
q4_layer_ctrl:task_stream0-->PIPE               5.312 KB        
q4_layer_ctrl:task_stream1-->PIPE               5.312 KB        
q4_layer_ctrl:task_stream2-->PIPE               5.016 KB        
q4_layer_ctrl:task_stream3-->PIPE               5.016 KB        
q4_layer_ctrl:vector_stream0a-->PIPE               526.500 KB      
q4_layer_ctrl:vector_stream0b-->PIPE               461.500 KB      
q4_layer_ctrl:vector_stream1a-->PIPE               526.500 KB      
q4_layer_ctrl:activation_stream3-->PIPE               2628.391 KB     
q4_layer_ctrl:vector_stream1b-->PIPE               461.500 KB      
q4_layer_ctrl:vector_stream2a-->PIPE               526.500 KB      

INFO::[ Vitis-EM 22 ] [Time elapsed: 278 minute(s) 45 seconds, Emulation time: 5.78203 ms]
Data transfer between kernel(s) and global memory(s)
q4_layer_ctrl:m_axi_scales-HBM[6]          RD = 0.547 KB               WR = 0.000 KB        
q4_layer_ctrl:m_axi_weight0a-HBM[8]          RD = 23931.500 KB           WR = 0.000 KB        
q4_layer_ctrl:m_axi_weight0b-HBM[9]          RD = 23931.500 KB           WR = 0.000 KB        
q4_layer_ctrl:m_axi_weight1a-HBM[10]          RD = 23931.500 KB           WR = 0.000 KB        
q4_layer_ctrl:m_axi_weight1b-HBM[11]          RD = 23931.500 KB           WR = 0.000 KB        
q4_layer_ctrl:m_axi_weight2a-HBM[12]          RD = 22651.500 KB           WR = 0.000 KB        
q4_layer_ctrl:m_axi_weight2b-HBM[13]          RD = 22651.500 KB           WR = 0.000 KB        
q4_layer_ctrl:m_axi_weight3a-HBM[14]          RD = 22651.500 KB           WR = 0.000 KB        
q4_layer_ctrl:m_axi_weight3b-HBM[15]          RD = 22651.500 KB           WR = 0.000 KB        
q4_layer_ctrl:m_axi_hidden_in-HBM[0]          RD = 160.000 KB             WR = 0.000 KB        
q4_layer_ctrl:m_axi_hidden_out-HBM[1]          RD = 0.000 KB               WR = 128.000 KB      
q4_layer_ctrl:m_axi_kv_k-HBM[2]          RD = 60.000 KB              WR = 20.000 KB       
q4_layer_ctrl:m_axi_kv_v-HBM[3]          RD = 60.000 KB              WR = 20.000 KB       
q4_layer_ctrl:m_axi_norm-HBM[4]          RD = 40.000 KB              WR = 0.000 KB        
q4_layer_ctrl:m_axi_rope-HBM[5]          RD = 160.000 KB             WR = 0.000 KB        

Data transfer on stream interfaces
q4_layer_ctrl:activation_stream0-->PIPE               3002.859 KB     
q4_layer_ctrl:activation_stream1-->PIPE               3002.859 KB     
PIPE-->q4_layer_ctrl:out_stream0               1793.750 KB     
q4_layer_ctrl:activation_stream2-->PIPE               2842.859 KB     
PIPE-->q4_layer_ctrl:out_stream1               1793.750 KB     
PIPE-->q4_layer_ctrl:out_stream2               1723.750 KB     
PIPE-->q4_layer_ctrl:out_stream3               1723.750 KB     
q4_layer_ctrl:task_stream0-->PIPE               5.531 KB        
q4_layer_ctrl:task_stream1-->PIPE               5.531 KB        
q4_layer_ctrl:task_stream2-->PIPE               5.219 KB        
q4_layer_ctrl:task_stream3-->PIPE               5.219 KB        
q4_layer_ctrl:vector_stream0a-->PIPE               596.375 KB      
q4_layer_ctrl:vector_stream0b-->PIPE               531.375 KB      
q4_layer_ctrl:vector_stream1a-->PIPE               596.375 KB      
q4_layer_ctrl:activation_stream3-->PIPE               2842.859 KB     
q4_layer_ctrl:vector_stream1b-->PIPE               531.375 KB      
q4_layer_ctrl:vector_stream2a-->PIPE               596.375 KB      

INFO::[ Vitis-EM 22 ] [Time elapsed: 279 minute(s) 2 seconds, Emulation time: 5.78505 ms]
Data transfer between kernel(s) and global memory(s)
q4_layer_ctrl:m_axi_scales-HBM[6]          RD = 0.547 KB               WR = 0.000 KB        
q4_layer_ctrl:m_axi_weight0a-HBM[8]          RD = 23960.000 KB           WR = 0.000 KB        
q4_layer_ctrl:m_axi_weight0b-HBM[9]          RD = 23960.000 KB           WR = 0.000 KB        
q4_layer_ctrl:m_axi_weight1a-HBM[10]          RD = 23960.000 KB           WR = 0.000 KB        
q4_layer_ctrl:m_axi_weight1b-HBM[11]          RD = 23960.000 KB           WR = 0.000 KB        
q4_layer_ctrl:m_axi_weight2a-HBM[12]          RD = 22680.000 KB           WR = 0.000 KB        
q4_layer_ctrl:m_axi_weight2b-HBM[13]          RD = 22680.000 KB           WR = 0.000 KB        
q4_layer_ctrl:m_axi_weight3a-HBM[14]          RD = 22680.000 KB           WR = 0.000 KB        
q4_layer_ctrl:m_axi_weight3b-HBM[15]          RD = 22680.000 KB           WR = 0.000 KB        
q4_layer_ctrl:m_axi_hidden_in-HBM[0]          RD = 160.000 KB             WR = 0.000 KB        
q4_layer_ctrl:m_axi_hidden_out-HBM[1]          RD = 0.000 KB               WR = 128.000 KB      
q4_layer_ctrl:m_axi_kv_k-HBM[2]          RD = 60.000 KB              WR = 20.000 KB       
q4_layer_ctrl:m_axi_kv_v-HBM[3]          RD = 60.000 KB              WR = 20.000 KB       
q4_layer_ctrl:m_axi_norm-HBM[4]          RD = 40.000 KB              WR = 0.000 KB        
q4_layer_ctrl:m_axi_rope-HBM[5]          RD = 160.000 KB             WR = 0.000 KB        

Data transfer on stream interfaces
q4_layer_ctrl:activation_stream0-->PIPE               3006.391 KB     
q4_layer_ctrl:activation_stream1-->PIPE               3006.391 KB     
PIPE-->q4_layer_ctrl:out_stream0               1793.750 KB     
q4_layer_ctrl:activation_stream2-->PIPE               2846.391 KB     
PIPE-->q4_layer_ctrl:out_stream1               1793.750 KB     
PIPE-->q4_layer_ctrl:out_stream2               1723.750 KB     
PIPE-->q4_layer_ctrl:out_stream3               1723.750 KB     
q4_layer_ctrl:task_stream0-->PIPE               5.531 KB        
q4_layer_ctrl:task_stream1-->PIPE               5.531 KB        
q4_layer_ctrl:task_stream2-->PIPE               5.219 KB        
q4_layer_ctrl:task_stream3-->PIPE               5.219 KB        
q4_layer_ctrl:vector_stream0a-->PIPE               596.375 KB      
q4_layer_ctrl:vector_stream0b-->PIPE               531.375 KB      
q4_layer_ctrl:vector_stream1a-->PIPE               596.375 KB      
q4_layer_ctrl:activation_stream3-->PIPE               2846.391 KB     
q4_layer_ctrl:vector_stream1b-->PIPE               531.375 KB      
q4_layer_ctrl:vector_stream2a-->PIPE               596.375 KB      

INFO::[ Vitis-EM 22 ] [Time elapsed: 279 minute(s) 49 seconds, Emulation time: 5.79308 ms]
Data transfer between kernel(s) and global memory(s)
q4_layer_ctrl:m_axi_scales-HBM[6]          RD = 0.547 KB               WR = 0.000 KB        
q4_layer_ctrl:m_axi_weight0a-HBM[8]          RD = 24035.000 KB           WR = 0.000 KB        
q4_layer_ctrl:m_axi_weight0b-HBM[9]          RD = 24035.000 KB           WR = 0.000 KB        
q4_layer_ctrl:m_axi_weight1a-HBM[10]          RD = 24035.000 KB           WR = 0.000 KB        
q4_layer_ctrl:m_axi_weight1b-HBM[11]          RD = 24035.000 KB           WR = 0.000 KB        
q4_layer_ctrl:m_axi_weight2a-HBM[12]          RD = 22755.000 KB           WR = 0.000 KB        
q4_layer_ctrl:m_axi_weight2b-HBM[13]          RD = 22755.000 KB           WR = 0.000 KB        
q4_layer_ctrl:m_axi_weight3a-HBM[14]          RD = 22755.000 KB           WR = 0.000 KB        
q4_layer_ctrl:m_axi_weight3b-HBM[15]          RD = 22755.000 KB           WR = 0.000 KB        
q4_layer_ctrl:m_axi_hidden_in-HBM[0]          RD = 160.000 KB             WR = 0.000 KB        
q4_layer_ctrl:m_axi_hidden_out-HBM[1]          RD = 0.000 KB               WR = 128.000 KB      
q4_layer_ctrl:m_axi_kv_k-HBM[2]          RD = 60.000 KB              WR = 20.000 KB       
q4_layer_ctrl:m_axi_kv_v-HBM[3]          RD = 60.000 KB              WR = 20.000 KB       
q4_layer_ctrl:m_axi_norm-HBM[4]          RD = 40.000 KB              WR = 0.000 KB        
q4_layer_ctrl:m_axi_rope-HBM[5]          RD = 160.000 KB             WR = 0.000 KB        

Data transfer on stream interfaces
q4_layer_ctrl:activation_stream0-->PIPE               3015.797 KB     
q4_layer_ctrl:activation_stream1-->PIPE               3015.797 KB     
PIPE-->q4_layer_ctrl:out_stream0               1793.750 KB     
q4_layer_ctrl:activation_stream2-->PIPE               2855.797 KB     
PIPE-->q4_layer_ctrl:out_stream1               1793.750 KB     
PIPE-->q4_layer_ctrl:out_stream2               1723.750 KB     
PIPE-->q4_layer_ctrl:out_stream3               1723.750 KB     
q4_layer_ctrl:task_stream0-->PIPE               5.531 KB        
q4_layer_ctrl:task_stream1-->PIPE               5.531 KB        
q4_layer_ctrl:task_stream2-->PIPE               5.219 KB        
q4_layer_ctrl:task_stream3-->PIPE               5.219 KB        
q4_layer_ctrl:vector_stream0a-->PIPE               596.375 KB      
q4_layer_ctrl:vector_stream0b-->PIPE               531.375 KB      
q4_layer_ctrl:vector_stream1a-->PIPE               596.375 KB      
q4_layer_ctrl:activation_stream3-->PIPE               2855.797 KB     
q4_layer_ctrl:vector_stream1b-->PIPE               531.375 KB      
q4_layer_ctrl:vector_stream2a-->PIPE               596.375 KB      

INFO::[ Vitis-EM 22 ] [Time elapsed: 281 minute(s) 41 seconds, Emulation time: 5.83971 ms]
Data transfer between kernel(s) and global memory(s)
q4_layer_ctrl:m_axi_scales-HBM[6]          RD = 0.547 KB               WR = 0.000 KB        
q4_layer_ctrl:m_axi_weight0a-HBM[8]          RD = 24160.000 KB           WR = 0.000 KB        
q4_layer_ctrl:m_axi_weight0b-HBM[9]          RD = 24160.000 KB           WR = 0.000 KB        
q4_layer_ctrl:m_axi_weight1a-HBM[10]          RD = 24160.000 KB           WR = 0.000 KB        
q4_layer_ctrl:m_axi_weight1b-HBM[11]          RD = 24160.000 KB           WR = 0.000 KB        
q4_layer_ctrl:m_axi_weight2a-HBM[12]          RD = 22880.000 KB           WR = 0.000 KB        
q4_layer_ctrl:m_axi_weight2b-HBM[13]          RD = 22880.000 KB           WR = 0.000 KB        
q4_layer_ctrl:m_axi_weight3a-HBM[14]          RD = 22880.000 KB           WR = 0.000 KB        
q4_layer_ctrl:m_axi_weight3b-HBM[15]          RD = 22880.000 KB           WR = 0.000 KB        
q4_layer_ctrl:m_axi_hidden_in-HBM[0]          RD = 192.000 KB             WR = 0.000 KB        
q4_layer_ctrl:m_axi_hidden_out-HBM[1]          RD = 0.000 KB               WR = 160.000 KB      
q4_layer_ctrl:m_axi_kv_k-HBM[2]          RD = 60.000 KB              WR = 20.000 KB       
q4_layer_ctrl:m_axi_kv_v-HBM[3]          RD = 60.000 KB              WR = 20.000 KB       
q4_layer_ctrl:m_axi_norm-HBM[4]          RD = 44.000 KB              WR = 0.000 KB        
q4_layer_ctrl:m_axi_rope-HBM[5]          RD = 160.000 KB             WR = 0.000 KB        

Data transfer on stream interfaces
q4_layer_ctrl:activation_stream0-->PIPE               3031.875 KB     
q4_layer_ctrl:activation_stream1-->PIPE               3031.875 KB     
PIPE-->q4_layer_ctrl:out_stream0               1811.250 KB     
q4_layer_ctrl:activation_stream2-->PIPE               2871.875 KB     
PIPE-->q4_layer_ctrl:out_stream1               1811.250 KB     
PIPE-->q4_layer_ctrl:out_stream2               1741.250 KB     
PIPE-->q4_layer_ctrl:out_stream3               1741.250 KB     
q4_layer_ctrl:task_stream0-->PIPE               5.562 KB        
q4_layer_ctrl:task_stream1-->PIPE               5.562 KB        
q4_layer_ctrl:task_stream2-->PIPE               5.250 KB        
q4_layer_ctrl:task_stream3-->PIPE               5.250 KB        
q4_layer_ctrl:vector_stream0a-->PIPE               613.438 KB      
q4_layer_ctrl:vector_stream0b-->PIPE               550.875 KB      
q4_layer_ctrl:vector_stream1a-->PIPE               613.438 KB      
q4_layer_ctrl:activation_stream3-->PIPE               2871.875 KB     
q4_layer_ctrl:vector_stream1b-->PIPE               550.875 KB      
q4_layer_ctrl:vector_stream2a-->PIPE               613.438 KB      

INFO::[ Vitis-EM 22 ] [Time elapsed: 281 minute(s) 59 seconds, Emulation time: 5.85703 ms]
Data transfer between kernel(s) and global memory(s)
q4_layer_ctrl:m_axi_scales-HBM[6]          RD = 0.547 KB               WR = 0.000 KB        
q4_layer_ctrl:m_axi_weight0a-HBM[8]          RD = 24160.000 KB           WR = 0.000 KB        
q4_layer_ctrl:m_axi_weight0b-HBM[9]          RD = 24160.000 KB           WR = 0.000 KB        
q4_layer_ctrl:m_axi_weight1a-HBM[10]          RD = 24160.000 KB           WR = 0.000 KB        
q4_layer_ctrl:m_axi_weight1b-HBM[11]          RD = 24160.000 KB           WR = 0.000 KB        
q4_layer_ctrl:m_axi_weight2a-HBM[12]          RD = 22880.000 KB           WR = 0.000 KB        
q4_layer_ctrl:m_axi_weight2b-HBM[13]          RD = 22880.000 KB           WR = 0.000 KB        
q4_layer_ctrl:m_axi_weight3a-HBM[14]          RD = 22880.000 KB           WR = 0.000 KB        
q4_layer_ctrl:m_axi_weight3b-HBM[15]          RD = 22880.000 KB           WR = 0.000 KB        
q4_layer_ctrl:m_axi_hidden_in-HBM[0]          RD = 192.000 KB             WR = 0.000 KB        
q4_layer_ctrl:m_axi_hidden_out-HBM[1]          RD = 0.000 KB               WR = 160.000 KB      
q4_layer_ctrl:m_axi_kv_k-HBM[2]          RD = 60.000 KB              WR = 20.000 KB       
q4_layer_ctrl:m_axi_kv_v-HBM[3]          RD = 60.000 KB              WR = 20.000 KB       
q4_layer_ctrl:m_axi_norm-HBM[4]          RD = 44.000 KB              WR = 0.000 KB        
q4_layer_ctrl:m_axi_rope-HBM[5]          RD = 160.000 KB             WR = 0.000 KB        

Data transfer on stream interfaces
q4_layer_ctrl:activation_stream0-->PIPE               3031.875 KB     
q4_layer_ctrl:activation_stream1-->PIPE               3031.875 KB     
PIPE-->q4_layer_ctrl:out_stream0               1813.930 KB     
q4_layer_ctrl:activation_stream2-->PIPE               2871.875 KB     
PIPE-->q4_layer_ctrl:out_stream1               1813.930 KB     
PIPE-->q4_layer_ctrl:out_stream2               1743.930 KB     
PIPE-->q4_layer_ctrl:out_stream3               1743.930 KB     
q4_layer_ctrl:task_stream0-->PIPE               5.562 KB        
q4_layer_ctrl:task_stream1-->PIPE               5.562 KB        
q4_layer_ctrl:task_stream2-->PIPE               5.250 KB        
q4_layer_ctrl:task_stream3-->PIPE               5.250 KB        
q4_layer_ctrl:vector_stream0a-->PIPE               617.754 KB      
q4_layer_ctrl:vector_stream0b-->PIPE               550.875 KB      
q4_layer_ctrl:vector_stream1a-->PIPE               617.754 KB      
q4_layer_ctrl:activation_stream3-->PIPE               2871.875 KB     
q4_layer_ctrl:vector_stream1b-->PIPE               550.875 KB      
q4_layer_ctrl:vector_stream2a-->PIPE               617.754 KB      

INFO::[ Vitis-EM 22 ] [Time elapsed: 282 minute(s) 10 seconds, Emulation time: 5.86724 ms]
Data transfer between kernel(s) and global memory(s)
q4_layer_ctrl:m_axi_scales-HBM[6]          RD = 0.547 KB               WR = 0.000 KB        
q4_layer_ctrl:m_axi_weight0a-HBM[8]          RD = 24160.000 KB           WR = 0.000 KB        
q4_layer_ctrl:m_axi_weight0b-HBM[9]          RD = 24160.000 KB           WR = 0.000 KB        
q4_layer_ctrl:m_axi_weight1a-HBM[10]          RD = 24160.000 KB           WR = 0.000 KB        
q4_layer_ctrl:m_axi_weight1b-HBM[11]          RD = 24160.000 KB           WR = 0.000 KB        
q4_layer_ctrl:m_axi_weight2a-HBM[12]          RD = 22880.000 KB           WR = 0.000 KB        
q4_layer_ctrl:m_axi_weight2b-HBM[13]          RD = 22880.000 KB           WR = 0.000 KB        
q4_layer_ctrl:m_axi_weight3a-HBM[14]          RD = 22880.000 KB           WR = 0.000 KB        
q4_layer_ctrl:m_axi_weight3b-HBM[15]          RD = 22880.000 KB           WR = 0.000 KB        
q4_layer_ctrl:m_axi_hidden_in-HBM[0]          RD = 192.000 KB             WR = 0.000 KB        
q4_layer_ctrl:m_axi_hidden_out-HBM[1]          RD = 0.000 KB               WR = 160.000 KB      
q4_layer_ctrl:m_axi_kv_k-HBM[2]          RD = 60.000 KB              WR = 20.000 KB       
q4_layer_ctrl:m_axi_kv_v-HBM[3]          RD = 60.000 KB              WR = 20.000 KB       
q4_layer_ctrl:m_axi_norm-HBM[4]          RD = 44.000 KB              WR = 0.000 KB        
q4_layer_ctrl:m_axi_rope-HBM[5]          RD = 160.000 KB             WR = 0.000 KB        

Data transfer on stream interfaces
q4_layer_ctrl:activation_stream0-->PIPE               3031.875 KB     
q4_layer_ctrl:activation_stream1-->PIPE               3031.875 KB     
PIPE-->q4_layer_ctrl:out_stream0               1818.250 KB     
q4_layer_ctrl:activation_stream2-->PIPE               2871.875 KB     
PIPE-->q4_layer_ctrl:out_stream1               1818.250 KB     
PIPE-->q4_layer_ctrl:out_stream2               1748.250 KB     
PIPE-->q4_layer_ctrl:out_stream3               1748.250 KB     
q4_layer_ctrl:task_stream0-->PIPE               5.562 KB        
q4_layer_ctrl:task_stream1-->PIPE               5.562 KB        
q4_layer_ctrl:task_stream2-->PIPE               5.250 KB        
q4_layer_ctrl:task_stream3-->PIPE               5.250 KB        
q4_layer_ctrl:vector_stream0a-->PIPE               617.754 KB      
q4_layer_ctrl:vector_stream0b-->PIPE               550.875 KB      
q4_layer_ctrl:vector_stream1a-->PIPE               617.754 KB      
q4_layer_ctrl:activation_stream3-->PIPE               2871.875 KB     
q4_layer_ctrl:vector_stream1b-->PIPE               550.875 KB      
q4_layer_ctrl:vector_stream2a-->PIPE               617.754 KB      

INFO::[ Vitis-EM 22 ] [Time elapsed: 284 minute(s) 15 seconds, Emulation time: 5.91894 ms]
Data transfer between kernel(s) and global memory(s)
q4_layer_ctrl:m_axi_scales-HBM[6]          RD = 0.562 KB               WR = 0.000 KB        
q4_layer_ctrl:m_axi_weight0a-HBM[8]          RD = 24311.000 KB           WR = 0.000 KB        
q4_layer_ctrl:m_axi_weight0b-HBM[9]          RD = 24311.000 KB           WR = 0.000 KB        
q4_layer_ctrl:m_axi_weight1a-HBM[10]          RD = 24311.000 KB           WR = 0.000 KB        
q4_layer_ctrl:m_axi_weight1b-HBM[11]          RD = 24311.000 KB           WR = 0.000 KB        
q4_layer_ctrl:m_axi_weight2a-HBM[12]          RD = 23031.000 KB           WR = 0.000 KB        
q4_layer_ctrl:m_axi_weight2b-HBM[13]          RD = 23031.000 KB           WR = 0.000 KB        
q4_layer_ctrl:m_axi_weight3a-HBM[14]          RD = 23031.000 KB           WR = 0.000 KB        
q4_layer_ctrl:m_axi_weight3b-HBM[15]          RD = 23031.000 KB           WR = 0.000 KB        
q4_layer_ctrl:m_axi_hidden_in-HBM[0]          RD = 192.000 KB             WR = 0.000 KB        
q4_layer_ctrl:m_axi_hidden_out-HBM[1]          RD = 0.000 KB               WR = 160.000 KB      
q4_layer_ctrl:m_axi_kv_k-HBM[2]          RD = 60.000 KB              WR = 20.000 KB       
q4_layer_ctrl:m_axi_kv_v-HBM[3]          RD = 60.000 KB              WR = 20.000 KB       
q4_layer_ctrl:m_axi_norm-HBM[4]          RD = 44.000 KB              WR = 0.000 KB        
q4_layer_ctrl:m_axi_rope-HBM[5]          RD = 160.000 KB             WR = 0.000 KB        

Data transfer on stream interfaces
q4_layer_ctrl:activation_stream0-->PIPE               3050.293 KB     
q4_layer_ctrl:activation_stream1-->PIPE               3050.293 KB     
PIPE-->q4_layer_ctrl:out_stream0               1832.250 KB     
q4_layer_ctrl:activation_stream2-->PIPE               2890.293 KB     
PIPE-->q4_layer_ctrl:out_stream1               1832.250 KB     
PIPE-->q4_layer_ctrl:out_stream2               1762.250 KB     
PIPE-->q4_layer_ctrl:out_stream3               1762.250 KB     
q4_layer_ctrl:task_stream0-->PIPE               5.609 KB        
q4_layer_ctrl:task_stream1-->PIPE               5.609 KB        
q4_layer_ctrl:task_stream2-->PIPE               5.297 KB        
q4_layer_ctrl:task_stream3-->PIPE               5.297 KB        
q4_layer_ctrl:vector_stream0a-->PIPE               622.375 KB      
q4_layer_ctrl:vector_stream0b-->PIPE               550.875 KB      
q4_layer_ctrl:vector_stream1a-->PIPE               622.375 KB      
q4_layer_ctrl:activation_stream3-->PIPE               2890.293 KB     
q4_layer_ctrl:vector_stream1b-->PIPE               550.875 KB      
q4_layer_ctrl:vector_stream2a-->PIPE               622.375 KB      

INFO::[ Vitis-EM 22 ] [Time elapsed: 285 minute(s) 49 seconds, Emulation time: 5.94311 ms]
Data transfer between kernel(s) and global memory(s)
q4_layer_ctrl:m_axi_scales-HBM[6]          RD = 0.578 KB               WR = 0.000 KB        
q4_layer_ctrl:m_axi_weight0a-HBM[8]          RD = 24480.000 KB           WR = 0.000 KB        
q4_layer_ctrl:m_axi_weight0b-HBM[9]          RD = 24480.000 KB           WR = 0.000 KB        
q4_layer_ctrl:m_axi_weight1a-HBM[10]          RD = 24480.000 KB           WR = 0.000 KB        
q4_layer_ctrl:m_axi_weight1b-HBM[11]          RD = 24480.000 KB           WR = 0.000 KB        
q4_layer_ctrl:m_axi_weight2a-HBM[12]          RD = 23136.000 KB           WR = 0.000 KB        
q4_layer_ctrl:m_axi_weight2b-HBM[13]          RD = 23136.000 KB           WR = 0.000 KB        
q4_layer_ctrl:m_axi_weight3a-HBM[14]          RD = 23136.000 KB           WR = 0.000 KB        
q4_layer_ctrl:m_axi_weight3b-HBM[15]          RD = 23136.000 KB           WR = 0.000 KB        
q4_layer_ctrl:m_axi_hidden_in-HBM[0]          RD = 192.000 KB             WR = 0.000 KB        
q4_layer_ctrl:m_axi_hidden_out-HBM[1]          RD = 0.000 KB               WR = 160.000 KB      
q4_layer_ctrl:m_axi_kv_k-HBM[2]          RD = 60.000 KB              WR = 20.000 KB       
q4_layer_ctrl:m_axi_kv_v-HBM[3]          RD = 60.000 KB              WR = 20.000 KB       
q4_layer_ctrl:m_axi_norm-HBM[4]          RD = 44.000 KB              WR = 0.000 KB        
q4_layer_ctrl:m_axi_rope-HBM[5]          RD = 160.000 KB             WR = 0.000 KB        

Data transfer on stream interfaces
q4_layer_ctrl:activation_stream0-->PIPE               3071.875 KB     
q4_layer_ctrl:activation_stream1-->PIPE               3071.875 KB     
PIPE-->q4_layer_ctrl:out_stream0               1841.219 KB     
q4_layer_ctrl:activation_stream2-->PIPE               2903.875 KB     
PIPE-->q4_layer_ctrl:out_stream1               1841.219 KB     
PIPE-->q4_layer_ctrl:out_stream2               1769.250 KB     
PIPE-->q4_layer_ctrl:out_stream3               1769.250 KB     
q4_layer_ctrl:task_stream0-->PIPE               5.641 KB        
q4_layer_ctrl:task_stream1-->PIPE               5.641 KB        
q4_layer_ctrl:task_stream2-->PIPE               5.312 KB        
q4_layer_ctrl:task_stream3-->PIPE               5.312 KB        
q4_layer_ctrl:vector_stream0a-->PIPE               622.375 KB      
q4_layer_ctrl:vector_stream0b-->PIPE               550.875 KB      
q4_layer_ctrl:vector_stream1a-->PIPE               622.375 KB      
q4_layer_ctrl:activation_stream3-->PIPE               2903.875 KB     
q4_layer_ctrl:vector_stream1b-->PIPE               550.875 KB      
q4_layer_ctrl:vector_stream2a-->PIPE               622.375 KB      

INFO::[ Vitis-EM 22 ] [Time elapsed: 286 minute(s) 21 seconds, Emulation time: 5.95934 ms]
Data transfer between kernel(s) and global memory(s)
q4_layer_ctrl:m_axi_scales-HBM[6]          RD = 0.594 KB               WR = 0.000 KB        
q4_layer_ctrl:m_axi_weight0a-HBM[8]          RD = 24544.000 KB           WR = 0.000 KB        
q4_layer_ctrl:m_axi_weight0b-HBM[9]          RD = 24544.000 KB           WR = 0.000 KB        
q4_layer_ctrl:m_axi_weight1a-HBM[10]          RD = 24544.000 KB           WR = 0.000 KB        
q4_layer_ctrl:m_axi_weight1b-HBM[11]          RD = 24544.000 KB           WR = 0.000 KB        
q4_layer_ctrl:m_axi_weight2a-HBM[12]          RD = 23136.000 KB           WR = 0.000 KB        
q4_layer_ctrl:m_axi_weight2b-HBM[13]          RD = 23136.000 KB           WR = 0.000 KB        
q4_layer_ctrl:m_axi_weight3a-HBM[14]          RD = 23136.000 KB           WR = 0.000 KB        
q4_layer_ctrl:m_axi_weight3b-HBM[15]          RD = 23136.000 KB           WR = 0.000 KB        
q4_layer_ctrl:m_axi_hidden_in-HBM[0]          RD = 192.000 KB             WR = 0.000 KB        
q4_layer_ctrl:m_axi_hidden_out-HBM[1]          RD = 0.000 KB               WR = 160.000 KB      
q4_layer_ctrl:m_axi_kv_k-HBM[2]          RD = 60.000 KB              WR = 20.000 KB       
q4_layer_ctrl:m_axi_kv_v-HBM[3]          RD = 60.000 KB              WR = 20.000 KB       
q4_layer_ctrl:m_axi_norm-HBM[4]          RD = 44.000 KB              WR = 0.000 KB        
q4_layer_ctrl:m_axi_rope-HBM[5]          RD = 164.000 KB             WR = 0.000 KB        

Data transfer on stream interfaces
q4_layer_ctrl:activation_stream0-->PIPE               3079.875 KB     
q4_layer_ctrl:activation_stream1-->PIPE               3079.875 KB     
PIPE-->q4_layer_ctrl:out_stream0               1846.250 KB     
q4_layer_ctrl:activation_stream2-->PIPE               2903.875 KB     
PIPE-->q4_layer_ctrl:out_stream1               1846.250 KB     
PIPE-->q4_layer_ctrl:out_stream2               1769.250 KB     
PIPE-->q4_layer_ctrl:out_stream3               1769.250 KB     
q4_layer_ctrl:task_stream0-->PIPE               5.656 KB        
q4_layer_ctrl:task_stream1-->PIPE               5.656 KB        
q4_layer_ctrl:task_stream2-->PIPE               5.312 KB        
q4_layer_ctrl:task_stream3-->PIPE               5.312 KB        
q4_layer_ctrl:vector_stream0a-->PIPE               622.375 KB      
q4_layer_ctrl:vector_stream0b-->PIPE               550.875 KB      
q4_layer_ctrl:vector_stream1a-->PIPE               622.375 KB      
q4_layer_ctrl:activation_stream3-->PIPE               2903.875 KB     
q4_layer_ctrl:vector_stream1b-->PIPE               550.875 KB      
q4_layer_ctrl:vector_stream2a-->PIPE               622.375 KB      

INFO::[ Vitis-EM 22 ] [Time elapsed: 287 minute(s) 9 seconds, Emulation time: 6.00729 ms]
Data transfer between kernel(s) and global memory(s)
q4_layer_ctrl:m_axi_scales-HBM[6]          RD = 0.594 KB               WR = 0.000 KB        
q4_layer_ctrl:m_axi_weight0a-HBM[8]          RD = 24544.000 KB           WR = 0.000 KB        
q4_layer_ctrl:m_axi_weight0b-HBM[9]          RD = 24544.000 KB           WR = 0.000 KB        
q4_layer_ctrl:m_axi_weight1a-HBM[10]          RD = 24544.000 KB           WR = 0.000 KB        
q4_layer_ctrl:m_axi_weight1b-HBM[11]          RD = 24544.000 KB           WR = 0.000 KB        
q4_layer_ctrl:m_axi_weight2a-HBM[12]          RD = 23136.000 KB           WR = 0.000 KB        
q4_layer_ctrl:m_axi_weight2b-HBM[13]          RD = 23136.000 KB           WR = 0.000 KB        
q4_layer_ctrl:m_axi_weight3a-HBM[14]          RD = 23136.000 KB           WR = 0.000 KB        
q4_layer_ctrl:m_axi_weight3b-HBM[15]          RD = 23136.000 KB           WR = 0.000 KB        
q4_layer_ctrl:m_axi_hidden_in-HBM[0]          RD = 192.000 KB             WR = 0.000 KB        
q4_layer_ctrl:m_axi_hidden_out-HBM[1]          RD = 0.000 KB               WR = 160.000 KB      
q4_layer_ctrl:m_axi_kv_k-HBM[2]          RD = 60.000 KB              WR = 20.000 KB       
q4_layer_ctrl:m_axi_kv_v-HBM[3]          RD = 60.000 KB              WR = 20.000 KB       
q4_layer_ctrl:m_axi_norm-HBM[4]          RD = 44.000 KB              WR = 0.000 KB        
q4_layer_ctrl:m_axi_rope-HBM[5]          RD = 192.000 KB             WR = 0.000 KB        

Data transfer on stream interfaces
q4_layer_ctrl:activation_stream0-->PIPE               3079.875 KB     
q4_layer_ctrl:activation_stream1-->PIPE               3079.875 KB     
PIPE-->q4_layer_ctrl:out_stream0               1846.250 KB     
q4_layer_ctrl:activation_stream2-->PIPE               2903.875 KB     
PIPE-->q4_layer_ctrl:out_stream1               1846.250 KB     
PIPE-->q4_layer_ctrl:out_stream2               1769.250 KB     
PIPE-->q4_layer_ctrl:out_stream3               1769.250 KB     
q4_layer_ctrl:task_stream0-->PIPE               5.656 KB        
q4_layer_ctrl:task_stream1-->PIPE               5.656 KB        
q4_layer_ctrl:task_stream2-->PIPE               5.312 KB        
q4_layer_ctrl:task_stream3-->PIPE               5.312 KB        
q4_layer_ctrl:vector_stream0a-->PIPE               622.375 KB      
q4_layer_ctrl:vector_stream0b-->PIPE               550.875 KB      
q4_layer_ctrl:vector_stream1a-->PIPE               622.375 KB      
q4_layer_ctrl:activation_stream3-->PIPE               2903.875 KB     
q4_layer_ctrl:vector_stream1b-->PIPE               550.875 KB      
q4_layer_ctrl:vector_stream2a-->PIPE               622.375 KB      

INFO::[ Vitis-EM 22 ] [Time elapsed: 287 minute(s) 59 seconds, Emulation time: 6.05729 ms]
Data transfer between kernel(s) and global memory(s)
q4_layer_ctrl:m_axi_scales-HBM[6]          RD = 0.594 KB               WR = 0.000 KB        
q4_layer_ctrl:m_axi_weight0a-HBM[8]          RD = 24544.000 KB           WR = 0.000 KB        
q4_layer_ctrl:m_axi_weight0b-HBM[9]          RD = 24544.000 KB           WR = 0.000 KB        
q4_layer_ctrl:m_axi_weight1a-HBM[10]          RD = 24544.000 KB           WR = 0.000 KB        
q4_layer_ctrl:m_axi_weight1b-HBM[11]          RD = 24544.000 KB           WR = 0.000 KB        
q4_layer_ctrl:m_axi_weight2a-HBM[12]          RD = 23136.000 KB           WR = 0.000 KB        
q4_layer_ctrl:m_axi_weight2b-HBM[13]          RD = 23136.000 KB           WR = 0.000 KB        
q4_layer_ctrl:m_axi_weight3a-HBM[14]          RD = 23136.000 KB           WR = 0.000 KB        
q4_layer_ctrl:m_axi_weight3b-HBM[15]          RD = 23136.000 KB           WR = 0.000 KB        
q4_layer_ctrl:m_axi_hidden_in-HBM[0]          RD = 192.000 KB             WR = 0.000 KB        
q4_layer_ctrl:m_axi_hidden_out-HBM[1]          RD = 0.000 KB               WR = 160.000 KB      
q4_layer_ctrl:m_axi_kv_k-HBM[2]          RD = 60.000 KB              WR = 24.000 KB       
q4_layer_ctrl:m_axi_kv_v-HBM[3]          RD = 60.000 KB              WR = 24.000 KB       
q4_layer_ctrl:m_axi_norm-HBM[4]          RD = 44.000 KB              WR = 0.000 KB        
q4_layer_ctrl:m_axi_rope-HBM[5]          RD = 192.000 KB             WR = 0.000 KB        

Data transfer on stream interfaces
q4_layer_ctrl:activation_stream0-->PIPE               3079.875 KB     
q4_layer_ctrl:activation_stream1-->PIPE               3079.875 KB     
PIPE-->q4_layer_ctrl:out_stream0               1846.250 KB     
q4_layer_ctrl:activation_stream2-->PIPE               2903.875 KB     
PIPE-->q4_layer_ctrl:out_stream1               1846.250 KB     
PIPE-->q4_layer_ctrl:out_stream2               1769.250 KB     
PIPE-->q4_layer_ctrl:out_stream3               1769.250 KB     
q4_layer_ctrl:task_stream0-->PIPE               5.656 KB        
q4_layer_ctrl:task_stream1-->PIPE               5.656 KB        
q4_layer_ctrl:task_stream2-->PIPE               5.312 KB        
q4_layer_ctrl:task_stream3-->PIPE               5.312 KB        
q4_layer_ctrl:vector_stream0a-->PIPE               622.375 KB      
q4_layer_ctrl:vector_stream0b-->PIPE               550.875 KB      
q4_layer_ctrl:vector_stream1a-->PIPE               622.375 KB      
q4_layer_ctrl:activation_stream3-->PIPE               2903.875 KB     
q4_layer_ctrl:vector_stream1b-->PIPE               550.875 KB      
q4_layer_ctrl:vector_stream2a-->PIPE               622.375 KB      

INFO::[ Vitis-EM 22 ] [Time elapsed: 288 minute(s) 16 seconds, Emulation time: 6.07465 ms]
Data transfer between kernel(s) and global memory(s)
q4_layer_ctrl:m_axi_scales-HBM[6]          RD = 0.594 KB               WR = 0.000 KB        
q4_layer_ctrl:m_axi_weight0a-HBM[8]          RD = 24544.000 KB           WR = 0.000 KB        
q4_layer_ctrl:m_axi_weight0b-HBM[9]          RD = 24544.000 KB           WR = 0.000 KB        
q4_layer_ctrl:m_axi_weight1a-HBM[10]          RD = 24544.000 KB           WR = 0.000 KB        
q4_layer_ctrl:m_axi_weight1b-HBM[11]          RD = 24544.000 KB           WR = 0.000 KB        
q4_layer_ctrl:m_axi_weight2a-HBM[12]          RD = 23136.000 KB           WR = 0.000 KB        
q4_layer_ctrl:m_axi_weight2b-HBM[13]          RD = 23136.000 KB           WR = 0.000 KB        
q4_layer_ctrl:m_axi_weight3a-HBM[14]          RD = 23136.000 KB           WR = 0.000 KB        
q4_layer_ctrl:m_axi_weight3b-HBM[15]          RD = 23136.000 KB           WR = 0.000 KB        
q4_layer_ctrl:m_axi_hidden_in-HBM[0]          RD = 192.000 KB             WR = 0.000 KB        
q4_layer_ctrl:m_axi_hidden_out-HBM[1]          RD = 0.000 KB               WR = 160.000 KB      
q4_layer_ctrl:m_axi_kv_k-HBM[2]          RD = 60.000 KB              WR = 24.000 KB       
q4_layer_ctrl:m_axi_kv_v-HBM[3]          RD = 60.000 KB              WR = 24.000 KB       
q4_layer_ctrl:m_axi_norm-HBM[4]          RD = 44.000 KB              WR = 0.000 KB        
q4_layer_ctrl:m_axi_rope-HBM[5]          RD = 192.000 KB             WR = 0.000 KB        

Data transfer on stream interfaces
q4_layer_ctrl:activation_stream0-->PIPE               3079.875 KB     
q4_layer_ctrl:activation_stream1-->PIPE               3079.875 KB     
PIPE-->q4_layer_ctrl:out_stream0               1846.250 KB     
q4_layer_ctrl:activation_stream2-->PIPE               2903.875 KB     
PIPE-->q4_layer_ctrl:out_stream1               1846.250 KB     
PIPE-->q4_layer_ctrl:out_stream2               1769.250 KB     
PIPE-->q4_layer_ctrl:out_stream3               1769.250 KB     
q4_layer_ctrl:task_stream0-->PIPE               5.656 KB        
q4_layer_ctrl:task_stream1-->PIPE               5.656 KB        
q4_layer_ctrl:task_stream2-->PIPE               5.312 KB        
q4_layer_ctrl:task_stream3-->PIPE               5.312 KB        
q4_layer_ctrl:vector_stream0a-->PIPE               622.375 KB      
q4_layer_ctrl:vector_stream0b-->PIPE               550.875 KB      
q4_layer_ctrl:vector_stream1a-->PIPE               622.375 KB      
q4_layer_ctrl:activation_stream3-->PIPE               2903.875 KB     
q4_layer_ctrl:vector_stream1b-->PIPE               550.875 KB      
q4_layer_ctrl:vector_stream2a-->PIPE               622.375 KB      

INFO::[ Vitis-EM 22 ] [Time elapsed: 288 minute(s) 33 seconds, Emulation time: 6.091 ms]
Data transfer between kernel(s) and global memory(s)
q4_layer_ctrl:m_axi_scales-HBM[6]          RD = 0.594 KB               WR = 0.000 KB        
q4_layer_ctrl:m_axi_weight0a-HBM[8]          RD = 24544.000 KB           WR = 0.000 KB        
q4_layer_ctrl:m_axi_weight0b-HBM[9]          RD = 24544.000 KB           WR = 0.000 KB        
q4_layer_ctrl:m_axi_weight1a-HBM[10]          RD = 24544.000 KB           WR = 0.000 KB        
q4_layer_ctrl:m_axi_weight1b-HBM[11]          RD = 24544.000 KB           WR = 0.000 KB        
q4_layer_ctrl:m_axi_weight2a-HBM[12]          RD = 23136.000 KB           WR = 0.000 KB        
q4_layer_ctrl:m_axi_weight2b-HBM[13]          RD = 23136.000 KB           WR = 0.000 KB        
q4_layer_ctrl:m_axi_weight3a-HBM[14]          RD = 23136.000 KB           WR = 0.000 KB        
q4_layer_ctrl:m_axi_weight3b-HBM[15]          RD = 23136.000 KB           WR = 0.000 KB        
q4_layer_ctrl:m_axi_hidden_in-HBM[0]          RD = 192.000 KB             WR = 0.000 KB        
q4_layer_ctrl:m_axi_hidden_out-HBM[1]          RD = 0.000 KB               WR = 160.000 KB      
q4_layer_ctrl:m_axi_kv_k-HBM[2]          RD = 60.000 KB              WR = 24.000 KB       
q4_layer_ctrl:m_axi_kv_v-HBM[3]          RD = 60.000 KB              WR = 24.000 KB       
q4_layer_ctrl:m_axi_norm-HBM[4]          RD = 44.000 KB              WR = 0.000 KB        
q4_layer_ctrl:m_axi_rope-HBM[5]          RD = 192.000 KB             WR = 0.000 KB        

Data transfer on stream interfaces
q4_layer_ctrl:activation_stream0-->PIPE               3079.875 KB     
q4_layer_ctrl:activation_stream1-->PIPE               3079.875 KB     
PIPE-->q4_layer_ctrl:out_stream0               1846.250 KB     
q4_layer_ctrl:activation_stream2-->PIPE               2903.875 KB     
PIPE-->q4_layer_ctrl:out_stream1               1846.250 KB     
PIPE-->q4_layer_ctrl:out_stream2               1769.250 KB     
PIPE-->q4_layer_ctrl:out_stream3               1769.250 KB     
q4_layer_ctrl:task_stream0-->PIPE               5.656 KB        
q4_layer_ctrl:task_stream1-->PIPE               5.656 KB        
q4_layer_ctrl:task_stream2-->PIPE               5.312 KB        
q4_layer_ctrl:task_stream3-->PIPE               5.312 KB        
q4_layer_ctrl:vector_stream0a-->PIPE               622.375 KB      
q4_layer_ctrl:vector_stream0b-->PIPE               550.875 KB      
q4_layer_ctrl:vector_stream1a-->PIPE               622.375 KB      
q4_layer_ctrl:activation_stream3-->PIPE               2903.875 KB     
q4_layer_ctrl:vector_stream1b-->PIPE               550.875 KB      
q4_layer_ctrl:vector_stream2a-->PIPE               622.375 KB      

INFO::[ Vitis-EM 22 ] [Time elapsed: 288 minute(s) 47 seconds, Emulation time: 6.1053 ms]
Data transfer between kernel(s) and global memory(s)
q4_layer_ctrl:m_axi_scales-HBM[6]          RD = 0.594 KB               WR = 0.000 KB        
q4_layer_ctrl:m_axi_weight0a-HBM[8]          RD = 24544.000 KB           WR = 0.000 KB        
q4_layer_ctrl:m_axi_weight0b-HBM[9]          RD = 24544.000 KB           WR = 0.000 KB        
q4_layer_ctrl:m_axi_weight1a-HBM[10]          RD = 24544.000 KB           WR = 0.000 KB        
q4_layer_ctrl:m_axi_weight1b-HBM[11]          RD = 24544.000 KB           WR = 0.000 KB        
q4_layer_ctrl:m_axi_weight2a-HBM[12]          RD = 23136.000 KB           WR = 0.000 KB        
q4_layer_ctrl:m_axi_weight2b-HBM[13]          RD = 23136.000 KB           WR = 0.000 KB        
q4_layer_ctrl:m_axi_weight3a-HBM[14]          RD = 23136.000 KB           WR = 0.000 KB        
q4_layer_ctrl:m_axi_weight3b-HBM[15]          RD = 23136.000 KB           WR = 0.000 KB        
q4_layer_ctrl:m_axi_hidden_in-HBM[0]          RD = 192.000 KB             WR = 0.000 KB        
q4_layer_ctrl:m_axi_hidden_out-HBM[1]          RD = 0.000 KB               WR = 160.000 KB      
q4_layer_ctrl:m_axi_kv_k-HBM[2]          RD = 60.000 KB              WR = 24.000 KB       
q4_layer_ctrl:m_axi_kv_v-HBM[3]          RD = 60.000 KB              WR = 24.000 KB       
q4_layer_ctrl:m_axi_norm-HBM[4]          RD = 44.000 KB              WR = 0.000 KB        
q4_layer_ctrl:m_axi_rope-HBM[5]          RD = 192.000 KB             WR = 0.000 KB        

Data transfer on stream interfaces
q4_layer_ctrl:activation_stream0-->PIPE               3079.875 KB     
q4_layer_ctrl:activation_stream1-->PIPE               3079.875 KB     
PIPE-->q4_layer_ctrl:out_stream0               1846.250 KB     
q4_layer_ctrl:activation_stream2-->PIPE               2903.875 KB     
PIPE-->q4_layer_ctrl:out_stream1               1846.250 KB     
PIPE-->q4_layer_ctrl:out_stream2               1769.250 KB     
PIPE-->q4_layer_ctrl:out_stream3               1769.250 KB     
q4_layer_ctrl:task_stream0-->PIPE               5.656 KB        
q4_layer_ctrl:task_stream1-->PIPE               5.656 KB        
q4_layer_ctrl:task_stream2-->PIPE               5.312 KB        
q4_layer_ctrl:task_stream3-->PIPE               5.312 KB        
q4_layer_ctrl:vector_stream0a-->PIPE               622.375 KB      
q4_layer_ctrl:vector_stream0b-->PIPE               550.875 KB      
q4_layer_ctrl:vector_stream1a-->PIPE               622.375 KB      
q4_layer_ctrl:activation_stream3-->PIPE               2903.875 KB     
q4_layer_ctrl:vector_stream1b-->PIPE               550.875 KB      
q4_layer_ctrl:vector_stream2a-->PIPE               622.375 KB      

INFO::[ Vitis-EM 22 ] [Time elapsed: 291 minute(s) 57 seconds, Emulation time: 6.28777 ms]
Data transfer between kernel(s) and global memory(s)
q4_layer_ctrl:m_axi_scales-HBM[6]          RD = 0.594 KB               WR = 0.000 KB        
q4_layer_ctrl:m_axi_weight0a-HBM[8]          RD = 24544.000 KB           WR = 0.000 KB        
q4_layer_ctrl:m_axi_weight0b-HBM[9]          RD = 24544.000 KB           WR = 0.000 KB        
q4_layer_ctrl:m_axi_weight1a-HBM[10]          RD = 24544.000 KB           WR = 0.000 KB        
q4_layer_ctrl:m_axi_weight1b-HBM[11]          RD = 24544.000 KB           WR = 0.000 KB        
q4_layer_ctrl:m_axi_weight2a-HBM[12]          RD = 23136.000 KB           WR = 0.000 KB        
q4_layer_ctrl:m_axi_weight2b-HBM[13]          RD = 23136.000 KB           WR = 0.000 KB        
q4_layer_ctrl:m_axi_weight3a-HBM[14]          RD = 23136.000 KB           WR = 0.000 KB        
q4_layer_ctrl:m_axi_weight3b-HBM[15]          RD = 23136.000 KB           WR = 0.000 KB        
q4_layer_ctrl:m_axi_hidden_in-HBM[0]          RD = 192.000 KB             WR = 0.000 KB        
q4_layer_ctrl:m_axi_hidden_out-HBM[1]          RD = 0.000 KB               WR = 160.000 KB      
q4_layer_ctrl:m_axi_kv_k-HBM[2]          RD = 84.000 KB              WR = 24.000 KB       
q4_layer_ctrl:m_axi_kv_v-HBM[3]          RD = 84.000 KB              WR = 24.000 KB       
q4_layer_ctrl:m_axi_norm-HBM[4]          RD = 44.000 KB              WR = 0.000 KB        
q4_layer_ctrl:m_axi_rope-HBM[5]          RD = 192.000 KB             WR = 0.000 KB        

Data transfer on stream interfaces
q4_layer_ctrl:activation_stream0-->PIPE               3082.625 KB     
q4_layer_ctrl:activation_stream1-->PIPE               3082.625 KB     
PIPE-->q4_layer_ctrl:out_stream0               1874.250 KB     
q4_layer_ctrl:activation_stream2-->PIPE               2906.625 KB     
PIPE-->q4_layer_ctrl:out_stream1               1874.250 KB     
PIPE-->q4_layer_ctrl:out_stream2               1797.250 KB     
PIPE-->q4_layer_ctrl:out_stream3               1797.250 KB     
q4_layer_ctrl:task_stream0-->PIPE               5.781 KB        
q4_layer_ctrl:task_stream1-->PIPE               5.781 KB        
q4_layer_ctrl:task_stream2-->PIPE               5.438 KB        
q4_layer_ctrl:task_stream3-->PIPE               5.438 KB        
q4_layer_ctrl:vector_stream0a-->PIPE               622.375 KB      
q4_layer_ctrl:vector_stream0b-->PIPE               550.875 KB      
q4_layer_ctrl:vector_stream1a-->PIPE               622.375 KB      
q4_layer_ctrl:activation_stream3-->PIPE               2906.625 KB     
q4_layer_ctrl:vector_stream1b-->PIPE               550.875 KB      
q4_layer_ctrl:vector_stream2a-->PIPE               622.375 KB      

INFO::[ Vitis-EM 22 ] [Time elapsed: 294 minute(s) 15 seconds, Emulation time: 6.32516 ms]
Data transfer between kernel(s) and global memory(s)
q4_layer_ctrl:m_axi_scales-HBM[6]          RD = 0.609 KB               WR = 0.000 KB        
q4_layer_ctrl:m_axi_weight0a-HBM[8]          RD = 24757.500 KB           WR = 0.000 KB        
q4_layer_ctrl:m_axi_weight0b-HBM[9]          RD = 24757.500 KB           WR = 0.000 KB        
q4_layer_ctrl:m_axi_weight1a-HBM[10]          RD = 24757.500 KB           WR = 0.000 KB        
q4_layer_ctrl:m_axi_weight1b-HBM[11]          RD = 24757.500 KB           WR = 0.000 KB        
q4_layer_ctrl:m_axi_weight2a-HBM[12]          RD = 23349.500 KB           WR = 0.000 KB        
q4_layer_ctrl:m_axi_weight2b-HBM[13]          RD = 23349.500 KB           WR = 0.000 KB        
q4_layer_ctrl:m_axi_weight3a-HBM[14]          RD = 23349.500 KB           WR = 0.000 KB        
q4_layer_ctrl:m_axi_weight3b-HBM[15]          RD = 23349.500 KB           WR = 0.000 KB        
q4_layer_ctrl:m_axi_hidden_in-HBM[0]          RD = 192.000 KB             WR = 0.000 KB        
q4_layer_ctrl:m_axi_hidden_out-HBM[1]          RD = 0.000 KB               WR = 160.000 KB      
q4_layer_ctrl:m_axi_kv_k-HBM[2]          RD = 84.000 KB              WR = 24.000 KB       
q4_layer_ctrl:m_axi_kv_v-HBM[3]          RD = 84.000 KB              WR = 24.000 KB       
q4_layer_ctrl:m_axi_norm-HBM[4]          RD = 44.000 KB              WR = 0.000 KB        
q4_layer_ctrl:m_axi_rope-HBM[5]          RD = 192.000 KB             WR = 0.000 KB        

Data transfer on stream interfaces
q4_layer_ctrl:activation_stream0-->PIPE               3108.844 KB     
q4_layer_ctrl:activation_stream1-->PIPE               3108.844 KB     
PIPE-->q4_layer_ctrl:out_stream0               1884.750 KB     
q4_layer_ctrl:activation_stream2-->PIPE               2932.844 KB     
PIPE-->q4_layer_ctrl:out_stream1               1884.750 KB     
PIPE-->q4_layer_ctrl:out_stream2               1807.750 KB     
PIPE-->q4_layer_ctrl:out_stream3               1807.750 KB     
q4_layer_ctrl:task_stream0-->PIPE               5.844 KB        
q4_layer_ctrl:task_stream1-->PIPE               5.844 KB        
q4_layer_ctrl:task_stream2-->PIPE               5.500 KB        
q4_layer_ctrl:task_stream3-->PIPE               5.500 KB        
q4_layer_ctrl:vector_stream0a-->PIPE               622.375 KB      
q4_layer_ctrl:vector_stream0b-->PIPE               550.875 KB      
q4_layer_ctrl:vector_stream1a-->PIPE               622.375 KB      
q4_layer_ctrl:activation_stream3-->PIPE               2932.844 KB     
q4_layer_ctrl:vector_stream1b-->PIPE               550.875 KB      
q4_layer_ctrl:vector_stream2a-->PIPE               622.375 KB      

INFO::[ Vitis-EM 22 ] [Time elapsed: 294 minute(s) 32 seconds, Emulation time: 6.32818 ms]
Data transfer between kernel(s) and global memory(s)
q4_layer_ctrl:m_axi_scales-HBM[6]          RD = 0.609 KB               WR = 0.000 KB        
q4_layer_ctrl:m_axi_weight0a-HBM[8]          RD = 24786.000 KB           WR = 0.000 KB        
q4_layer_ctrl:m_axi_weight0b-HBM[9]          RD = 24786.000 KB           WR = 0.000 KB        
q4_layer_ctrl:m_axi_weight1a-HBM[10]          RD = 24786.000 KB           WR = 0.000 KB        
q4_layer_ctrl:m_axi_weight1b-HBM[11]          RD = 24786.000 KB           WR = 0.000 KB        
q4_layer_ctrl:m_axi_weight2a-HBM[12]          RD = 23378.000 KB           WR = 0.000 KB        
q4_layer_ctrl:m_axi_weight2b-HBM[13]          RD = 23378.000 KB           WR = 0.000 KB        
q4_layer_ctrl:m_axi_weight3a-HBM[14]          RD = 23378.000 KB           WR = 0.000 KB        
q4_layer_ctrl:m_axi_weight3b-HBM[15]          RD = 23378.000 KB           WR = 0.000 KB        
q4_layer_ctrl:m_axi_hidden_in-HBM[0]          RD = 192.000 KB             WR = 0.000 KB        
q4_layer_ctrl:m_axi_hidden_out-HBM[1]          RD = 0.000 KB               WR = 160.000 KB      
q4_layer_ctrl:m_axi_kv_k-HBM[2]          RD = 84.000 KB              WR = 24.000 KB       
q4_layer_ctrl:m_axi_kv_v-HBM[3]          RD = 84.000 KB              WR = 24.000 KB       
q4_layer_ctrl:m_axi_norm-HBM[4]          RD = 44.000 KB              WR = 0.000 KB        
q4_layer_ctrl:m_axi_rope-HBM[5]          RD = 192.000 KB             WR = 0.000 KB        

Data transfer on stream interfaces
q4_layer_ctrl:activation_stream0-->PIPE               3112.375 KB     
q4_layer_ctrl:activation_stream1-->PIPE               3112.375 KB     
PIPE-->q4_layer_ctrl:out_stream0               1884.750 KB     
q4_layer_ctrl:activation_stream2-->PIPE               2936.375 KB     
PIPE-->q4_layer_ctrl:out_stream1               1884.750 KB     
PIPE-->q4_layer_ctrl:out_stream2               1807.750 KB     
PIPE-->q4_layer_ctrl:out_stream3               1807.750 KB     
q4_layer_ctrl:task_stream0-->PIPE               5.844 KB        
q4_layer_ctrl:task_stream1-->PIPE               5.844 KB        
q4_layer_ctrl:task_stream2-->PIPE               5.500 KB        
q4_layer_ctrl:task_stream3-->PIPE               5.500 KB        
q4_layer_ctrl:vector_stream0a-->PIPE               622.375 KB      
q4_layer_ctrl:vector_stream0b-->PIPE               550.875 KB      
q4_layer_ctrl:vector_stream1a-->PIPE               622.375 KB      
q4_layer_ctrl:activation_stream3-->PIPE               2936.375 KB     
q4_layer_ctrl:vector_stream1b-->PIPE               550.875 KB      
q4_layer_ctrl:vector_stream2a-->PIPE               622.375 KB      

INFO::[ Vitis-EM 22 ] [Time elapsed: 297 minute(s) 30 seconds, Emulation time: 6.4319 ms]
Data transfer between kernel(s) and global memory(s)
q4_layer_ctrl:m_axi_scales-HBM[6]          RD = 0.625 KB               WR = 0.000 KB        
q4_layer_ctrl:m_axi_weight0a-HBM[8]          RD = 24928.000 KB           WR = 0.000 KB        
q4_layer_ctrl:m_axi_weight0b-HBM[9]          RD = 24928.000 KB           WR = 0.000 KB        
q4_layer_ctrl:m_axi_weight1a-HBM[10]          RD = 24928.000 KB           WR = 0.000 KB        
q4_layer_ctrl:m_axi_weight1b-HBM[11]          RD = 24928.000 KB           WR = 0.000 KB        
q4_layer_ctrl:m_axi_weight2a-HBM[12]          RD = 23520.000 KB           WR = 0.000 KB        
q4_layer_ctrl:m_axi_weight2b-HBM[13]          RD = 23520.000 KB           WR = 0.000 KB        
q4_layer_ctrl:m_axi_weight3a-HBM[14]          RD = 23520.000 KB           WR = 0.000 KB        
q4_layer_ctrl:m_axi_weight3b-HBM[15]          RD = 23520.000 KB           WR = 0.000 KB        
q4_layer_ctrl:m_axi_hidden_in-HBM[0]          RD = 192.000 KB             WR = 0.000 KB        
q4_layer_ctrl:m_axi_hidden_out-HBM[1]          RD = 0.000 KB               WR = 160.000 KB      
q4_layer_ctrl:m_axi_kv_k-HBM[2]          RD = 84.000 KB              WR = 24.000 KB       
q4_layer_ctrl:m_axi_kv_v-HBM[3]          RD = 84.000 KB              WR = 24.000 KB       
q4_layer_ctrl:m_axi_norm-HBM[4]          RD = 48.000 KB              WR = 0.000 KB        
q4_layer_ctrl:m_axi_rope-HBM[5]          RD = 192.000 KB             WR = 0.000 KB        

Data transfer on stream interfaces
q4_layer_ctrl:activation_stream0-->PIPE               3130.625 KB     
q4_layer_ctrl:activation_stream1-->PIPE               3130.625 KB     
PIPE-->q4_layer_ctrl:out_stream0               1919.750 KB     
q4_layer_ctrl:activation_stream2-->PIPE               2954.625 KB     
PIPE-->q4_layer_ctrl:out_stream1               1919.750 KB     
PIPE-->q4_layer_ctrl:out_stream2               1842.750 KB     
PIPE-->q4_layer_ctrl:out_stream3               1842.750 KB     
q4_layer_ctrl:task_stream0-->PIPE               5.906 KB        
q4_layer_ctrl:task_stream1-->PIPE               5.906 KB        
q4_layer_ctrl:task_stream2-->PIPE               5.562 KB        
q4_layer_ctrl:task_stream3-->PIPE               5.562 KB        
q4_layer_ctrl:vector_stream0a-->PIPE               648.375 KB      
q4_layer_ctrl:vector_stream0b-->PIPE               570.375 KB      
q4_layer_ctrl:vector_stream1a-->PIPE               648.375 KB      
q4_layer_ctrl:activation_stream3-->PIPE               2954.625 KB     
q4_layer_ctrl:vector_stream1b-->PIPE               570.375 KB      
q4_layer_ctrl:vector_stream2a-->PIPE               648.375 KB      

INFO::[ Vitis-EM 22 ] [Time elapsed: 297 minute(s) 48 seconds, Emulation time: 6.43492 ms]
Data transfer between kernel(s) and global memory(s)
q4_layer_ctrl:m_axi_scales-HBM[6]          RD = 0.625 KB               WR = 0.000 KB        
q4_layer_ctrl:m_axi_weight0a-HBM[8]          RD = 24957.500 KB           WR = 0.000 KB        
q4_layer_ctrl:m_axi_weight0b-HBM[9]          RD = 24957.500 KB           WR = 0.000 KB        
q4_layer_ctrl:m_axi_weight1a-HBM[10]          RD = 24957.500 KB           WR = 0.000 KB        
q4_layer_ctrl:m_axi_weight1b-HBM[11]          RD = 24957.500 KB           WR = 0.000 KB        
q4_layer_ctrl:m_axi_weight2a-HBM[12]          RD = 23549.500 KB           WR = 0.000 KB        
q4_layer_ctrl:m_axi_weight2b-HBM[13]          RD = 23549.500 KB           WR = 0.000 KB        
q4_layer_ctrl:m_axi_weight3a-HBM[14]          RD = 23549.500 KB           WR = 0.000 KB        
q4_layer_ctrl:m_axi_weight3b-HBM[15]          RD = 23549.500 KB           WR = 0.000 KB        
q4_layer_ctrl:m_axi_hidden_in-HBM[0]          RD = 192.000 KB             WR = 0.000 KB        
q4_layer_ctrl:m_axi_hidden_out-HBM[1]          RD = 0.000 KB               WR = 160.000 KB      
q4_layer_ctrl:m_axi_kv_k-HBM[2]          RD = 84.000 KB              WR = 24.000 KB       
q4_layer_ctrl:m_axi_kv_v-HBM[3]          RD = 84.000 KB              WR = 24.000 KB       
q4_layer_ctrl:m_axi_norm-HBM[4]          RD = 48.000 KB              WR = 0.000 KB        
q4_layer_ctrl:m_axi_rope-HBM[5]          RD = 192.000 KB             WR = 0.000 KB        

Data transfer on stream interfaces
q4_layer_ctrl:activation_stream0-->PIPE               3133.863 KB     
q4_layer_ctrl:activation_stream1-->PIPE               3133.863 KB     
PIPE-->q4_layer_ctrl:out_stream0               1923.250 KB     
q4_layer_ctrl:activation_stream2-->PIPE               2957.863 KB     
PIPE-->q4_layer_ctrl:out_stream1               1923.250 KB     
PIPE-->q4_layer_ctrl:out_stream2               1846.250 KB     
PIPE-->q4_layer_ctrl:out_stream3               1846.250 KB     
q4_layer_ctrl:task_stream0-->PIPE               5.922 KB        
q4_layer_ctrl:task_stream1-->PIPE               5.922 KB        
q4_layer_ctrl:task_stream2-->PIPE               5.578 KB        
q4_layer_ctrl:task_stream3-->PIPE               5.578 KB        
q4_layer_ctrl:vector_stream0a-->PIPE               648.375 KB      
q4_layer_ctrl:vector_stream0b-->PIPE               570.375 KB      
q4_layer_ctrl:vector_stream1a-->PIPE               648.375 KB      
q4_layer_ctrl:activation_stream3-->PIPE               2957.863 KB     
q4_layer_ctrl:vector_stream1b-->PIPE               570.375 KB      
q4_layer_ctrl:vector_stream2a-->PIPE               648.375 KB      

INFO::[ Vitis-EM 22 ] [Time elapsed: 298 minute(s) 17 seconds, Emulation time: 6.43993 ms]
Data transfer between kernel(s) and global memory(s)
q4_layer_ctrl:m_axi_scales-HBM[6]          RD = 0.625 KB               WR = 0.000 KB        
q4_layer_ctrl:m_axi_weight0a-HBM[8]          RD = 25002.500 KB           WR = 0.000 KB        
q4_layer_ctrl:m_axi_weight0b-HBM[9]          RD = 25002.500 KB           WR = 0.000 KB        
q4_layer_ctrl:m_axi_weight1a-HBM[10]          RD = 25002.500 KB           WR = 0.000 KB        
q4_layer_ctrl:m_axi_weight1b-HBM[11]          RD = 25002.500 KB           WR = 0.000 KB        
q4_layer_ctrl:m_axi_weight2a-HBM[12]          RD = 23594.500 KB           WR = 0.000 KB        
q4_layer_ctrl:m_axi_weight2b-HBM[13]          RD = 23594.500 KB           WR = 0.000 KB        
q4_layer_ctrl:m_axi_weight3a-HBM[14]          RD = 23594.500 KB           WR = 0.000 KB        
q4_layer_ctrl:m_axi_weight3b-HBM[15]          RD = 23594.500 KB           WR = 0.000 KB        
q4_layer_ctrl:m_axi_hidden_in-HBM[0]          RD = 192.000 KB             WR = 0.000 KB        
q4_layer_ctrl:m_axi_hidden_out-HBM[1]          RD = 0.000 KB               WR = 160.000 KB      
q4_layer_ctrl:m_axi_kv_k-HBM[2]          RD = 84.000 KB              WR = 24.000 KB       
q4_layer_ctrl:m_axi_kv_v-HBM[3]          RD = 84.000 KB              WR = 24.000 KB       
q4_layer_ctrl:m_axi_norm-HBM[4]          RD = 48.000 KB              WR = 0.000 KB        
q4_layer_ctrl:m_axi_rope-HBM[5]          RD = 192.000 KB             WR = 0.000 KB        

Data transfer on stream interfaces
q4_layer_ctrl:activation_stream0-->PIPE               3139.453 KB     
q4_layer_ctrl:activation_stream1-->PIPE               3139.453 KB     
PIPE-->q4_layer_ctrl:out_stream0               1926.750 KB     
q4_layer_ctrl:activation_stream2-->PIPE               2963.453 KB     
PIPE-->q4_layer_ctrl:out_stream1               1926.750 KB     
PIPE-->q4_layer_ctrl:out_stream2               1849.750 KB     
PIPE-->q4_layer_ctrl:out_stream3               1849.750 KB     
q4_layer_ctrl:task_stream0-->PIPE               5.938 KB        
q4_layer_ctrl:task_stream1-->PIPE               5.938 KB        
q4_layer_ctrl:task_stream2-->PIPE               5.594 KB        
q4_layer_ctrl:task_stream3-->PIPE               5.594 KB        
q4_layer_ctrl:vector_stream0a-->PIPE               648.375 KB      
q4_layer_ctrl:vector_stream0b-->PIPE               570.375 KB      
q4_layer_ctrl:vector_stream1a-->PIPE               648.375 KB      
q4_layer_ctrl:activation_stream3-->PIPE               2963.453 KB     
q4_layer_ctrl:vector_stream1b-->PIPE               570.375 KB      
q4_layer_ctrl:vector_stream2a-->PIPE               648.375 KB      

INFO::[ Vitis-EM 22 ] [Time elapsed: 298 minute(s) 30 seconds, Emulation time: 6.44194 ms]
Data transfer between kernel(s) and global memory(s)
q4_layer_ctrl:m_axi_scales-HBM[6]          RD = 0.625 KB               WR = 0.000 KB        
q4_layer_ctrl:m_axi_weight0a-HBM[8]          RD = 25021.000 KB           WR = 0.000 KB        
q4_layer_ctrl:m_axi_weight0b-HBM[9]          RD = 25021.000 KB           WR = 0.000 KB        
q4_layer_ctrl:m_axi_weight1a-HBM[10]          RD = 25021.000 KB           WR = 0.000 KB        
q4_layer_ctrl:m_axi_weight1b-HBM[11]          RD = 25021.000 KB           WR = 0.000 KB        
q4_layer_ctrl:m_axi_weight2a-HBM[12]          RD = 23613.000 KB           WR = 0.000 KB        
q4_layer_ctrl:m_axi_weight2b-HBM[13]          RD = 23613.000 KB           WR = 0.000 KB        
q4_layer_ctrl:m_axi_weight3a-HBM[14]          RD = 23613.000 KB           WR = 0.000 KB        
q4_layer_ctrl:m_axi_weight3b-HBM[15]          RD = 23613.000 KB           WR = 0.000 KB        
q4_layer_ctrl:m_axi_hidden_in-HBM[0]          RD = 192.000 KB             WR = 0.000 KB        
q4_layer_ctrl:m_axi_hidden_out-HBM[1]          RD = 0.000 KB               WR = 160.000 KB      
q4_layer_ctrl:m_axi_kv_k-HBM[2]          RD = 84.000 KB              WR = 24.000 KB       
q4_layer_ctrl:m_axi_kv_v-HBM[3]          RD = 84.000 KB              WR = 24.000 KB       
q4_layer_ctrl:m_axi_norm-HBM[4]          RD = 48.000 KB              WR = 0.000 KB        
q4_layer_ctrl:m_axi_rope-HBM[5]          RD = 192.000 KB             WR = 0.000 KB        

Data transfer on stream interfaces
q4_layer_ctrl:activation_stream0-->PIPE               3141.809 KB     
q4_layer_ctrl:activation_stream1-->PIPE               3141.809 KB     
PIPE-->q4_layer_ctrl:out_stream0               1926.750 KB     
q4_layer_ctrl:activation_stream2-->PIPE               2965.809 KB     
PIPE-->q4_layer_ctrl:out_stream1               1926.750 KB     
PIPE-->q4_layer_ctrl:out_stream2               1849.750 KB     
PIPE-->q4_layer_ctrl:out_stream3               1849.750 KB     
q4_layer_ctrl:task_stream0-->PIPE               5.938 KB        
q4_layer_ctrl:task_stream1-->PIPE               5.938 KB        
q4_layer_ctrl:task_stream2-->PIPE               5.594 KB        
q4_layer_ctrl:task_stream3-->PIPE               5.594 KB        
q4_layer_ctrl:vector_stream0a-->PIPE               648.375 KB      
q4_layer_ctrl:vector_stream0b-->PIPE               570.375 KB      
q4_layer_ctrl:vector_stream1a-->PIPE               648.375 KB      
q4_layer_ctrl:activation_stream3-->PIPE               2965.809 KB     
q4_layer_ctrl:vector_stream1b-->PIPE               570.375 KB      
q4_layer_ctrl:vector_stream2a-->PIPE               648.375 KB      

INFO::[ Vitis-EM 22 ] [Time elapsed: 299 minute(s) 15 seconds, Emulation time: 6.44997 ms]
Data transfer between kernel(s) and global memory(s)
q4_layer_ctrl:m_axi_scales-HBM[6]          RD = 0.625 KB               WR = 0.000 KB        
q4_layer_ctrl:m_axi_weight0a-HBM[8]          RD = 25094.000 KB           WR = 0.000 KB        
q4_layer_ctrl:m_axi_weight0b-HBM[9]          RD = 25094.000 KB           WR = 0.000 KB        
q4_layer_ctrl:m_axi_weight1a-HBM[10]          RD = 25094.000 KB           WR = 0.000 KB        
q4_layer_ctrl:m_axi_weight1b-HBM[11]          RD = 25094.000 KB           WR = 0.000 KB        
q4_layer_ctrl:m_axi_weight2a-HBM[12]          RD = 23686.000 KB           WR = 0.000 KB        
q4_layer_ctrl:m_axi_weight2b-HBM[13]          RD = 23686.000 KB           WR = 0.000 KB        
q4_layer_ctrl:m_axi_weight3a-HBM[14]          RD = 23686.000 KB           WR = 0.000 KB        
q4_layer_ctrl:m_axi_weight3b-HBM[15]          RD = 23686.000 KB           WR = 0.000 KB        
q4_layer_ctrl:m_axi_hidden_in-HBM[0]          RD = 192.000 KB             WR = 0.000 KB        
q4_layer_ctrl:m_axi_hidden_out-HBM[1]          RD = 0.000 KB               WR = 160.000 KB      
q4_layer_ctrl:m_axi_kv_k-HBM[2]          RD = 84.000 KB              WR = 24.000 KB       
q4_layer_ctrl:m_axi_kv_v-HBM[3]          RD = 84.000 KB              WR = 24.000 KB       
q4_layer_ctrl:m_axi_norm-HBM[4]          RD = 48.000 KB              WR = 0.000 KB        
q4_layer_ctrl:m_axi_rope-HBM[5]          RD = 192.000 KB             WR = 0.000 KB        

Data transfer on stream interfaces
q4_layer_ctrl:activation_stream0-->PIPE               3150.793 KB     
q4_layer_ctrl:activation_stream1-->PIPE               3150.793 KB     
PIPE-->q4_layer_ctrl:out_stream0               1930.250 KB     
q4_layer_ctrl:activation_stream2-->PIPE               2974.793 KB     
PIPE-->q4_layer_ctrl:out_stream1               1930.250 KB     
PIPE-->q4_layer_ctrl:out_stream2               1853.250 KB     
PIPE-->q4_layer_ctrl:out_stream3               1853.250 KB     
q4_layer_ctrl:task_stream0-->PIPE               5.953 KB        
q4_layer_ctrl:task_stream1-->PIPE               5.953 KB        
q4_layer_ctrl:task_stream2-->PIPE               5.609 KB        
q4_layer_ctrl:task_stream3-->PIPE               5.609 KB        
q4_layer_ctrl:vector_stream0a-->PIPE               648.375 KB      
q4_layer_ctrl:vector_stream0b-->PIPE               570.375 KB      
q4_layer_ctrl:vector_stream1a-->PIPE               648.375 KB      
q4_layer_ctrl:activation_stream3-->PIPE               2974.793 KB     
q4_layer_ctrl:vector_stream1b-->PIPE               570.375 KB      
q4_layer_ctrl:vector_stream2a-->PIPE               648.375 KB      

INFO::[ Vitis-EM 22 ] [Time elapsed: 301 minute(s) 42 seconds, Emulation time: 6.47709 ms]
Data transfer between kernel(s) and global memory(s)
q4_layer_ctrl:m_axi_scales-HBM[6]          RD = 0.625 KB               WR = 0.000 KB        
q4_layer_ctrl:m_axi_weight0a-HBM[8]          RD = 25334.500 KB           WR = 0.000 KB        
q4_layer_ctrl:m_axi_weight0b-HBM[9]          RD = 25334.500 KB           WR = 0.000 KB        
q4_layer_ctrl:m_axi_weight1a-HBM[10]          RD = 25334.500 KB           WR = 0.000 KB        
q4_layer_ctrl:m_axi_weight1b-HBM[11]          RD = 25334.500 KB           WR = 0.000 KB        
q4_layer_ctrl:m_axi_weight2a-HBM[12]          RD = 23926.500 KB           WR = 0.000 KB        
q4_layer_ctrl:m_axi_weight2b-HBM[13]          RD = 23926.500 KB           WR = 0.000 KB        
q4_layer_ctrl:m_axi_weight3a-HBM[14]          RD = 23926.500 KB           WR = 0.000 KB        
q4_layer_ctrl:m_axi_weight3b-HBM[15]          RD = 23926.500 KB           WR = 0.000 KB        
q4_layer_ctrl:m_axi_hidden_in-HBM[0]          RD = 192.000 KB             WR = 0.000 KB        
q4_layer_ctrl:m_axi_hidden_out-HBM[1]          RD = 0.000 KB               WR = 160.000 KB      
q4_layer_ctrl:m_axi_kv_k-HBM[2]          RD = 84.000 KB              WR = 24.000 KB       
q4_layer_ctrl:m_axi_kv_v-HBM[3]          RD = 84.000 KB              WR = 24.000 KB       
q4_layer_ctrl:m_axi_norm-HBM[4]          RD = 48.000 KB              WR = 0.000 KB        
q4_layer_ctrl:m_axi_rope-HBM[5]          RD = 192.000 KB             WR = 0.000 KB        

Data transfer on stream interfaces
q4_layer_ctrl:activation_stream0-->PIPE               3180.785 KB     
q4_layer_ctrl:activation_stream1-->PIPE               3180.785 KB     
PIPE-->q4_layer_ctrl:out_stream0               1944.250 KB     
q4_layer_ctrl:activation_stream2-->PIPE               3004.785 KB     
PIPE-->q4_layer_ctrl:out_stream1               1944.250 KB     
PIPE-->q4_layer_ctrl:out_stream2               1867.250 KB     
PIPE-->q4_layer_ctrl:out_stream3               1867.250 KB     
q4_layer_ctrl:task_stream0-->PIPE               6.016 KB        
q4_layer_ctrl:task_stream1-->PIPE               6.016 KB        
q4_layer_ctrl:task_stream2-->PIPE               5.672 KB        
q4_layer_ctrl:task_stream3-->PIPE               5.672 KB        
q4_layer_ctrl:vector_stream0a-->PIPE               648.375 KB      
q4_layer_ctrl:vector_stream0b-->PIPE               570.375 KB      
q4_layer_ctrl:vector_stream1a-->PIPE               648.375 KB      
q4_layer_ctrl:activation_stream3-->PIPE               3004.785 KB     
q4_layer_ctrl:vector_stream1b-->PIPE               570.375 KB      
q4_layer_ctrl:vector_stream2a-->PIPE               648.375 KB      

INFO::[ Vitis-EM 22 ] [Time elapsed: 305 minute(s) 24 seconds, Emulation time: 6.51826 ms]
Data transfer between kernel(s) and global memory(s)
q4_layer_ctrl:m_axi_scales-HBM[6]          RD = 0.625 KB               WR = 0.000 KB        
q4_layer_ctrl:m_axi_weight0a-HBM[8]          RD = 25699.000 KB           WR = 0.000 KB        
q4_layer_ctrl:m_axi_weight0b-HBM[9]          RD = 25699.000 KB           WR = 0.000 KB        
q4_layer_ctrl:m_axi_weight1a-HBM[10]          RD = 25699.000 KB           WR = 0.000 KB        
q4_layer_ctrl:m_axi_weight1b-HBM[11]          RD = 25699.000 KB           WR = 0.000 KB        
q4_layer_ctrl:m_axi_weight2a-HBM[12]          RD = 24291.000 KB           WR = 0.000 KB        
q4_layer_ctrl:m_axi_weight2b-HBM[13]          RD = 24291.000 KB           WR = 0.000 KB        
q4_layer_ctrl:m_axi_weight3a-HBM[14]          RD = 24291.000 KB           WR = 0.000 KB        
q4_layer_ctrl:m_axi_weight3b-HBM[15]          RD = 24291.000 KB           WR = 0.000 KB        
q4_layer_ctrl:m_axi_hidden_in-HBM[0]          RD = 192.000 KB             WR = 0.000 KB        
q4_layer_ctrl:m_axi_hidden_out-HBM[1]          RD = 0.000 KB               WR = 160.000 KB      
q4_layer_ctrl:m_axi_kv_k-HBM[2]          RD = 84.000 KB              WR = 24.000 KB       
q4_layer_ctrl:m_axi_kv_v-HBM[3]          RD = 84.000 KB              WR = 24.000 KB       
q4_layer_ctrl:m_axi_norm-HBM[4]          RD = 48.000 KB              WR = 0.000 KB        
q4_layer_ctrl:m_axi_rope-HBM[5]          RD = 192.000 KB             WR = 0.000 KB        

Data transfer on stream interfaces
q4_layer_ctrl:activation_stream0-->PIPE               3226.625 KB     
q4_layer_ctrl:activation_stream1-->PIPE               3226.625 KB     
PIPE-->q4_layer_ctrl:out_stream0               1961.750 KB     
q4_layer_ctrl:activation_stream2-->PIPE               3050.625 KB     
PIPE-->q4_layer_ctrl:out_stream1               1961.750 KB     
PIPE-->q4_layer_ctrl:out_stream2               1884.750 KB     
PIPE-->q4_layer_ctrl:out_stream3               1884.750 KB     
q4_layer_ctrl:task_stream0-->PIPE               6.109 KB        
q4_layer_ctrl:task_stream1-->PIPE               6.109 KB        
q4_layer_ctrl:task_stream2-->PIPE               5.766 KB        
q4_layer_ctrl:task_stream3-->PIPE               5.766 KB        
q4_layer_ctrl:vector_stream0a-->PIPE               648.375 KB      
q4_layer_ctrl:vector_stream0b-->PIPE               570.375 KB      
q4_layer_ctrl:vector_stream1a-->PIPE               648.375 KB      
q4_layer_ctrl:activation_stream3-->PIPE               3050.625 KB     
q4_layer_ctrl:vector_stream1b-->PIPE               570.375 KB      
q4_layer_ctrl:vector_stream2a-->PIPE               648.375 KB      

INFO::[ Vitis-EM 22 ] [Time elapsed: 306 minute(s) 17 seconds, Emulation time: 6.52829 ms]
Data transfer between kernel(s) and global memory(s)
q4_layer_ctrl:m_axi_scales-HBM[6]          RD = 0.625 KB               WR = 0.000 KB        
q4_layer_ctrl:m_axi_weight0a-HBM[8]          RD = 25789.500 KB           WR = 0.000 KB        
q4_layer_ctrl:m_axi_weight0b-HBM[9]          RD = 25789.500 KB           WR = 0.000 KB        
q4_layer_ctrl:m_axi_weight1a-HBM[10]          RD = 25789.500 KB           WR = 0.000 KB        
q4_layer_ctrl:m_axi_weight1b-HBM[11]          RD = 25789.500 KB           WR = 0.000 KB        
q4_layer_ctrl:m_axi_weight2a-HBM[12]          RD = 24381.500 KB           WR = 0.000 KB        
q4_layer_ctrl:m_axi_weight2b-HBM[13]          RD = 24381.500 KB           WR = 0.000 KB        
q4_layer_ctrl:m_axi_weight3a-HBM[14]          RD = 24381.500 KB           WR = 0.000 KB        
q4_layer_ctrl:m_axi_weight3b-HBM[15]          RD = 24381.500 KB           WR = 0.000 KB        
q4_layer_ctrl:m_axi_hidden_in-HBM[0]          RD = 192.000 KB             WR = 0.000 KB        
q4_layer_ctrl:m_axi_hidden_out-HBM[1]          RD = 0.000 KB               WR = 160.000 KB      
q4_layer_ctrl:m_axi_kv_k-HBM[2]          RD = 84.000 KB              WR = 24.000 KB       
q4_layer_ctrl:m_axi_kv_v-HBM[3]          RD = 84.000 KB              WR = 24.000 KB       
q4_layer_ctrl:m_axi_norm-HBM[4]          RD = 48.000 KB              WR = 0.000 KB        
q4_layer_ctrl:m_axi_rope-HBM[5]          RD = 192.000 KB             WR = 0.000 KB        

Data transfer on stream interfaces
q4_layer_ctrl:activation_stream0-->PIPE               3237.660 KB     
q4_layer_ctrl:activation_stream1-->PIPE               3237.660 KB     
PIPE-->q4_layer_ctrl:out_stream0               1968.750 KB     
q4_layer_ctrl:activation_stream2-->PIPE               3061.660 KB     
PIPE-->q4_layer_ctrl:out_stream1               1968.750 KB     
PIPE-->q4_layer_ctrl:out_stream2               1891.750 KB     
PIPE-->q4_layer_ctrl:out_stream3               1891.750 KB     
q4_layer_ctrl:task_stream0-->PIPE               6.125 KB        
q4_layer_ctrl:task_stream1-->PIPE               6.125 KB        
q4_layer_ctrl:task_stream2-->PIPE               5.781 KB        
q4_layer_ctrl:task_stream3-->PIPE               5.781 KB        
q4_layer_ctrl:vector_stream0a-->PIPE               648.375 KB      
q4_layer_ctrl:vector_stream0b-->PIPE               570.375 KB      
q4_layer_ctrl:vector_stream1a-->PIPE               648.375 KB      
q4_layer_ctrl:activation_stream3-->PIPE               3061.660 KB     
q4_layer_ctrl:vector_stream1b-->PIPE               570.375 KB      
q4_layer_ctrl:vector_stream2a-->PIPE               648.375 KB      

INFO::[ Vitis-EM 22 ] [Time elapsed: 306 minute(s) 29 seconds, Emulation time: 6.5303 ms]
Data transfer between kernel(s) and global memory(s)
q4_layer_ctrl:m_axi_scales-HBM[6]          RD = 0.625 KB               WR = 0.000 KB        
q4_layer_ctrl:m_axi_weight0a-HBM[8]          RD = 25808.500 KB           WR = 0.000 KB        
q4_layer_ctrl:m_axi_weight0b-HBM[9]          RD = 25808.500 KB           WR = 0.000 KB        
q4_layer_ctrl:m_axi_weight1a-HBM[10]          RD = 25808.500 KB           WR = 0.000 KB        
q4_layer_ctrl:m_axi_weight1b-HBM[11]          RD = 25808.500 KB           WR = 0.000 KB        
q4_layer_ctrl:m_axi_weight2a-HBM[12]          RD = 24400.500 KB           WR = 0.000 KB        
q4_layer_ctrl:m_axi_weight2b-HBM[13]          RD = 24400.500 KB           WR = 0.000 KB        
q4_layer_ctrl:m_axi_weight3a-HBM[14]          RD = 24400.500 KB           WR = 0.000 KB        
q4_layer_ctrl:m_axi_weight3b-HBM[15]          RD = 24400.500 KB           WR = 0.000 KB        
q4_layer_ctrl:m_axi_hidden_in-HBM[0]          RD = 192.000 KB             WR = 0.000 KB        
q4_layer_ctrl:m_axi_hidden_out-HBM[1]          RD = 0.000 KB               WR = 160.000 KB      
q4_layer_ctrl:m_axi_kv_k-HBM[2]          RD = 84.000 KB              WR = 24.000 KB       
q4_layer_ctrl:m_axi_kv_v-HBM[3]          RD = 84.000 KB              WR = 24.000 KB       
q4_layer_ctrl:m_axi_norm-HBM[4]          RD = 48.000 KB              WR = 0.000 KB        
q4_layer_ctrl:m_axi_rope-HBM[5]          RD = 192.000 KB             WR = 0.000 KB        

Data transfer on stream interfaces
q4_layer_ctrl:activation_stream0-->PIPE               3240.016 KB     
q4_layer_ctrl:activation_stream1-->PIPE               3240.016 KB     
PIPE-->q4_layer_ctrl:out_stream0               1968.750 KB     
q4_layer_ctrl:activation_stream2-->PIPE               3064.016 KB     
PIPE-->q4_layer_ctrl:out_stream1               1968.750 KB     
PIPE-->q4_layer_ctrl:out_stream2               1891.750 KB     
PIPE-->q4_layer_ctrl:out_stream3               1891.750 KB     
q4_layer_ctrl:task_stream0-->PIPE               6.125 KB        
q4_layer_ctrl:task_stream1-->PIPE               6.125 KB        
q4_layer_ctrl:task_stream2-->PIPE               5.781 KB        
q4_layer_ctrl:task_stream3-->PIPE               5.781 KB        
q4_layer_ctrl:vector_stream0a-->PIPE               648.375 KB      
q4_layer_ctrl:vector_stream0b-->PIPE               570.375 KB      
q4_layer_ctrl:vector_stream1a-->PIPE               648.375 KB      
q4_layer_ctrl:activation_stream3-->PIPE               3064.016 KB     
q4_layer_ctrl:vector_stream1b-->PIPE               570.375 KB      
q4_layer_ctrl:vector_stream2a-->PIPE               648.375 KB      

INFO::[ Vitis-EM 22 ] [Time elapsed: 306 minute(s) 40 seconds, Emulation time: 6.53231 ms]
Data transfer between kernel(s) and global memory(s)
q4_layer_ctrl:m_axi_scales-HBM[6]          RD = 0.625 KB               WR = 0.000 KB        
q4_layer_ctrl:m_axi_weight0a-HBM[8]          RD = 25824.000 KB           WR = 0.000 KB        
q4_layer_ctrl:m_axi_weight0b-HBM[9]          RD = 25824.000 KB           WR = 0.000 KB        
q4_layer_ctrl:m_axi_weight1a-HBM[10]          RD = 25824.000 KB           WR = 0.000 KB        
q4_layer_ctrl:m_axi_weight1b-HBM[11]          RD = 25824.000 KB           WR = 0.000 KB        
q4_layer_ctrl:m_axi_weight2a-HBM[12]          RD = 24416.000 KB           WR = 0.000 KB        
q4_layer_ctrl:m_axi_weight2b-HBM[13]          RD = 24416.000 KB           WR = 0.000 KB        
q4_layer_ctrl:m_axi_weight3a-HBM[14]          RD = 24416.000 KB           WR = 0.000 KB        
q4_layer_ctrl:m_axi_weight3b-HBM[15]          RD = 24416.000 KB           WR = 0.000 KB        
q4_layer_ctrl:m_axi_hidden_in-HBM[0]          RD = 192.000 KB             WR = 0.000 KB        
q4_layer_ctrl:m_axi_hidden_out-HBM[1]          RD = 0.000 KB               WR = 160.000 KB      
q4_layer_ctrl:m_axi_kv_k-HBM[2]          RD = 84.000 KB              WR = 24.000 KB       
q4_layer_ctrl:m_axi_kv_v-HBM[3]          RD = 84.000 KB              WR = 24.000 KB       
q4_layer_ctrl:m_axi_norm-HBM[4]          RD = 48.000 KB              WR = 0.000 KB        
q4_layer_ctrl:m_axi_rope-HBM[5]          RD = 192.000 KB             WR = 0.000 KB        

Data transfer on stream interfaces
q4_layer_ctrl:activation_stream0-->PIPE               3242.371 KB     
q4_layer_ctrl:activation_stream1-->PIPE               3242.371 KB     
PIPE-->q4_layer_ctrl:out_stream0               1968.750 KB     
q4_layer_ctrl:activation_stream2-->PIPE               3066.371 KB     
PIPE-->q4_layer_ctrl:out_stream1               1968.750 KB     
PIPE-->q4_layer_ctrl:out_stream2               1891.750 KB     
PIPE-->q4_layer_ctrl:out_stream3               1891.750 KB     
q4_layer_ctrl:task_stream0-->PIPE               6.125 KB        
q4_layer_ctrl:task_stream1-->PIPE               6.125 KB        
q4_layer_ctrl:task_stream2-->PIPE               5.781 KB        
q4_layer_ctrl:task_stream3-->PIPE               5.781 KB        
q4_layer_ctrl:vector_stream0a-->PIPE               648.375 KB      
q4_layer_ctrl:vector_stream0b-->PIPE               570.375 KB      
q4_layer_ctrl:vector_stream1a-->PIPE               648.375 KB      
q4_layer_ctrl:activation_stream3-->PIPE               3066.371 KB     
q4_layer_ctrl:vector_stream1b-->PIPE               570.375 KB      
q4_layer_ctrl:vector_stream2a-->PIPE               648.375 KB      

INFO::[ Vitis-EM 22 ] [Time elapsed: 306 minute(s) 55 seconds, Emulation time: 6.53534 ms]
Data transfer between kernel(s) and global memory(s)
q4_layer_ctrl:m_axi_scales-HBM[6]          RD = 0.625 KB               WR = 0.000 KB        
q4_layer_ctrl:m_axi_weight0a-HBM[8]          RD = 25852.000 KB           WR = 0.000 KB        
q4_layer_ctrl:m_axi_weight0b-HBM[9]          RD = 25852.000 KB           WR = 0.000 KB        
q4_layer_ctrl:m_axi_weight1a-HBM[10]          RD = 25852.000 KB           WR = 0.000 KB        
q4_layer_ctrl:m_axi_weight1b-HBM[11]          RD = 25852.000 KB           WR = 0.000 KB        
q4_layer_ctrl:m_axi_weight2a-HBM[12]          RD = 24444.000 KB           WR = 0.000 KB        
q4_layer_ctrl:m_axi_weight2b-HBM[13]          RD = 24444.000 KB           WR = 0.000 KB        
q4_layer_ctrl:m_axi_weight3a-HBM[14]          RD = 24444.000 KB           WR = 0.000 KB        
q4_layer_ctrl:m_axi_weight3b-HBM[15]          RD = 24444.000 KB           WR = 0.000 KB        
q4_layer_ctrl:m_axi_hidden_in-HBM[0]          RD = 192.000 KB             WR = 0.000 KB        
q4_layer_ctrl:m_axi_hidden_out-HBM[1]          RD = 0.000 KB               WR = 160.000 KB      
q4_layer_ctrl:m_axi_kv_k-HBM[2]          RD = 84.000 KB              WR = 24.000 KB       
q4_layer_ctrl:m_axi_kv_v-HBM[3]          RD = 84.000 KB              WR = 24.000 KB       
q4_layer_ctrl:m_axi_norm-HBM[4]          RD = 48.000 KB              WR = 0.000 KB        
q4_layer_ctrl:m_axi_rope-HBM[5]          RD = 192.000 KB             WR = 0.000 KB        

Data transfer on stream interfaces
q4_layer_ctrl:activation_stream0-->PIPE               3245.469 KB     
q4_layer_ctrl:activation_stream1-->PIPE               3245.469 KB     
PIPE-->q4_layer_ctrl:out_stream0               1972.250 KB     
q4_layer_ctrl:activation_stream2-->PIPE               3069.469 KB     
PIPE-->q4_layer_ctrl:out_stream1               1972.250 KB     
PIPE-->q4_layer_ctrl:out_stream2               1895.250 KB     
PIPE-->q4_layer_ctrl:out_stream3               1895.250 KB     
q4_layer_ctrl:task_stream0-->PIPE               6.141 KB        
q4_layer_ctrl:task_stream1-->PIPE               6.141 KB        
q4_layer_ctrl:task_stream2-->PIPE               5.797 KB        
q4_layer_ctrl:task_stream3-->PIPE               5.797 KB        
q4_layer_ctrl:vector_stream0a-->PIPE               648.375 KB      
q4_layer_ctrl:vector_stream0b-->PIPE               570.375 KB      
q4_layer_ctrl:vector_stream1a-->PIPE               648.375 KB      
q4_layer_ctrl:activation_stream3-->PIPE               3069.469 KB     
q4_layer_ctrl:vector_stream1b-->PIPE               570.375 KB      
q4_layer_ctrl:vector_stream2a-->PIPE               648.375 KB      

INFO::[ Vitis-EM 22 ] [Time elapsed: 307 minute(s) 6 seconds, Emulation time: 6.53735 ms]
Data transfer between kernel(s) and global memory(s)
q4_layer_ctrl:m_axi_scales-HBM[6]          RD = 0.625 KB               WR = 0.000 KB        
q4_layer_ctrl:m_axi_weight0a-HBM[8]          RD = 25871.000 KB           WR = 0.000 KB        
q4_layer_ctrl:m_axi_weight0b-HBM[9]          RD = 25871.000 KB           WR = 0.000 KB        
q4_layer_ctrl:m_axi_weight1a-HBM[10]          RD = 25871.000 KB           WR = 0.000 KB        
q4_layer_ctrl:m_axi_weight1b-HBM[11]          RD = 25871.000 KB           WR = 0.000 KB        
q4_layer_ctrl:m_axi_weight2a-HBM[12]          RD = 24463.000 KB           WR = 0.000 KB        
q4_layer_ctrl:m_axi_weight2b-HBM[13]          RD = 24463.000 KB           WR = 0.000 KB        
q4_layer_ctrl:m_axi_weight3a-HBM[14]          RD = 24463.000 KB           WR = 0.000 KB        
q4_layer_ctrl:m_axi_weight3b-HBM[15]          RD = 24463.000 KB           WR = 0.000 KB        
q4_layer_ctrl:m_axi_hidden_in-HBM[0]          RD = 192.000 KB             WR = 0.000 KB        
q4_layer_ctrl:m_axi_hidden_out-HBM[1]          RD = 0.000 KB               WR = 160.000 KB      
q4_layer_ctrl:m_axi_kv_k-HBM[2]          RD = 84.000 KB              WR = 24.000 KB       
q4_layer_ctrl:m_axi_kv_v-HBM[3]          RD = 84.000 KB              WR = 24.000 KB       
q4_layer_ctrl:m_axi_norm-HBM[4]          RD = 48.000 KB              WR = 0.000 KB        
q4_layer_ctrl:m_axi_rope-HBM[5]          RD = 192.000 KB             WR = 0.000 KB        

Data transfer on stream interfaces
q4_layer_ctrl:activation_stream0-->PIPE               3247.824 KB     
q4_layer_ctrl:activation_stream1-->PIPE               3247.824 KB     
PIPE-->q4_layer_ctrl:out_stream0               1972.250 KB     
q4_layer_ctrl:activation_stream2-->PIPE               3071.824 KB     
PIPE-->q4_layer_ctrl:out_stream1               1972.250 KB     
PIPE-->q4_layer_ctrl:out_stream2               1895.250 KB     
PIPE-->q4_layer_ctrl:out_stream3               1895.250 KB     
q4_layer_ctrl:task_stream0-->PIPE               6.141 KB        
q4_layer_ctrl:task_stream1-->PIPE               6.141 KB        
q4_layer_ctrl:task_stream2-->PIPE               5.797 KB        
q4_layer_ctrl:task_stream3-->PIPE               5.797 KB        
q4_layer_ctrl:vector_stream0a-->PIPE               648.375 KB      
q4_layer_ctrl:vector_stream0b-->PIPE               570.375 KB      
q4_layer_ctrl:vector_stream1a-->PIPE               648.375 KB      
q4_layer_ctrl:activation_stream3-->PIPE               3071.824 KB     
q4_layer_ctrl:vector_stream1b-->PIPE               570.375 KB      
q4_layer_ctrl:vector_stream2a-->PIPE               648.375 KB      

INFO::[ Vitis-EM 22 ] [Time elapsed: 307 minute(s) 18 seconds, Emulation time: 6.53936 ms]
Data transfer between kernel(s) and global memory(s)
q4_layer_ctrl:m_axi_scales-HBM[6]          RD = 0.625 KB               WR = 0.000 KB        
q4_layer_ctrl:m_axi_weight0a-HBM[8]          RD = 25888.000 KB           WR = 0.000 KB        
q4_layer_ctrl:m_axi_weight0b-HBM[9]          RD = 25888.000 KB           WR = 0.000 KB        
q4_layer_ctrl:m_axi_weight1a-HBM[10]          RD = 25888.000 KB           WR = 0.000 KB        
q4_layer_ctrl:m_axi_weight1b-HBM[11]          RD = 25888.000 KB           WR = 0.000 KB        
q4_layer_ctrl:m_axi_weight2a-HBM[12]          RD = 24480.000 KB           WR = 0.000 KB        
q4_layer_ctrl:m_axi_weight2b-HBM[13]          RD = 24480.000 KB           WR = 0.000 KB        
q4_layer_ctrl:m_axi_weight3a-HBM[14]          RD = 24480.000 KB           WR = 0.000 KB        
q4_layer_ctrl:m_axi_weight3b-HBM[15]          RD = 24480.000 KB           WR = 0.000 KB        
q4_layer_ctrl:m_axi_hidden_in-HBM[0]          RD = 192.000 KB             WR = 0.000 KB        
q4_layer_ctrl:m_axi_hidden_out-HBM[1]          RD = 0.000 KB               WR = 160.000 KB      
q4_layer_ctrl:m_axi_kv_k-HBM[2]          RD = 84.000 KB              WR = 24.000 KB       
q4_layer_ctrl:m_axi_kv_v-HBM[3]          RD = 84.000 KB              WR = 24.000 KB       
q4_layer_ctrl:m_axi_norm-HBM[4]          RD = 48.000 KB              WR = 0.000 KB        
q4_layer_ctrl:m_axi_rope-HBM[5]          RD = 192.000 KB             WR = 0.000 KB        

Data transfer on stream interfaces
q4_layer_ctrl:activation_stream0-->PIPE               3250.180 KB     
q4_layer_ctrl:activation_stream1-->PIPE               3250.180 KB     
PIPE-->q4_layer_ctrl:out_stream0               1972.250 KB     
q4_layer_ctrl:activation_stream2-->PIPE               3074.180 KB     
PIPE-->q4_layer_ctrl:out_stream1               1972.250 KB     
PIPE-->q4_layer_ctrl:out_stream2               1895.250 KB     
PIPE-->q4_layer_ctrl:out_stream3               1895.250 KB     
q4_layer_ctrl:task_stream0-->PIPE               6.141 KB        
q4_layer_ctrl:task_stream1-->PIPE               6.141 KB        
q4_layer_ctrl:task_stream2-->PIPE               5.797 KB        
q4_layer_ctrl:task_stream3-->PIPE               5.797 KB        
q4_layer_ctrl:vector_stream0a-->PIPE               648.375 KB      
q4_layer_ctrl:vector_stream0b-->PIPE               570.375 KB      
q4_layer_ctrl:vector_stream1a-->PIPE               648.375 KB      
q4_layer_ctrl:activation_stream3-->PIPE               3074.180 KB     
q4_layer_ctrl:vector_stream1b-->PIPE               570.375 KB      
q4_layer_ctrl:vector_stream2a-->PIPE               648.375 KB      

INFO::[ Vitis-EM 22 ] [Time elapsed: 307 minute(s) 33 seconds, Emulation time: 6.54238 ms]
Data transfer between kernel(s) and global memory(s)
q4_layer_ctrl:m_axi_scales-HBM[6]          RD = 0.625 KB               WR = 0.000 KB        
q4_layer_ctrl:m_axi_weight0a-HBM[8]          RD = 25914.500 KB           WR = 0.000 KB        
q4_layer_ctrl:m_axi_weight0b-HBM[9]          RD = 25914.500 KB           WR = 0.000 KB        
q4_layer_ctrl:m_axi_weight1a-HBM[10]          RD = 25914.500 KB           WR = 0.000 KB        
q4_layer_ctrl:m_axi_weight1b-HBM[11]          RD = 25914.500 KB           WR = 0.000 KB        
q4_layer_ctrl:m_axi_weight2a-HBM[12]          RD = 24506.500 KB           WR = 0.000 KB        
q4_layer_ctrl:m_axi_weight2b-HBM[13]          RD = 24506.500 KB           WR = 0.000 KB        
q4_layer_ctrl:m_axi_weight3a-HBM[14]          RD = 24506.500 KB           WR = 0.000 KB        
q4_layer_ctrl:m_axi_weight3b-HBM[15]          RD = 24506.500 KB           WR = 0.000 KB        
q4_layer_ctrl:m_axi_hidden_in-HBM[0]          RD = 192.000 KB             WR = 0.000 KB        
q4_layer_ctrl:m_axi_hidden_out-HBM[1]          RD = 0.000 KB               WR = 160.000 KB      
q4_layer_ctrl:m_axi_kv_k-HBM[2]          RD = 84.000 KB              WR = 24.000 KB       
q4_layer_ctrl:m_axi_kv_v-HBM[3]          RD = 84.000 KB              WR = 24.000 KB       
q4_layer_ctrl:m_axi_norm-HBM[4]          RD = 48.000 KB              WR = 0.000 KB        
q4_layer_ctrl:m_axi_rope-HBM[5]          RD = 192.000 KB             WR = 0.000 KB        

Data transfer on stream interfaces
q4_layer_ctrl:activation_stream0-->PIPE               3253.273 KB     
q4_layer_ctrl:activation_stream1-->PIPE               3253.273 KB     
PIPE-->q4_layer_ctrl:out_stream0               1975.750 KB     
q4_layer_ctrl:activation_stream2-->PIPE               3077.273 KB     
PIPE-->q4_layer_ctrl:out_stream1               1975.750 KB     
PIPE-->q4_layer_ctrl:out_stream2               1898.750 KB     
PIPE-->q4_layer_ctrl:out_stream3               1898.750 KB     
q4_layer_ctrl:task_stream0-->PIPE               6.156 KB        
q4_layer_ctrl:task_stream1-->PIPE               6.156 KB        
q4_layer_ctrl:task_stream2-->PIPE               5.812 KB        
q4_layer_ctrl:task_stream3-->PIPE               5.812 KB        
q4_layer_ctrl:vector_stream0a-->PIPE               648.375 KB      
q4_layer_ctrl:vector_stream0b-->PIPE               570.375 KB      
q4_layer_ctrl:vector_stream1a-->PIPE               648.375 KB      
q4_layer_ctrl:activation_stream3-->PIPE               3077.273 KB     
q4_layer_ctrl:vector_stream1b-->PIPE               570.375 KB      
q4_layer_ctrl:vector_stream2a-->PIPE               648.375 KB      

INFO::[ Vitis-EM 22 ] [Time elapsed: 307 minute(s) 44 seconds, Emulation time: 6.54439 ms]
Data transfer between kernel(s) and global memory(s)
q4_layer_ctrl:m_axi_scales-HBM[6]          RD = 0.625 KB               WR = 0.000 KB        
q4_layer_ctrl:m_axi_weight0a-HBM[8]          RD = 25933.500 KB           WR = 0.000 KB        
q4_layer_ctrl:m_axi_weight0b-HBM[9]          RD = 25933.500 KB           WR = 0.000 KB        
q4_layer_ctrl:m_axi_weight1a-HBM[10]          RD = 25933.500 KB           WR = 0.000 KB        
q4_layer_ctrl:m_axi_weight1b-HBM[11]          RD = 25933.500 KB           WR = 0.000 KB        
q4_layer_ctrl:m_axi_weight2a-HBM[12]          RD = 24525.500 KB           WR = 0.000 KB        
q4_layer_ctrl:m_axi_weight2b-HBM[13]          RD = 24525.500 KB           WR = 0.000 KB        
q4_layer_ctrl:m_axi_weight3a-HBM[14]          RD = 24525.500 KB           WR = 0.000 KB        
q4_layer_ctrl:m_axi_weight3b-HBM[15]          RD = 24525.500 KB           WR = 0.000 KB        
q4_layer_ctrl:m_axi_hidden_in-HBM[0]          RD = 192.000 KB             WR = 0.000 KB        
q4_layer_ctrl:m_axi_hidden_out-HBM[1]          RD = 0.000 KB               WR = 160.000 KB      
q4_layer_ctrl:m_axi_kv_k-HBM[2]          RD = 84.000 KB              WR = 24.000 KB       
q4_layer_ctrl:m_axi_kv_v-HBM[3]          RD = 84.000 KB              WR = 24.000 KB       
q4_layer_ctrl:m_axi_norm-HBM[4]          RD = 48.000 KB              WR = 0.000 KB        
q4_layer_ctrl:m_axi_rope-HBM[5]          RD = 192.000 KB             WR = 0.000 KB        

Data transfer on stream interfaces
q4_layer_ctrl:activation_stream0-->PIPE               3255.629 KB     
q4_layer_ctrl:activation_stream1-->PIPE               3255.629 KB     
PIPE-->q4_layer_ctrl:out_stream0               1975.750 KB     
q4_layer_ctrl:activation_stream2-->PIPE               3079.629 KB     
PIPE-->q4_layer_ctrl:out_stream1               1975.750 KB     
PIPE-->q4_layer_ctrl:out_stream2               1898.750 KB     
PIPE-->q4_layer_ctrl:out_stream3               1898.750 KB     
q4_layer_ctrl:task_stream0-->PIPE               6.156 KB        
q4_layer_ctrl:task_stream1-->PIPE               6.156 KB        
q4_layer_ctrl:task_stream2-->PIPE               5.812 KB        
q4_layer_ctrl:task_stream3-->PIPE               5.812 KB        
q4_layer_ctrl:vector_stream0a-->PIPE               648.375 KB      
q4_layer_ctrl:vector_stream0b-->PIPE               570.375 KB      
q4_layer_ctrl:vector_stream1a-->PIPE               648.375 KB      
q4_layer_ctrl:activation_stream3-->PIPE               3079.629 KB     
q4_layer_ctrl:vector_stream1b-->PIPE               570.375 KB      
q4_layer_ctrl:vector_stream2a-->PIPE               648.375 KB      

INFO::[ Vitis-EM 22 ] [Time elapsed: 309 minute(s) 16 seconds, Emulation time: 6.56146 ms]
Data transfer between kernel(s) and global memory(s)
q4_layer_ctrl:m_axi_scales-HBM[6]          RD = 0.625 KB               WR = 0.000 KB        
q4_layer_ctrl:m_axi_weight0a-HBM[8]          RD = 26083.000 KB           WR = 0.000 KB        
q4_layer_ctrl:m_axi_weight0b-HBM[9]          RD = 26083.000 KB           WR = 0.000 KB        
q4_layer_ctrl:m_axi_weight1a-HBM[10]          RD = 26083.000 KB           WR = 0.000 KB        
q4_layer_ctrl:m_axi_weight1b-HBM[11]          RD = 26083.000 KB           WR = 0.000 KB        
q4_layer_ctrl:m_axi_weight2a-HBM[12]          RD = 24675.000 KB           WR = 0.000 KB        
q4_layer_ctrl:m_axi_weight2b-HBM[13]          RD = 24675.000 KB           WR = 0.000 KB        
q4_layer_ctrl:m_axi_weight3a-HBM[14]          RD = 24675.000 KB           WR = 0.000 KB        
q4_layer_ctrl:m_axi_weight3b-HBM[15]          RD = 24675.000 KB           WR = 0.000 KB        
q4_layer_ctrl:m_axi_hidden_in-HBM[0]          RD = 192.000 KB             WR = 0.000 KB        
q4_layer_ctrl:m_axi_hidden_out-HBM[1]          RD = 0.000 KB               WR = 160.000 KB      
q4_layer_ctrl:m_axi_kv_k-HBM[2]          RD = 84.000 KB              WR = 24.000 KB       
q4_layer_ctrl:m_axi_kv_v-HBM[3]          RD = 84.000 KB              WR = 24.000 KB       
q4_layer_ctrl:m_axi_norm-HBM[4]          RD = 48.000 KB              WR = 0.000 KB        
q4_layer_ctrl:m_axi_rope-HBM[5]          RD = 192.000 KB             WR = 0.000 KB        

Data transfer on stream interfaces
q4_layer_ctrl:activation_stream0-->PIPE               3274.625 KB     
q4_layer_ctrl:activation_stream1-->PIPE               3274.625 KB     
PIPE-->q4_layer_ctrl:out_stream0               1982.750 KB     
q4_layer_ctrl:activation_stream2-->PIPE               3098.625 KB     
PIPE-->q4_layer_ctrl:out_stream1               1982.750 KB     
PIPE-->q4_layer_ctrl:out_stream2               1905.750 KB     
PIPE-->q4_layer_ctrl:out_stream3               1905.750 KB     
q4_layer_ctrl:task_stream0-->PIPE               6.203 KB        
q4_layer_ctrl:task_stream1-->PIPE               6.203 KB        
q4_layer_ctrl:task_stream2-->PIPE               5.859 KB        
q4_layer_ctrl:task_stream3-->PIPE               5.859 KB        
q4_layer_ctrl:vector_stream0a-->PIPE               648.375 KB      
q4_layer_ctrl:vector_stream0b-->PIPE               570.375 KB      
q4_layer_ctrl:vector_stream1a-->PIPE               648.375 KB      
q4_layer_ctrl:activation_stream3-->PIPE               3098.625 KB     
q4_layer_ctrl:vector_stream1b-->PIPE               570.375 KB      
q4_layer_ctrl:vector_stream2a-->PIPE               648.375 KB      

INFO::[ Vitis-EM 22 ] [Time elapsed: 309 minute(s) 32 seconds, Emulation time: 6.56448 ms]
Data transfer between kernel(s) and global memory(s)
q4_layer_ctrl:m_axi_scales-HBM[6]          RD = 0.625 KB               WR = 0.000 KB        
q4_layer_ctrl:m_axi_weight0a-HBM[8]          RD = 26111.000 KB           WR = 0.000 KB        
q4_layer_ctrl:m_axi_weight0b-HBM[9]          RD = 26111.000 KB           WR = 0.000 KB        
q4_layer_ctrl:m_axi_weight1a-HBM[10]          RD = 26111.000 KB           WR = 0.000 KB        
q4_layer_ctrl:m_axi_weight1b-HBM[11]          RD = 26111.000 KB           WR = 0.000 KB        
q4_layer_ctrl:m_axi_weight2a-HBM[12]          RD = 24703.000 KB           WR = 0.000 KB        
q4_layer_ctrl:m_axi_weight2b-HBM[13]          RD = 24703.000 KB           WR = 0.000 KB        
q4_layer_ctrl:m_axi_weight3a-HBM[14]          RD = 24703.000 KB           WR = 0.000 KB        
q4_layer_ctrl:m_axi_weight3b-HBM[15]          RD = 24703.000 KB           WR = 0.000 KB        
q4_layer_ctrl:m_axi_hidden_in-HBM[0]          RD = 192.000 KB             WR = 0.000 KB        
q4_layer_ctrl:m_axi_hidden_out-HBM[1]          RD = 0.000 KB               WR = 160.000 KB      
q4_layer_ctrl:m_axi_kv_k-HBM[2]          RD = 84.000 KB              WR = 24.000 KB       
q4_layer_ctrl:m_axi_kv_v-HBM[3]          RD = 84.000 KB              WR = 24.000 KB       
q4_layer_ctrl:m_axi_norm-HBM[4]          RD = 48.000 KB              WR = 0.000 KB        
q4_layer_ctrl:m_axi_rope-HBM[5]          RD = 192.000 KB             WR = 0.000 KB        

Data transfer on stream interfaces
q4_layer_ctrl:activation_stream0-->PIPE               3277.828 KB     
q4_layer_ctrl:activation_stream1-->PIPE               3277.828 KB     
PIPE-->q4_layer_ctrl:out_stream0               1986.250 KB     
q4_layer_ctrl:activation_stream2-->PIPE               3101.828 KB     
PIPE-->q4_layer_ctrl:out_stream1               1986.250 KB     
PIPE-->q4_layer_ctrl:out_stream2               1909.250 KB     
PIPE-->q4_layer_ctrl:out_stream3               1909.250 KB     
q4_layer_ctrl:task_stream0-->PIPE               6.203 KB        
q4_layer_ctrl:task_stream1-->PIPE               6.203 KB        
q4_layer_ctrl:task_stream2-->PIPE               5.859 KB        
q4_layer_ctrl:task_stream3-->PIPE               5.859 KB        
q4_layer_ctrl:vector_stream0a-->PIPE               648.375 KB      
q4_layer_ctrl:vector_stream0b-->PIPE               570.375 KB      
q4_layer_ctrl:vector_stream1a-->PIPE               648.375 KB      
q4_layer_ctrl:activation_stream3-->PIPE               3101.828 KB     
q4_layer_ctrl:vector_stream1b-->PIPE               570.375 KB      
q4_layer_ctrl:vector_stream2a-->PIPE               648.375 KB      

INFO::[ Vitis-EM 22 ] [Time elapsed: 310 minute(s) 18 seconds, Emulation time: 6.57552 ms]
Data transfer between kernel(s) and global memory(s)
q4_layer_ctrl:m_axi_scales-HBM[6]          RD = 0.625 KB               WR = 0.000 KB        
q4_layer_ctrl:m_axi_weight0a-HBM[8]          RD = 26208.000 KB           WR = 0.000 KB        
q4_layer_ctrl:m_axi_weight0b-HBM[9]          RD = 26208.000 KB           WR = 0.000 KB        
q4_layer_ctrl:m_axi_weight1a-HBM[10]          RD = 26208.000 KB           WR = 0.000 KB        
q4_layer_ctrl:m_axi_weight1b-HBM[11]          RD = 26208.000 KB           WR = 0.000 KB        
q4_layer_ctrl:m_axi_weight2a-HBM[12]          RD = 24736.000 KB           WR = 0.000 KB        
q4_layer_ctrl:m_axi_weight2b-HBM[13]          RD = 24736.000 KB           WR = 0.000 KB        
q4_layer_ctrl:m_axi_weight3a-HBM[14]          RD = 24736.000 KB           WR = 0.000 KB        
q4_layer_ctrl:m_axi_weight3b-HBM[15]          RD = 24736.000 KB           WR = 0.000 KB        
q4_layer_ctrl:m_axi_hidden_in-HBM[0]          RD = 192.000 KB             WR = 0.000 KB        
q4_layer_ctrl:m_axi_hidden_out-HBM[1]          RD = 0.000 KB               WR = 160.000 KB      
q4_layer_ctrl:m_axi_kv_k-HBM[2]          RD = 84.000 KB              WR = 24.000 KB       
q4_layer_ctrl:m_axi_kv_v-HBM[3]          RD = 84.000 KB              WR = 24.000 KB       
q4_layer_ctrl:m_axi_norm-HBM[4]          RD = 48.000 KB              WR = 0.000 KB        
q4_layer_ctrl:m_axi_rope-HBM[5]          RD = 192.000 KB             WR = 0.000 KB        

Data transfer on stream interfaces
q4_layer_ctrl:activation_stream0-->PIPE               3290.320 KB     
q4_layer_ctrl:activation_stream1-->PIPE               3290.320 KB     
PIPE-->q4_layer_ctrl:out_stream0               1989.750 KB     
q4_layer_ctrl:activation_stream2-->PIPE               3106.625 KB     
PIPE-->q4_layer_ctrl:out_stream1               1989.750 KB     
PIPE-->q4_layer_ctrl:out_stream2               1912.750 KB     
PIPE-->q4_layer_ctrl:out_stream3               1912.750 KB     
q4_layer_ctrl:task_stream0-->PIPE               6.219 KB        
q4_layer_ctrl:task_stream1-->PIPE               6.219 KB        
q4_layer_ctrl:task_stream2-->PIPE               5.859 KB        
q4_layer_ctrl:task_stream3-->PIPE               5.859 KB        
q4_layer_ctrl:vector_stream0a-->PIPE               648.375 KB      
q4_layer_ctrl:vector_stream0b-->PIPE               570.375 KB      
q4_layer_ctrl:vector_stream1a-->PIPE               648.375 KB      
q4_layer_ctrl:activation_stream3-->PIPE               3106.625 KB     
q4_layer_ctrl:vector_stream1b-->PIPE               570.375 KB      
q4_layer_ctrl:vector_stream2a-->PIPE               648.375 KB      

INFO::[ Vitis-EM 22 ] [Time elapsed: 311 minute(s) 34 seconds, Emulation time: 6.60597 ms]
Data transfer between kernel(s) and global memory(s)
q4_layer_ctrl:m_axi_scales-HBM[6]          RD = 0.641 KB               WR = 0.000 KB        
q4_layer_ctrl:m_axi_weight0a-HBM[8]          RD = 26303.000 KB           WR = 0.000 KB        
q4_layer_ctrl:m_axi_weight0b-HBM[9]          RD = 26303.000 KB           WR = 0.000 KB        
q4_layer_ctrl:m_axi_weight1a-HBM[10]          RD = 26303.000 KB           WR = 0.000 KB        
q4_layer_ctrl:m_axi_weight1b-HBM[11]          RD = 26303.000 KB           WR = 0.000 KB        
q4_layer_ctrl:m_axi_weight2a-HBM[12]          RD = 24831.000 KB           WR = 0.000 KB        
q4_layer_ctrl:m_axi_weight2b-HBM[13]          RD = 24831.000 KB           WR = 0.000 KB        
q4_layer_ctrl:m_axi_weight3a-HBM[14]          RD = 24831.000 KB           WR = 0.000 KB        
q4_layer_ctrl:m_axi_weight3b-HBM[15]          RD = 24831.000 KB           WR = 0.000 KB        
q4_layer_ctrl:m_axi_hidden_in-HBM[0]          RD = 192.000 KB             WR = 0.000 KB        
q4_layer_ctrl:m_axi_hidden_out-HBM[1]          RD = 0.000 KB               WR = 160.000 KB      
q4_layer_ctrl:m_axi_kv_k-HBM[2]          RD = 84.000 KB              WR = 24.000 KB       
q4_layer_ctrl:m_axi_kv_v-HBM[3]          RD = 84.000 KB              WR = 24.000 KB       
q4_layer_ctrl:m_axi_norm-HBM[4]          RD = 48.000 KB              WR = 0.000 KB        
q4_layer_ctrl:m_axi_rope-HBM[5]          RD = 192.000 KB             WR = 0.000 KB        

Data transfer on stream interfaces
q4_layer_ctrl:activation_stream0-->PIPE               3302.004 KB     
q4_layer_ctrl:activation_stream1-->PIPE               3302.004 KB     
PIPE-->q4_layer_ctrl:out_stream0               1996.750 KB     
q4_layer_ctrl:activation_stream2-->PIPE               3118.004 KB     
PIPE-->q4_layer_ctrl:out_stream1               1996.750 KB     
PIPE-->q4_layer_ctrl:out_stream2               1916.250 KB     
PIPE-->q4_layer_ctrl:out_stream3               1916.250 KB     
q4_layer_ctrl:task_stream0-->PIPE               6.250 KB        
q4_layer_ctrl:task_stream1-->PIPE               6.250 KB        
q4_layer_ctrl:task_stream2-->PIPE               5.891 KB        
q4_layer_ctrl:task_stream3-->PIPE               5.891 KB        
q4_layer_ctrl:vector_stream0a-->PIPE               648.375 KB      
q4_layer_ctrl:vector_stream0b-->PIPE               570.375 KB      
q4_layer_ctrl:vector_stream1a-->PIPE               648.375 KB      
q4_layer_ctrl:activation_stream3-->PIPE               3118.004 KB     
q4_layer_ctrl:vector_stream1b-->PIPE               570.375 KB      
q4_layer_ctrl:vector_stream2a-->PIPE               648.375 KB      

INFO::[ Vitis-EM 22 ] [Time elapsed: 312 minute(s) 1 seconds, Emulation time: 6.61099 ms]
Data transfer between kernel(s) and global memory(s)
q4_layer_ctrl:m_axi_scales-HBM[6]          RD = 0.641 KB               WR = 0.000 KB        
q4_layer_ctrl:m_axi_weight0a-HBM[8]          RD = 26347.500 KB           WR = 0.000 KB        
q4_layer_ctrl:m_axi_weight0b-HBM[9]          RD = 26347.500 KB           WR = 0.000 KB        
q4_layer_ctrl:m_axi_weight1a-HBM[10]          RD = 26347.500 KB           WR = 0.000 KB        
q4_layer_ctrl:m_axi_weight1b-HBM[11]          RD = 26347.500 KB           WR = 0.000 KB        
q4_layer_ctrl:m_axi_weight2a-HBM[12]          RD = 24875.500 KB           WR = 0.000 KB        
q4_layer_ctrl:m_axi_weight2b-HBM[13]          RD = 24875.500 KB           WR = 0.000 KB        
q4_layer_ctrl:m_axi_weight3a-HBM[14]          RD = 24875.500 KB           WR = 0.000 KB        
q4_layer_ctrl:m_axi_weight3b-HBM[15]          RD = 24875.500 KB           WR = 0.000 KB        
q4_layer_ctrl:m_axi_hidden_in-HBM[0]          RD = 192.000 KB             WR = 0.000 KB        
q4_layer_ctrl:m_axi_hidden_out-HBM[1]          RD = 0.000 KB               WR = 160.000 KB      
q4_layer_ctrl:m_axi_kv_k-HBM[2]          RD = 84.000 KB              WR = 24.000 KB       
q4_layer_ctrl:m_axi_kv_v-HBM[3]          RD = 84.000 KB              WR = 24.000 KB       
q4_layer_ctrl:m_axi_norm-HBM[4]          RD = 48.000 KB              WR = 0.000 KB        
q4_layer_ctrl:m_axi_rope-HBM[5]          RD = 192.000 KB             WR = 0.000 KB        

Data transfer on stream interfaces
q4_layer_ctrl:activation_stream0-->PIPE               3307.598 KB     
q4_layer_ctrl:activation_stream1-->PIPE               3307.598 KB     
PIPE-->q4_layer_ctrl:out_stream0               2000.250 KB     
q4_layer_ctrl:activation_stream2-->PIPE               3123.598 KB     
PIPE-->q4_layer_ctrl:out_stream1               2000.250 KB     
PIPE-->q4_layer_ctrl:out_stream2               1919.750 KB     
PIPE-->q4_layer_ctrl:out_stream3               1919.750 KB     
q4_layer_ctrl:task_stream0-->PIPE               6.266 KB        
q4_layer_ctrl:task_stream1-->PIPE               6.266 KB        
q4_layer_ctrl:task_stream2-->PIPE               5.906 KB        
q4_layer_ctrl:task_stream3-->PIPE               5.906 KB        
q4_layer_ctrl:vector_stream0a-->PIPE               648.375 KB      
q4_layer_ctrl:vector_stream0b-->PIPE               570.375 KB      
q4_layer_ctrl:vector_stream1a-->PIPE               648.375 KB      
q4_layer_ctrl:activation_stream3-->PIPE               3123.598 KB     
q4_layer_ctrl:vector_stream1b-->PIPE               570.375 KB      
q4_layer_ctrl:vector_stream2a-->PIPE               648.375 KB      

INFO::[ Vitis-EM 22 ] [Time elapsed: 323 minute(s) 14 seconds, Emulation time: 6.7365 ms]
Data transfer between kernel(s) and global memory(s)
q4_layer_ctrl:m_axi_scales-HBM[6]          RD = 0.641 KB               WR = 0.000 KB        
q4_layer_ctrl:m_axi_weight0a-HBM[8]          RD = 27466.500 KB           WR = 0.000 KB        
q4_layer_ctrl:m_axi_weight0b-HBM[9]          RD = 27466.500 KB           WR = 0.000 KB        
q4_layer_ctrl:m_axi_weight1a-HBM[10]          RD = 27466.500 KB           WR = 0.000 KB        
q4_layer_ctrl:m_axi_weight1b-HBM[11]          RD = 27466.500 KB           WR = 0.000 KB        
q4_layer_ctrl:m_axi_weight2a-HBM[12]          RD = 25994.500 KB           WR = 0.000 KB        
q4_layer_ctrl:m_axi_weight2b-HBM[13]          RD = 25994.500 KB           WR = 0.000 KB        
q4_layer_ctrl:m_axi_weight3a-HBM[14]          RD = 25994.500 KB           WR = 0.000 KB        
q4_layer_ctrl:m_axi_weight3b-HBM[15]          RD = 25994.500 KB           WR = 0.000 KB        
q4_layer_ctrl:m_axi_hidden_in-HBM[0]          RD = 192.000 KB             WR = 0.000 KB        
q4_layer_ctrl:m_axi_hidden_out-HBM[1]          RD = 0.000 KB               WR = 160.000 KB      
q4_layer_ctrl:m_axi_kv_k-HBM[2]          RD = 84.000 KB              WR = 24.000 KB       
q4_layer_ctrl:m_axi_kv_v-HBM[3]          RD = 84.000 KB              WR = 24.000 KB       
q4_layer_ctrl:m_axi_norm-HBM[4]          RD = 48.000 KB              WR = 0.000 KB        
q4_layer_ctrl:m_axi_rope-HBM[5]          RD = 192.000 KB             WR = 0.000 KB        

Data transfer on stream interfaces
q4_layer_ctrl:activation_stream0-->PIPE               3447.258 KB     
q4_layer_ctrl:activation_stream1-->PIPE               3447.258 KB     
PIPE-->q4_layer_ctrl:out_stream0               2059.750 KB     
q4_layer_ctrl:activation_stream2-->PIPE               3263.258 KB     
PIPE-->q4_layer_ctrl:out_stream1               2059.750 KB     
PIPE-->q4_layer_ctrl:out_stream2               1979.250 KB     
PIPE-->q4_layer_ctrl:out_stream3               1979.250 KB     
q4_layer_ctrl:task_stream0-->PIPE               6.531 KB        
q4_layer_ctrl:task_stream1-->PIPE               6.531 KB        
q4_layer_ctrl:task_stream2-->PIPE               6.172 KB        
q4_layer_ctrl:task_stream3-->PIPE               6.172 KB        
q4_layer_ctrl:vector_stream0a-->PIPE               648.375 KB      
q4_layer_ctrl:vector_stream0b-->PIPE               570.375 KB      
q4_layer_ctrl:vector_stream1a-->PIPE               648.375 KB      
q4_layer_ctrl:activation_stream3-->PIPE               3263.258 KB     
q4_layer_ctrl:vector_stream1b-->PIPE               570.375 KB      
q4_layer_ctrl:vector_stream2a-->PIPE               648.375 KB      

INFO::[ Vitis-EM 22 ] [Time elapsed: 339 minute(s) 50 seconds, Emulation time: 7.08742 ms]
Data transfer between kernel(s) and global memory(s)
q4_layer_ctrl:m_axi_scales-HBM[6]          RD = 0.656 KB               WR = 0.000 KB        
q4_layer_ctrl:m_axi_weight0a-HBM[8]          RD = 28992.000 KB           WR = 0.000 KB        
q4_layer_ctrl:m_axi_weight0b-HBM[9]          RD = 28992.000 KB           WR = 0.000 KB        
q4_layer_ctrl:m_axi_weight1a-HBM[10]          RD = 28992.000 KB           WR = 0.000 KB        
q4_layer_ctrl:m_axi_weight1b-HBM[11]          RD = 28992.000 KB           WR = 0.000 KB        
q4_layer_ctrl:m_axi_weight2a-HBM[12]          RD = 27456.000 KB           WR = 0.000 KB        
q4_layer_ctrl:m_axi_weight2b-HBM[13]          RD = 27456.000 KB           WR = 0.000 KB        
q4_layer_ctrl:m_axi_weight3a-HBM[14]          RD = 27456.000 KB           WR = 0.000 KB        
q4_layer_ctrl:m_axi_weight3b-HBM[15]          RD = 27456.000 KB           WR = 0.000 KB        
q4_layer_ctrl:m_axi_hidden_in-HBM[0]          RD = 224.000 KB             WR = 0.000 KB        
q4_layer_ctrl:m_axi_hidden_out-HBM[1]          RD = 0.000 KB               WR = 192.000 KB      
q4_layer_ctrl:m_axi_kv_k-HBM[2]          RD = 84.000 KB              WR = 24.000 KB       
q4_layer_ctrl:m_axi_kv_v-HBM[3]          RD = 84.000 KB              WR = 24.000 KB       
q4_layer_ctrl:m_axi_norm-HBM[4]          RD = 52.000 KB              WR = 0.000 KB        
q4_layer_ctrl:m_axi_rope-HBM[5]          RD = 192.000 KB             WR = 0.000 KB        

Data transfer on stream interfaces
q4_layer_ctrl:activation_stream0-->PIPE               3638.625 KB     
q4_layer_ctrl:activation_stream1-->PIPE               3638.625 KB     
PIPE-->q4_layer_ctrl:out_stream0               2180.500 KB     
q4_layer_ctrl:activation_stream2-->PIPE               3446.625 KB     
PIPE-->q4_layer_ctrl:out_stream1               2180.500 KB     
PIPE-->q4_layer_ctrl:out_stream2               2096.500 KB     
PIPE-->q4_layer_ctrl:out_stream3               2096.500 KB     
q4_layer_ctrl:task_stream0-->PIPE               6.672 KB        
q4_layer_ctrl:task_stream1-->PIPE               6.672 KB        
q4_layer_ctrl:task_stream2-->PIPE               6.297 KB        
q4_layer_ctrl:task_stream3-->PIPE               6.297 KB        
q4_layer_ctrl:vector_stream0a-->PIPE               744.250 KB      
q4_layer_ctrl:vector_stream0b-->PIPE               659.750 KB      
q4_layer_ctrl:vector_stream1a-->PIPE               744.250 KB      
q4_layer_ctrl:activation_stream3-->PIPE               3446.625 KB     
q4_layer_ctrl:vector_stream1b-->PIPE               659.750 KB      
q4_layer_ctrl:vector_stream2a-->PIPE               744.250 KB      

INFO::[ Vitis-EM 22 ] [Time elapsed: 340 minute(s) 0 seconds, Emulation time: 7.09453 ms]
Data transfer between kernel(s) and global memory(s)
q4_layer_ctrl:m_axi_scales-HBM[6]          RD = 0.656 KB               WR = 0.000 KB        
q4_layer_ctrl:m_axi_weight0a-HBM[8]          RD = 28992.000 KB           WR = 0.000 KB        
q4_layer_ctrl:m_axi_weight0b-HBM[9]          RD = 28992.000 KB           WR = 0.000 KB        
q4_layer_ctrl:m_axi_weight1a-HBM[10]          RD = 28992.000 KB           WR = 0.000 KB        
q4_layer_ctrl:m_axi_weight1b-HBM[11]          RD = 28992.000 KB           WR = 0.000 KB        
q4_layer_ctrl:m_axi_weight2a-HBM[12]          RD = 27456.000 KB           WR = 0.000 KB        
q4_layer_ctrl:m_axi_weight2b-HBM[13]          RD = 27456.000 KB           WR = 0.000 KB        
q4_layer_ctrl:m_axi_weight3a-HBM[14]          RD = 27456.000 KB           WR = 0.000 KB        
q4_layer_ctrl:m_axi_weight3b-HBM[15]          RD = 27456.000 KB           WR = 0.000 KB        
q4_layer_ctrl:m_axi_hidden_in-HBM[0]          RD = 224.000 KB             WR = 0.000 KB        
q4_layer_ctrl:m_axi_hidden_out-HBM[1]          RD = 0.000 KB               WR = 192.000 KB      
q4_layer_ctrl:m_axi_kv_k-HBM[2]          RD = 84.000 KB              WR = 24.000 KB       
q4_layer_ctrl:m_axi_kv_v-HBM[3]          RD = 84.000 KB              WR = 24.000 KB       
q4_layer_ctrl:m_axi_norm-HBM[4]          RD = 52.000 KB              WR = 0.000 KB        
q4_layer_ctrl:m_axi_rope-HBM[5]          RD = 192.000 KB             WR = 0.000 KB        

Data transfer on stream interfaces
q4_layer_ctrl:activation_stream0-->PIPE               3638.625 KB     
q4_layer_ctrl:activation_stream1-->PIPE               3638.625 KB     
PIPE-->q4_layer_ctrl:out_stream0               2180.664 KB     
q4_layer_ctrl:activation_stream2-->PIPE               3446.625 KB     
PIPE-->q4_layer_ctrl:out_stream1               2180.664 KB     
PIPE-->q4_layer_ctrl:out_stream2               2096.664 KB     
PIPE-->q4_layer_ctrl:out_stream3               2096.664 KB     
q4_layer_ctrl:task_stream0-->PIPE               6.672 KB        
q4_layer_ctrl:task_stream1-->PIPE               6.672 KB        
q4_layer_ctrl:task_stream2-->PIPE               6.297 KB        
q4_layer_ctrl:task_stream3-->PIPE               6.297 KB        
q4_layer_ctrl:vector_stream0a-->PIPE               744.250 KB      
q4_layer_ctrl:vector_stream0b-->PIPE               659.750 KB      
q4_layer_ctrl:vector_stream1a-->PIPE               744.250 KB      
q4_layer_ctrl:activation_stream3-->PIPE               3446.625 KB     
q4_layer_ctrl:vector_stream1b-->PIPE               659.750 KB      
q4_layer_ctrl:vector_stream2a-->PIPE               744.250 KB      

INFO::[ Vitis-EM 22 ] [Time elapsed: 340 minute(s) 14 seconds, Emulation time: 7.10571 ms]
Data transfer between kernel(s) and global memory(s)
q4_layer_ctrl:m_axi_scales-HBM[6]          RD = 0.656 KB               WR = 0.000 KB        
q4_layer_ctrl:m_axi_weight0a-HBM[8]          RD = 28992.000 KB           WR = 0.000 KB        
q4_layer_ctrl:m_axi_weight0b-HBM[9]          RD = 28992.000 KB           WR = 0.000 KB        
q4_layer_ctrl:m_axi_weight1a-HBM[10]          RD = 28992.000 KB           WR = 0.000 KB        
q4_layer_ctrl:m_axi_weight1b-HBM[11]          RD = 28992.000 KB           WR = 0.000 KB        
q4_layer_ctrl:m_axi_weight2a-HBM[12]          RD = 27456.000 KB           WR = 0.000 KB        
q4_layer_ctrl:m_axi_weight2b-HBM[13]          RD = 27456.000 KB           WR = 0.000 KB        
q4_layer_ctrl:m_axi_weight3a-HBM[14]          RD = 27456.000 KB           WR = 0.000 KB        
q4_layer_ctrl:m_axi_weight3b-HBM[15]          RD = 27456.000 KB           WR = 0.000 KB        
q4_layer_ctrl:m_axi_hidden_in-HBM[0]          RD = 224.000 KB             WR = 0.000 KB        
q4_layer_ctrl:m_axi_hidden_out-HBM[1]          RD = 0.000 KB               WR = 192.000 KB      
q4_layer_ctrl:m_axi_kv_k-HBM[2]          RD = 84.000 KB              WR = 24.000 KB       
q4_layer_ctrl:m_axi_kv_v-HBM[3]          RD = 84.000 KB              WR = 24.000 KB       
q4_layer_ctrl:m_axi_norm-HBM[4]          RD = 52.000 KB              WR = 0.000 KB        
q4_layer_ctrl:m_axi_rope-HBM[5]          RD = 192.000 KB             WR = 0.000 KB        

Data transfer on stream interfaces
q4_layer_ctrl:activation_stream0-->PIPE               3638.625 KB     
q4_layer_ctrl:activation_stream1-->PIPE               3638.625 KB     
PIPE-->q4_layer_ctrl:out_stream0               2186.406 KB     
q4_layer_ctrl:activation_stream2-->PIPE               3446.625 KB     
PIPE-->q4_layer_ctrl:out_stream1               2186.406 KB     
PIPE-->q4_layer_ctrl:out_stream2               2102.406 KB     
PIPE-->q4_layer_ctrl:out_stream3               2102.406 KB     
q4_layer_ctrl:task_stream0-->PIPE               6.672 KB        
q4_layer_ctrl:task_stream1-->PIPE               6.672 KB        
q4_layer_ctrl:task_stream2-->PIPE               6.297 KB        
q4_layer_ctrl:task_stream3-->PIPE               6.297 KB        
q4_layer_ctrl:vector_stream0a-->PIPE               744.250 KB      
q4_layer_ctrl:vector_stream0b-->PIPE               659.750 KB      
q4_layer_ctrl:vector_stream1a-->PIPE               744.250 KB      
q4_layer_ctrl:activation_stream3-->PIPE               3446.625 KB     
q4_layer_ctrl:vector_stream1b-->PIPE               659.750 KB      
q4_layer_ctrl:vector_stream2a-->PIPE               744.250 KB      

INFO::[ Vitis-EM 22 ] [Time elapsed: 340 minute(s) 29 seconds, Emulation time: 7.1128 ms]
Data transfer between kernel(s) and global memory(s)
q4_layer_ctrl:m_axi_scales-HBM[6]          RD = 0.672 KB               WR = 0.000 KB        
q4_layer_ctrl:m_axi_weight0a-HBM[8]          RD = 29004.500 KB           WR = 0.000 KB        
q4_layer_ctrl:m_axi_weight0b-HBM[9]          RD = 29004.500 KB           WR = 0.000 KB        
q4_layer_ctrl:m_axi_weight1a-HBM[10]          RD = 29004.500 KB           WR = 0.000 KB        
q4_layer_ctrl:m_axi_weight1b-HBM[11]          RD = 29004.500 KB           WR = 0.000 KB        
q4_layer_ctrl:m_axi_weight2a-HBM[12]          RD = 27468.500 KB           WR = 0.000 KB        
q4_layer_ctrl:m_axi_weight2b-HBM[13]          RD = 27468.500 KB           WR = 0.000 KB        
q4_layer_ctrl:m_axi_weight3a-HBM[14]          RD = 27468.500 KB           WR = 0.000 KB        
q4_layer_ctrl:m_axi_weight3b-HBM[15]          RD = 27468.500 KB           WR = 0.000 KB        
q4_layer_ctrl:m_axi_hidden_in-HBM[0]          RD = 224.000 KB             WR = 0.000 KB        
q4_layer_ctrl:m_axi_hidden_out-HBM[1]          RD = 0.000 KB               WR = 192.000 KB      
q4_layer_ctrl:m_axi_kv_k-HBM[2]          RD = 84.000 KB              WR = 24.000 KB       
q4_layer_ctrl:m_axi_kv_v-HBM[3]          RD = 84.000 KB              WR = 24.000 KB       
q4_layer_ctrl:m_axi_norm-HBM[4]          RD = 52.000 KB              WR = 0.000 KB        
q4_layer_ctrl:m_axi_rope-HBM[5]          RD = 192.000 KB             WR = 0.000 KB        

Data transfer on stream interfaces
q4_layer_ctrl:activation_stream0-->PIPE               3639.723 KB     
q4_layer_ctrl:activation_stream1-->PIPE               3639.723 KB     
PIPE-->q4_layer_ctrl:out_stream0               2187.500 KB     
q4_layer_ctrl:activation_stream2-->PIPE               3447.723 KB     
PIPE-->q4_layer_ctrl:out_stream1               2187.500 KB     
PIPE-->q4_layer_ctrl:out_stream2               2103.500 KB     
PIPE-->q4_layer_ctrl:out_stream3               2103.500 KB     
q4_layer_ctrl:task_stream0-->PIPE               6.688 KB        
q4_layer_ctrl:task_stream1-->PIPE               6.688 KB        
q4_layer_ctrl:task_stream2-->PIPE               6.312 KB        
q4_layer_ctrl:task_stream3-->PIPE               6.312 KB        
q4_layer_ctrl:vector_stream0a-->PIPE               744.250 KB      
q4_layer_ctrl:vector_stream0b-->PIPE               659.750 KB      
q4_layer_ctrl:vector_stream1a-->PIPE               744.250 KB      
q4_layer_ctrl:activation_stream3-->PIPE               3447.723 KB     
q4_layer_ctrl:vector_stream1b-->PIPE               659.750 KB      
q4_layer_ctrl:vector_stream2a-->PIPE               744.250 KB      

INFO::[ Vitis-EM 22 ] [Time elapsed: 340 minute(s) 47 seconds, Emulation time: 7.11582 ms]
Data transfer between kernel(s) and global memory(s)
q4_layer_ctrl:m_axi_scales-HBM[6]          RD = 0.672 KB               WR = 0.000 KB        
q4_layer_ctrl:m_axi_weight0a-HBM[8]          RD = 29033.000 KB           WR = 0.000 KB        
q4_layer_ctrl:m_axi_weight0b-HBM[9]          RD = 29033.000 KB           WR = 0.000 KB        
q4_layer_ctrl:m_axi_weight1a-HBM[10]          RD = 29033.000 KB           WR = 0.000 KB        
q4_layer_ctrl:m_axi_weight1b-HBM[11]          RD = 29033.000 KB           WR = 0.000 KB        
q4_layer_ctrl:m_axi_weight2a-HBM[12]          RD = 27497.000 KB           WR = 0.000 KB        
q4_layer_ctrl:m_axi_weight2b-HBM[13]          RD = 27497.000 KB           WR = 0.000 KB        
q4_layer_ctrl:m_axi_weight3a-HBM[14]          RD = 27497.000 KB           WR = 0.000 KB        
q4_layer_ctrl:m_axi_weight3b-HBM[15]          RD = 27497.000 KB           WR = 0.000 KB        
q4_layer_ctrl:m_axi_hidden_in-HBM[0]          RD = 224.000 KB             WR = 0.000 KB        
q4_layer_ctrl:m_axi_hidden_out-HBM[1]          RD = 0.000 KB               WR = 192.000 KB      
q4_layer_ctrl:m_axi_kv_k-HBM[2]          RD = 84.000 KB              WR = 24.000 KB       
q4_layer_ctrl:m_axi_kv_v-HBM[3]          RD = 84.000 KB              WR = 24.000 KB       
q4_layer_ctrl:m_axi_norm-HBM[4]          RD = 52.000 KB              WR = 0.000 KB        
q4_layer_ctrl:m_axi_rope-HBM[5]          RD = 192.000 KB             WR = 0.000 KB        

Data transfer on stream interfaces
q4_layer_ctrl:activation_stream0-->PIPE               3643.258 KB     
q4_layer_ctrl:activation_stream1-->PIPE               3643.258 KB     
PIPE-->q4_layer_ctrl:out_stream0               2187.500 KB     
q4_layer_ctrl:activation_stream2-->PIPE               3451.258 KB     
PIPE-->q4_layer_ctrl:out_stream1               2187.500 KB     
PIPE-->q4_layer_ctrl:out_stream2               2103.500 KB     
PIPE-->q4_layer_ctrl:out_stream3               2103.500 KB     
q4_layer_ctrl:task_stream0-->PIPE               6.688 KB        
q4_layer_ctrl:task_stream1-->PIPE               6.688 KB        
q4_layer_ctrl:task_stream2-->PIPE               6.312 KB        
q4_layer_ctrl:task_stream3-->PIPE               6.312 KB        
q4_layer_ctrl:vector_stream0a-->PIPE               744.250 KB      
q4_layer_ctrl:vector_stream0b-->PIPE               659.750 KB      
q4_layer_ctrl:vector_stream1a-->PIPE               744.250 KB      
q4_layer_ctrl:activation_stream3-->PIPE               3451.258 KB     
q4_layer_ctrl:vector_stream1b-->PIPE               659.750 KB      
q4_layer_ctrl:vector_stream2a-->PIPE               744.250 KB      

INFO::[ Vitis-EM 22 ] [Time elapsed: 341 minute(s) 15 seconds, Emulation time: 7.12085 ms]
Data transfer between kernel(s) and global memory(s)
q4_layer_ctrl:m_axi_scales-HBM[6]          RD = 0.672 KB               WR = 0.000 KB        
q4_layer_ctrl:m_axi_weight0a-HBM[8]          RD = 29077.500 KB           WR = 0.000 KB        
q4_layer_ctrl:m_axi_weight0b-HBM[9]          RD = 29077.500 KB           WR = 0.000 KB        
q4_layer_ctrl:m_axi_weight1a-HBM[10]          RD = 29077.500 KB           WR = 0.000 KB        
q4_layer_ctrl:m_axi_weight1b-HBM[11]          RD = 29077.500 KB           WR = 0.000 KB        
q4_layer_ctrl:m_axi_weight2a-HBM[12]          RD = 27541.500 KB           WR = 0.000 KB        
q4_layer_ctrl:m_axi_weight2b-HBM[13]          RD = 27541.500 KB           WR = 0.000 KB        
q4_layer_ctrl:m_axi_weight3a-HBM[14]          RD = 27541.500 KB           WR = 0.000 KB        
q4_layer_ctrl:m_axi_weight3b-HBM[15]          RD = 27541.500 KB           WR = 0.000 KB        
q4_layer_ctrl:m_axi_hidden_in-HBM[0]          RD = 224.000 KB             WR = 0.000 KB        
q4_layer_ctrl:m_axi_hidden_out-HBM[1]          RD = 0.000 KB               WR = 192.000 KB      
q4_layer_ctrl:m_axi_kv_k-HBM[2]          RD = 84.000 KB              WR = 24.000 KB       
q4_layer_ctrl:m_axi_kv_v-HBM[3]          RD = 84.000 KB              WR = 24.000 KB       
q4_layer_ctrl:m_axi_norm-HBM[4]          RD = 52.000 KB              WR = 0.000 KB        
q4_layer_ctrl:m_axi_rope-HBM[5]          RD = 192.000 KB             WR = 0.000 KB        

Data transfer on stream interfaces
q4_layer_ctrl:activation_stream0-->PIPE               3648.863 KB     
q4_layer_ctrl:activation_stream1-->PIPE               3648.863 KB     
PIPE-->q4_layer_ctrl:out_stream0               2191.000 KB     
q4_layer_ctrl:activation_stream2-->PIPE               3456.863 KB     
PIPE-->q4_layer_ctrl:out_stream1               2191.000 KB     
PIPE-->q4_layer_ctrl:out_stream2               2107.000 KB     
PIPE-->q4_layer_ctrl:out_stream3               2107.000 KB     
q4_layer_ctrl:task_stream0-->PIPE               6.703 KB        
q4_layer_ctrl:task_stream1-->PIPE               6.703 KB        
q4_layer_ctrl:task_stream2-->PIPE               6.328 KB        
q4_layer_ctrl:task_stream3-->PIPE               6.328 KB        
q4_layer_ctrl:vector_stream0a-->PIPE               744.250 KB      
q4_layer_ctrl:vector_stream0b-->PIPE               659.750 KB      
q4_layer_ctrl:vector_stream1a-->PIPE               744.250 KB      
q4_layer_ctrl:activation_stream3-->PIPE               3456.863 KB     
q4_layer_ctrl:vector_stream1b-->PIPE               659.750 KB      
q4_layer_ctrl:vector_stream2a-->PIPE               744.250 KB      

INFO::[ Vitis-EM 22 ] [Time elapsed: 341 minute(s) 37 seconds, Emulation time: 7.12487 ms]
Data transfer between kernel(s) and global memory(s)
q4_layer_ctrl:m_axi_scales-HBM[6]          RD = 0.672 KB               WR = 0.000 KB        
q4_layer_ctrl:m_axi_weight0a-HBM[8]          RD = 29115.500 KB           WR = 0.000 KB        
q4_layer_ctrl:m_axi_weight0b-HBM[9]          RD = 29115.500 KB           WR = 0.000 KB        
q4_layer_ctrl:m_axi_weight1a-HBM[10]          RD = 29115.500 KB           WR = 0.000 KB        
q4_layer_ctrl:m_axi_weight1b-HBM[11]          RD = 29115.500 KB           WR = 0.000 KB        
q4_layer_ctrl:m_axi_weight2a-HBM[12]          RD = 27579.500 KB           WR = 0.000 KB        
q4_layer_ctrl:m_axi_weight2b-HBM[13]          RD = 27579.500 KB           WR = 0.000 KB        
q4_layer_ctrl:m_axi_weight3a-HBM[14]          RD = 27579.500 KB           WR = 0.000 KB        
q4_layer_ctrl:m_axi_weight3b-HBM[15]          RD = 27579.500 KB           WR = 0.000 KB        
q4_layer_ctrl:m_axi_hidden_in-HBM[0]          RD = 224.000 KB             WR = 0.000 KB        
q4_layer_ctrl:m_axi_hidden_out-HBM[1]          RD = 0.000 KB               WR = 192.000 KB      
q4_layer_ctrl:m_axi_kv_k-HBM[2]          RD = 84.000 KB              WR = 24.000 KB       
q4_layer_ctrl:m_axi_kv_v-HBM[3]          RD = 84.000 KB              WR = 24.000 KB       
q4_layer_ctrl:m_axi_norm-HBM[4]          RD = 52.000 KB              WR = 0.000 KB        
q4_layer_ctrl:m_axi_rope-HBM[5]          RD = 192.000 KB             WR = 0.000 KB        

Data transfer on stream interfaces
q4_layer_ctrl:activation_stream0-->PIPE               3653.570 KB     
q4_layer_ctrl:activation_stream1-->PIPE               3653.570 KB     
PIPE-->q4_layer_ctrl:out_stream0               2191.000 KB     
q4_layer_ctrl:activation_stream2-->PIPE               3461.570 KB     
PIPE-->q4_layer_ctrl:out_stream1               2191.000 KB     
PIPE-->q4_layer_ctrl:out_stream2               2107.000 KB     
PIPE-->q4_layer_ctrl:out_stream3               2107.000 KB     
q4_layer_ctrl:task_stream0-->PIPE               6.703 KB        
q4_layer_ctrl:task_stream1-->PIPE               6.703 KB        
q4_layer_ctrl:task_stream2-->PIPE               6.328 KB        
q4_layer_ctrl:task_stream3-->PIPE               6.328 KB        
q4_layer_ctrl:vector_stream0a-->PIPE               744.250 KB      
q4_layer_ctrl:vector_stream0b-->PIPE               659.750 KB      
q4_layer_ctrl:vector_stream1a-->PIPE               744.250 KB      
q4_layer_ctrl:activation_stream3-->PIPE               3461.570 KB     
q4_layer_ctrl:vector_stream1b-->PIPE               659.750 KB      
q4_layer_ctrl:vector_stream2a-->PIPE               744.250 KB      

INFO::[ Vitis-EM 22 ] [Time elapsed: 342 minute(s) 11 seconds, Emulation time: 7.13089 ms]
Data transfer between kernel(s) and global memory(s)
q4_layer_ctrl:m_axi_scales-HBM[6]          RD = 0.672 KB               WR = 0.000 KB        
q4_layer_ctrl:m_axi_weight0a-HBM[8]          RD = 29169.500 KB           WR = 0.000 KB        
q4_layer_ctrl:m_axi_weight0b-HBM[9]          RD = 29169.500 KB           WR = 0.000 KB        
q4_layer_ctrl:m_axi_weight1a-HBM[10]          RD = 29169.500 KB           WR = 0.000 KB        
q4_layer_ctrl:m_axi_weight1b-HBM[11]          RD = 29169.500 KB           WR = 0.000 KB        
q4_layer_ctrl:m_axi_weight2a-HBM[12]          RD = 27633.500 KB           WR = 0.000 KB        
q4_layer_ctrl:m_axi_weight2b-HBM[13]          RD = 27633.500 KB           WR = 0.000 KB        
q4_layer_ctrl:m_axi_weight3a-HBM[14]          RD = 27633.500 KB           WR = 0.000 KB        
q4_layer_ctrl:m_axi_weight3b-HBM[15]          RD = 27633.500 KB           WR = 0.000 KB        
q4_layer_ctrl:m_axi_hidden_in-HBM[0]          RD = 224.000 KB             WR = 0.000 KB        
q4_layer_ctrl:m_axi_hidden_out-HBM[1]          RD = 0.000 KB               WR = 192.000 KB      
q4_layer_ctrl:m_axi_kv_k-HBM[2]          RD = 84.000 KB              WR = 24.000 KB       
q4_layer_ctrl:m_axi_kv_v-HBM[3]          RD = 84.000 KB              WR = 24.000 KB       
q4_layer_ctrl:m_axi_norm-HBM[4]          RD = 52.000 KB              WR = 0.000 KB        
q4_layer_ctrl:m_axi_rope-HBM[5]          RD = 192.000 KB             WR = 0.000 KB        

Data transfer on stream interfaces
q4_layer_ctrl:activation_stream0-->PIPE               3660.340 KB     
q4_layer_ctrl:activation_stream1-->PIPE               3660.340 KB     
PIPE-->q4_layer_ctrl:out_stream0               2194.500 KB     
q4_layer_ctrl:activation_stream2-->PIPE               3468.340 KB     
PIPE-->q4_layer_ctrl:out_stream1               2194.500 KB     
PIPE-->q4_layer_ctrl:out_stream2               2110.500 KB     
PIPE-->q4_layer_ctrl:out_stream3               2110.500 KB     
q4_layer_ctrl:task_stream0-->PIPE               6.719 KB        
q4_layer_ctrl:task_stream1-->PIPE               6.719 KB        
q4_layer_ctrl:task_stream2-->PIPE               6.344 KB        
q4_layer_ctrl:task_stream3-->PIPE               6.344 KB        
q4_layer_ctrl:vector_stream0a-->PIPE               744.250 KB      
q4_layer_ctrl:vector_stream0b-->PIPE               659.750 KB      
q4_layer_ctrl:vector_stream1a-->PIPE               744.250 KB      
q4_layer_ctrl:activation_stream3-->PIPE               3468.340 KB     
q4_layer_ctrl:vector_stream1b-->PIPE               659.750 KB      
q4_layer_ctrl:vector_stream2a-->PIPE               744.250 KB      

INFO::[ Vitis-EM 22 ] [Time elapsed: 344 minute(s) 43 seconds, Emulation time: 7.21008 ms]
Data transfer between kernel(s) and global memory(s)
q4_layer_ctrl:m_axi_scales-HBM[6]          RD = 0.703 KB               WR = 0.000 KB        
q4_layer_ctrl:m_axi_weight0a-HBM[8]          RD = 29376.000 KB           WR = 0.000 KB        
q4_layer_ctrl:m_axi_weight0b-HBM[9]          RD = 29376.000 KB           WR = 0.000 KB        
q4_layer_ctrl:m_axi_weight1a-HBM[10]          RD = 29376.000 KB           WR = 0.000 KB        
q4_layer_ctrl:m_axi_weight1b-HBM[11]          RD = 29376.000 KB           WR = 0.000 KB        
q4_layer_ctrl:m_axi_weight2a-HBM[12]          RD = 27712.000 KB           WR = 0.000 KB        
q4_layer_ctrl:m_axi_weight2b-HBM[13]          RD = 27712.000 KB           WR = 0.000 KB        
q4_layer_ctrl:m_axi_weight3a-HBM[14]          RD = 27712.000 KB           WR = 0.000 KB        
q4_layer_ctrl:m_axi_weight3b-HBM[15]          RD = 27712.000 KB           WR = 0.000 KB        
q4_layer_ctrl:m_axi_hidden_in-HBM[0]          RD = 224.000 KB             WR = 0.000 KB        
q4_layer_ctrl:m_axi_hidden_out-HBM[1]          RD = 0.000 KB               WR = 192.000 KB      
q4_layer_ctrl:m_axi_kv_k-HBM[2]          RD = 84.000 KB              WR = 24.000 KB       
q4_layer_ctrl:m_axi_kv_v-HBM[3]          RD = 84.000 KB              WR = 24.000 KB       
q4_layer_ctrl:m_axi_norm-HBM[4]          RD = 52.000 KB              WR = 0.000 KB        
q4_layer_ctrl:m_axi_rope-HBM[5]          RD = 220.000 KB             WR = 0.000 KB        

Data transfer on stream interfaces
q4_layer_ctrl:activation_stream0-->PIPE               3686.625 KB     
q4_layer_ctrl:activation_stream1-->PIPE               3686.625 KB     
PIPE-->q4_layer_ctrl:out_stream0               2208.500 KB     
q4_layer_ctrl:activation_stream2-->PIPE               3478.625 KB     
PIPE-->q4_layer_ctrl:out_stream1               2208.500 KB     
PIPE-->q4_layer_ctrl:out_stream2               2117.500 KB     
PIPE-->q4_layer_ctrl:out_stream3               2117.500 KB     
q4_layer_ctrl:task_stream0-->PIPE               6.766 KB        
q4_layer_ctrl:task_stream1-->PIPE               6.766 KB        
q4_layer_ctrl:task_stream2-->PIPE               6.359 KB        
q4_layer_ctrl:task_stream3-->PIPE               6.359 KB        
q4_layer_ctrl:vector_stream0a-->PIPE               744.250 KB      
q4_layer_ctrl:vector_stream0b-->PIPE               659.750 KB      
q4_layer_ctrl:vector_stream1a-->PIPE               744.250 KB      
q4_layer_ctrl:activation_stream3-->PIPE               3478.625 KB     
q4_layer_ctrl:vector_stream1b-->PIPE               659.750 KB      
q4_layer_ctrl:vector_stream2a-->PIPE               744.250 KB      

INFO::[ Vitis-EM 22 ] [Time elapsed: 346 minute(s) 33 seconds, Emulation time: 7.32129 ms]
Data transfer between kernel(s) and global memory(s)
q4_layer_ctrl:m_axi_scales-HBM[6]          RD = 0.703 KB               WR = 0.000 KB        
q4_layer_ctrl:m_axi_weight0a-HBM[8]          RD = 29376.000 KB           WR = 0.000 KB        
q4_layer_ctrl:m_axi_weight0b-HBM[9]          RD = 29376.000 KB           WR = 0.000 KB        
q4_layer_ctrl:m_axi_weight1a-HBM[10]          RD = 29376.000 KB           WR = 0.000 KB        
q4_layer_ctrl:m_axi_weight1b-HBM[11]          RD = 29376.000 KB           WR = 0.000 KB        
q4_layer_ctrl:m_axi_weight2a-HBM[12]          RD = 27712.000 KB           WR = 0.000 KB        
q4_layer_ctrl:m_axi_weight2b-HBM[13]          RD = 27712.000 KB           WR = 0.000 KB        
q4_layer_ctrl:m_axi_weight3a-HBM[14]          RD = 27712.000 KB           WR = 0.000 KB        
q4_layer_ctrl:m_axi_weight3b-HBM[15]          RD = 27712.000 KB           WR = 0.000 KB        
q4_layer_ctrl:m_axi_hidden_in-HBM[0]          RD = 224.000 KB             WR = 0.000 KB        
q4_layer_ctrl:m_axi_hidden_out-HBM[1]          RD = 0.000 KB               WR = 192.000 KB      
q4_layer_ctrl:m_axi_kv_k-HBM[2]          RD = 84.000 KB              WR = 28.000 KB       
q4_layer_ctrl:m_axi_kv_v-HBM[3]          RD = 84.000 KB              WR = 28.000 KB       
q4_layer_ctrl:m_axi_norm-HBM[4]          RD = 52.000 KB              WR = 0.000 KB        
q4_layer_ctrl:m_axi_rope-HBM[5]          RD = 224.000 KB             WR = 0.000 KB        

Data transfer on stream interfaces
q4_layer_ctrl:activation_stream0-->PIPE               3686.625 KB     
q4_layer_ctrl:activation_stream1-->PIPE               3686.625 KB     
PIPE-->q4_layer_ctrl:out_stream0               2208.500 KB     
q4_layer_ctrl:activation_stream2-->PIPE               3478.625 KB     
PIPE-->q4_layer_ctrl:out_stream1               2208.500 KB     
PIPE-->q4_layer_ctrl:out_stream2               2117.500 KB     
PIPE-->q4_layer_ctrl:out_stream3               2117.500 KB     
q4_layer_ctrl:task_stream0-->PIPE               6.766 KB        
q4_layer_ctrl:task_stream1-->PIPE               6.766 KB        
q4_layer_ctrl:task_stream2-->PIPE               6.359 KB        
q4_layer_ctrl:task_stream3-->PIPE               6.359 KB        
q4_layer_ctrl:vector_stream0a-->PIPE               744.250 KB      
q4_layer_ctrl:vector_stream0b-->PIPE               659.750 KB      
q4_layer_ctrl:vector_stream1a-->PIPE               744.250 KB      
q4_layer_ctrl:activation_stream3-->PIPE               3478.625 KB     
q4_layer_ctrl:vector_stream1b-->PIPE               659.750 KB      
q4_layer_ctrl:vector_stream2a-->PIPE               744.250 KB      

INFO::[ Vitis-EM 22 ] [Time elapsed: 346 minute(s) 52 seconds, Emulation time: 7.34069 ms]
Data transfer between kernel(s) and global memory(s)
q4_layer_ctrl:m_axi_scales-HBM[6]          RD = 0.703 KB               WR = 0.000 KB        
q4_layer_ctrl:m_axi_weight0a-HBM[8]          RD = 29376.000 KB           WR = 0.000 KB        
q4_layer_ctrl:m_axi_weight0b-HBM[9]          RD = 29376.000 KB           WR = 0.000 KB        
q4_layer_ctrl:m_axi_weight1a-HBM[10]          RD = 29376.000 KB           WR = 0.000 KB        
q4_layer_ctrl:m_axi_weight1b-HBM[11]          RD = 29376.000 KB           WR = 0.000 KB        
q4_layer_ctrl:m_axi_weight2a-HBM[12]          RD = 27712.000 KB           WR = 0.000 KB        
q4_layer_ctrl:m_axi_weight2b-HBM[13]          RD = 27712.000 KB           WR = 0.000 KB        
q4_layer_ctrl:m_axi_weight3a-HBM[14]          RD = 27712.000 KB           WR = 0.000 KB        
q4_layer_ctrl:m_axi_weight3b-HBM[15]          RD = 27712.000 KB           WR = 0.000 KB        
q4_layer_ctrl:m_axi_hidden_in-HBM[0]          RD = 224.000 KB             WR = 0.000 KB        
q4_layer_ctrl:m_axi_hidden_out-HBM[1]          RD = 0.000 KB               WR = 192.000 KB      
q4_layer_ctrl:m_axi_kv_k-HBM[2]          RD = 84.000 KB              WR = 28.000 KB       
q4_layer_ctrl:m_axi_kv_v-HBM[3]          RD = 84.000 KB              WR = 28.000 KB       
q4_layer_ctrl:m_axi_norm-HBM[4]          RD = 52.000 KB              WR = 0.000 KB        
q4_layer_ctrl:m_axi_rope-HBM[5]          RD = 224.000 KB             WR = 0.000 KB        

Data transfer on stream interfaces
q4_layer_ctrl:activation_stream0-->PIPE               3686.625 KB     
q4_layer_ctrl:activation_stream1-->PIPE               3686.625 KB     
PIPE-->q4_layer_ctrl:out_stream0               2208.500 KB     
q4_layer_ctrl:activation_stream2-->PIPE               3478.625 KB     
PIPE-->q4_layer_ctrl:out_stream1               2208.500 KB     
PIPE-->q4_layer_ctrl:out_stream2               2117.500 KB     
PIPE-->q4_layer_ctrl:out_stream3               2117.500 KB     
q4_layer_ctrl:task_stream0-->PIPE               6.766 KB        
q4_layer_ctrl:task_stream1-->PIPE               6.766 KB        
q4_layer_ctrl:task_stream2-->PIPE               6.359 KB        
q4_layer_ctrl:task_stream3-->PIPE               6.359 KB        
q4_layer_ctrl:vector_stream0a-->PIPE               744.250 KB      
q4_layer_ctrl:vector_stream0b-->PIPE               659.750 KB      
q4_layer_ctrl:vector_stream1a-->PIPE               744.250 KB      
q4_layer_ctrl:activation_stream3-->PIPE               3478.625 KB     
q4_layer_ctrl:vector_stream1b-->PIPE               659.750 KB      
q4_layer_ctrl:vector_stream2a-->PIPE               744.250 KB      

INFO::[ Vitis-EM 22 ] [Time elapsed: 347 minute(s) 8 seconds, Emulation time: 7.35598 ms]
Data transfer between kernel(s) and global memory(s)
q4_layer_ctrl:m_axi_scales-HBM[6]          RD = 0.703 KB               WR = 0.000 KB        
q4_layer_ctrl:m_axi_weight0a-HBM[8]          RD = 29376.000 KB           WR = 0.000 KB        
q4_layer_ctrl:m_axi_weight0b-HBM[9]          RD = 29376.000 KB           WR = 0.000 KB        
q4_layer_ctrl:m_axi_weight1a-HBM[10]          RD = 29376.000 KB           WR = 0.000 KB        
q4_layer_ctrl:m_axi_weight1b-HBM[11]          RD = 29376.000 KB           WR = 0.000 KB        
q4_layer_ctrl:m_axi_weight2a-HBM[12]          RD = 27712.000 KB           WR = 0.000 KB        
q4_layer_ctrl:m_axi_weight2b-HBM[13]          RD = 27712.000 KB           WR = 0.000 KB        
q4_layer_ctrl:m_axi_weight3a-HBM[14]          RD = 27712.000 KB           WR = 0.000 KB        
q4_layer_ctrl:m_axi_weight3b-HBM[15]          RD = 27712.000 KB           WR = 0.000 KB        
q4_layer_ctrl:m_axi_hidden_in-HBM[0]          RD = 224.000 KB             WR = 0.000 KB        
q4_layer_ctrl:m_axi_hidden_out-HBM[1]          RD = 0.000 KB               WR = 192.000 KB      
q4_layer_ctrl:m_axi_kv_k-HBM[2]          RD = 98.000 KB              WR = 28.000 KB       
q4_layer_ctrl:m_axi_kv_v-HBM[3]          RD = 87.750 KB              WR = 28.000 KB       
q4_layer_ctrl:m_axi_norm-HBM[4]          RD = 52.000 KB              WR = 0.000 KB        
q4_layer_ctrl:m_axi_rope-HBM[5]          RD = 224.000 KB             WR = 0.000 KB        

Data transfer on stream interfaces
q4_layer_ctrl:activation_stream0-->PIPE               3686.625 KB     
q4_layer_ctrl:activation_stream1-->PIPE               3686.625 KB     
PIPE-->q4_layer_ctrl:out_stream0               2208.500 KB     
q4_layer_ctrl:activation_stream2-->PIPE               3478.625 KB     
PIPE-->q4_layer_ctrl:out_stream1               2208.500 KB     
PIPE-->q4_layer_ctrl:out_stream2               2117.500 KB     
PIPE-->q4_layer_ctrl:out_stream3               2117.500 KB     
q4_layer_ctrl:task_stream0-->PIPE               6.766 KB        
q4_layer_ctrl:task_stream1-->PIPE               6.766 KB        
q4_layer_ctrl:task_stream2-->PIPE               6.359 KB        
q4_layer_ctrl:task_stream3-->PIPE               6.359 KB        
q4_layer_ctrl:vector_stream0a-->PIPE               744.250 KB      
q4_layer_ctrl:vector_stream0b-->PIPE               659.750 KB      
q4_layer_ctrl:vector_stream1a-->PIPE               744.250 KB      
q4_layer_ctrl:activation_stream3-->PIPE               3478.625 KB     
q4_layer_ctrl:vector_stream1b-->PIPE               659.750 KB      
q4_layer_ctrl:vector_stream2a-->PIPE               744.250 KB      

INFO::[ Vitis-EM 22 ] [Time elapsed: 347 minute(s) 35 seconds, Emulation time: 7.38045 ms]
Data transfer between kernel(s) and global memory(s)
q4_layer_ctrl:m_axi_scales-HBM[6]          RD = 0.703 KB               WR = 0.000 KB        
q4_layer_ctrl:m_axi_weight0a-HBM[8]          RD = 29376.000 KB           WR = 0.000 KB        
q4_layer_ctrl:m_axi_weight0b-HBM[9]          RD = 29376.000 KB           WR = 0.000 KB        
q4_layer_ctrl:m_axi_weight1a-HBM[10]          RD = 29376.000 KB           WR = 0.000 KB        
q4_layer_ctrl:m_axi_weight1b-HBM[11]          RD = 29376.000 KB           WR = 0.000 KB        
q4_layer_ctrl:m_axi_weight2a-HBM[12]          RD = 27712.000 KB           WR = 0.000 KB        
q4_layer_ctrl:m_axi_weight2b-HBM[13]          RD = 27712.000 KB           WR = 0.000 KB        
q4_layer_ctrl:m_axi_weight3a-HBM[14]          RD = 27712.000 KB           WR = 0.000 KB        
q4_layer_ctrl:m_axi_weight3b-HBM[15]          RD = 27712.000 KB           WR = 0.000 KB        
q4_layer_ctrl:m_axi_hidden_in-HBM[0]          RD = 224.000 KB             WR = 0.000 KB        
q4_layer_ctrl:m_axi_hidden_out-HBM[1]          RD = 0.000 KB               WR = 192.000 KB      
q4_layer_ctrl:m_axi_kv_k-HBM[2]          RD = 112.000 KB             WR = 28.000 KB       
q4_layer_ctrl:m_axi_kv_v-HBM[3]          RD = 112.000 KB             WR = 28.000 KB       
q4_layer_ctrl:m_axi_norm-HBM[4]          RD = 52.000 KB              WR = 0.000 KB        
q4_layer_ctrl:m_axi_rope-HBM[5]          RD = 224.000 KB             WR = 0.000 KB        

Data transfer on stream interfaces
q4_layer_ctrl:activation_stream0-->PIPE               3687.125 KB     
q4_layer_ctrl:activation_stream1-->PIPE               3687.125 KB     
PIPE-->q4_layer_ctrl:out_stream0               2212.000 KB     
q4_layer_ctrl:activation_stream2-->PIPE               3479.125 KB     
PIPE-->q4_layer_ctrl:out_stream1               2212.000 KB     
PIPE-->q4_layer_ctrl:out_stream2               2121.000 KB     
PIPE-->q4_layer_ctrl:out_stream3               2121.000 KB     
q4_layer_ctrl:task_stream0-->PIPE               6.781 KB        
q4_layer_ctrl:task_stream1-->PIPE               6.781 KB        
q4_layer_ctrl:task_stream2-->PIPE               6.375 KB        
q4_layer_ctrl:task_stream3-->PIPE               6.375 KB        
q4_layer_ctrl:vector_stream0a-->PIPE               744.250 KB      
q4_layer_ctrl:vector_stream0b-->PIPE               659.750 KB      
q4_layer_ctrl:vector_stream1a-->PIPE               744.250 KB      
q4_layer_ctrl:activation_stream3-->PIPE               3479.125 KB     
q4_layer_ctrl:vector_stream1b-->PIPE               659.750 KB      
q4_layer_ctrl:vector_stream2a-->PIPE               744.250 KB      

INFO::[ Vitis-EM 22 ] [Time elapsed: 348 minute(s) 8 seconds, Emulation time: 7.41106 ms]
Data transfer between kernel(s) and global memory(s)
q4_layer_ctrl:m_axi_scales-HBM[6]          RD = 0.703 KB               WR = 0.000 KB        
q4_layer_ctrl:m_axi_weight0a-HBM[8]          RD = 29376.000 KB           WR = 0.000 KB        
q4_layer_ctrl:m_axi_weight0b-HBM[9]          RD = 29376.000 KB           WR = 0.000 KB        
q4_layer_ctrl:m_axi_weight1a-HBM[10]          RD = 29376.000 KB           WR = 0.000 KB        
q4_layer_ctrl:m_axi_weight1b-HBM[11]          RD = 29376.000 KB           WR = 0.000 KB        
q4_layer_ctrl:m_axi_weight2a-HBM[12]          RD = 27712.000 KB           WR = 0.000 KB        
q4_layer_ctrl:m_axi_weight2b-HBM[13]          RD = 27712.000 KB           WR = 0.000 KB        
q4_layer_ctrl:m_axi_weight3a-HBM[14]          RD = 27712.000 KB           WR = 0.000 KB        
q4_layer_ctrl:m_axi_weight3b-HBM[15]          RD = 27712.000 KB           WR = 0.000 KB        
q4_layer_ctrl:m_axi_hidden_in-HBM[0]          RD = 224.000 KB             WR = 0.000 KB        
q4_layer_ctrl:m_axi_hidden_out-HBM[1]          RD = 0.000 KB               WR = 192.000 KB      
q4_layer_ctrl:m_axi_kv_k-HBM[2]          RD = 112.000 KB             WR = 28.000 KB       
q4_layer_ctrl:m_axi_kv_v-HBM[3]          RD = 112.000 KB             WR = 28.000 KB       
q4_layer_ctrl:m_axi_norm-HBM[4]          RD = 52.000 KB              WR = 0.000 KB        
q4_layer_ctrl:m_axi_rope-HBM[5]          RD = 224.000 KB             WR = 0.000 KB        

Data transfer on stream interfaces
q4_layer_ctrl:activation_stream0-->PIPE               3687.844 KB     
q4_layer_ctrl:activation_stream1-->PIPE               3687.844 KB     
PIPE-->q4_layer_ctrl:out_stream0               2219.000 KB     
q4_layer_ctrl:activation_stream2-->PIPE               3479.844 KB     
PIPE-->q4_layer_ctrl:out_stream1               2219.000 KB     
PIPE-->q4_layer_ctrl:out_stream2               2128.000 KB     
PIPE-->q4_layer_ctrl:out_stream3               2128.000 KB     
q4_layer_ctrl:task_stream0-->PIPE               6.812 KB        
q4_layer_ctrl:task_stream1-->PIPE               6.812 KB        
q4_layer_ctrl:task_stream2-->PIPE               6.406 KB        
q4_layer_ctrl:task_stream3-->PIPE               6.406 KB        
q4_layer_ctrl:vector_stream0a-->PIPE               744.250 KB      
q4_layer_ctrl:vector_stream0b-->PIPE               659.750 KB      
q4_layer_ctrl:vector_stream1a-->PIPE               744.250 KB      
q4_layer_ctrl:activation_stream3-->PIPE               3479.844 KB     
q4_layer_ctrl:vector_stream1b-->PIPE               659.750 KB      
q4_layer_ctrl:vector_stream2a-->PIPE               744.250 KB      

INFO::[ Vitis-EM 22 ] [Time elapsed: 348 minute(s) 23 seconds, Emulation time: 7.42639 ms]
Data transfer between kernel(s) and global memory(s)
q4_layer_ctrl:m_axi_scales-HBM[6]          RD = 0.703 KB               WR = 0.000 KB        
q4_layer_ctrl:m_axi_weight0a-HBM[8]          RD = 29376.000 KB           WR = 0.000 KB        
q4_layer_ctrl:m_axi_weight0b-HBM[9]          RD = 29376.000 KB           WR = 0.000 KB        
q4_layer_ctrl:m_axi_weight1a-HBM[10]          RD = 29376.000 KB           WR = 0.000 KB        
q4_layer_ctrl:m_axi_weight1b-HBM[11]          RD = 29376.000 KB           WR = 0.000 KB        
q4_layer_ctrl:m_axi_weight2a-HBM[12]          RD = 27712.000 KB           WR = 0.000 KB        
q4_layer_ctrl:m_axi_weight2b-HBM[13]          RD = 27712.000 KB           WR = 0.000 KB        
q4_layer_ctrl:m_axi_weight3a-HBM[14]          RD = 27712.000 KB           WR = 0.000 KB        
q4_layer_ctrl:m_axi_weight3b-HBM[15]          RD = 27712.000 KB           WR = 0.000 KB        
q4_layer_ctrl:m_axi_hidden_in-HBM[0]          RD = 224.000 KB             WR = 0.000 KB        
q4_layer_ctrl:m_axi_hidden_out-HBM[1]          RD = 0.000 KB               WR = 192.000 KB      
q4_layer_ctrl:m_axi_kv_k-HBM[2]          RD = 112.000 KB             WR = 28.000 KB       
q4_layer_ctrl:m_axi_kv_v-HBM[3]          RD = 112.000 KB             WR = 28.000 KB       
q4_layer_ctrl:m_axi_norm-HBM[4]          RD = 52.000 KB              WR = 0.000 KB        
q4_layer_ctrl:m_axi_rope-HBM[5]          RD = 224.000 KB             WR = 0.000 KB        

Data transfer on stream interfaces
q4_layer_ctrl:activation_stream0-->PIPE               3687.844 KB     
q4_layer_ctrl:activation_stream1-->PIPE               3687.844 KB     
PIPE-->q4_layer_ctrl:out_stream0               2219.000 KB     
q4_layer_ctrl:activation_stream2-->PIPE               3479.844 KB     
PIPE-->q4_layer_ctrl:out_stream1               2219.000 KB     
PIPE-->q4_layer_ctrl:out_stream2               2128.000 KB     
PIPE-->q4_layer_ctrl:out_stream3               2128.000 KB     
q4_layer_ctrl:task_stream0-->PIPE               6.812 KB        
q4_layer_ctrl:task_stream1-->PIPE               6.812 KB        
q4_layer_ctrl:task_stream2-->PIPE               6.406 KB        
q4_layer_ctrl:task_stream3-->PIPE               6.406 KB        
q4_layer_ctrl:vector_stream0a-->PIPE               744.250 KB      
q4_layer_ctrl:vector_stream0b-->PIPE               659.750 KB      
q4_layer_ctrl:vector_stream1a-->PIPE               744.250 KB      
q4_layer_ctrl:activation_stream3-->PIPE               3479.844 KB     
q4_layer_ctrl:vector_stream1b-->PIPE               659.750 KB      
q4_layer_ctrl:vector_stream2a-->PIPE               744.250 KB      

INFO::[ Vitis-EM 22 ] [Time elapsed: 348 minute(s) 35 seconds, Emulation time: 7.43763 ms]
Data transfer between kernel(s) and global memory(s)
q4_layer_ctrl:m_axi_scales-HBM[6]          RD = 0.703 KB               WR = 0.000 KB        
q4_layer_ctrl:m_axi_weight0a-HBM[8]          RD = 29376.000 KB           WR = 0.000 KB        
q4_layer_ctrl:m_axi_weight0b-HBM[9]          RD = 29376.000 KB           WR = 0.000 KB        
q4_layer_ctrl:m_axi_weight1a-HBM[10]          RD = 29376.000 KB           WR = 0.000 KB        
q4_layer_ctrl:m_axi_weight1b-HBM[11]          RD = 29376.000 KB           WR = 0.000 KB        
q4_layer_ctrl:m_axi_weight2a-HBM[12]          RD = 27712.000 KB           WR = 0.000 KB        
q4_layer_ctrl:m_axi_weight2b-HBM[13]          RD = 27712.000 KB           WR = 0.000 KB        
q4_layer_ctrl:m_axi_weight3a-HBM[14]          RD = 27712.000 KB           WR = 0.000 KB        
q4_layer_ctrl:m_axi_weight3b-HBM[15]          RD = 27712.000 KB           WR = 0.000 KB        
q4_layer_ctrl:m_axi_hidden_in-HBM[0]          RD = 224.000 KB             WR = 0.000 KB        
q4_layer_ctrl:m_axi_hidden_out-HBM[1]          RD = 0.000 KB               WR = 192.000 KB      
q4_layer_ctrl:m_axi_kv_k-HBM[2]          RD = 112.000 KB             WR = 28.000 KB       
q4_layer_ctrl:m_axi_kv_v-HBM[3]          RD = 112.000 KB             WR = 28.000 KB       
q4_layer_ctrl:m_axi_norm-HBM[4]          RD = 52.000 KB              WR = 0.000 KB        
q4_layer_ctrl:m_axi_rope-HBM[5]          RD = 224.000 KB             WR = 0.000 KB        

Data transfer on stream interfaces
q4_layer_ctrl:activation_stream0-->PIPE               3688.062 KB     
q4_layer_ctrl:activation_stream1-->PIPE               3688.062 KB     
PIPE-->q4_layer_ctrl:out_stream0               2222.500 KB     
q4_layer_ctrl:activation_stream2-->PIPE               3480.062 KB     
PIPE-->q4_layer_ctrl:out_stream1               2222.500 KB     
PIPE-->q4_layer_ctrl:out_stream2               2131.500 KB     
PIPE-->q4_layer_ctrl:out_stream3               2131.500 KB     
q4_layer_ctrl:task_stream0-->PIPE               6.828 KB        
q4_layer_ctrl:task_stream1-->PIPE               6.828 KB        
q4_layer_ctrl:task_stream2-->PIPE               6.422 KB        
q4_layer_ctrl:task_stream3-->PIPE               6.422 KB        
q4_layer_ctrl:vector_stream0a-->PIPE               744.250 KB      
q4_layer_ctrl:vector_stream0b-->PIPE               659.750 KB      
q4_layer_ctrl:vector_stream1a-->PIPE               744.250 KB      
q4_layer_ctrl:activation_stream3-->PIPE               3480.062 KB     
q4_layer_ctrl:vector_stream1b-->PIPE               659.750 KB      
q4_layer_ctrl:vector_stream2a-->PIPE               744.250 KB      

INFO::[ Vitis-EM 22 ] [Time elapsed: 349 minute(s) 32 seconds, Emulation time: 7.49272 ms]
Data transfer between kernel(s) and global memory(s)
q4_layer_ctrl:m_axi_scales-HBM[6]          RD = 0.703 KB               WR = 0.000 KB        
q4_layer_ctrl:m_axi_weight0a-HBM[8]          RD = 29376.000 KB           WR = 0.000 KB        
q4_layer_ctrl:m_axi_weight0b-HBM[9]          RD = 29376.000 KB           WR = 0.000 KB        
q4_layer_ctrl:m_axi_weight1a-HBM[10]          RD = 29376.000 KB           WR = 0.000 KB        
q4_layer_ctrl:m_axi_weight1b-HBM[11]          RD = 29376.000 KB           WR = 0.000 KB        
q4_layer_ctrl:m_axi_weight2a-HBM[12]          RD = 27712.000 KB           WR = 0.000 KB        
q4_layer_ctrl:m_axi_weight2b-HBM[13]          RD = 27712.000 KB           WR = 0.000 KB        
q4_layer_ctrl:m_axi_weight3a-HBM[14]          RD = 27712.000 KB           WR = 0.000 KB        
q4_layer_ctrl:m_axi_weight3b-HBM[15]          RD = 27712.000 KB           WR = 0.000 KB        
q4_layer_ctrl:m_axi_hidden_in-HBM[0]          RD = 224.000 KB             WR = 0.000 KB        
q4_layer_ctrl:m_axi_hidden_out-HBM[1]          RD = 0.000 KB               WR = 192.000 KB      
q4_layer_ctrl:m_axi_kv_k-HBM[2]          RD = 112.000 KB             WR = 28.000 KB       
q4_layer_ctrl:m_axi_kv_v-HBM[3]          RD = 112.000 KB             WR = 28.000 KB       
q4_layer_ctrl:m_axi_norm-HBM[4]          RD = 52.000 KB              WR = 0.000 KB        
q4_layer_ctrl:m_axi_rope-HBM[5]          RD = 224.000 KB             WR = 0.000 KB        

Data transfer on stream interfaces
q4_layer_ctrl:activation_stream0-->PIPE               3689.281 KB     
q4_layer_ctrl:activation_stream1-->PIPE               3689.281 KB     
PIPE-->q4_layer_ctrl:out_stream0               2233.000 KB     
q4_layer_ctrl:activation_stream2-->PIPE               3481.281 KB     
PIPE-->q4_layer_ctrl:out_stream1               2233.000 KB     
PIPE-->q4_layer_ctrl:out_stream2               2142.000 KB     
PIPE-->q4_layer_ctrl:out_stream3               2142.000 KB     
q4_layer_ctrl:task_stream0-->PIPE               6.875 KB        
q4_layer_ctrl:task_stream1-->PIPE               6.875 KB        
q4_layer_ctrl:task_stream2-->PIPE               6.469 KB        
q4_layer_ctrl:task_stream3-->PIPE               6.469 KB        
q4_layer_ctrl:vector_stream0a-->PIPE               744.250 KB      
q4_layer_ctrl:vector_stream0b-->PIPE               659.750 KB      
q4_layer_ctrl:vector_stream1a-->PIPE               744.250 KB      
q4_layer_ctrl:activation_stream3-->PIPE               3481.281 KB     
q4_layer_ctrl:vector_stream1b-->PIPE               659.750 KB      
q4_layer_ctrl:vector_stream2a-->PIPE               744.250 KB      

INFO::[ Vitis-EM 22 ] [Time elapsed: 349 minute(s) 52 seconds, Emulation time: 7.51212 ms]
Data transfer between kernel(s) and global memory(s)
q4_layer_ctrl:m_axi_scales-HBM[6]          RD = 0.703 KB               WR = 0.000 KB        
q4_layer_ctrl:m_axi_weight0a-HBM[8]          RD = 29376.000 KB           WR = 0.000 KB        
q4_layer_ctrl:m_axi_weight0b-HBM[9]          RD = 29376.000 KB           WR = 0.000 KB        
q4_layer_ctrl:m_axi_weight1a-HBM[10]          RD = 29376.000 KB           WR = 0.000 KB        
q4_layer_ctrl:m_axi_weight1b-HBM[11]          RD = 29376.000 KB           WR = 0.000 KB        
q4_layer_ctrl:m_axi_weight2a-HBM[12]          RD = 27712.000 KB           WR = 0.000 KB        
q4_layer_ctrl:m_axi_weight2b-HBM[13]          RD = 27712.000 KB           WR = 0.000 KB        
q4_layer_ctrl:m_axi_weight3a-HBM[14]          RD = 27712.000 KB           WR = 0.000 KB        
q4_layer_ctrl:m_axi_weight3b-HBM[15]          RD = 27712.000 KB           WR = 0.000 KB        
q4_layer_ctrl:m_axi_hidden_in-HBM[0]          RD = 224.000 KB             WR = 0.000 KB        
q4_layer_ctrl:m_axi_hidden_out-HBM[1]          RD = 0.000 KB               WR = 192.000 KB      
q4_layer_ctrl:m_axi_kv_k-HBM[2]          RD = 112.000 KB             WR = 28.000 KB       
q4_layer_ctrl:m_axi_kv_v-HBM[3]          RD = 112.000 KB             WR = 28.000 KB       
q4_layer_ctrl:m_axi_norm-HBM[4]          RD = 52.000 KB              WR = 0.000 KB        
q4_layer_ctrl:m_axi_rope-HBM[5]          RD = 224.000 KB             WR = 0.000 KB        

Data transfer on stream interfaces
q4_layer_ctrl:activation_stream0-->PIPE               3689.500 KB     
q4_layer_ctrl:activation_stream1-->PIPE               3689.500 KB     
PIPE-->q4_layer_ctrl:out_stream0               2236.500 KB     
q4_layer_ctrl:activation_stream2-->PIPE               3481.500 KB     
PIPE-->q4_layer_ctrl:out_stream1               2236.500 KB     
PIPE-->q4_layer_ctrl:out_stream2               2145.500 KB     
PIPE-->q4_layer_ctrl:out_stream3               2145.500 KB     
q4_layer_ctrl:task_stream0-->PIPE               6.891 KB        
q4_layer_ctrl:task_stream1-->PIPE               6.891 KB        
q4_layer_ctrl:task_stream2-->PIPE               6.484 KB        
q4_layer_ctrl:task_stream3-->PIPE               6.484 KB        
q4_layer_ctrl:vector_stream0a-->PIPE               744.250 KB      
q4_layer_ctrl:vector_stream0b-->PIPE               659.750 KB      
q4_layer_ctrl:vector_stream1a-->PIPE               744.250 KB      
q4_layer_ctrl:activation_stream3-->PIPE               3481.500 KB     
q4_layer_ctrl:vector_stream1b-->PIPE               659.750 KB      
q4_layer_ctrl:vector_stream2a-->PIPE               744.250 KB      

INFO::[ Vitis-EM 22 ] [Time elapsed: 350 minute(s) 31 seconds, Emulation time: 7.53143 ms]
Data transfer between kernel(s) and global memory(s)
q4_layer_ctrl:m_axi_scales-HBM[6]          RD = 0.719 KB               WR = 0.000 KB        
q4_layer_ctrl:m_axi_weight0a-HBM[8]          RD = 29420.000 KB           WR = 0.000 KB        
q4_layer_ctrl:m_axi_weight0b-HBM[9]          RD = 29420.000 KB           WR = 0.000 KB        
q4_layer_ctrl:m_axi_weight1a-HBM[10]          RD = 29420.000 KB           WR = 0.000 KB        
q4_layer_ctrl:m_axi_weight1b-HBM[11]          RD = 29420.000 KB           WR = 0.000 KB        
q4_layer_ctrl:m_axi_weight2a-HBM[12]          RD = 27756.000 KB           WR = 0.000 KB        
q4_layer_ctrl:m_axi_weight2b-HBM[13]          RD = 27756.000 KB           WR = 0.000 KB        
q4_layer_ctrl:m_axi_weight3a-HBM[14]          RD = 27756.000 KB           WR = 0.000 KB        
q4_layer_ctrl:m_axi_weight3b-HBM[15]          RD = 27756.000 KB           WR = 0.000 KB        
q4_layer_ctrl:m_axi_hidden_in-HBM[0]          RD = 224.000 KB             WR = 0.000 KB        
q4_layer_ctrl:m_axi_hidden_out-HBM[1]          RD = 0.000 KB               WR = 192.000 KB      
q4_layer_ctrl:m_axi_kv_k-HBM[2]          RD = 112.000 KB             WR = 28.000 KB       
q4_layer_ctrl:m_axi_kv_v-HBM[3]          RD = 112.000 KB             WR = 28.000 KB       
q4_layer_ctrl:m_axi_norm-HBM[4]          RD = 52.000 KB              WR = 0.000 KB        
q4_layer_ctrl:m_axi_rope-HBM[5]          RD = 224.000 KB             WR = 0.000 KB        

Data transfer on stream interfaces
q4_layer_ctrl:activation_stream0-->PIPE               3694.539 KB     
q4_layer_ctrl:activation_stream1-->PIPE               3694.539 KB     
PIPE-->q4_layer_ctrl:out_stream0               2236.500 KB     
q4_layer_ctrl:activation_stream2-->PIPE               3486.539 KB     
PIPE-->q4_layer_ctrl:out_stream1               2236.500 KB     
PIPE-->q4_layer_ctrl:out_stream2               2145.500 KB     
PIPE-->q4_layer_ctrl:out_stream3               2145.500 KB     
q4_layer_ctrl:task_stream0-->PIPE               6.906 KB        
q4_layer_ctrl:task_stream1-->PIPE               6.906 KB        
q4_layer_ctrl:task_stream2-->PIPE               6.500 KB        
q4_layer_ctrl:task_stream3-->PIPE               6.500 KB        
q4_layer_ctrl:vector_stream0a-->PIPE               744.250 KB      
q4_layer_ctrl:vector_stream0b-->PIPE               659.750 KB      
q4_layer_ctrl:vector_stream1a-->PIPE               744.250 KB      
q4_layer_ctrl:activation_stream3-->PIPE               3486.539 KB     
q4_layer_ctrl:vector_stream1b-->PIPE               659.750 KB      
q4_layer_ctrl:vector_stream2a-->PIPE               744.250 KB      

INFO::[ Vitis-EM 22 ] [Time elapsed: 351 minute(s) 29 seconds, Emulation time: 7.54249 ms]
Data transfer between kernel(s) and global memory(s)
q4_layer_ctrl:m_axi_scales-HBM[6]          RD = 0.719 KB               WR = 0.000 KB        
q4_layer_ctrl:m_axi_weight0a-HBM[8]          RD = 29519.000 KB           WR = 0.000 KB        
q4_layer_ctrl:m_axi_weight0b-HBM[9]          RD = 29519.000 KB           WR = 0.000 KB        
q4_layer_ctrl:m_axi_weight1a-HBM[10]          RD = 29519.000 KB           WR = 0.000 KB        
q4_layer_ctrl:m_axi_weight1b-HBM[11]          RD = 29519.000 KB           WR = 0.000 KB        
q4_layer_ctrl:m_axi_weight2a-HBM[12]          RD = 27855.000 KB           WR = 0.000 KB        
q4_layer_ctrl:m_axi_weight2b-HBM[13]          RD = 27855.000 KB           WR = 0.000 KB        
q4_layer_ctrl:m_axi_weight3a-HBM[14]          RD = 27855.000 KB           WR = 0.000 KB        
q4_layer_ctrl:m_axi_weight3b-HBM[15]          RD = 27855.000 KB           WR = 0.000 KB        
q4_layer_ctrl:m_axi_hidden_in-HBM[0]          RD = 224.000 KB             WR = 0.000 KB        
q4_layer_ctrl:m_axi_hidden_out-HBM[1]          RD = 0.000 KB               WR = 192.000 KB      
q4_layer_ctrl:m_axi_kv_k-HBM[2]          RD = 112.000 KB             WR = 28.000 KB       
q4_layer_ctrl:m_axi_kv_v-HBM[3]          RD = 112.000 KB             WR = 28.000 KB       
q4_layer_ctrl:m_axi_norm-HBM[4]          RD = 52.000 KB              WR = 0.000 KB        
q4_layer_ctrl:m_axi_rope-HBM[5]          RD = 224.000 KB             WR = 0.000 KB        

Data transfer on stream interfaces
q4_layer_ctrl:activation_stream0-->PIPE               3706.910 KB     
q4_layer_ctrl:activation_stream1-->PIPE               3706.910 KB     
PIPE-->q4_layer_ctrl:out_stream0               2243.500 KB     
q4_layer_ctrl:activation_stream2-->PIPE               3498.910 KB     
PIPE-->q4_layer_ctrl:out_stream1               2243.500 KB     
PIPE-->q4_layer_ctrl:out_stream2               2152.500 KB     
PIPE-->q4_layer_ctrl:out_stream3               2152.500 KB     
q4_layer_ctrl:task_stream0-->PIPE               6.938 KB        
q4_layer_ctrl:task_stream1-->PIPE               6.938 KB        
q4_layer_ctrl:task_stream2-->PIPE               6.531 KB        
q4_layer_ctrl:task_stream3-->PIPE               6.531 KB        
q4_layer_ctrl:vector_stream0a-->PIPE               744.250 KB      
q4_layer_ctrl:vector_stream0b-->PIPE               659.750 KB      
q4_layer_ctrl:vector_stream1a-->PIPE               744.250 KB      
q4_layer_ctrl:activation_stream3-->PIPE               3498.910 KB     
q4_layer_ctrl:vector_stream1b-->PIPE               659.750 KB      
q4_layer_ctrl:vector_stream2a-->PIPE               744.250 KB      

INFO::[ Vitis-EM 22 ] [Time elapsed: 352 minute(s) 40 seconds, Emulation time: 7.55555 ms]
Data transfer between kernel(s) and global memory(s)
q4_layer_ctrl:m_axi_scales-HBM[6]          RD = 0.719 KB               WR = 0.000 KB        
q4_layer_ctrl:m_axi_weight0a-HBM[8]          RD = 29632.000 KB           WR = 0.000 KB        
q4_layer_ctrl:m_axi_weight0b-HBM[9]          RD = 29632.000 KB           WR = 0.000 KB        
q4_layer_ctrl:m_axi_weight1a-HBM[10]          RD = 29632.000 KB           WR = 0.000 KB        
q4_layer_ctrl:m_axi_weight1b-HBM[11]          RD = 29632.000 KB           WR = 0.000 KB        
q4_layer_ctrl:m_axi_weight2a-HBM[12]          RD = 27968.000 KB           WR = 0.000 KB        
q4_layer_ctrl:m_axi_weight2b-HBM[13]          RD = 27968.000 KB           WR = 0.000 KB        
q4_layer_ctrl:m_axi_weight3a-HBM[14]          RD = 27968.000 KB           WR = 0.000 KB        
q4_layer_ctrl:m_axi_weight3b-HBM[15]          RD = 27968.000 KB           WR = 0.000 KB        
q4_layer_ctrl:m_axi_hidden_in-HBM[0]          RD = 224.000 KB             WR = 0.000 KB        
q4_layer_ctrl:m_axi_hidden_out-HBM[1]          RD = 0.000 KB               WR = 192.000 KB      
q4_layer_ctrl:m_axi_kv_k-HBM[2]          RD = 112.000 KB             WR = 28.000 KB       
q4_layer_ctrl:m_axi_kv_v-HBM[3]          RD = 112.000 KB             WR = 28.000 KB       
q4_layer_ctrl:m_axi_norm-HBM[4]          RD = 52.000 KB              WR = 0.000 KB        
q4_layer_ctrl:m_axi_rope-HBM[5]          RD = 224.000 KB             WR = 0.000 KB        

Data transfer on stream interfaces
q4_layer_ctrl:activation_stream0-->PIPE               3721.500 KB     
q4_layer_ctrl:activation_stream1-->PIPE               3721.500 KB     
PIPE-->q4_layer_ctrl:out_stream0               2247.000 KB     
q4_layer_ctrl:activation_stream2-->PIPE               3513.500 KB     
PIPE-->q4_layer_ctrl:out_stream1               2247.000 KB     
PIPE-->q4_layer_ctrl:out_stream2               2156.000 KB     
PIPE-->q4_layer_ctrl:out_stream3               2156.000 KB     
q4_layer_ctrl:task_stream0-->PIPE               6.953 KB        
q4_layer_ctrl:task_stream1-->PIPE               6.953 KB        
q4_layer_ctrl:task_stream2-->PIPE               6.547 KB        
q4_layer_ctrl:task_stream3-->PIPE               6.547 KB        
q4_layer_ctrl:vector_stream0a-->PIPE               744.250 KB      
q4_layer_ctrl:vector_stream0b-->PIPE               659.750 KB      
q4_layer_ctrl:vector_stream1a-->PIPE               744.250 KB      
q4_layer_ctrl:activation_stream3-->PIPE               3513.500 KB     
q4_layer_ctrl:vector_stream1b-->PIPE               659.750 KB      
q4_layer_ctrl:vector_stream2a-->PIPE               744.250 KB      

INFO::[ Vitis-EM 22 ] [Time elapsed: 356 minute(s) 42 seconds, Emulation time: 7.67133 ms]
Data transfer between kernel(s) and global memory(s)
q4_layer_ctrl:m_axi_scales-HBM[6]          RD = 0.734 KB               WR = 0.000 KB        
q4_layer_ctrl:m_axi_weight0a-HBM[8]          RD = 29891.000 KB           WR = 0.000 KB        
q4_layer_ctrl:m_axi_weight0b-HBM[9]          RD = 29891.000 KB           WR = 0.000 KB        
q4_layer_ctrl:m_axi_weight1a-HBM[10]          RD = 29891.000 KB           WR = 0.000 KB        
q4_layer_ctrl:m_axi_weight1b-HBM[11]          RD = 29891.000 KB           WR = 0.000 KB        
q4_layer_ctrl:m_axi_weight2a-HBM[12]          RD = 28227.000 KB           WR = 0.000 KB        
q4_layer_ctrl:m_axi_weight2b-HBM[13]          RD = 28227.000 KB           WR = 0.000 KB        
q4_layer_ctrl:m_axi_weight3a-HBM[14]          RD = 28227.000 KB           WR = 0.000 KB        
q4_layer_ctrl:m_axi_weight3b-HBM[15]          RD = 28227.000 KB           WR = 0.000 KB        
q4_layer_ctrl:m_axi_hidden_in-HBM[0]          RD = 224.000 KB             WR = 0.000 KB        
q4_layer_ctrl:m_axi_hidden_out-HBM[1]          RD = 0.000 KB               WR = 192.000 KB      
q4_layer_ctrl:m_axi_kv_k-HBM[2]          RD = 112.000 KB             WR = 28.000 KB       
q4_layer_ctrl:m_axi_kv_v-HBM[3]          RD = 112.000 KB             WR = 28.000 KB       
q4_layer_ctrl:m_axi_norm-HBM[4]          RD = 56.000 KB              WR = 0.000 KB        
q4_layer_ctrl:m_axi_rope-HBM[5]          RD = 224.000 KB             WR = 0.000 KB        

Data transfer on stream interfaces
q4_layer_ctrl:activation_stream0-->PIPE               3753.500 KB     
q4_layer_ctrl:activation_stream1-->PIPE               3753.500 KB     
PIPE-->q4_layer_ctrl:out_stream0               2289.000 KB     
q4_layer_ctrl:activation_stream2-->PIPE               3545.500 KB     
PIPE-->q4_layer_ctrl:out_stream1               2289.000 KB     
PIPE-->q4_layer_ctrl:out_stream2               2198.000 KB     
PIPE-->q4_layer_ctrl:out_stream3               2198.000 KB     
q4_layer_ctrl:task_stream0-->PIPE               7.062 KB        
q4_layer_ctrl:task_stream1-->PIPE               7.062 KB        
q4_layer_ctrl:task_stream2-->PIPE               6.656 KB        
q4_layer_ctrl:task_stream3-->PIPE               6.656 KB        
q4_layer_ctrl:vector_stream0a-->PIPE               770.250 KB      
q4_layer_ctrl:vector_stream0b-->PIPE               679.250 KB      
q4_layer_ctrl:vector_stream1a-->PIPE               770.250 KB      
q4_layer_ctrl:activation_stream3-->PIPE               3545.500 KB     
q4_layer_ctrl:vector_stream1b-->PIPE               679.250 KB      
q4_layer_ctrl:vector_stream2a-->PIPE               770.250 KB      

INFO::[ Vitis-EM 22 ] [Time elapsed: 368 minute(s) 17 seconds, Emulation time: 7.81512 ms]
Data transfer between kernel(s) and global memory(s)
q4_layer_ctrl:m_axi_scales-HBM[6]          RD = 0.734 KB               WR = 0.000 KB        
q4_layer_ctrl:m_axi_weight0a-HBM[8]          RD = 31040.000 KB           WR = 0.000 KB        
q4_layer_ctrl:m_axi_weight0b-HBM[9]          RD = 31040.000 KB           WR = 0.000 KB        
q4_layer_ctrl:m_axi_weight1a-HBM[10]          RD = 31040.000 KB           WR = 0.000 KB        
q4_layer_ctrl:m_axi_weight1b-HBM[11]          RD = 31040.000 KB           WR = 0.000 KB        
q4_layer_ctrl:m_axi_weight2a-HBM[12]          RD = 29312.000 KB           WR = 0.000 KB        
q4_layer_ctrl:m_axi_weight2b-HBM[13]          RD = 29312.000 KB           WR = 0.000 KB        
q4_layer_ctrl:m_axi_weight3a-HBM[14]          RD = 29312.000 KB           WR = 0.000 KB        
q4_layer_ctrl:m_axi_weight3b-HBM[15]          RD = 29312.000 KB           WR = 0.000 KB        
q4_layer_ctrl:m_axi_hidden_in-HBM[0]          RD = 224.000 KB             WR = 0.000 KB        
q4_layer_ctrl:m_axi_hidden_out-HBM[1]          RD = 0.000 KB               WR = 192.000 KB      
q4_layer_ctrl:m_axi_kv_k-HBM[2]          RD = 112.000 KB             WR = 28.000 KB       
q4_layer_ctrl:m_axi_kv_v-HBM[3]          RD = 112.000 KB             WR = 28.000 KB       
q4_layer_ctrl:m_axi_norm-HBM[4]          RD = 56.000 KB              WR = 0.000 KB        
q4_layer_ctrl:m_axi_rope-HBM[5]          RD = 224.000 KB             WR = 0.000 KB        

Data transfer on stream interfaces
q4_layer_ctrl:activation_stream0-->PIPE               3897.500 KB     
q4_layer_ctrl:activation_stream1-->PIPE               3897.500 KB     
PIPE-->q4_layer_ctrl:out_stream0               2355.500 KB     
q4_layer_ctrl:activation_stream2-->PIPE               3681.500 KB     
PIPE-->q4_layer_ctrl:out_stream1               2355.500 KB     
PIPE-->q4_layer_ctrl:out_stream2               2261.000 KB     
PIPE-->q4_layer_ctrl:out_stream3               2261.000 KB     
q4_layer_ctrl:task_stream0-->PIPE               7.328 KB        
q4_layer_ctrl:task_stream1-->PIPE               7.328 KB        
q4_layer_ctrl:task_stream2-->PIPE               6.906 KB        
q4_layer_ctrl:task_stream3-->PIPE               6.906 KB        
q4_layer_ctrl:vector_stream0a-->PIPE               770.250 KB      
q4_layer_ctrl:vector_stream0b-->PIPE               679.250 KB      
q4_layer_ctrl:vector_stream1a-->PIPE               770.250 KB      
q4_layer_ctrl:activation_stream3-->PIPE               3681.500 KB     
q4_layer_ctrl:vector_stream1b-->PIPE               679.250 KB      
q4_layer_ctrl:vector_stream2a-->PIPE               770.250 KB      

INFO::[ Vitis-EM 22 ] [Time elapsed: 402 minute(s) 21 seconds, Emulation time: 8.47314 ms]
Data transfer between kernel(s) and global memory(s)
q4_layer_ctrl:m_axi_scales-HBM[6]          RD = 0.812 KB               WR = 0.000 KB        
q4_layer_ctrl:m_axi_weight0a-HBM[8]          RD = 34208.000 KB           WR = 0.000 KB        
q4_layer_ctrl:m_axi_weight0b-HBM[9]          RD = 34208.000 KB           WR = 0.000 KB        
q4_layer_ctrl:m_axi_weight1a-HBM[10]          RD = 34208.000 KB           WR = 0.000 KB        
q4_layer_ctrl:m_axi_weight1b-HBM[11]          RD = 34208.000 KB           WR = 0.000 KB        
q4_layer_ctrl:m_axi_weight2a-HBM[12]          RD = 32288.000 KB           WR = 0.000 KB        
q4_layer_ctrl:m_axi_weight2b-HBM[13]          RD = 32288.000 KB           WR = 0.000 KB        
q4_layer_ctrl:m_axi_weight3a-HBM[14]          RD = 32288.000 KB           WR = 0.000 KB        
q4_layer_ctrl:m_axi_weight3b-HBM[15]          RD = 32288.000 KB           WR = 0.000 KB        
q4_layer_ctrl:m_axi_hidden_in-HBM[0]          RD = 256.000 KB             WR = 0.000 KB        
q4_layer_ctrl:m_axi_hidden_out-HBM[1]          RD = 0.000 KB               WR = 224.000 KB      
q4_layer_ctrl:m_axi_kv_k-HBM[2]          RD = 112.000 KB             WR = 32.000 KB       
q4_layer_ctrl:m_axi_kv_v-HBM[3]          RD = 112.000 KB             WR = 32.000 KB       
q4_layer_ctrl:m_axi_norm-HBM[4]          RD = 60.000 KB              WR = 0.000 KB        
q4_layer_ctrl:m_axi_rope-HBM[5]          RD = 256.000 KB             WR = 0.000 KB        

Data transfer on stream interfaces
q4_layer_ctrl:activation_stream0-->PIPE               4293.500 KB     
q4_layer_ctrl:activation_stream1-->PIPE               4293.500 KB     
PIPE-->q4_layer_ctrl:out_stream0               2570.750 KB     
q4_layer_ctrl:activation_stream2-->PIPE               4053.500 KB     
PIPE-->q4_layer_ctrl:out_stream1               2570.750 KB     
PIPE-->q4_layer_ctrl:out_stream2               2465.750 KB     
PIPE-->q4_layer_ctrl:out_stream3               2465.750 KB     
q4_layer_ctrl:task_stream0-->PIPE               7.875 KB        
q4_layer_ctrl:task_stream1-->PIPE               7.875 KB        
q4_layer_ctrl:task_stream2-->PIPE               7.406 KB        
q4_layer_ctrl:task_stream3-->PIPE               7.406 KB        
q4_layer_ctrl:vector_stream0a-->PIPE               866.125 KB      
q4_layer_ctrl:vector_stream0b-->PIPE               768.625 KB      
q4_layer_ctrl:vector_stream1a-->PIPE               866.125 KB      
q4_layer_ctrl:activation_stream3-->PIPE               4053.500 KB     
q4_layer_ctrl:vector_stream1b-->PIPE               768.625 KB      
q4_layer_ctrl:vector_stream2a-->PIPE               866.125 KB      

INFO::[ Vitis-EM 22 ] [Time elapsed: 405 minute(s) 14 seconds, Emulation time: 8.64137 ms]
Data transfer between kernel(s) and global memory(s)
q4_layer_ctrl:m_axi_scales-HBM[6]          RD = 0.812 KB               WR = 0.000 KB        
q4_layer_ctrl:m_axi_weight0a-HBM[8]          RD = 34208.000 KB           WR = 0.000 KB        
q4_layer_ctrl:m_axi_weight0b-HBM[9]          RD = 34208.000 KB           WR = 0.000 KB        
q4_layer_ctrl:m_axi_weight1a-HBM[10]          RD = 34208.000 KB           WR = 0.000 KB        
q4_layer_ctrl:m_axi_weight1b-HBM[11]          RD = 34208.000 KB           WR = 0.000 KB        
q4_layer_ctrl:m_axi_weight2a-HBM[12]          RD = 32288.000 KB           WR = 0.000 KB        
q4_layer_ctrl:m_axi_weight2b-HBM[13]          RD = 32288.000 KB           WR = 0.000 KB        
q4_layer_ctrl:m_axi_weight3a-HBM[14]          RD = 32288.000 KB           WR = 0.000 KB        
q4_layer_ctrl:m_axi_weight3b-HBM[15]          RD = 32288.000 KB           WR = 0.000 KB        
q4_layer_ctrl:m_axi_hidden_in-HBM[0]          RD = 256.000 KB             WR = 0.000 KB        
q4_layer_ctrl:m_axi_hidden_out-HBM[1]          RD = 0.000 KB               WR = 224.000 KB      
q4_layer_ctrl:m_axi_kv_k-HBM[2]          RD = 144.000 KB             WR = 32.000 KB       
q4_layer_ctrl:m_axi_kv_v-HBM[3]          RD = 144.000 KB             WR = 32.000 KB       
q4_layer_ctrl:m_axi_norm-HBM[4]          RD = 60.000 KB              WR = 0.000 KB        
q4_layer_ctrl:m_axi_rope-HBM[5]          RD = 256.000 KB             WR = 0.000 KB        

Data transfer on stream interfaces
q4_layer_ctrl:activation_stream0-->PIPE               4294.750 KB     
q4_layer_ctrl:activation_stream1-->PIPE               4294.750 KB     
PIPE-->q4_layer_ctrl:out_stream0               2581.250 KB     
q4_layer_ctrl:activation_stream2-->PIPE               4054.750 KB     
PIPE-->q4_layer_ctrl:out_stream1               2581.250 KB     
PIPE-->q4_layer_ctrl:out_stream2               2476.250 KB     
PIPE-->q4_layer_ctrl:out_stream3               2476.250 KB     
q4_layer_ctrl:task_stream0-->PIPE               7.922 KB        
q4_layer_ctrl:task_stream1-->PIPE               7.922 KB        
q4_layer_ctrl:task_stream2-->PIPE               7.453 KB        
q4_layer_ctrl:task_stream3-->PIPE               7.453 KB        
q4_layer_ctrl:vector_stream0a-->PIPE               866.125 KB      
q4_layer_ctrl:vector_stream0b-->PIPE               768.625 KB      
q4_layer_ctrl:vector_stream1a-->PIPE               866.125 KB      
q4_layer_ctrl:activation_stream3-->PIPE               4054.750 KB     
q4_layer_ctrl:vector_stream1b-->PIPE               768.625 KB      
q4_layer_ctrl:vector_stream2a-->PIPE               866.125 KB      

INFO::[ Vitis-EM 22 ] [Time elapsed: 405 minute(s) 24 seconds, Emulation time: 8.65159 ms]
Data transfer between kernel(s) and global memory(s)
q4_layer_ctrl:m_axi_scales-HBM[6]          RD = 0.812 KB               WR = 0.000 KB        
q4_layer_ctrl:m_axi_weight0a-HBM[8]          RD = 34208.000 KB           WR = 0.000 KB        
q4_layer_ctrl:m_axi_weight0b-HBM[9]          RD = 34208.000 KB           WR = 0.000 KB        
q4_layer_ctrl:m_axi_weight1a-HBM[10]          RD = 34208.000 KB           WR = 0.000 KB        
q4_layer_ctrl:m_axi_weight1b-HBM[11]          RD = 34208.000 KB           WR = 0.000 KB        
q4_layer_ctrl:m_axi_weight2a-HBM[12]          RD = 32288.000 KB           WR = 0.000 KB        
q4_layer_ctrl:m_axi_weight2b-HBM[13]          RD = 32288.000 KB           WR = 0.000 KB        
q4_layer_ctrl:m_axi_weight3a-HBM[14]          RD = 32288.000 KB           WR = 0.000 KB        
q4_layer_ctrl:m_axi_weight3b-HBM[15]          RD = 32288.000 KB           WR = 0.000 KB        
q4_layer_ctrl:m_axi_hidden_in-HBM[0]          RD = 256.000 KB             WR = 0.000 KB        
q4_layer_ctrl:m_axi_hidden_out-HBM[1]          RD = 0.000 KB               WR = 224.000 KB      
q4_layer_ctrl:m_axi_kv_k-HBM[2]          RD = 144.000 KB             WR = 32.000 KB       
q4_layer_ctrl:m_axi_kv_v-HBM[3]          RD = 144.000 KB             WR = 32.000 KB       
q4_layer_ctrl:m_axi_norm-HBM[4]          RD = 60.000 KB              WR = 0.000 KB        
q4_layer_ctrl:m_axi_rope-HBM[5]          RD = 256.000 KB             WR = 0.000 KB        

Data transfer on stream interfaces
q4_layer_ctrl:activation_stream0-->PIPE               4294.750 KB     
q4_layer_ctrl:activation_stream1-->PIPE               4294.750 KB     
PIPE-->q4_layer_ctrl:out_stream0               2581.250 KB     
q4_layer_ctrl:activation_stream2-->PIPE               4054.750 KB     
PIPE-->q4_layer_ctrl:out_stream1               2581.250 KB     
PIPE-->q4_layer_ctrl:out_stream2               2476.250 KB     
PIPE-->q4_layer_ctrl:out_stream3               2476.250 KB     
q4_layer_ctrl:task_stream0-->PIPE               7.922 KB        
q4_layer_ctrl:task_stream1-->PIPE               7.922 KB        
q4_layer_ctrl:task_stream2-->PIPE               7.453 KB        
q4_layer_ctrl:task_stream3-->PIPE               7.453 KB        
q4_layer_ctrl:vector_stream0a-->PIPE               866.125 KB      
q4_layer_ctrl:vector_stream0b-->PIPE               768.625 KB      
q4_layer_ctrl:vector_stream1a-->PIPE               866.125 KB      
q4_layer_ctrl:activation_stream3-->PIPE               4054.750 KB     
q4_layer_ctrl:vector_stream1b-->PIPE               768.625 KB      
q4_layer_ctrl:vector_stream2a-->PIPE               866.125 KB      

INFO::[ Vitis-EM 22 ] [Time elapsed: 405 minute(s) 34 seconds, Emulation time: 8.66181 ms]
Data transfer between kernel(s) and global memory(s)
q4_layer_ctrl:m_axi_scales-HBM[6]          RD = 0.812 KB               WR = 0.000 KB        
q4_layer_ctrl:m_axi_weight0a-HBM[8]          RD = 34208.000 KB           WR = 0.000 KB        
q4_layer_ctrl:m_axi_weight0b-HBM[9]          RD = 34208.000 KB           WR = 0.000 KB        
q4_layer_ctrl:m_axi_weight1a-HBM[10]          RD = 34208.000 KB           WR = 0.000 KB        
q4_layer_ctrl:m_axi_weight1b-HBM[11]          RD = 34208.000 KB           WR = 0.000 KB        
q4_layer_ctrl:m_axi_weight2a-HBM[12]          RD = 32288.000 KB           WR = 0.000 KB        
q4_layer_ctrl:m_axi_weight2b-HBM[13]          RD = 32288.000 KB           WR = 0.000 KB        
q4_layer_ctrl:m_axi_weight3a-HBM[14]          RD = 32288.000 KB           WR = 0.000 KB        
q4_layer_ctrl:m_axi_weight3b-HBM[15]          RD = 32288.000 KB           WR = 0.000 KB        
q4_layer_ctrl:m_axi_hidden_in-HBM[0]          RD = 256.000 KB             WR = 0.000 KB        
q4_layer_ctrl:m_axi_hidden_out-HBM[1]          RD = 0.000 KB               WR = 224.000 KB      
q4_layer_ctrl:m_axi_kv_k-HBM[2]          RD = 144.000 KB             WR = 32.000 KB       
q4_layer_ctrl:m_axi_kv_v-HBM[3]          RD = 144.000 KB             WR = 32.000 KB       
q4_layer_ctrl:m_axi_norm-HBM[4]          RD = 60.000 KB              WR = 0.000 KB        
q4_layer_ctrl:m_axi_rope-HBM[5]          RD = 256.000 KB             WR = 0.000 KB        

Data transfer on stream interfaces
q4_layer_ctrl:activation_stream0-->PIPE               4294.750 KB     
q4_layer_ctrl:activation_stream1-->PIPE               4294.750 KB     
PIPE-->q4_layer_ctrl:out_stream0               2581.250 KB     
q4_layer_ctrl:activation_stream2-->PIPE               4054.750 KB     
PIPE-->q4_layer_ctrl:out_stream1               2581.250 KB     
PIPE-->q4_layer_ctrl:out_stream2               2476.250 KB     
PIPE-->q4_layer_ctrl:out_stream3               2476.250 KB     
q4_layer_ctrl:task_stream0-->PIPE               7.922 KB        
q4_layer_ctrl:task_stream1-->PIPE               7.922 KB        
q4_layer_ctrl:task_stream2-->PIPE               7.453 KB        
q4_layer_ctrl:task_stream3-->PIPE               7.453 KB        
q4_layer_ctrl:vector_stream0a-->PIPE               866.125 KB      
q4_layer_ctrl:vector_stream0b-->PIPE               768.625 KB      
q4_layer_ctrl:vector_stream1a-->PIPE               866.125 KB      
q4_layer_ctrl:activation_stream3-->PIPE               4054.750 KB     
q4_layer_ctrl:vector_stream1b-->PIPE               768.625 KB      
q4_layer_ctrl:vector_stream2a-->PIPE               866.125 KB      

INFO::[ Vitis-EM 22 ] [Time elapsed: 405 minute(s) 45 seconds, Emulation time: 8.67202 ms]
Data transfer between kernel(s) and global memory(s)
q4_layer_ctrl:m_axi_scales-HBM[6]          RD = 0.812 KB               WR = 0.000 KB        
q4_layer_ctrl:m_axi_weight0a-HBM[8]          RD = 34208.000 KB           WR = 0.000 KB        
q4_layer_ctrl:m_axi_weight0b-HBM[9]          RD = 34208.000 KB           WR = 0.000 KB        
q4_layer_ctrl:m_axi_weight1a-HBM[10]          RD = 34208.000 KB           WR = 0.000 KB        
q4_layer_ctrl:m_axi_weight1b-HBM[11]          RD = 34208.000 KB           WR = 0.000 KB        
q4_layer_ctrl:m_axi_weight2a-HBM[12]          RD = 32288.000 KB           WR = 0.000 KB        
q4_layer_ctrl:m_axi_weight2b-HBM[13]          RD = 32288.000 KB           WR = 0.000 KB        
q4_layer_ctrl:m_axi_weight3a-HBM[14]          RD = 32288.000 KB           WR = 0.000 KB        
q4_layer_ctrl:m_axi_weight3b-HBM[15]          RD = 32288.000 KB           WR = 0.000 KB        
q4_layer_ctrl:m_axi_hidden_in-HBM[0]          RD = 256.000 KB             WR = 0.000 KB        
q4_layer_ctrl:m_axi_hidden_out-HBM[1]          RD = 0.000 KB               WR = 224.000 KB      
q4_layer_ctrl:m_axi_kv_k-HBM[2]          RD = 144.000 KB             WR = 32.000 KB       
q4_layer_ctrl:m_axi_kv_v-HBM[3]          RD = 144.000 KB             WR = 32.000 KB       
q4_layer_ctrl:m_axi_norm-HBM[4]          RD = 60.000 KB              WR = 0.000 KB        
q4_layer_ctrl:m_axi_rope-HBM[5]          RD = 256.000 KB             WR = 0.000 KB        

Data transfer on stream interfaces
q4_layer_ctrl:activation_stream0-->PIPE               4295.000 KB     
q4_layer_ctrl:activation_stream1-->PIPE               4295.000 KB     
PIPE-->q4_layer_ctrl:out_stream0               2584.750 KB     
q4_layer_ctrl:activation_stream2-->PIPE               4055.000 KB     
PIPE-->q4_layer_ctrl:out_stream1               2584.750 KB     
PIPE-->q4_layer_ctrl:out_stream2               2479.750 KB     
PIPE-->q4_layer_ctrl:out_stream3               2479.750 KB     
q4_layer_ctrl:task_stream0-->PIPE               7.938 KB        
q4_layer_ctrl:task_stream1-->PIPE               7.938 KB        
q4_layer_ctrl:task_stream2-->PIPE               7.469 KB        
q4_layer_ctrl:task_stream3-->PIPE               7.469 KB        
q4_layer_ctrl:vector_stream0a-->PIPE               866.125 KB      
q4_layer_ctrl:vector_stream0b-->PIPE               768.625 KB      
q4_layer_ctrl:vector_stream1a-->PIPE               866.125 KB      
q4_layer_ctrl:activation_stream3-->PIPE               4055.000 KB     
q4_layer_ctrl:vector_stream1b-->PIPE               768.625 KB      
q4_layer_ctrl:vector_stream2a-->PIPE               866.125 KB      

INFO::[ Vitis-EM 22 ] [Time elapsed: 405 minute(s) 56 seconds, Emulation time: 8.68224 ms]
Data transfer between kernel(s) and global memory(s)
q4_layer_ctrl:m_axi_scales-HBM[6]          RD = 0.812 KB               WR = 0.000 KB        
q4_layer_ctrl:m_axi_weight0a-HBM[8]          RD = 34208.000 KB           WR = 0.000 KB        
q4_layer_ctrl:m_axi_weight0b-HBM[9]          RD = 34208.000 KB           WR = 0.000 KB        
q4_layer_ctrl:m_axi_weight1a-HBM[10]          RD = 34208.000 KB           WR = 0.000 KB        
q4_layer_ctrl:m_axi_weight1b-HBM[11]          RD = 34208.000 KB           WR = 0.000 KB        
q4_layer_ctrl:m_axi_weight2a-HBM[12]          RD = 32288.000 KB           WR = 0.000 KB        
q4_layer_ctrl:m_axi_weight2b-HBM[13]          RD = 32288.000 KB           WR = 0.000 KB        
q4_layer_ctrl:m_axi_weight3a-HBM[14]          RD = 32288.000 KB           WR = 0.000 KB        
q4_layer_ctrl:m_axi_weight3b-HBM[15]          RD = 32288.000 KB           WR = 0.000 KB        
q4_layer_ctrl:m_axi_hidden_in-HBM[0]          RD = 256.000 KB             WR = 0.000 KB        
q4_layer_ctrl:m_axi_hidden_out-HBM[1]          RD = 0.000 KB               WR = 224.000 KB      
q4_layer_ctrl:m_axi_kv_k-HBM[2]          RD = 144.000 KB             WR = 32.000 KB       
q4_layer_ctrl:m_axi_kv_v-HBM[3]          RD = 144.000 KB             WR = 32.000 KB       
q4_layer_ctrl:m_axi_norm-HBM[4]          RD = 60.000 KB              WR = 0.000 KB        
q4_layer_ctrl:m_axi_rope-HBM[5]          RD = 256.000 KB             WR = 0.000 KB        

Data transfer on stream interfaces
q4_layer_ctrl:activation_stream0-->PIPE               4295.500 KB     
q4_layer_ctrl:activation_stream1-->PIPE               4295.500 KB     
PIPE-->q4_layer_ctrl:out_stream0               2588.250 KB     
q4_layer_ctrl:activation_stream2-->PIPE               4055.500 KB     
PIPE-->q4_layer_ctrl:out_stream1               2588.250 KB     
PIPE-->q4_layer_ctrl:out_stream2               2483.250 KB     
PIPE-->q4_layer_ctrl:out_stream3               2483.250 KB     
q4_layer_ctrl:task_stream0-->PIPE               7.953 KB        
q4_layer_ctrl:task_stream1-->PIPE               7.953 KB        
q4_layer_ctrl:task_stream2-->PIPE               7.484 KB        
q4_layer_ctrl:task_stream3-->PIPE               7.484 KB        
q4_layer_ctrl:vector_stream0a-->PIPE               866.125 KB      
q4_layer_ctrl:vector_stream0b-->PIPE               768.625 KB      
q4_layer_ctrl:vector_stream1a-->PIPE               866.125 KB      
q4_layer_ctrl:activation_stream3-->PIPE               4055.500 KB     
q4_layer_ctrl:vector_stream1b-->PIPE               768.625 KB      
q4_layer_ctrl:vector_stream2a-->PIPE               866.125 KB      

INFO::[ Vitis-EM 22 ] [Time elapsed: 406 minute(s) 6 seconds, Emulation time: 8.69246 ms]
Data transfer between kernel(s) and global memory(s)
q4_layer_ctrl:m_axi_scales-HBM[6]          RD = 0.812 KB               WR = 0.000 KB        
q4_layer_ctrl:m_axi_weight0a-HBM[8]          RD = 34208.000 KB           WR = 0.000 KB        
q4_layer_ctrl:m_axi_weight0b-HBM[9]          RD = 34208.000 KB           WR = 0.000 KB        
q4_layer_ctrl:m_axi_weight1a-HBM[10]          RD = 34208.000 KB           WR = 0.000 KB        
q4_layer_ctrl:m_axi_weight1b-HBM[11]          RD = 34208.000 KB           WR = 0.000 KB        
q4_layer_ctrl:m_axi_weight2a-HBM[12]          RD = 32288.000 KB           WR = 0.000 KB        
q4_layer_ctrl:m_axi_weight2b-HBM[13]          RD = 32288.000 KB           WR = 0.000 KB        
q4_layer_ctrl:m_axi_weight3a-HBM[14]          RD = 32288.000 KB           WR = 0.000 KB        
q4_layer_ctrl:m_axi_weight3b-HBM[15]          RD = 32288.000 KB           WR = 0.000 KB        
q4_layer_ctrl:m_axi_hidden_in-HBM[0]          RD = 256.000 KB             WR = 0.000 KB        
q4_layer_ctrl:m_axi_hidden_out-HBM[1]          RD = 0.000 KB               WR = 224.000 KB      
q4_layer_ctrl:m_axi_kv_k-HBM[2]          RD = 144.000 KB             WR = 32.000 KB       
q4_layer_ctrl:m_axi_kv_v-HBM[3]          RD = 144.000 KB             WR = 32.000 KB       
q4_layer_ctrl:m_axi_norm-HBM[4]          RD = 60.000 KB              WR = 0.000 KB        
q4_layer_ctrl:m_axi_rope-HBM[5]          RD = 256.000 KB             WR = 0.000 KB        

Data transfer on stream interfaces
q4_layer_ctrl:activation_stream0-->PIPE               4295.500 KB     
q4_layer_ctrl:activation_stream1-->PIPE               4295.500 KB     
PIPE-->q4_layer_ctrl:out_stream0               2588.250 KB     
q4_layer_ctrl:activation_stream2-->PIPE               4055.500 KB     
PIPE-->q4_layer_ctrl:out_stream1               2588.250 KB     
PIPE-->q4_layer_ctrl:out_stream2               2483.250 KB     
PIPE-->q4_layer_ctrl:out_stream3               2483.250 KB     
q4_layer_ctrl:task_stream0-->PIPE               7.953 KB        
q4_layer_ctrl:task_stream1-->PIPE               7.953 KB        
q4_layer_ctrl:task_stream2-->PIPE               7.484 KB        
q4_layer_ctrl:task_stream3-->PIPE               7.484 KB        
q4_layer_ctrl:vector_stream0a-->PIPE               866.125 KB      
q4_layer_ctrl:vector_stream0b-->PIPE               768.625 KB      
q4_layer_ctrl:vector_stream1a-->PIPE               866.125 KB      
q4_layer_ctrl:activation_stream3-->PIPE               4055.500 KB     
q4_layer_ctrl:vector_stream1b-->PIPE               768.625 KB      
q4_layer_ctrl:vector_stream2a-->PIPE               866.125 KB      

INFO::[ Vitis-EM 22 ] [Time elapsed: 406 minute(s) 17 seconds, Emulation time: 8.70269 ms]
Data transfer between kernel(s) and global memory(s)
q4_layer_ctrl:m_axi_scales-HBM[6]          RD = 0.812 KB               WR = 0.000 KB        
q4_layer_ctrl:m_axi_weight0a-HBM[8]          RD = 34208.000 KB           WR = 0.000 KB        
q4_layer_ctrl:m_axi_weight0b-HBM[9]          RD = 34208.000 KB           WR = 0.000 KB        
q4_layer_ctrl:m_axi_weight1a-HBM[10]          RD = 34208.000 KB           WR = 0.000 KB        
q4_layer_ctrl:m_axi_weight1b-HBM[11]          RD = 34208.000 KB           WR = 0.000 KB        
q4_layer_ctrl:m_axi_weight2a-HBM[12]          RD = 32288.000 KB           WR = 0.000 KB        
q4_layer_ctrl:m_axi_weight2b-HBM[13]          RD = 32288.000 KB           WR = 0.000 KB        
q4_layer_ctrl:m_axi_weight3a-HBM[14]          RD = 32288.000 KB           WR = 0.000 KB        
q4_layer_ctrl:m_axi_weight3b-HBM[15]          RD = 32288.000 KB           WR = 0.000 KB        
q4_layer_ctrl:m_axi_hidden_in-HBM[0]          RD = 256.000 KB             WR = 0.000 KB        
q4_layer_ctrl:m_axi_hidden_out-HBM[1]          RD = 0.000 KB               WR = 224.000 KB      
q4_layer_ctrl:m_axi_kv_k-HBM[2]          RD = 144.000 KB             WR = 32.000 KB       
q4_layer_ctrl:m_axi_kv_v-HBM[3]          RD = 144.000 KB             WR = 32.000 KB       
q4_layer_ctrl:m_axi_norm-HBM[4]          RD = 60.000 KB              WR = 0.000 KB        
q4_layer_ctrl:m_axi_rope-HBM[5]          RD = 256.000 KB             WR = 0.000 KB        

Data transfer on stream interfaces
q4_layer_ctrl:activation_stream0-->PIPE               4295.500 KB     
q4_layer_ctrl:activation_stream1-->PIPE               4295.500 KB     
PIPE-->q4_layer_ctrl:out_stream0               2588.250 KB     
q4_layer_ctrl:activation_stream2-->PIPE               4055.500 KB     
PIPE-->q4_layer_ctrl:out_stream1               2588.250 KB     
PIPE-->q4_layer_ctrl:out_stream2               2483.250 KB     
PIPE-->q4_layer_ctrl:out_stream3               2483.250 KB     
q4_layer_ctrl:task_stream0-->PIPE               7.953 KB        
q4_layer_ctrl:task_stream1-->PIPE               7.953 KB        
q4_layer_ctrl:task_stream2-->PIPE               7.484 KB        
q4_layer_ctrl:task_stream3-->PIPE               7.484 KB        
q4_layer_ctrl:vector_stream0a-->PIPE               866.125 KB      
q4_layer_ctrl:vector_stream0b-->PIPE               768.625 KB      
q4_layer_ctrl:vector_stream1a-->PIPE               866.125 KB      
q4_layer_ctrl:activation_stream3-->PIPE               4055.500 KB     
q4_layer_ctrl:vector_stream1b-->PIPE               768.625 KB      
q4_layer_ctrl:vector_stream2a-->PIPE               866.125 KB      

INFO::[ Vitis-EM 22 ] [Time elapsed: 406 minute(s) 29 seconds, Emulation time: 8.71289 ms]
Data transfer between kernel(s) and global memory(s)
q4_layer_ctrl:m_axi_scales-HBM[6]          RD = 0.812 KB               WR = 0.000 KB        
q4_layer_ctrl:m_axi_weight0a-HBM[8]          RD = 34208.000 KB           WR = 0.000 KB        
q4_layer_ctrl:m_axi_weight0b-HBM[9]          RD = 34208.000 KB           WR = 0.000 KB        
q4_layer_ctrl:m_axi_weight1a-HBM[10]          RD = 34208.000 KB           WR = 0.000 KB        
q4_layer_ctrl:m_axi_weight1b-HBM[11]          RD = 34208.000 KB           WR = 0.000 KB        
q4_layer_ctrl:m_axi_weight2a-HBM[12]          RD = 32288.000 KB           WR = 0.000 KB        
q4_layer_ctrl:m_axi_weight2b-HBM[13]          RD = 32288.000 KB           WR = 0.000 KB        
q4_layer_ctrl:m_axi_weight3a-HBM[14]          RD = 32288.000 KB           WR = 0.000 KB        
q4_layer_ctrl:m_axi_weight3b-HBM[15]          RD = 32288.000 KB           WR = 0.000 KB        
q4_layer_ctrl:m_axi_hidden_in-HBM[0]          RD = 256.000 KB             WR = 0.000 KB        
q4_layer_ctrl:m_axi_hidden_out-HBM[1]          RD = 0.000 KB               WR = 224.000 KB      
q4_layer_ctrl:m_axi_kv_k-HBM[2]          RD = 144.000 KB             WR = 32.000 KB       
q4_layer_ctrl:m_axi_kv_v-HBM[3]          RD = 144.000 KB             WR = 32.000 KB       
q4_layer_ctrl:m_axi_norm-HBM[4]          RD = 60.000 KB              WR = 0.000 KB        
q4_layer_ctrl:m_axi_rope-HBM[5]          RD = 256.000 KB             WR = 0.000 KB        

Data transfer on stream interfaces
q4_layer_ctrl:activation_stream0-->PIPE               4296.250 KB     
q4_layer_ctrl:activation_stream1-->PIPE               4296.250 KB     
PIPE-->q4_layer_ctrl:out_stream0               2595.250 KB     
q4_layer_ctrl:activation_stream2-->PIPE               4056.250 KB     
PIPE-->q4_layer_ctrl:out_stream1               2595.250 KB     
PIPE-->q4_layer_ctrl:out_stream2               2490.250 KB     
PIPE-->q4_layer_ctrl:out_stream3               2490.250 KB     
q4_layer_ctrl:task_stream0-->PIPE               7.984 KB        
q4_layer_ctrl:task_stream1-->PIPE               7.984 KB        
q4_layer_ctrl:task_stream2-->PIPE               7.516 KB        
q4_layer_ctrl:task_stream3-->PIPE               7.516 KB        
q4_layer_ctrl:vector_stream0a-->PIPE               866.125 KB      
q4_layer_ctrl:vector_stream0b-->PIPE               768.625 KB      
q4_layer_ctrl:vector_stream1a-->PIPE               866.125 KB      
q4_layer_ctrl:activation_stream3-->PIPE               4056.250 KB     
q4_layer_ctrl:vector_stream1b-->PIPE               768.625 KB      
q4_layer_ctrl:vector_stream2a-->PIPE               866.125 KB      

INFO::[ Vitis-EM 22 ] [Time elapsed: 418 minute(s) 47 seconds, Emulation time: 8.96607 ms]
Data transfer between kernel(s) and global memory(s)
q4_layer_ctrl:m_axi_scales-HBM[6]          RD = 0.844 KB               WR = 0.000 KB        
q4_layer_ctrl:m_axi_weight0a-HBM[8]          RD = 35207.000 KB           WR = 0.000 KB        
q4_layer_ctrl:m_axi_weight0b-HBM[9]          RD = 35207.000 KB           WR = 0.000 KB        
q4_layer_ctrl:m_axi_weight1a-HBM[10]          RD = 35207.000 KB           WR = 0.000 KB        
q4_layer_ctrl:m_axi_weight1b-HBM[11]          RD = 35207.000 KB           WR = 0.000 KB        
q4_layer_ctrl:m_axi_weight2a-HBM[12]          RD = 33287.000 KB           WR = 0.000 KB        
q4_layer_ctrl:m_axi_weight2b-HBM[13]          RD = 33287.000 KB           WR = 0.000 KB        
q4_layer_ctrl:m_axi_weight3a-HBM[14]          RD = 33287.000 KB           WR = 0.000 KB        
q4_layer_ctrl:m_axi_weight3b-HBM[15]          RD = 33287.000 KB           WR = 0.000 KB        
q4_layer_ctrl:m_axi_hidden_in-HBM[0]          RD = 256.000 KB             WR = 0.000 KB        
q4_layer_ctrl:m_axi_hidden_out-HBM[1]          RD = 0.000 KB               WR = 224.000 KB      
q4_layer_ctrl:m_axi_kv_k-HBM[2]          RD = 144.000 KB             WR = 32.000 KB       
q4_layer_ctrl:m_axi_kv_v-HBM[3]          RD = 144.000 KB             WR = 32.000 KB       
q4_layer_ctrl:m_axi_norm-HBM[4]          RD = 64.000 KB              WR = 0.000 KB        
q4_layer_ctrl:m_axi_rope-HBM[5]          RD = 256.000 KB             WR = 0.000 KB        

Data transfer on stream interfaces
q4_layer_ctrl:activation_stream0-->PIPE               4420.668 KB     
q4_layer_ctrl:activation_stream1-->PIPE               4420.668 KB     
PIPE-->q4_layer_ctrl:out_stream0               2679.250 KB     
q4_layer_ctrl:activation_stream2-->PIPE               4180.668 KB     
PIPE-->q4_layer_ctrl:out_stream1               2679.250 KB     
PIPE-->q4_layer_ctrl:out_stream2               2574.250 KB     
PIPE-->q4_layer_ctrl:out_stream3               2574.250 KB     
q4_layer_ctrl:task_stream0-->PIPE               8.281 KB        
q4_layer_ctrl:task_stream1-->PIPE               8.281 KB        
q4_layer_ctrl:task_stream2-->PIPE               7.812 KB        
q4_layer_ctrl:task_stream3-->PIPE               7.812 KB        
q4_layer_ctrl:vector_stream0a-->PIPE               892.125 KB      
q4_layer_ctrl:vector_stream0b-->PIPE               788.125 KB      
q4_layer_ctrl:vector_stream1a-->PIPE               892.125 KB      
q4_layer_ctrl:activation_stream3-->PIPE               4180.668 KB     
q4_layer_ctrl:vector_stream1b-->PIPE               788.125 KB      
q4_layer_ctrl:vector_stream2a-->PIPE               892.125 KB      

INFO::[ Vitis-EM 22 ] [Time elapsed: 421 minute(s) 34 seconds, Emulation time: 8.99721 ms]
Data transfer between kernel(s) and global memory(s)
q4_layer_ctrl:m_axi_scales-HBM[6]          RD = 0.844 KB               WR = 0.000 KB        
q4_layer_ctrl:m_axi_weight0a-HBM[8]          RD = 35484.500 KB           WR = 0.000 KB        
q4_layer_ctrl:m_axi_weight0b-HBM[9]          RD = 35484.500 KB           WR = 0.000 KB        
q4_layer_ctrl:m_axi_weight1a-HBM[10]          RD = 35484.500 KB           WR = 0.000 KB        
q4_layer_ctrl:m_axi_weight1b-HBM[11]          RD = 35484.500 KB           WR = 0.000 KB        
q4_layer_ctrl:m_axi_weight2a-HBM[12]          RD = 33564.500 KB           WR = 0.000 KB        
q4_layer_ctrl:m_axi_weight2b-HBM[13]          RD = 33564.500 KB           WR = 0.000 KB        
q4_layer_ctrl:m_axi_weight3a-HBM[14]          RD = 33564.500 KB           WR = 0.000 KB        
q4_layer_ctrl:m_axi_weight3b-HBM[15]          RD = 33564.500 KB           WR = 0.000 KB        
q4_layer_ctrl:m_axi_hidden_in-HBM[0]          RD = 256.000 KB             WR = 0.000 KB        
q4_layer_ctrl:m_axi_hidden_out-HBM[1]          RD = 0.000 KB               WR = 224.000 KB      
q4_layer_ctrl:m_axi_kv_k-HBM[2]          RD = 144.000 KB             WR = 32.000 KB       
q4_layer_ctrl:m_axi_kv_v-HBM[3]          RD = 144.000 KB             WR = 32.000 KB       
q4_layer_ctrl:m_axi_norm-HBM[4]          RD = 64.000 KB              WR = 0.000 KB        
q4_layer_ctrl:m_axi_rope-HBM[5]          RD = 256.000 KB             WR = 0.000 KB        

Data transfer on stream interfaces
q4_layer_ctrl:activation_stream0-->PIPE               4455.363 KB     
q4_layer_ctrl:activation_stream1-->PIPE               4455.363 KB     
PIPE-->q4_layer_ctrl:out_stream0               2693.250 KB     
q4_layer_ctrl:activation_stream2-->PIPE               4215.363 KB     
PIPE-->q4_layer_ctrl:out_stream1               2693.250 KB     
PIPE-->q4_layer_ctrl:out_stream2               2588.250 KB     
PIPE-->q4_layer_ctrl:out_stream3               2588.250 KB     
q4_layer_ctrl:task_stream0-->PIPE               8.344 KB        
q4_layer_ctrl:task_stream1-->PIPE               8.344 KB        
q4_layer_ctrl:task_stream2-->PIPE               7.875 KB        
q4_layer_ctrl:task_stream3-->PIPE               7.875 KB        
q4_layer_ctrl:vector_stream0a-->PIPE               892.125 KB      
q4_layer_ctrl:vector_stream0b-->PIPE               788.125 KB      
q4_layer_ctrl:vector_stream1a-->PIPE               892.125 KB      
q4_layer_ctrl:activation_stream3-->PIPE               4215.363 KB     
q4_layer_ctrl:vector_stream1b-->PIPE               788.125 KB      
q4_layer_ctrl:vector_stream2a-->PIPE               892.125 KB      

INFO::[ Vitis-EM 22 ] [Time elapsed: 424 minute(s) 31 seconds, Emulation time: 9.03035 ms]
Data transfer between kernel(s) and global memory(s)
q4_layer_ctrl:m_axi_scales-HBM[6]          RD = 0.844 KB               WR = 0.000 KB        
q4_layer_ctrl:m_axi_weight0a-HBM[8]          RD = 35777.000 KB           WR = 0.000 KB        
q4_layer_ctrl:m_axi_weight0b-HBM[9]          RD = 35777.000 KB           WR = 0.000 KB        
q4_layer_ctrl:m_axi_weight1a-HBM[10]          RD = 35777.000 KB           WR = 0.000 KB        
q4_layer_ctrl:m_axi_weight1b-HBM[11]          RD = 35777.000 KB           WR = 0.000 KB        
q4_layer_ctrl:m_axi_weight2a-HBM[12]          RD = 33857.000 KB           WR = 0.000 KB        
q4_layer_ctrl:m_axi_weight2b-HBM[13]          RD = 33857.000 KB           WR = 0.000 KB        
q4_layer_ctrl:m_axi_weight3a-HBM[14]          RD = 33857.000 KB           WR = 0.000 KB        
q4_layer_ctrl:m_axi_weight3b-HBM[15]          RD = 33857.000 KB           WR = 0.000 KB        
q4_layer_ctrl:m_axi_hidden_in-HBM[0]          RD = 256.000 KB             WR = 0.000 KB        
q4_layer_ctrl:m_axi_hidden_out-HBM[1]          RD = 0.000 KB               WR = 224.000 KB      
q4_layer_ctrl:m_axi_kv_k-HBM[2]          RD = 144.000 KB             WR = 32.000 KB       
q4_layer_ctrl:m_axi_kv_v-HBM[3]          RD = 144.000 KB             WR = 32.000 KB       
q4_layer_ctrl:m_axi_norm-HBM[4]          RD = 64.000 KB              WR = 0.000 KB        
q4_layer_ctrl:m_axi_rope-HBM[5]          RD = 256.000 KB             WR = 0.000 KB        

Data transfer on stream interfaces
q4_layer_ctrl:activation_stream0-->PIPE               4491.965 KB     
q4_layer_ctrl:activation_stream1-->PIPE               4491.965 KB     
PIPE-->q4_layer_ctrl:out_stream0               2710.750 KB     
q4_layer_ctrl:activation_stream2-->PIPE               4251.965 KB     
PIPE-->q4_layer_ctrl:out_stream1               2710.750 KB     
PIPE-->q4_layer_ctrl:out_stream2               2605.750 KB     
PIPE-->q4_layer_ctrl:out_stream3               2605.750 KB     
q4_layer_ctrl:task_stream0-->PIPE               8.422 KB        
q4_layer_ctrl:task_stream1-->PIPE               8.422 KB        
q4_layer_ctrl:task_stream2-->PIPE               7.953 KB        
q4_layer_ctrl:task_stream3-->PIPE               7.953 KB        
q4_layer_ctrl:vector_stream0a-->PIPE               892.125 KB      
q4_layer_ctrl:vector_stream0b-->PIPE               788.125 KB      
q4_layer_ctrl:vector_stream1a-->PIPE               892.125 KB      
q4_layer_ctrl:activation_stream3-->PIPE               4251.965 KB     
q4_layer_ctrl:vector_stream1b-->PIPE               788.125 KB      
q4_layer_ctrl:vector_stream2a-->PIPE               892.125 KB      

INFO::[ Vitis-EM 22 ] [Time elapsed: 424 minute(s) 42 seconds, Emulation time: 9.03236 ms]
Data transfer between kernel(s) and global memory(s)
q4_layer_ctrl:m_axi_scales-HBM[6]          RD = 0.844 KB               WR = 0.000 KB        
q4_layer_ctrl:m_axi_weight0a-HBM[8]          RD = 35796.000 KB           WR = 0.000 KB        
q4_layer_ctrl:m_axi_weight0b-HBM[9]          RD = 35796.000 KB           WR = 0.000 KB        
q4_layer_ctrl:m_axi_weight1a-HBM[10]          RD = 35796.000 KB           WR = 0.000 KB        
q4_layer_ctrl:m_axi_weight1b-HBM[11]          RD = 35796.000 KB           WR = 0.000 KB        
q4_layer_ctrl:m_axi_weight2a-HBM[12]          RD = 33876.000 KB           WR = 0.000 KB        
q4_layer_ctrl:m_axi_weight2b-HBM[13]          RD = 33876.000 KB           WR = 0.000 KB        
q4_layer_ctrl:m_axi_weight3a-HBM[14]          RD = 33876.000 KB           WR = 0.000 KB        
q4_layer_ctrl:m_axi_weight3b-HBM[15]          RD = 33876.000 KB           WR = 0.000 KB        
q4_layer_ctrl:m_axi_hidden_in-HBM[0]          RD = 256.000 KB             WR = 0.000 KB        
q4_layer_ctrl:m_axi_hidden_out-HBM[1]          RD = 0.000 KB               WR = 224.000 KB      
q4_layer_ctrl:m_axi_kv_k-HBM[2]          RD = 144.000 KB             WR = 32.000 KB       
q4_layer_ctrl:m_axi_kv_v-HBM[3]          RD = 144.000 KB             WR = 32.000 KB       
q4_layer_ctrl:m_axi_norm-HBM[4]          RD = 64.000 KB              WR = 0.000 KB        
q4_layer_ctrl:m_axi_rope-HBM[5]          RD = 256.000 KB             WR = 0.000 KB        

Data transfer on stream interfaces
q4_layer_ctrl:activation_stream0-->PIPE               4494.320 KB     
q4_layer_ctrl:activation_stream1-->PIPE               4494.320 KB     
PIPE-->q4_layer_ctrl:out_stream0               2710.750 KB     
q4_layer_ctrl:activation_stream2-->PIPE               4254.320 KB     
PIPE-->q4_layer_ctrl:out_stream1               2710.750 KB     
PIPE-->q4_layer_ctrl:out_stream2               2605.750 KB     
PIPE-->q4_layer_ctrl:out_stream3               2605.750 KB     
q4_layer_ctrl:task_stream0-->PIPE               8.422 KB        
q4_layer_ctrl:task_stream1-->PIPE               8.422 KB        
q4_layer_ctrl:task_stream2-->PIPE               7.953 KB        
q4_layer_ctrl:task_stream3-->PIPE               7.953 KB        
q4_layer_ctrl:vector_stream0a-->PIPE               892.125 KB      
q4_layer_ctrl:vector_stream0b-->PIPE               788.125 KB      
q4_layer_ctrl:vector_stream1a-->PIPE               892.125 KB      
q4_layer_ctrl:activation_stream3-->PIPE               4254.320 KB     
q4_layer_ctrl:vector_stream1b-->PIPE               788.125 KB      
q4_layer_ctrl:vector_stream2a-->PIPE               892.125 KB      

INFO::[ Vitis-EM 22 ] [Time elapsed: 468 minute(s) 24 seconds, Emulation time: 9.9456 ms]
Data transfer between kernel(s) and global memory(s)
q4_layer_ctrl:m_axi_scales-HBM[6]          RD = 0.953 KB               WR = 0.000 KB        
q4_layer_ctrl:m_axi_weight0a-HBM[8]          RD = 40478.500 KB           WR = 0.000 KB        
q4_layer_ctrl:m_axi_weight0b-HBM[9]          RD = 40478.500 KB           WR = 0.000 KB        
q4_layer_ctrl:m_axi_weight1a-HBM[10]          RD = 40478.500 KB           WR = 0.000 KB        
q4_layer_ctrl:m_axi_weight1b-HBM[11]          RD = 40478.500 KB           WR = 0.000 KB        
q4_layer_ctrl:m_axi_weight2a-HBM[12]          RD = 38302.500 KB           WR = 0.000 KB        
q4_layer_ctrl:m_axi_weight2b-HBM[13]          RD = 38302.500 KB           WR = 0.000 KB        
q4_layer_ctrl:m_axi_weight3a-HBM[14]          RD = 38302.500 KB           WR = 0.000 KB        
q4_layer_ctrl:m_axi_weight3b-HBM[15]          RD = 38302.500 KB           WR = 0.000 KB        
q4_layer_ctrl:m_axi_hidden_in-HBM[0]          RD = 264.000 KB             WR = 0.000 KB        
q4_layer_ctrl:m_axi_hidden_out-HBM[1]          RD = 0.000 KB               WR = 256.000 KB      
q4_layer_ctrl:m_axi_kv_k-HBM[2]          RD = 177.000 KB             WR = 33.000 KB       
q4_layer_ctrl:m_axi_kv_v-HBM[3]          RD = 177.000 KB             WR = 33.000 KB       
q4_layer_ctrl:m_axi_norm-HBM[4]          RD = 72.000 KB              WR = 0.000 KB        
q4_layer_ctrl:m_axi_rope-HBM[5]          RD = 264.000 KB             WR = 0.000 KB        

Data transfer on stream interfaces
q4_layer_ctrl:activation_stream0-->PIPE               5082.664 KB     
q4_layer_ctrl:activation_stream1-->PIPE               5082.664 KB     
PIPE-->q4_layer_ctrl:out_stream0               3045.000 KB     
q4_layer_ctrl:activation_stream2-->PIPE               4810.664 KB     
PIPE-->q4_layer_ctrl:out_stream1               3045.000 KB     
PIPE-->q4_layer_ctrl:out_stream2               2905.000 KB     
PIPE-->q4_layer_ctrl:out_stream3               2905.000 KB     
q4_layer_ctrl:task_stream0-->PIPE               9.500 KB        
q4_layer_ctrl:task_stream1-->PIPE               9.500 KB        
q4_layer_ctrl:task_stream2-->PIPE               8.922 KB        
q4_layer_ctrl:task_stream3-->PIPE               8.922 KB        
q4_layer_ctrl:vector_stream0a-->PIPE               994.500 KB      
q4_layer_ctrl:vector_stream0b-->PIPE               890.500 KB      
q4_layer_ctrl:vector_stream1a-->PIPE               994.500 KB      
q4_layer_ctrl:activation_stream3-->PIPE               4810.664 KB     
q4_layer_ctrl:vector_stream1b-->PIPE               890.500 KB      
q4_layer_ctrl:vector_stream2a-->PIPE               975.000 KB      

INFO::[ Vitis-EM 22 ] [Time elapsed: 486 minute(s) 7 seconds, Emulation time: 10.3428 ms]
Data transfer between kernel(s) and global memory(s)
q4_layer_ctrl:m_axi_scales-HBM[6]          RD = 0.984 KB               WR = 0.000 KB        
q4_layer_ctrl:m_axi_weight0a-HBM[8]          RD = 43488.000 KB           WR = 0.000 KB        
q4_layer_ctrl:m_axi_weight0b-HBM[9]          RD = 43488.000 KB           WR = 0.000 KB        
q4_layer_ctrl:m_axi_weight1a-HBM[10]          RD = 43488.000 KB           WR = 0.000 KB        
q4_layer_ctrl:m_axi_weight1b-HBM[11]          RD = 43488.000 KB           WR = 0.000 KB        
q4_layer_ctrl:m_axi_weight2a-HBM[12]          RD = 41184.000 KB           WR = 0.000 KB        
q4_layer_ctrl:m_axi_weight2b-HBM[13]          RD = 41184.000 KB           WR = 0.000 KB        
q4_layer_ctrl:m_axi_weight3a-HBM[14]          RD = 41184.000 KB           WR = 0.000 KB        
q4_layer_ctrl:m_axi_weight3b-HBM[15]          RD = 41184.000 KB           WR = 0.000 KB        
q4_layer_ctrl:m_axi_hidden_in-HBM[0]          RD = 264.000 KB             WR = 0.000 KB        
q4_layer_ctrl:m_axi_hidden_out-HBM[1]          RD = 0.000 KB               WR = 264.000 KB      
q4_layer_ctrl:m_axi_kv_k-HBM[2]          RD = 177.000 KB             WR = 33.000 KB       
q4_layer_ctrl:m_axi_kv_v-HBM[3]          RD = 177.000 KB             WR = 33.000 KB       
q4_layer_ctrl:m_axi_norm-HBM[4]          RD = 72.000 KB              WR = 0.000 KB        
q4_layer_ctrl:m_axi_rope-HBM[5]          RD = 264.000 KB             WR = 0.000 KB        

Data transfer on stream interfaces
q4_layer_ctrl:activation_stream0-->PIPE               5459.531 KB     
q4_layer_ctrl:activation_stream1-->PIPE               5459.531 KB     
PIPE-->q4_layer_ctrl:out_stream0               3194.625 KB     
q4_layer_ctrl:activation_stream2-->PIPE               5171.531 KB     
PIPE-->q4_layer_ctrl:out_stream1               3194.625 KB     
PIPE-->q4_layer_ctrl:out_stream2               3003.000 KB     
PIPE-->q4_layer_ctrl:out_stream3               3003.000 KB     
q4_layer_ctrl:task_stream0-->PIPE               9.984 KB        
q4_layer_ctrl:task_stream1-->PIPE               9.984 KB        
q4_layer_ctrl:task_stream2-->PIPE               9.344 KB        
q4_layer_ctrl:task_stream3-->PIPE               9.344 KB        
q4_layer_ctrl:vector_stream0a-->PIPE               1035.938 KB     
q4_layer_ctrl:vector_stream0b-->PIPE               931.938 KB      
q4_layer_ctrl:vector_stream1a-->PIPE               1035.938 KB     
q4_layer_ctrl:activation_stream3-->PIPE               5171.531 KB     
q4_layer_ctrl:vector_stream1b-->PIPE               931.938 KB      
q4_layer_ctrl:vector_stream2a-->PIPE               975.000 KB      

phase=prefill sequence_length=66 position=0 kv_context_length=0 block_size=8 blocks=9 tasks=639,639,598,598 opencl_event_us_not_device_time=2.91521e+10
INFO::[ Vitis-EM 22 ] [Time elapsed: 506 minute(s) 4 seconds, Emulation time: 10.8993 ms]
Data transfer between kernel(s) and global memory(s)
q4_layer_ctrl:m_axi_scales-HBM[6]          RD = 1.078 KB               WR = 0.000 KB        
q4_layer_ctrl:m_axi_weight0a-HBM[8]          RD = 46716.000 KB           WR = 0.000 KB        
q4_layer_ctrl:m_axi_weight0b-HBM[9]          RD = 46716.000 KB           WR = 0.000 KB        
q4_layer_ctrl:m_axi_weight1a-HBM[10]          RD = 46716.000 KB           WR = 0.000 KB        
q4_layer_ctrl:m_axi_weight1b-HBM[11]          RD = 46716.000 KB           WR = 0.000 KB        
q4_layer_ctrl:m_axi_weight2a-HBM[12]          RD = 44220.000 KB           WR = 0.000 KB        
q4_layer_ctrl:m_axi_weight2b-HBM[13]          RD = 44220.000 KB           WR = 0.000 KB        
q4_layer_ctrl:m_axi_weight3a-HBM[14]          RD = 44220.000 KB           WR = 0.000 KB        
q4_layer_ctrl:m_axi_weight3b-HBM[15]          RD = 44220.000 KB           WR = 0.000 KB        
q4_layer_ctrl:m_axi_hidden_in-HBM[0]          RD = 268.000 KB             WR = 0.000 KB        
q4_layer_ctrl:m_axi_hidden_out-HBM[1]          RD = 0.000 KB               WR = 264.000 KB      
q4_layer_ctrl:m_axi_kv_k-HBM[2]          RD = 210.500 KB             WR = 33.500 KB       
q4_layer_ctrl:m_axi_kv_v-HBM[3]          RD = 210.500 KB             WR = 33.500 KB       
q4_layer_ctrl:m_axi_norm-HBM[4]          RD = 80.000 KB              WR = 0.000 KB        
q4_layer_ctrl:m_axi_rope-HBM[5]          RD = 268.000 KB             WR = 0.000 KB        

Data transfer on stream interfaces
q4_layer_ctrl:activation_stream0-->PIPE               5863.129 KB     
q4_layer_ctrl:activation_stream1-->PIPE               5863.129 KB     
PIPE-->q4_layer_ctrl:out_stream0               3392.375 KB     
q4_layer_ctrl:activation_stream2-->PIPE               5550.367 KB     
PIPE-->q4_layer_ctrl:out_stream1               3378.375 KB     
PIPE-->q4_layer_ctrl:out_stream2               3169.250 KB     
PIPE-->q4_layer_ctrl:out_stream3               3169.250 KB     
q4_layer_ctrl:task_stream0-->PIPE               10.859 KB       
q4_layer_ctrl:task_stream1-->PIPE               10.828 KB       
q4_layer_ctrl:task_stream2-->PIPE               10.109 KB       
q4_layer_ctrl:task_stream3-->PIPE               10.109 KB       
q4_layer_ctrl:vector_stream0a-->PIPE               1050.562 KB     
q4_layer_ctrl:vector_stream0b-->PIPE               946.562 KB      
q4_layer_ctrl:vector_stream1a-->PIPE               1037.562 KB     
q4_layer_ctrl:activation_stream3-->PIPE               5550.367 KB     
q4_layer_ctrl:vector_stream1b-->PIPE               933.562 KB      
q4_layer_ctrl:vector_stream2a-->PIPE               976.625 KB      

INFO::[ Vitis-EM 22 ] [Time elapsed: 507 minute(s) 24 seconds, Emulation time: 10.9367 ms]
Data transfer between kernel(s) and global memory(s)
q4_layer_ctrl:m_axi_scales-HBM[6]          RD = 1.078 KB               WR = 0.000 KB        
q4_layer_ctrl:m_axi_weight0a-HBM[8]          RD = 46944.000 KB           WR = 0.000 KB        
q4_layer_ctrl:m_axi_weight0b-HBM[9]          RD = 46944.000 KB           WR = 0.000 KB        
q4_layer_ctrl:m_axi_weight1a-HBM[10]          RD = 46944.000 KB           WR = 0.000 KB        
q4_layer_ctrl:m_axi_weight1b-HBM[11]          RD = 46944.000 KB           WR = 0.000 KB        
q4_layer_ctrl:m_axi_weight2a-HBM[12]          RD = 44384.000 KB           WR = 0.000 KB        
q4_layer_ctrl:m_axi_weight2b-HBM[13]          RD = 44384.000 KB           WR = 0.000 KB        
q4_layer_ctrl:m_axi_weight3a-HBM[14]          RD = 44384.000 KB           WR = 0.000 KB        
q4_layer_ctrl:m_axi_weight3b-HBM[15]          RD = 44384.000 KB           WR = 0.000 KB        
q4_layer_ctrl:m_axi_hidden_in-HBM[0]          RD = 268.000 KB             WR = 0.000 KB        
q4_layer_ctrl:m_axi_hidden_out-HBM[1]          RD = 0.000 KB               WR = 264.000 KB      
q4_layer_ctrl:m_axi_kv_k-HBM[2]          RD = 210.500 KB             WR = 33.500 KB       
q4_layer_ctrl:m_axi_kv_v-HBM[3]          RD = 210.500 KB             WR = 33.500 KB       
q4_layer_ctrl:m_axi_norm-HBM[4]          RD = 80.000 KB              WR = 0.000 KB        
q4_layer_ctrl:m_axi_rope-HBM[5]          RD = 268.000 KB             WR = 0.000 KB        

Data transfer on stream interfaces
q4_layer_ctrl:activation_stream0-->PIPE               5892.293 KB     
q4_layer_ctrl:activation_stream1-->PIPE               5892.293 KB     
PIPE-->q4_layer_ctrl:out_stream0               3414.086 KB     
q4_layer_ctrl:activation_stream2-->PIPE               5571.531 KB     
PIPE-->q4_layer_ctrl:out_stream1               3400.031 KB     
PIPE-->q4_layer_ctrl:out_stream2               3187.406 KB     
PIPE-->q4_layer_ctrl:out_stream3               3187.406 KB     
q4_layer_ctrl:task_stream0-->PIPE               10.922 KB       
q4_layer_ctrl:task_stream1-->PIPE               10.891 KB       
q4_layer_ctrl:task_stream2-->PIPE               10.156 KB       
q4_layer_ctrl:task_stream3-->PIPE               10.156 KB       
q4_layer_ctrl:vector_stream0a-->PIPE               1059.297 KB     
q4_layer_ctrl:vector_stream0b-->PIPE               955.297 KB      
q4_layer_ctrl:vector_stream1a-->PIPE               1046.297 KB     
q4_layer_ctrl:activation_stream3-->PIPE               5571.531 KB     
q4_layer_ctrl:vector_stream1b-->PIPE               942.297 KB      
q4_layer_ctrl:vector_stream2a-->PIPE               985.359 KB      

INFO::[ Vitis-EM 22 ] [Time elapsed: 510 minute(s) 57 seconds, Emulation time: 11.0203 ms]
Data transfer between kernel(s) and global memory(s)
q4_layer_ctrl:m_axi_scales-HBM[6]          RD = 1.094 KB               WR = 0.000 KB        
q4_layer_ctrl:m_axi_weight0a-HBM[8]          RD = 47662.500 KB           WR = 0.000 KB        
q4_layer_ctrl:m_axi_weight0b-HBM[9]          RD = 47662.500 KB           WR = 0.000 KB        
q4_layer_ctrl:m_axi_weight1a-HBM[10]          RD = 47662.500 KB           WR = 0.000 KB        
q4_layer_ctrl:m_axi_weight1b-HBM[11]          RD = 47662.500 KB           WR = 0.000 KB        
q4_layer_ctrl:m_axi_weight2a-HBM[12]          RD = 45102.500 KB           WR = 0.000 KB        
q4_layer_ctrl:m_axi_weight2b-HBM[13]          RD = 45102.500 KB           WR = 0.000 KB        
q4_layer_ctrl:m_axi_weight3a-HBM[14]          RD = 45102.500 KB           WR = 0.000 KB        
q4_layer_ctrl:m_axi_weight3b-HBM[15]          RD = 45102.500 KB           WR = 0.000 KB        
q4_layer_ctrl:m_axi_hidden_in-HBM[0]          RD = 268.000 KB             WR = 0.000 KB        
q4_layer_ctrl:m_axi_hidden_out-HBM[1]          RD = 0.000 KB               WR = 264.000 KB      
q4_layer_ctrl:m_axi_kv_k-HBM[2]          RD = 210.500 KB             WR = 33.500 KB       
q4_layer_ctrl:m_axi_kv_v-HBM[3]          RD = 210.500 KB             WR = 33.500 KB       
q4_layer_ctrl:m_axi_norm-HBM[4]          RD = 80.000 KB              WR = 0.000 KB        
q4_layer_ctrl:m_axi_rope-HBM[5]          RD = 268.000 KB             WR = 0.000 KB        

Data transfer on stream interfaces
q4_layer_ctrl:activation_stream0-->PIPE               5981.660 KB     
q4_layer_ctrl:activation_stream1-->PIPE               5981.660 KB     
PIPE-->q4_layer_ctrl:out_stream0               3422.781 KB     
q4_layer_ctrl:activation_stream2-->PIPE               5660.898 KB     
PIPE-->q4_layer_ctrl:out_stream1               3408.781 KB     
PIPE-->q4_layer_ctrl:out_stream2               3196.156 KB     
PIPE-->q4_layer_ctrl:out_stream3               3196.156 KB     
q4_layer_ctrl:task_stream0-->PIPE               10.969 KB       
q4_layer_ctrl:task_stream1-->PIPE               10.938 KB       
q4_layer_ctrl:task_stream2-->PIPE               10.203 KB       
q4_layer_ctrl:task_stream3-->PIPE               10.203 KB       
q4_layer_ctrl:vector_stream0a-->PIPE               1059.297 KB     
q4_layer_ctrl:vector_stream0b-->PIPE               955.297 KB      
q4_layer_ctrl:vector_stream1a-->PIPE               1046.297 KB     
q4_layer_ctrl:activation_stream3-->PIPE               5660.898 KB     
q4_layer_ctrl:vector_stream1b-->PIPE               942.297 KB      
q4_layer_ctrl:vector_stream2a-->PIPE               985.359 KB      

INFO::[ Vitis-EM 22 ] [Time elapsed: 514 minute(s) 17 seconds, Emulation time: 11.1002 ms]
Data transfer between kernel(s) and global memory(s)
q4_layer_ctrl:m_axi_scales-HBM[6]          RD = 1.094 KB               WR = 0.000 KB        
q4_layer_ctrl:m_axi_weight0a-HBM[8]          RD = 48320.000 KB           WR = 0.000 KB        
q4_layer_ctrl:m_axi_weight0b-HBM[9]          RD = 48320.000 KB           WR = 0.000 KB        
q4_layer_ctrl:m_axi_weight1a-HBM[10]          RD = 48320.000 KB           WR = 0.000 KB        
q4_layer_ctrl:m_axi_weight1b-HBM[11]          RD = 48320.000 KB           WR = 0.000 KB        
q4_layer_ctrl:m_axi_weight2a-HBM[12]          RD = 45760.000 KB           WR = 0.000 KB        
q4_layer_ctrl:m_axi_weight2b-HBM[13]          RD = 45760.000 KB           WR = 0.000 KB        
q4_layer_ctrl:m_axi_weight3a-HBM[14]          RD = 45760.000 KB           WR = 0.000 KB        
q4_layer_ctrl:m_axi_weight3b-HBM[15]          RD = 45760.000 KB           WR = 0.000 KB        
q4_layer_ctrl:m_axi_hidden_in-HBM[0]          RD = 268.000 KB             WR = 0.000 KB        
q4_layer_ctrl:m_axi_hidden_out-HBM[1]          RD = 0.000 KB               WR = 268.000 KB      
q4_layer_ctrl:m_axi_kv_k-HBM[2]          RD = 210.500 KB             WR = 33.500 KB       
q4_layer_ctrl:m_axi_kv_v-HBM[3]          RD = 210.500 KB             WR = 33.500 KB       
q4_layer_ctrl:m_axi_norm-HBM[4]          RD = 80.000 KB              WR = 0.000 KB        
q4_layer_ctrl:m_axi_rope-HBM[5]          RD = 268.000 KB             WR = 0.000 KB        

Data transfer on stream interfaces
q4_layer_ctrl:activation_stream0-->PIPE               6064.293 KB     
q4_layer_ctrl:activation_stream1-->PIPE               6064.293 KB     
PIPE-->q4_layer_ctrl:out_stream0               3431.531 KB     
q4_layer_ctrl:activation_stream2-->PIPE               5743.531 KB     
PIPE-->q4_layer_ctrl:out_stream1               3417.531 KB     
PIPE-->q4_layer_ctrl:out_stream2               3204.906 KB     
PIPE-->q4_layer_ctrl:out_stream3               3204.906 KB     
q4_layer_ctrl:task_stream0-->PIPE               11.000 KB       
q4_layer_ctrl:task_stream1-->PIPE               10.969 KB       
q4_layer_ctrl:task_stream2-->PIPE               10.234 KB       
q4_layer_ctrl:task_stream3-->PIPE               10.234 KB       
q4_layer_ctrl:vector_stream0a-->PIPE               1060.922 KB     
q4_layer_ctrl:vector_stream0b-->PIPE               956.922 KB      
q4_layer_ctrl:vector_stream1a-->PIPE               1047.922 KB     
q4_layer_ctrl:activation_stream3-->PIPE               5743.531 KB     
q4_layer_ctrl:vector_stream1b-->PIPE               943.922 KB      
q4_layer_ctrl:vector_stream2a-->PIPE               986.984 KB      

phase=decode sequence_length=1 position=66 kv_context_length=66 block_size=8 blocks=1 tasks=65,63,57,57 opencl_event_us_not_device_time=1.69018e+09
numerical_dump=/home/wt/git/achieve/llm_fpga_active_studies/quantized_layer_integration_20260927_110109_m1ZkO1/w4/legacy/evaluation/w4/actual_outputs.tsv validation=post_inference_pending
Q4 FULL-LAYER HW EMU PASS prefill=66 decode=1 block_size=8 weight_mode=random controller_owned_kv=1 host_intermediate_compute=0 prefill_checksum=11753421808208372082 decode_checksum=5957608185316055431

 socket connect is not established/broken 
INFO: [HW-EMU 06-0] Waiting for the simulator process to exit
INFO: [HW-EMU 06-1] All the simulator processes exited successfully
INFO: [HW-EMU 07-0] Please refer the path "/home/wt/git/achieve/llm_fpga_active_studies/quantized_layer_integration_20260927_110109_m1ZkO1/w4/legacy/build/build.hw_emu.f200.xilinx_u50_gen3x16_xdma_5_202210_1/.run/2683632/hw_em/device0/binary_0/behav_waveform/xsim/simulate.log" for more detailed simulation infos, errors and warnings.
completed_at=2026-09-28T02:26:34+08:00
numerical_dump_sha256=7642e2f188910cecaecafe5540d19464803db22932351fc92741d0beb236738b
finished_at=2026-09-28T02:27:18+08:00
exit_status=0
