

================================================================
== Vitis HLS Report for 'control_cache_8x64_dual_core_nk'
================================================================
* Date:           Mon Aug 17 22:46:34 2026

* Version:        2022.2 (Build 3670227 on Oct 13 2022)
* Project:        qwen_hls_control_cache_8x64_nk_prj_qwen_layer.resident_layer.t8.d2.ii2.r0.wr33.cw1.block_prefill_q214_resident_fix
* Solution:       solution1 (Vitis Kernel Flow Target)
* Product family: virtexuplus
* Target device:  xcu50-fsvh2104-2-e


================================================================
== Performance Estimates
================================================================
+ Timing: 
    * Summary: 
    +--------+---------+----------+------------+
    |  Clock |  Target | Estimated| Uncertainty|
    +--------+---------+----------+------------+
    |ap_clk  |  3.33 ns|  3.746 ns|     0.90 ns|
    +--------+---------+----------+------------+

+ Latency: 
    * Summary: 
    +-----------+-----------+-----------+-----------+-----+-----------+----------+
    |    Latency (cycles)   |   Latency (absolute)  |     Interval    | Pipeline |
    |    min    |    max    |    min    |    max    | min |    max    |   Type   |
    +-----------+-----------+-----------+-----------+-----+-----------+----------+
    |  460752503|  924323042|  1.726 sec|  3.463 sec|  987|  924323027|  dataflow|
    +-----------+-----------+-----------+-----------+-----+-----------+----------+

    + Detail: 
        * Instance: 
        +---------------------------------+------------------------------+---------+-----------+----------+-----------+-----+-----------+---------+
        |                                 |                              |   Latency (cycles)  |  Latency (absolute)  |     Interval    | Pipeline|
        |             Instance            |            Module            |   min   |    max    |    min   |    max    | min |    max    |   Type  |
        +---------------------------------+------------------------------+---------+-----------+----------+-----------+-----+-----------+---------+
        |control_cache_8x64_dual_core_U0  |control_cache_8x64_dual_core  |        2|    7534039|  7.493 ns|  28.225 ms|    2|    7534039|       no|
        |pack_cc8_nk_core_inputs_U0       |pack_cc8_nk_core_inputs       |      986|  924323026|  3.286 us|  3.081 sec|  986|  924323026|       no|
        |pack_cc8_nk_core_inputs_2_U0     |pack_cc8_nk_core_inputs_2     |      986|  924323026|  3.286 us|  3.081 sec|  986|  924323026|       no|
        |pack_cc8_nk_status_U0            |pack_cc8_nk_status            |        1|          1|  3.333 ns|   3.333 ns|    1|          1|       no|
        |unpack_cc8_nk_core_results_U0    |unpack_cc8_nk_core_results    |      657|  462162169|  2.190 us|  1.540 sec|  657|  462162169|       no|
        |unpack_cc8_nk_core_results_3_U0  |unpack_cc8_nk_core_results_3  |      657|  462162169|  2.190 us|  1.540 sec|  657|  462162169|       no|
        +---------------------------------+------------------------------+---------+-----------+----------+-----------+-----+-----------+---------+

        * Loop: 
        N/A



================================================================
== Utilization Estimates
================================================================
* Summary: 
+---------------------+---------+------+---------+--------+-----+
|         Name        | BRAM_18K|  DSP |    FF   |   LUT  | URAM|
+---------------------+---------+------+---------+--------+-----+
|DSP                  |        -|     -|        -|       -|    -|
|Expression           |        -|     -|        0|       6|    -|
|FIFO                 |        0|     -|    21014|   11218|    -|
|Instance             |     1212|   123|   447464|  442263|    0|
|Memory               |        -|     -|        -|       -|    -|
|Multiplexer          |        -|     -|        -|       -|    -|
|Register             |        -|     -|        3|       -|    -|
+---------------------+---------+------+---------+--------+-----+
|Total                |     1212|   123|   468481|  453487|    0|
+---------------------+---------+------+---------+--------+-----+
|Available SLR        |     1344|  2976|   871680|  435840|  320|
+---------------------+---------+------+---------+--------+-----+
|Utilization SLR (%)  |       90|     4|       53|     104|    0|
+---------------------+---------+------+---------+--------+-----+
|Available            |     2688|  5952|  1743360|  871680|  640|
+---------------------+---------+------+---------+--------+-----+
|Utilization (%)      |       45|     2|       26|      52|    0|
+---------------------+---------+------+---------+--------+-----+

+ Detail: 
    * Instance: 
    +---------------------------------+------------------------------+---------+-----+--------+--------+-----+
    |             Instance            |            Module            | BRAM_18K| DSP |   FF   |   LUT  | URAM|
    +---------------------------------+------------------------------+---------+-----+--------+--------+-----+
    |control_cache_8x64_dual_core_U0  |control_cache_8x64_dual_core  |     1212|  111|  342169|  259252|    0|
    |control_s_axi_U                  |control_s_axi                 |        0|    0|    1906|    3432|    0|
    |data0_m_axi_U                    |data0_m_axi                   |        0|    0|    4567|    8001|    0|
    |data1_m_axi_U                    |data1_m_axi                   |        0|    0|    4567|    8001|    0|
    |data2_m_axi_U                    |data2_m_axi                   |        0|    0|    4567|    8001|    0|
    |data3_m_axi_U                    |data3_m_axi                   |        0|    0|    4567|    8001|    0|
    |kvk_m_axi_U                      |kvk_m_axi                     |        0|    0|    4567|    8001|    0|
    |kvv_m_axi_U                      |kvv_m_axi                     |        0|    0|    4567|    8001|    0|
    |pack_cc8_nk_core_inputs_U0       |pack_cc8_nk_core_inputs       |        0|    3|     695|    1235|    0|
    |pack_cc8_nk_core_inputs_2_U0     |pack_cc8_nk_core_inputs_2     |        0|    3|     695|    1235|    0|
    |pack_cc8_nk_status_U0            |pack_cc8_nk_status            |        0|    0|       3|      45|    0|
    |unpack_cc8_nk_core_results_U0    |unpack_cc8_nk_core_results    |        0|    3|     761|     521|    0|
    |unpack_cc8_nk_core_results_3_U0  |unpack_cc8_nk_core_results_3  |        0|    3|     761|     521|    0|
    |w0_m_axi_U                       |w0_m_axi                      |        0|    0|    4567|    8001|    0|
    |w10_m_axi_U                      |w10_m_axi                     |        0|    0|    4567|    8001|    0|
    |w11_m_axi_U                      |w11_m_axi                     |        0|    0|    4567|    8001|    0|
    |w12_m_axi_U                      |w12_m_axi                     |        0|    0|    4567|    8001|    0|
    |w13_m_axi_U                      |w13_m_axi                     |        0|    0|    4567|    8001|    0|
    |w14_m_axi_U                      |w14_m_axi                     |        0|    0|    4567|    8001|    0|
    |w15_m_axi_U                      |w15_m_axi                     |        0|    0|    4567|    8001|    0|
    |w1_m_axi_U                       |w1_m_axi                      |        0|    0|    4567|    8001|    0|
    |w2_m_axi_U                       |w2_m_axi                      |        0|    0|    4567|    8001|    0|
    |w3_m_axi_U                       |w3_m_axi                      |        0|    0|    4567|    8001|    0|
    |w4_m_axi_U                       |w4_m_axi                      |        0|    0|    4567|    8001|    0|
    |w5_m_axi_U                       |w5_m_axi                      |        0|    0|    4567|    8001|    0|
    |w6_m_axi_U                       |w6_m_axi                      |        0|    0|    4567|    8001|    0|
    |w7_m_axi_U                       |w7_m_axi                      |        0|    0|    4567|    8001|    0|
    |w8_m_axi_U                       |w8_m_axi                      |        0|    0|    4567|    8001|    0|
    |w9_m_axi_U                       |w9_m_axi                      |        0|    0|    4567|    8001|    0|
    +---------------------------------+------------------------------+---------+-----+--------+--------+-----+
    |Total                            |                              |     1212|  123|  447464|  442263|    0|
    +---------------------------------+------------------------------+---------+-----+--------+--------+-----+

    * DSP: 
    N/A

    * Memory: 
    N/A

    * FIFO: 
    +------------------------------------+---------+------+----+-----+------+-----+---------+
    |                Name                | BRAM_18K|  FF  | LUT| URAM| Depth| Bits| Size:D*B|
    +------------------------------------+---------+------+----+-----+------+-----+---------+
    |core0_result_task_stream_U          |        0|  1028|   0|    -|     2|  369|      738|
    |core1_result_task_stream_U          |        0|  1028|   0|    -|     2|  369|      738|
    |typed_core0_activation_stream_U     |        0|   401|   0|    -|    16|  128|     2048|
    |typed_core0_result_stream_U         |        0|  1552|   0|    -|    16|  370|     5920|
    |typed_core0_task_stream_U           |        0|  1028|   0|    -|     2|  369|      738|
    |typed_core0_vector_input0_stream_U  |        0|  1552|   0|    -|    16|  370|     5920|
    |typed_core0_vector_input1_stream_U  |        0|  1552|   0|    -|    16|  370|     5920|
    |typed_core0_weight_stream0_U        |        0|   784|   0|    -|    16|  256|     4096|
    |typed_core0_weight_stream1_U        |        0|   784|   0|    -|    16|  256|     4096|
    |typed_core0_weight_stream2_U        |        0|   784|   0|    -|    16|  256|     4096|
    |typed_core0_weight_stream3_U        |        0|   784|   0|    -|    16|  256|     4096|
    |typed_core1_activation_stream_U     |        0|   401|   0|    -|    16|  128|     2048|
    |typed_core1_result_stream_U         |        0|  1552|   0|    -|    16|  370|     5920|
    |typed_core1_task_stream_U           |        0|  1028|   0|    -|     2|  369|      738|
    |typed_core1_vector_input0_stream_U  |        0|  1552|   0|    -|    16|  370|     5920|
    |typed_core1_vector_input1_stream_U  |        0|  1552|   0|    -|    16|  370|     5920|
    |typed_core1_weight_stream0_U        |        0|   784|   0|    -|    16|  256|     4096|
    |typed_core1_weight_stream1_U        |        0|   784|   0|    -|    16|  256|     4096|
    |typed_core1_weight_stream2_U        |        0|   784|   0|    -|    16|  256|     4096|
    |typed_core1_weight_stream3_U        |        0|   784|   0|    -|    16|  256|     4096|
    |typed_status_stream_U               |        0|   516|   0|    -|     2|  225|      450|
    +------------------------------------+---------+------+----+-----+------+-----+---------+
    |Total                               |        0| 21014|   0|    0|   266| 6225|    75786|
    +------------------------------------+---------+------+----+-----+------+-----+---------+

    * Expression: 
    +----------------------------------------------+----------+----+---+----+------------+------------+
    |                 Variable Name                | Operation| DSP| FF| LUT| Bitwidth P0| Bitwidth P1|
    +----------------------------------------------+----------+----+---+----+------------+------------+
    |ap_idle                                       |       and|   0|  0|   2|           1|           1|
    |ap_sync_done                                  |       and|   0|  0|   2|           1|           1|
    |control_cache_8x64_dual_core_U0_start_full_n  |       and|   0|  0|   2|           1|           1|
    +----------------------------------------------+----------+----+---+----+------------+------------+
    |Total                                         |          |   0|  0|   6|           3|           3|
    +----------------------------------------------+----------+----+---+----+------------+------------+

    * Multiplexer: 
    N/A

    * Register: 
    +--------------+---+----+-----+-----------+
    |     Name     | FF| LUT| Bits| Const Bits|
    +--------------+---+----+-----+-----------+
    |ap_rst_n_inv  |  1|   0|    1|          0|
    |ap_rst_reg_1  |  1|   0|    1|          0|
    |ap_rst_reg_2  |  1|   0|    1|          0|
    +--------------+---+----+-----+-----------+
    |Total         |  3|   0|    3|          0|
    +--------------+---+----+-----+-----------+



================================================================
== Interface
================================================================
* Summary: 
+-----------------------------------+-----+-----+------------+---------------------------------+--------------+
|             RTL Ports             | Dir | Bits|  Protocol  |          Source Object          |    C Type    |
+-----------------------------------+-----+-----+------------+---------------------------------+--------------+
|s_axi_control_AWVALID              |   in|    1|       s_axi|                          control|        scalar|
|s_axi_control_AWREADY              |  out|    1|       s_axi|                          control|        scalar|
|s_axi_control_AWADDR               |   in|    9|       s_axi|                          control|        scalar|
|s_axi_control_WVALID               |   in|    1|       s_axi|                          control|        scalar|
|s_axi_control_WREADY               |  out|    1|       s_axi|                          control|        scalar|
|s_axi_control_WDATA                |   in|   32|       s_axi|                          control|        scalar|
|s_axi_control_WSTRB                |   in|    4|       s_axi|                          control|        scalar|
|s_axi_control_ARVALID              |   in|    1|       s_axi|                          control|        scalar|
|s_axi_control_ARREADY              |  out|    1|       s_axi|                          control|        scalar|
|s_axi_control_ARADDR               |   in|    9|       s_axi|                          control|        scalar|
|s_axi_control_RVALID               |  out|    1|       s_axi|                          control|        scalar|
|s_axi_control_RREADY               |   in|    1|       s_axi|                          control|        scalar|
|s_axi_control_RDATA                |  out|   32|       s_axi|                          control|        scalar|
|s_axi_control_RRESP                |  out|    2|       s_axi|                          control|        scalar|
|s_axi_control_BVALID               |  out|    1|       s_axi|                          control|        scalar|
|s_axi_control_BREADY               |   in|    1|       s_axi|                          control|        scalar|
|s_axi_control_BRESP                |  out|    2|       s_axi|                          control|        scalar|
|ap_clk                             |   in|    1|  ap_ctrl_hs|  control_cache_8x64_dual_core_nk|  return value|
|ap_rst_n                           |   in|    1|  ap_ctrl_hs|  control_cache_8x64_dual_core_nk|  return value|
|interrupt                          |  out|    1|  ap_ctrl_hs|  control_cache_8x64_dual_core_nk|  return value|
|m_axi_data0_AWVALID                |  out|    1|       m_axi|                            data0|       pointer|
|m_axi_data0_AWREADY                |   in|    1|       m_axi|                            data0|       pointer|
|m_axi_data0_AWADDR                 |  out|   64|       m_axi|                            data0|       pointer|
|m_axi_data0_AWID                   |  out|    1|       m_axi|                            data0|       pointer|
|m_axi_data0_AWLEN                  |  out|    8|       m_axi|                            data0|       pointer|
|m_axi_data0_AWSIZE                 |  out|    3|       m_axi|                            data0|       pointer|
|m_axi_data0_AWBURST                |  out|    2|       m_axi|                            data0|       pointer|
|m_axi_data0_AWLOCK                 |  out|    2|       m_axi|                            data0|       pointer|
|m_axi_data0_AWCACHE                |  out|    4|       m_axi|                            data0|       pointer|
|m_axi_data0_AWPROT                 |  out|    3|       m_axi|                            data0|       pointer|
|m_axi_data0_AWQOS                  |  out|    4|       m_axi|                            data0|       pointer|
|m_axi_data0_AWREGION               |  out|    4|       m_axi|                            data0|       pointer|
|m_axi_data0_AWUSER                 |  out|    1|       m_axi|                            data0|       pointer|
|m_axi_data0_WVALID                 |  out|    1|       m_axi|                            data0|       pointer|
|m_axi_data0_WREADY                 |   in|    1|       m_axi|                            data0|       pointer|
|m_axi_data0_WDATA                  |  out|  512|       m_axi|                            data0|       pointer|
|m_axi_data0_WSTRB                  |  out|   64|       m_axi|                            data0|       pointer|
|m_axi_data0_WLAST                  |  out|    1|       m_axi|                            data0|       pointer|
|m_axi_data0_WID                    |  out|    1|       m_axi|                            data0|       pointer|
|m_axi_data0_WUSER                  |  out|    1|       m_axi|                            data0|       pointer|
|m_axi_data0_ARVALID                |  out|    1|       m_axi|                            data0|       pointer|
|m_axi_data0_ARREADY                |   in|    1|       m_axi|                            data0|       pointer|
|m_axi_data0_ARADDR                 |  out|   64|       m_axi|                            data0|       pointer|
|m_axi_data0_ARID                   |  out|    1|       m_axi|                            data0|       pointer|
|m_axi_data0_ARLEN                  |  out|    8|       m_axi|                            data0|       pointer|
|m_axi_data0_ARSIZE                 |  out|    3|       m_axi|                            data0|       pointer|
|m_axi_data0_ARBURST                |  out|    2|       m_axi|                            data0|       pointer|
|m_axi_data0_ARLOCK                 |  out|    2|       m_axi|                            data0|       pointer|
|m_axi_data0_ARCACHE                |  out|    4|       m_axi|                            data0|       pointer|
|m_axi_data0_ARPROT                 |  out|    3|       m_axi|                            data0|       pointer|
|m_axi_data0_ARQOS                  |  out|    4|       m_axi|                            data0|       pointer|
|m_axi_data0_ARREGION               |  out|    4|       m_axi|                            data0|       pointer|
|m_axi_data0_ARUSER                 |  out|    1|       m_axi|                            data0|       pointer|
|m_axi_data0_RVALID                 |   in|    1|       m_axi|                            data0|       pointer|
|m_axi_data0_RREADY                 |  out|    1|       m_axi|                            data0|       pointer|
|m_axi_data0_RDATA                  |   in|  512|       m_axi|                            data0|       pointer|
|m_axi_data0_RLAST                  |   in|    1|       m_axi|                            data0|       pointer|
|m_axi_data0_RID                    |   in|    1|       m_axi|                            data0|       pointer|
|m_axi_data0_RUSER                  |   in|    1|       m_axi|                            data0|       pointer|
|m_axi_data0_RRESP                  |   in|    2|       m_axi|                            data0|       pointer|
|m_axi_data0_BVALID                 |   in|    1|       m_axi|                            data0|       pointer|
|m_axi_data0_BREADY                 |  out|    1|       m_axi|                            data0|       pointer|
|m_axi_data0_BRESP                  |   in|    2|       m_axi|                            data0|       pointer|
|m_axi_data0_BID                    |   in|    1|       m_axi|                            data0|       pointer|
|m_axi_data0_BUSER                  |   in|    1|       m_axi|                            data0|       pointer|
|m_axi_data1_AWVALID                |  out|    1|       m_axi|                            data1|       pointer|
|m_axi_data1_AWREADY                |   in|    1|       m_axi|                            data1|       pointer|
|m_axi_data1_AWADDR                 |  out|   64|       m_axi|                            data1|       pointer|
|m_axi_data1_AWID                   |  out|    1|       m_axi|                            data1|       pointer|
|m_axi_data1_AWLEN                  |  out|    8|       m_axi|                            data1|       pointer|
|m_axi_data1_AWSIZE                 |  out|    3|       m_axi|                            data1|       pointer|
|m_axi_data1_AWBURST                |  out|    2|       m_axi|                            data1|       pointer|
|m_axi_data1_AWLOCK                 |  out|    2|       m_axi|                            data1|       pointer|
|m_axi_data1_AWCACHE                |  out|    4|       m_axi|                            data1|       pointer|
|m_axi_data1_AWPROT                 |  out|    3|       m_axi|                            data1|       pointer|
|m_axi_data1_AWQOS                  |  out|    4|       m_axi|                            data1|       pointer|
|m_axi_data1_AWREGION               |  out|    4|       m_axi|                            data1|       pointer|
|m_axi_data1_AWUSER                 |  out|    1|       m_axi|                            data1|       pointer|
|m_axi_data1_WVALID                 |  out|    1|       m_axi|                            data1|       pointer|
|m_axi_data1_WREADY                 |   in|    1|       m_axi|                            data1|       pointer|
|m_axi_data1_WDATA                  |  out|  512|       m_axi|                            data1|       pointer|
|m_axi_data1_WSTRB                  |  out|   64|       m_axi|                            data1|       pointer|
|m_axi_data1_WLAST                  |  out|    1|       m_axi|                            data1|       pointer|
|m_axi_data1_WID                    |  out|    1|       m_axi|                            data1|       pointer|
|m_axi_data1_WUSER                  |  out|    1|       m_axi|                            data1|       pointer|
|m_axi_data1_ARVALID                |  out|    1|       m_axi|                            data1|       pointer|
|m_axi_data1_ARREADY                |   in|    1|       m_axi|                            data1|       pointer|
|m_axi_data1_ARADDR                 |  out|   64|       m_axi|                            data1|       pointer|
|m_axi_data1_ARID                   |  out|    1|       m_axi|                            data1|       pointer|
|m_axi_data1_ARLEN                  |  out|    8|       m_axi|                            data1|       pointer|
|m_axi_data1_ARSIZE                 |  out|    3|       m_axi|                            data1|       pointer|
|m_axi_data1_ARBURST                |  out|    2|       m_axi|                            data1|       pointer|
|m_axi_data1_ARLOCK                 |  out|    2|       m_axi|                            data1|       pointer|
|m_axi_data1_ARCACHE                |  out|    4|       m_axi|                            data1|       pointer|
|m_axi_data1_ARPROT                 |  out|    3|       m_axi|                            data1|       pointer|
|m_axi_data1_ARQOS                  |  out|    4|       m_axi|                            data1|       pointer|
|m_axi_data1_ARREGION               |  out|    4|       m_axi|                            data1|       pointer|
|m_axi_data1_ARUSER                 |  out|    1|       m_axi|                            data1|       pointer|
|m_axi_data1_RVALID                 |   in|    1|       m_axi|                            data1|       pointer|
|m_axi_data1_RREADY                 |  out|    1|       m_axi|                            data1|       pointer|
|m_axi_data1_RDATA                  |   in|  512|       m_axi|                            data1|       pointer|
|m_axi_data1_RLAST                  |   in|    1|       m_axi|                            data1|       pointer|
|m_axi_data1_RID                    |   in|    1|       m_axi|                            data1|       pointer|
|m_axi_data1_RUSER                  |   in|    1|       m_axi|                            data1|       pointer|
|m_axi_data1_RRESP                  |   in|    2|       m_axi|                            data1|       pointer|
|m_axi_data1_BVALID                 |   in|    1|       m_axi|                            data1|       pointer|
|m_axi_data1_BREADY                 |  out|    1|       m_axi|                            data1|       pointer|
|m_axi_data1_BRESP                  |   in|    2|       m_axi|                            data1|       pointer|
|m_axi_data1_BID                    |   in|    1|       m_axi|                            data1|       pointer|
|m_axi_data1_BUSER                  |   in|    1|       m_axi|                            data1|       pointer|
|m_axi_data2_AWVALID                |  out|    1|       m_axi|                            data2|       pointer|
|m_axi_data2_AWREADY                |   in|    1|       m_axi|                            data2|       pointer|
|m_axi_data2_AWADDR                 |  out|   64|       m_axi|                            data2|       pointer|
|m_axi_data2_AWID                   |  out|    1|       m_axi|                            data2|       pointer|
|m_axi_data2_AWLEN                  |  out|    8|       m_axi|                            data2|       pointer|
|m_axi_data2_AWSIZE                 |  out|    3|       m_axi|                            data2|       pointer|
|m_axi_data2_AWBURST                |  out|    2|       m_axi|                            data2|       pointer|
|m_axi_data2_AWLOCK                 |  out|    2|       m_axi|                            data2|       pointer|
|m_axi_data2_AWCACHE                |  out|    4|       m_axi|                            data2|       pointer|
|m_axi_data2_AWPROT                 |  out|    3|       m_axi|                            data2|       pointer|
|m_axi_data2_AWQOS                  |  out|    4|       m_axi|                            data2|       pointer|
|m_axi_data2_AWREGION               |  out|    4|       m_axi|                            data2|       pointer|
|m_axi_data2_AWUSER                 |  out|    1|       m_axi|                            data2|       pointer|
|m_axi_data2_WVALID                 |  out|    1|       m_axi|                            data2|       pointer|
|m_axi_data2_WREADY                 |   in|    1|       m_axi|                            data2|       pointer|
|m_axi_data2_WDATA                  |  out|  512|       m_axi|                            data2|       pointer|
|m_axi_data2_WSTRB                  |  out|   64|       m_axi|                            data2|       pointer|
|m_axi_data2_WLAST                  |  out|    1|       m_axi|                            data2|       pointer|
|m_axi_data2_WID                    |  out|    1|       m_axi|                            data2|       pointer|
|m_axi_data2_WUSER                  |  out|    1|       m_axi|                            data2|       pointer|
|m_axi_data2_ARVALID                |  out|    1|       m_axi|                            data2|       pointer|
|m_axi_data2_ARREADY                |   in|    1|       m_axi|                            data2|       pointer|
|m_axi_data2_ARADDR                 |  out|   64|       m_axi|                            data2|       pointer|
|m_axi_data2_ARID                   |  out|    1|       m_axi|                            data2|       pointer|
|m_axi_data2_ARLEN                  |  out|    8|       m_axi|                            data2|       pointer|
|m_axi_data2_ARSIZE                 |  out|    3|       m_axi|                            data2|       pointer|
|m_axi_data2_ARBURST                |  out|    2|       m_axi|                            data2|       pointer|
|m_axi_data2_ARLOCK                 |  out|    2|       m_axi|                            data2|       pointer|
|m_axi_data2_ARCACHE                |  out|    4|       m_axi|                            data2|       pointer|
|m_axi_data2_ARPROT                 |  out|    3|       m_axi|                            data2|       pointer|
|m_axi_data2_ARQOS                  |  out|    4|       m_axi|                            data2|       pointer|
|m_axi_data2_ARREGION               |  out|    4|       m_axi|                            data2|       pointer|
|m_axi_data2_ARUSER                 |  out|    1|       m_axi|                            data2|       pointer|
|m_axi_data2_RVALID                 |   in|    1|       m_axi|                            data2|       pointer|
|m_axi_data2_RREADY                 |  out|    1|       m_axi|                            data2|       pointer|
|m_axi_data2_RDATA                  |   in|  512|       m_axi|                            data2|       pointer|
|m_axi_data2_RLAST                  |   in|    1|       m_axi|                            data2|       pointer|
|m_axi_data2_RID                    |   in|    1|       m_axi|                            data2|       pointer|
|m_axi_data2_RUSER                  |   in|    1|       m_axi|                            data2|       pointer|
|m_axi_data2_RRESP                  |   in|    2|       m_axi|                            data2|       pointer|
|m_axi_data2_BVALID                 |   in|    1|       m_axi|                            data2|       pointer|
|m_axi_data2_BREADY                 |  out|    1|       m_axi|                            data2|       pointer|
|m_axi_data2_BRESP                  |   in|    2|       m_axi|                            data2|       pointer|
|m_axi_data2_BID                    |   in|    1|       m_axi|                            data2|       pointer|
|m_axi_data2_BUSER                  |   in|    1|       m_axi|                            data2|       pointer|
|m_axi_data3_AWVALID                |  out|    1|       m_axi|                            data3|       pointer|
|m_axi_data3_AWREADY                |   in|    1|       m_axi|                            data3|       pointer|
|m_axi_data3_AWADDR                 |  out|   64|       m_axi|                            data3|       pointer|
|m_axi_data3_AWID                   |  out|    1|       m_axi|                            data3|       pointer|
|m_axi_data3_AWLEN                  |  out|    8|       m_axi|                            data3|       pointer|
|m_axi_data3_AWSIZE                 |  out|    3|       m_axi|                            data3|       pointer|
|m_axi_data3_AWBURST                |  out|    2|       m_axi|                            data3|       pointer|
|m_axi_data3_AWLOCK                 |  out|    2|       m_axi|                            data3|       pointer|
|m_axi_data3_AWCACHE                |  out|    4|       m_axi|                            data3|       pointer|
|m_axi_data3_AWPROT                 |  out|    3|       m_axi|                            data3|       pointer|
|m_axi_data3_AWQOS                  |  out|    4|       m_axi|                            data3|       pointer|
|m_axi_data3_AWREGION               |  out|    4|       m_axi|                            data3|       pointer|
|m_axi_data3_AWUSER                 |  out|    1|       m_axi|                            data3|       pointer|
|m_axi_data3_WVALID                 |  out|    1|       m_axi|                            data3|       pointer|
|m_axi_data3_WREADY                 |   in|    1|       m_axi|                            data3|       pointer|
|m_axi_data3_WDATA                  |  out|  512|       m_axi|                            data3|       pointer|
|m_axi_data3_WSTRB                  |  out|   64|       m_axi|                            data3|       pointer|
|m_axi_data3_WLAST                  |  out|    1|       m_axi|                            data3|       pointer|
|m_axi_data3_WID                    |  out|    1|       m_axi|                            data3|       pointer|
|m_axi_data3_WUSER                  |  out|    1|       m_axi|                            data3|       pointer|
|m_axi_data3_ARVALID                |  out|    1|       m_axi|                            data3|       pointer|
|m_axi_data3_ARREADY                |   in|    1|       m_axi|                            data3|       pointer|
|m_axi_data3_ARADDR                 |  out|   64|       m_axi|                            data3|       pointer|
|m_axi_data3_ARID                   |  out|    1|       m_axi|                            data3|       pointer|
|m_axi_data3_ARLEN                  |  out|    8|       m_axi|                            data3|       pointer|
|m_axi_data3_ARSIZE                 |  out|    3|       m_axi|                            data3|       pointer|
|m_axi_data3_ARBURST                |  out|    2|       m_axi|                            data3|       pointer|
|m_axi_data3_ARLOCK                 |  out|    2|       m_axi|                            data3|       pointer|
|m_axi_data3_ARCACHE                |  out|    4|       m_axi|                            data3|       pointer|
|m_axi_data3_ARPROT                 |  out|    3|       m_axi|                            data3|       pointer|
|m_axi_data3_ARQOS                  |  out|    4|       m_axi|                            data3|       pointer|
|m_axi_data3_ARREGION               |  out|    4|       m_axi|                            data3|       pointer|
|m_axi_data3_ARUSER                 |  out|    1|       m_axi|                            data3|       pointer|
|m_axi_data3_RVALID                 |   in|    1|       m_axi|                            data3|       pointer|
|m_axi_data3_RREADY                 |  out|    1|       m_axi|                            data3|       pointer|
|m_axi_data3_RDATA                  |   in|  512|       m_axi|                            data3|       pointer|
|m_axi_data3_RLAST                  |   in|    1|       m_axi|                            data3|       pointer|
|m_axi_data3_RID                    |   in|    1|       m_axi|                            data3|       pointer|
|m_axi_data3_RUSER                  |   in|    1|       m_axi|                            data3|       pointer|
|m_axi_data3_RRESP                  |   in|    2|       m_axi|                            data3|       pointer|
|m_axi_data3_BVALID                 |   in|    1|       m_axi|                            data3|       pointer|
|m_axi_data3_BREADY                 |  out|    1|       m_axi|                            data3|       pointer|
|m_axi_data3_BRESP                  |   in|    2|       m_axi|                            data3|       pointer|
|m_axi_data3_BID                    |   in|    1|       m_axi|                            data3|       pointer|
|m_axi_data3_BUSER                  |   in|    1|       m_axi|                            data3|       pointer|
|m_axi_kvk_AWVALID                  |  out|    1|       m_axi|                              kvk|       pointer|
|m_axi_kvk_AWREADY                  |   in|    1|       m_axi|                              kvk|       pointer|
|m_axi_kvk_AWADDR                   |  out|   64|       m_axi|                              kvk|       pointer|
|m_axi_kvk_AWID                     |  out|    1|       m_axi|                              kvk|       pointer|
|m_axi_kvk_AWLEN                    |  out|    8|       m_axi|                              kvk|       pointer|
|m_axi_kvk_AWSIZE                   |  out|    3|       m_axi|                              kvk|       pointer|
|m_axi_kvk_AWBURST                  |  out|    2|       m_axi|                              kvk|       pointer|
|m_axi_kvk_AWLOCK                   |  out|    2|       m_axi|                              kvk|       pointer|
|m_axi_kvk_AWCACHE                  |  out|    4|       m_axi|                              kvk|       pointer|
|m_axi_kvk_AWPROT                   |  out|    3|       m_axi|                              kvk|       pointer|
|m_axi_kvk_AWQOS                    |  out|    4|       m_axi|                              kvk|       pointer|
|m_axi_kvk_AWREGION                 |  out|    4|       m_axi|                              kvk|       pointer|
|m_axi_kvk_AWUSER                   |  out|    1|       m_axi|                              kvk|       pointer|
|m_axi_kvk_WVALID                   |  out|    1|       m_axi|                              kvk|       pointer|
|m_axi_kvk_WREADY                   |   in|    1|       m_axi|                              kvk|       pointer|
|m_axi_kvk_WDATA                    |  out|  512|       m_axi|                              kvk|       pointer|
|m_axi_kvk_WSTRB                    |  out|   64|       m_axi|                              kvk|       pointer|
|m_axi_kvk_WLAST                    |  out|    1|       m_axi|                              kvk|       pointer|
|m_axi_kvk_WID                      |  out|    1|       m_axi|                              kvk|       pointer|
|m_axi_kvk_WUSER                    |  out|    1|       m_axi|                              kvk|       pointer|
|m_axi_kvk_ARVALID                  |  out|    1|       m_axi|                              kvk|       pointer|
|m_axi_kvk_ARREADY                  |   in|    1|       m_axi|                              kvk|       pointer|
|m_axi_kvk_ARADDR                   |  out|   64|       m_axi|                              kvk|       pointer|
|m_axi_kvk_ARID                     |  out|    1|       m_axi|                              kvk|       pointer|
|m_axi_kvk_ARLEN                    |  out|    8|       m_axi|                              kvk|       pointer|
|m_axi_kvk_ARSIZE                   |  out|    3|       m_axi|                              kvk|       pointer|
|m_axi_kvk_ARBURST                  |  out|    2|       m_axi|                              kvk|       pointer|
|m_axi_kvk_ARLOCK                   |  out|    2|       m_axi|                              kvk|       pointer|
|m_axi_kvk_ARCACHE                  |  out|    4|       m_axi|                              kvk|       pointer|
|m_axi_kvk_ARPROT                   |  out|    3|       m_axi|                              kvk|       pointer|
|m_axi_kvk_ARQOS                    |  out|    4|       m_axi|                              kvk|       pointer|
|m_axi_kvk_ARREGION                 |  out|    4|       m_axi|                              kvk|       pointer|
|m_axi_kvk_ARUSER                   |  out|    1|       m_axi|                              kvk|       pointer|
|m_axi_kvk_RVALID                   |   in|    1|       m_axi|                              kvk|       pointer|
|m_axi_kvk_RREADY                   |  out|    1|       m_axi|                              kvk|       pointer|
|m_axi_kvk_RDATA                    |   in|  512|       m_axi|                              kvk|       pointer|
|m_axi_kvk_RLAST                    |   in|    1|       m_axi|                              kvk|       pointer|
|m_axi_kvk_RID                      |   in|    1|       m_axi|                              kvk|       pointer|
|m_axi_kvk_RUSER                    |   in|    1|       m_axi|                              kvk|       pointer|
|m_axi_kvk_RRESP                    |   in|    2|       m_axi|                              kvk|       pointer|
|m_axi_kvk_BVALID                   |   in|    1|       m_axi|                              kvk|       pointer|
|m_axi_kvk_BREADY                   |  out|    1|       m_axi|                              kvk|       pointer|
|m_axi_kvk_BRESP                    |   in|    2|       m_axi|                              kvk|       pointer|
|m_axi_kvk_BID                      |   in|    1|       m_axi|                              kvk|       pointer|
|m_axi_kvk_BUSER                    |   in|    1|       m_axi|                              kvk|       pointer|
|m_axi_kvv_AWVALID                  |  out|    1|       m_axi|                              kvv|       pointer|
|m_axi_kvv_AWREADY                  |   in|    1|       m_axi|                              kvv|       pointer|
|m_axi_kvv_AWADDR                   |  out|   64|       m_axi|                              kvv|       pointer|
|m_axi_kvv_AWID                     |  out|    1|       m_axi|                              kvv|       pointer|
|m_axi_kvv_AWLEN                    |  out|    8|       m_axi|                              kvv|       pointer|
|m_axi_kvv_AWSIZE                   |  out|    3|       m_axi|                              kvv|       pointer|
|m_axi_kvv_AWBURST                  |  out|    2|       m_axi|                              kvv|       pointer|
|m_axi_kvv_AWLOCK                   |  out|    2|       m_axi|                              kvv|       pointer|
|m_axi_kvv_AWCACHE                  |  out|    4|       m_axi|                              kvv|       pointer|
|m_axi_kvv_AWPROT                   |  out|    3|       m_axi|                              kvv|       pointer|
|m_axi_kvv_AWQOS                    |  out|    4|       m_axi|                              kvv|       pointer|
|m_axi_kvv_AWREGION                 |  out|    4|       m_axi|                              kvv|       pointer|
|m_axi_kvv_AWUSER                   |  out|    1|       m_axi|                              kvv|       pointer|
|m_axi_kvv_WVALID                   |  out|    1|       m_axi|                              kvv|       pointer|
|m_axi_kvv_WREADY                   |   in|    1|       m_axi|                              kvv|       pointer|
|m_axi_kvv_WDATA                    |  out|  512|       m_axi|                              kvv|       pointer|
|m_axi_kvv_WSTRB                    |  out|   64|       m_axi|                              kvv|       pointer|
|m_axi_kvv_WLAST                    |  out|    1|       m_axi|                              kvv|       pointer|
|m_axi_kvv_WID                      |  out|    1|       m_axi|                              kvv|       pointer|
|m_axi_kvv_WUSER                    |  out|    1|       m_axi|                              kvv|       pointer|
|m_axi_kvv_ARVALID                  |  out|    1|       m_axi|                              kvv|       pointer|
|m_axi_kvv_ARREADY                  |   in|    1|       m_axi|                              kvv|       pointer|
|m_axi_kvv_ARADDR                   |  out|   64|       m_axi|                              kvv|       pointer|
|m_axi_kvv_ARID                     |  out|    1|       m_axi|                              kvv|       pointer|
|m_axi_kvv_ARLEN                    |  out|    8|       m_axi|                              kvv|       pointer|
|m_axi_kvv_ARSIZE                   |  out|    3|       m_axi|                              kvv|       pointer|
|m_axi_kvv_ARBURST                  |  out|    2|       m_axi|                              kvv|       pointer|
|m_axi_kvv_ARLOCK                   |  out|    2|       m_axi|                              kvv|       pointer|
|m_axi_kvv_ARCACHE                  |  out|    4|       m_axi|                              kvv|       pointer|
|m_axi_kvv_ARPROT                   |  out|    3|       m_axi|                              kvv|       pointer|
|m_axi_kvv_ARQOS                    |  out|    4|       m_axi|                              kvv|       pointer|
|m_axi_kvv_ARREGION                 |  out|    4|       m_axi|                              kvv|       pointer|
|m_axi_kvv_ARUSER                   |  out|    1|       m_axi|                              kvv|       pointer|
|m_axi_kvv_RVALID                   |   in|    1|       m_axi|                              kvv|       pointer|
|m_axi_kvv_RREADY                   |  out|    1|       m_axi|                              kvv|       pointer|
|m_axi_kvv_RDATA                    |   in|  512|       m_axi|                              kvv|       pointer|
|m_axi_kvv_RLAST                    |   in|    1|       m_axi|                              kvv|       pointer|
|m_axi_kvv_RID                      |   in|    1|       m_axi|                              kvv|       pointer|
|m_axi_kvv_RUSER                    |   in|    1|       m_axi|                              kvv|       pointer|
|m_axi_kvv_RRESP                    |   in|    2|       m_axi|                              kvv|       pointer|
|m_axi_kvv_BVALID                   |   in|    1|       m_axi|                              kvv|       pointer|
|m_axi_kvv_BREADY                   |  out|    1|       m_axi|                              kvv|       pointer|
|m_axi_kvv_BRESP                    |   in|    2|       m_axi|                              kvv|       pointer|
|m_axi_kvv_BID                      |   in|    1|       m_axi|                              kvv|       pointer|
|m_axi_kvv_BUSER                    |   in|    1|       m_axi|                              kvv|       pointer|
|m_axi_w0_AWVALID                   |  out|    1|       m_axi|                               w0|       pointer|
|m_axi_w0_AWREADY                   |   in|    1|       m_axi|                               w0|       pointer|
|m_axi_w0_AWADDR                    |  out|   64|       m_axi|                               w0|       pointer|
|m_axi_w0_AWID                      |  out|    1|       m_axi|                               w0|       pointer|
|m_axi_w0_AWLEN                     |  out|    8|       m_axi|                               w0|       pointer|
|m_axi_w0_AWSIZE                    |  out|    3|       m_axi|                               w0|       pointer|
|m_axi_w0_AWBURST                   |  out|    2|       m_axi|                               w0|       pointer|
|m_axi_w0_AWLOCK                    |  out|    2|       m_axi|                               w0|       pointer|
|m_axi_w0_AWCACHE                   |  out|    4|       m_axi|                               w0|       pointer|
|m_axi_w0_AWPROT                    |  out|    3|       m_axi|                               w0|       pointer|
|m_axi_w0_AWQOS                     |  out|    4|       m_axi|                               w0|       pointer|
|m_axi_w0_AWREGION                  |  out|    4|       m_axi|                               w0|       pointer|
|m_axi_w0_AWUSER                    |  out|    1|       m_axi|                               w0|       pointer|
|m_axi_w0_WVALID                    |  out|    1|       m_axi|                               w0|       pointer|
|m_axi_w0_WREADY                    |   in|    1|       m_axi|                               w0|       pointer|
|m_axi_w0_WDATA                     |  out|  512|       m_axi|                               w0|       pointer|
|m_axi_w0_WSTRB                     |  out|   64|       m_axi|                               w0|       pointer|
|m_axi_w0_WLAST                     |  out|    1|       m_axi|                               w0|       pointer|
|m_axi_w0_WID                       |  out|    1|       m_axi|                               w0|       pointer|
|m_axi_w0_WUSER                     |  out|    1|       m_axi|                               w0|       pointer|
|m_axi_w0_ARVALID                   |  out|    1|       m_axi|                               w0|       pointer|
|m_axi_w0_ARREADY                   |   in|    1|       m_axi|                               w0|       pointer|
|m_axi_w0_ARADDR                    |  out|   64|       m_axi|                               w0|       pointer|
|m_axi_w0_ARID                      |  out|    1|       m_axi|                               w0|       pointer|
|m_axi_w0_ARLEN                     |  out|    8|       m_axi|                               w0|       pointer|
|m_axi_w0_ARSIZE                    |  out|    3|       m_axi|                               w0|       pointer|
|m_axi_w0_ARBURST                   |  out|    2|       m_axi|                               w0|       pointer|
|m_axi_w0_ARLOCK                    |  out|    2|       m_axi|                               w0|       pointer|
|m_axi_w0_ARCACHE                   |  out|    4|       m_axi|                               w0|       pointer|
|m_axi_w0_ARPROT                    |  out|    3|       m_axi|                               w0|       pointer|
|m_axi_w0_ARQOS                     |  out|    4|       m_axi|                               w0|       pointer|
|m_axi_w0_ARREGION                  |  out|    4|       m_axi|                               w0|       pointer|
|m_axi_w0_ARUSER                    |  out|    1|       m_axi|                               w0|       pointer|
|m_axi_w0_RVALID                    |   in|    1|       m_axi|                               w0|       pointer|
|m_axi_w0_RREADY                    |  out|    1|       m_axi|                               w0|       pointer|
|m_axi_w0_RDATA                     |   in|  512|       m_axi|                               w0|       pointer|
|m_axi_w0_RLAST                     |   in|    1|       m_axi|                               w0|       pointer|
|m_axi_w0_RID                       |   in|    1|       m_axi|                               w0|       pointer|
|m_axi_w0_RUSER                     |   in|    1|       m_axi|                               w0|       pointer|
|m_axi_w0_RRESP                     |   in|    2|       m_axi|                               w0|       pointer|
|m_axi_w0_BVALID                    |   in|    1|       m_axi|                               w0|       pointer|
|m_axi_w0_BREADY                    |  out|    1|       m_axi|                               w0|       pointer|
|m_axi_w0_BRESP                     |   in|    2|       m_axi|                               w0|       pointer|
|m_axi_w0_BID                       |   in|    1|       m_axi|                               w0|       pointer|
|m_axi_w0_BUSER                     |   in|    1|       m_axi|                               w0|       pointer|
|m_axi_w1_AWVALID                   |  out|    1|       m_axi|                               w1|       pointer|
|m_axi_w1_AWREADY                   |   in|    1|       m_axi|                               w1|       pointer|
|m_axi_w1_AWADDR                    |  out|   64|       m_axi|                               w1|       pointer|
|m_axi_w1_AWID                      |  out|    1|       m_axi|                               w1|       pointer|
|m_axi_w1_AWLEN                     |  out|    8|       m_axi|                               w1|       pointer|
|m_axi_w1_AWSIZE                    |  out|    3|       m_axi|                               w1|       pointer|
|m_axi_w1_AWBURST                   |  out|    2|       m_axi|                               w1|       pointer|
|m_axi_w1_AWLOCK                    |  out|    2|       m_axi|                               w1|       pointer|
|m_axi_w1_AWCACHE                   |  out|    4|       m_axi|                               w1|       pointer|
|m_axi_w1_AWPROT                    |  out|    3|       m_axi|                               w1|       pointer|
|m_axi_w1_AWQOS                     |  out|    4|       m_axi|                               w1|       pointer|
|m_axi_w1_AWREGION                  |  out|    4|       m_axi|                               w1|       pointer|
|m_axi_w1_AWUSER                    |  out|    1|       m_axi|                               w1|       pointer|
|m_axi_w1_WVALID                    |  out|    1|       m_axi|                               w1|       pointer|
|m_axi_w1_WREADY                    |   in|    1|       m_axi|                               w1|       pointer|
|m_axi_w1_WDATA                     |  out|  512|       m_axi|                               w1|       pointer|
|m_axi_w1_WSTRB                     |  out|   64|       m_axi|                               w1|       pointer|
|m_axi_w1_WLAST                     |  out|    1|       m_axi|                               w1|       pointer|
|m_axi_w1_WID                       |  out|    1|       m_axi|                               w1|       pointer|
|m_axi_w1_WUSER                     |  out|    1|       m_axi|                               w1|       pointer|
|m_axi_w1_ARVALID                   |  out|    1|       m_axi|                               w1|       pointer|
|m_axi_w1_ARREADY                   |   in|    1|       m_axi|                               w1|       pointer|
|m_axi_w1_ARADDR                    |  out|   64|       m_axi|                               w1|       pointer|
|m_axi_w1_ARID                      |  out|    1|       m_axi|                               w1|       pointer|
|m_axi_w1_ARLEN                     |  out|    8|       m_axi|                               w1|       pointer|
|m_axi_w1_ARSIZE                    |  out|    3|       m_axi|                               w1|       pointer|
|m_axi_w1_ARBURST                   |  out|    2|       m_axi|                               w1|       pointer|
|m_axi_w1_ARLOCK                    |  out|    2|       m_axi|                               w1|       pointer|
|m_axi_w1_ARCACHE                   |  out|    4|       m_axi|                               w1|       pointer|
|m_axi_w1_ARPROT                    |  out|    3|       m_axi|                               w1|       pointer|
|m_axi_w1_ARQOS                     |  out|    4|       m_axi|                               w1|       pointer|
|m_axi_w1_ARREGION                  |  out|    4|       m_axi|                               w1|       pointer|
|m_axi_w1_ARUSER                    |  out|    1|       m_axi|                               w1|       pointer|
|m_axi_w1_RVALID                    |   in|    1|       m_axi|                               w1|       pointer|
|m_axi_w1_RREADY                    |  out|    1|       m_axi|                               w1|       pointer|
|m_axi_w1_RDATA                     |   in|  512|       m_axi|                               w1|       pointer|
|m_axi_w1_RLAST                     |   in|    1|       m_axi|                               w1|       pointer|
|m_axi_w1_RID                       |   in|    1|       m_axi|                               w1|       pointer|
|m_axi_w1_RUSER                     |   in|    1|       m_axi|                               w1|       pointer|
|m_axi_w1_RRESP                     |   in|    2|       m_axi|                               w1|       pointer|
|m_axi_w1_BVALID                    |   in|    1|       m_axi|                               w1|       pointer|
|m_axi_w1_BREADY                    |  out|    1|       m_axi|                               w1|       pointer|
|m_axi_w1_BRESP                     |   in|    2|       m_axi|                               w1|       pointer|
|m_axi_w1_BID                       |   in|    1|       m_axi|                               w1|       pointer|
|m_axi_w1_BUSER                     |   in|    1|       m_axi|                               w1|       pointer|
|m_axi_w10_AWVALID                  |  out|    1|       m_axi|                              w10|       pointer|
|m_axi_w10_AWREADY                  |   in|    1|       m_axi|                              w10|       pointer|
|m_axi_w10_AWADDR                   |  out|   64|       m_axi|                              w10|       pointer|
|m_axi_w10_AWID                     |  out|    1|       m_axi|                              w10|       pointer|
|m_axi_w10_AWLEN                    |  out|    8|       m_axi|                              w10|       pointer|
|m_axi_w10_AWSIZE                   |  out|    3|       m_axi|                              w10|       pointer|
|m_axi_w10_AWBURST                  |  out|    2|       m_axi|                              w10|       pointer|
|m_axi_w10_AWLOCK                   |  out|    2|       m_axi|                              w10|       pointer|
|m_axi_w10_AWCACHE                  |  out|    4|       m_axi|                              w10|       pointer|
|m_axi_w10_AWPROT                   |  out|    3|       m_axi|                              w10|       pointer|
|m_axi_w10_AWQOS                    |  out|    4|       m_axi|                              w10|       pointer|
|m_axi_w10_AWREGION                 |  out|    4|       m_axi|                              w10|       pointer|
|m_axi_w10_AWUSER                   |  out|    1|       m_axi|                              w10|       pointer|
|m_axi_w10_WVALID                   |  out|    1|       m_axi|                              w10|       pointer|
|m_axi_w10_WREADY                   |   in|    1|       m_axi|                              w10|       pointer|
|m_axi_w10_WDATA                    |  out|  512|       m_axi|                              w10|       pointer|
|m_axi_w10_WSTRB                    |  out|   64|       m_axi|                              w10|       pointer|
|m_axi_w10_WLAST                    |  out|    1|       m_axi|                              w10|       pointer|
|m_axi_w10_WID                      |  out|    1|       m_axi|                              w10|       pointer|
|m_axi_w10_WUSER                    |  out|    1|       m_axi|                              w10|       pointer|
|m_axi_w10_ARVALID                  |  out|    1|       m_axi|                              w10|       pointer|
|m_axi_w10_ARREADY                  |   in|    1|       m_axi|                              w10|       pointer|
|m_axi_w10_ARADDR                   |  out|   64|       m_axi|                              w10|       pointer|
|m_axi_w10_ARID                     |  out|    1|       m_axi|                              w10|       pointer|
|m_axi_w10_ARLEN                    |  out|    8|       m_axi|                              w10|       pointer|
|m_axi_w10_ARSIZE                   |  out|    3|       m_axi|                              w10|       pointer|
|m_axi_w10_ARBURST                  |  out|    2|       m_axi|                              w10|       pointer|
|m_axi_w10_ARLOCK                   |  out|    2|       m_axi|                              w10|       pointer|
|m_axi_w10_ARCACHE                  |  out|    4|       m_axi|                              w10|       pointer|
|m_axi_w10_ARPROT                   |  out|    3|       m_axi|                              w10|       pointer|
|m_axi_w10_ARQOS                    |  out|    4|       m_axi|                              w10|       pointer|
|m_axi_w10_ARREGION                 |  out|    4|       m_axi|                              w10|       pointer|
|m_axi_w10_ARUSER                   |  out|    1|       m_axi|                              w10|       pointer|
|m_axi_w10_RVALID                   |   in|    1|       m_axi|                              w10|       pointer|
|m_axi_w10_RREADY                   |  out|    1|       m_axi|                              w10|       pointer|
|m_axi_w10_RDATA                    |   in|  512|       m_axi|                              w10|       pointer|
|m_axi_w10_RLAST                    |   in|    1|       m_axi|                              w10|       pointer|
|m_axi_w10_RID                      |   in|    1|       m_axi|                              w10|       pointer|
|m_axi_w10_RUSER                    |   in|    1|       m_axi|                              w10|       pointer|
|m_axi_w10_RRESP                    |   in|    2|       m_axi|                              w10|       pointer|
|m_axi_w10_BVALID                   |   in|    1|       m_axi|                              w10|       pointer|
|m_axi_w10_BREADY                   |  out|    1|       m_axi|                              w10|       pointer|
|m_axi_w10_BRESP                    |   in|    2|       m_axi|                              w10|       pointer|
|m_axi_w10_BID                      |   in|    1|       m_axi|                              w10|       pointer|
|m_axi_w10_BUSER                    |   in|    1|       m_axi|                              w10|       pointer|
|m_axi_w11_AWVALID                  |  out|    1|       m_axi|                              w11|       pointer|
|m_axi_w11_AWREADY                  |   in|    1|       m_axi|                              w11|       pointer|
|m_axi_w11_AWADDR                   |  out|   64|       m_axi|                              w11|       pointer|
|m_axi_w11_AWID                     |  out|    1|       m_axi|                              w11|       pointer|
|m_axi_w11_AWLEN                    |  out|    8|       m_axi|                              w11|       pointer|
|m_axi_w11_AWSIZE                   |  out|    3|       m_axi|                              w11|       pointer|
|m_axi_w11_AWBURST                  |  out|    2|       m_axi|                              w11|       pointer|
|m_axi_w11_AWLOCK                   |  out|    2|       m_axi|                              w11|       pointer|
|m_axi_w11_AWCACHE                  |  out|    4|       m_axi|                              w11|       pointer|
|m_axi_w11_AWPROT                   |  out|    3|       m_axi|                              w11|       pointer|
|m_axi_w11_AWQOS                    |  out|    4|       m_axi|                              w11|       pointer|
|m_axi_w11_AWREGION                 |  out|    4|       m_axi|                              w11|       pointer|
|m_axi_w11_AWUSER                   |  out|    1|       m_axi|                              w11|       pointer|
|m_axi_w11_WVALID                   |  out|    1|       m_axi|                              w11|       pointer|
|m_axi_w11_WREADY                   |   in|    1|       m_axi|                              w11|       pointer|
|m_axi_w11_WDATA                    |  out|  512|       m_axi|                              w11|       pointer|
|m_axi_w11_WSTRB                    |  out|   64|       m_axi|                              w11|       pointer|
|m_axi_w11_WLAST                    |  out|    1|       m_axi|                              w11|       pointer|
|m_axi_w11_WID                      |  out|    1|       m_axi|                              w11|       pointer|
|m_axi_w11_WUSER                    |  out|    1|       m_axi|                              w11|       pointer|
|m_axi_w11_ARVALID                  |  out|    1|       m_axi|                              w11|       pointer|
|m_axi_w11_ARREADY                  |   in|    1|       m_axi|                              w11|       pointer|
|m_axi_w11_ARADDR                   |  out|   64|       m_axi|                              w11|       pointer|
|m_axi_w11_ARID                     |  out|    1|       m_axi|                              w11|       pointer|
|m_axi_w11_ARLEN                    |  out|    8|       m_axi|                              w11|       pointer|
|m_axi_w11_ARSIZE                   |  out|    3|       m_axi|                              w11|       pointer|
|m_axi_w11_ARBURST                  |  out|    2|       m_axi|                              w11|       pointer|
|m_axi_w11_ARLOCK                   |  out|    2|       m_axi|                              w11|       pointer|
|m_axi_w11_ARCACHE                  |  out|    4|       m_axi|                              w11|       pointer|
|m_axi_w11_ARPROT                   |  out|    3|       m_axi|                              w11|       pointer|
|m_axi_w11_ARQOS                    |  out|    4|       m_axi|                              w11|       pointer|
|m_axi_w11_ARREGION                 |  out|    4|       m_axi|                              w11|       pointer|
|m_axi_w11_ARUSER                   |  out|    1|       m_axi|                              w11|       pointer|
|m_axi_w11_RVALID                   |   in|    1|       m_axi|                              w11|       pointer|
|m_axi_w11_RREADY                   |  out|    1|       m_axi|                              w11|       pointer|
|m_axi_w11_RDATA                    |   in|  512|       m_axi|                              w11|       pointer|
|m_axi_w11_RLAST                    |   in|    1|       m_axi|                              w11|       pointer|
|m_axi_w11_RID                      |   in|    1|       m_axi|                              w11|       pointer|
|m_axi_w11_RUSER                    |   in|    1|       m_axi|                              w11|       pointer|
|m_axi_w11_RRESP                    |   in|    2|       m_axi|                              w11|       pointer|
|m_axi_w11_BVALID                   |   in|    1|       m_axi|                              w11|       pointer|
|m_axi_w11_BREADY                   |  out|    1|       m_axi|                              w11|       pointer|
|m_axi_w11_BRESP                    |   in|    2|       m_axi|                              w11|       pointer|
|m_axi_w11_BID                      |   in|    1|       m_axi|                              w11|       pointer|
|m_axi_w11_BUSER                    |   in|    1|       m_axi|                              w11|       pointer|
|m_axi_w12_AWVALID                  |  out|    1|       m_axi|                              w12|       pointer|
|m_axi_w12_AWREADY                  |   in|    1|       m_axi|                              w12|       pointer|
|m_axi_w12_AWADDR                   |  out|   64|       m_axi|                              w12|       pointer|
|m_axi_w12_AWID                     |  out|    1|       m_axi|                              w12|       pointer|
|m_axi_w12_AWLEN                    |  out|    8|       m_axi|                              w12|       pointer|
|m_axi_w12_AWSIZE                   |  out|    3|       m_axi|                              w12|       pointer|
|m_axi_w12_AWBURST                  |  out|    2|       m_axi|                              w12|       pointer|
|m_axi_w12_AWLOCK                   |  out|    2|       m_axi|                              w12|       pointer|
|m_axi_w12_AWCACHE                  |  out|    4|       m_axi|                              w12|       pointer|
|m_axi_w12_AWPROT                   |  out|    3|       m_axi|                              w12|       pointer|
|m_axi_w12_AWQOS                    |  out|    4|       m_axi|                              w12|       pointer|
|m_axi_w12_AWREGION                 |  out|    4|       m_axi|                              w12|       pointer|
|m_axi_w12_AWUSER                   |  out|    1|       m_axi|                              w12|       pointer|
|m_axi_w12_WVALID                   |  out|    1|       m_axi|                              w12|       pointer|
|m_axi_w12_WREADY                   |   in|    1|       m_axi|                              w12|       pointer|
|m_axi_w12_WDATA                    |  out|  512|       m_axi|                              w12|       pointer|
|m_axi_w12_WSTRB                    |  out|   64|       m_axi|                              w12|       pointer|
|m_axi_w12_WLAST                    |  out|    1|       m_axi|                              w12|       pointer|
|m_axi_w12_WID                      |  out|    1|       m_axi|                              w12|       pointer|
|m_axi_w12_WUSER                    |  out|    1|       m_axi|                              w12|       pointer|
|m_axi_w12_ARVALID                  |  out|    1|       m_axi|                              w12|       pointer|
|m_axi_w12_ARREADY                  |   in|    1|       m_axi|                              w12|       pointer|
|m_axi_w12_ARADDR                   |  out|   64|       m_axi|                              w12|       pointer|
|m_axi_w12_ARID                     |  out|    1|       m_axi|                              w12|       pointer|
|m_axi_w12_ARLEN                    |  out|    8|       m_axi|                              w12|       pointer|
|m_axi_w12_ARSIZE                   |  out|    3|       m_axi|                              w12|       pointer|
|m_axi_w12_ARBURST                  |  out|    2|       m_axi|                              w12|       pointer|
|m_axi_w12_ARLOCK                   |  out|    2|       m_axi|                              w12|       pointer|
|m_axi_w12_ARCACHE                  |  out|    4|       m_axi|                              w12|       pointer|
|m_axi_w12_ARPROT                   |  out|    3|       m_axi|                              w12|       pointer|
|m_axi_w12_ARQOS                    |  out|    4|       m_axi|                              w12|       pointer|
|m_axi_w12_ARREGION                 |  out|    4|       m_axi|                              w12|       pointer|
|m_axi_w12_ARUSER                   |  out|    1|       m_axi|                              w12|       pointer|
|m_axi_w12_RVALID                   |   in|    1|       m_axi|                              w12|       pointer|
|m_axi_w12_RREADY                   |  out|    1|       m_axi|                              w12|       pointer|
|m_axi_w12_RDATA                    |   in|  512|       m_axi|                              w12|       pointer|
|m_axi_w12_RLAST                    |   in|    1|       m_axi|                              w12|       pointer|
|m_axi_w12_RID                      |   in|    1|       m_axi|                              w12|       pointer|
|m_axi_w12_RUSER                    |   in|    1|       m_axi|                              w12|       pointer|
|m_axi_w12_RRESP                    |   in|    2|       m_axi|                              w12|       pointer|
|m_axi_w12_BVALID                   |   in|    1|       m_axi|                              w12|       pointer|
|m_axi_w12_BREADY                   |  out|    1|       m_axi|                              w12|       pointer|
|m_axi_w12_BRESP                    |   in|    2|       m_axi|                              w12|       pointer|
|m_axi_w12_BID                      |   in|    1|       m_axi|                              w12|       pointer|
|m_axi_w12_BUSER                    |   in|    1|       m_axi|                              w12|       pointer|
|m_axi_w13_AWVALID                  |  out|    1|       m_axi|                              w13|       pointer|
|m_axi_w13_AWREADY                  |   in|    1|       m_axi|                              w13|       pointer|
|m_axi_w13_AWADDR                   |  out|   64|       m_axi|                              w13|       pointer|
|m_axi_w13_AWID                     |  out|    1|       m_axi|                              w13|       pointer|
|m_axi_w13_AWLEN                    |  out|    8|       m_axi|                              w13|       pointer|
|m_axi_w13_AWSIZE                   |  out|    3|       m_axi|                              w13|       pointer|
|m_axi_w13_AWBURST                  |  out|    2|       m_axi|                              w13|       pointer|
|m_axi_w13_AWLOCK                   |  out|    2|       m_axi|                              w13|       pointer|
|m_axi_w13_AWCACHE                  |  out|    4|       m_axi|                              w13|       pointer|
|m_axi_w13_AWPROT                   |  out|    3|       m_axi|                              w13|       pointer|
|m_axi_w13_AWQOS                    |  out|    4|       m_axi|                              w13|       pointer|
|m_axi_w13_AWREGION                 |  out|    4|       m_axi|                              w13|       pointer|
|m_axi_w13_AWUSER                   |  out|    1|       m_axi|                              w13|       pointer|
|m_axi_w13_WVALID                   |  out|    1|       m_axi|                              w13|       pointer|
|m_axi_w13_WREADY                   |   in|    1|       m_axi|                              w13|       pointer|
|m_axi_w13_WDATA                    |  out|  512|       m_axi|                              w13|       pointer|
|m_axi_w13_WSTRB                    |  out|   64|       m_axi|                              w13|       pointer|
|m_axi_w13_WLAST                    |  out|    1|       m_axi|                              w13|       pointer|
|m_axi_w13_WID                      |  out|    1|       m_axi|                              w13|       pointer|
|m_axi_w13_WUSER                    |  out|    1|       m_axi|                              w13|       pointer|
|m_axi_w13_ARVALID                  |  out|    1|       m_axi|                              w13|       pointer|
|m_axi_w13_ARREADY                  |   in|    1|       m_axi|                              w13|       pointer|
|m_axi_w13_ARADDR                   |  out|   64|       m_axi|                              w13|       pointer|
|m_axi_w13_ARID                     |  out|    1|       m_axi|                              w13|       pointer|
|m_axi_w13_ARLEN                    |  out|    8|       m_axi|                              w13|       pointer|
|m_axi_w13_ARSIZE                   |  out|    3|       m_axi|                              w13|       pointer|
|m_axi_w13_ARBURST                  |  out|    2|       m_axi|                              w13|       pointer|
|m_axi_w13_ARLOCK                   |  out|    2|       m_axi|                              w13|       pointer|
|m_axi_w13_ARCACHE                  |  out|    4|       m_axi|                              w13|       pointer|
|m_axi_w13_ARPROT                   |  out|    3|       m_axi|                              w13|       pointer|
|m_axi_w13_ARQOS                    |  out|    4|       m_axi|                              w13|       pointer|
|m_axi_w13_ARREGION                 |  out|    4|       m_axi|                              w13|       pointer|
|m_axi_w13_ARUSER                   |  out|    1|       m_axi|                              w13|       pointer|
|m_axi_w13_RVALID                   |   in|    1|       m_axi|                              w13|       pointer|
|m_axi_w13_RREADY                   |  out|    1|       m_axi|                              w13|       pointer|
|m_axi_w13_RDATA                    |   in|  512|       m_axi|                              w13|       pointer|
|m_axi_w13_RLAST                    |   in|    1|       m_axi|                              w13|       pointer|
|m_axi_w13_RID                      |   in|    1|       m_axi|                              w13|       pointer|
|m_axi_w13_RUSER                    |   in|    1|       m_axi|                              w13|       pointer|
|m_axi_w13_RRESP                    |   in|    2|       m_axi|                              w13|       pointer|
|m_axi_w13_BVALID                   |   in|    1|       m_axi|                              w13|       pointer|
|m_axi_w13_BREADY                   |  out|    1|       m_axi|                              w13|       pointer|
|m_axi_w13_BRESP                    |   in|    2|       m_axi|                              w13|       pointer|
|m_axi_w13_BID                      |   in|    1|       m_axi|                              w13|       pointer|
|m_axi_w13_BUSER                    |   in|    1|       m_axi|                              w13|       pointer|
|m_axi_w14_AWVALID                  |  out|    1|       m_axi|                              w14|       pointer|
|m_axi_w14_AWREADY                  |   in|    1|       m_axi|                              w14|       pointer|
|m_axi_w14_AWADDR                   |  out|   64|       m_axi|                              w14|       pointer|
|m_axi_w14_AWID                     |  out|    1|       m_axi|                              w14|       pointer|
|m_axi_w14_AWLEN                    |  out|    8|       m_axi|                              w14|       pointer|
|m_axi_w14_AWSIZE                   |  out|    3|       m_axi|                              w14|       pointer|
|m_axi_w14_AWBURST                  |  out|    2|       m_axi|                              w14|       pointer|
|m_axi_w14_AWLOCK                   |  out|    2|       m_axi|                              w14|       pointer|
|m_axi_w14_AWCACHE                  |  out|    4|       m_axi|                              w14|       pointer|
|m_axi_w14_AWPROT                   |  out|    3|       m_axi|                              w14|       pointer|
|m_axi_w14_AWQOS                    |  out|    4|       m_axi|                              w14|       pointer|
|m_axi_w14_AWREGION                 |  out|    4|       m_axi|                              w14|       pointer|
|m_axi_w14_AWUSER                   |  out|    1|       m_axi|                              w14|       pointer|
|m_axi_w14_WVALID                   |  out|    1|       m_axi|                              w14|       pointer|
|m_axi_w14_WREADY                   |   in|    1|       m_axi|                              w14|       pointer|
|m_axi_w14_WDATA                    |  out|  512|       m_axi|                              w14|       pointer|
|m_axi_w14_WSTRB                    |  out|   64|       m_axi|                              w14|       pointer|
|m_axi_w14_WLAST                    |  out|    1|       m_axi|                              w14|       pointer|
|m_axi_w14_WID                      |  out|    1|       m_axi|                              w14|       pointer|
|m_axi_w14_WUSER                    |  out|    1|       m_axi|                              w14|       pointer|
|m_axi_w14_ARVALID                  |  out|    1|       m_axi|                              w14|       pointer|
|m_axi_w14_ARREADY                  |   in|    1|       m_axi|                              w14|       pointer|
|m_axi_w14_ARADDR                   |  out|   64|       m_axi|                              w14|       pointer|
|m_axi_w14_ARID                     |  out|    1|       m_axi|                              w14|       pointer|
|m_axi_w14_ARLEN                    |  out|    8|       m_axi|                              w14|       pointer|
|m_axi_w14_ARSIZE                   |  out|    3|       m_axi|                              w14|       pointer|
|m_axi_w14_ARBURST                  |  out|    2|       m_axi|                              w14|       pointer|
|m_axi_w14_ARLOCK                   |  out|    2|       m_axi|                              w14|       pointer|
|m_axi_w14_ARCACHE                  |  out|    4|       m_axi|                              w14|       pointer|
|m_axi_w14_ARPROT                   |  out|    3|       m_axi|                              w14|       pointer|
|m_axi_w14_ARQOS                    |  out|    4|       m_axi|                              w14|       pointer|
|m_axi_w14_ARREGION                 |  out|    4|       m_axi|                              w14|       pointer|
|m_axi_w14_ARUSER                   |  out|    1|       m_axi|                              w14|       pointer|
|m_axi_w14_RVALID                   |   in|    1|       m_axi|                              w14|       pointer|
|m_axi_w14_RREADY                   |  out|    1|       m_axi|                              w14|       pointer|
|m_axi_w14_RDATA                    |   in|  512|       m_axi|                              w14|       pointer|
|m_axi_w14_RLAST                    |   in|    1|       m_axi|                              w14|       pointer|
|m_axi_w14_RID                      |   in|    1|       m_axi|                              w14|       pointer|
|m_axi_w14_RUSER                    |   in|    1|       m_axi|                              w14|       pointer|
|m_axi_w14_RRESP                    |   in|    2|       m_axi|                              w14|       pointer|
|m_axi_w14_BVALID                   |   in|    1|       m_axi|                              w14|       pointer|
|m_axi_w14_BREADY                   |  out|    1|       m_axi|                              w14|       pointer|
|m_axi_w14_BRESP                    |   in|    2|       m_axi|                              w14|       pointer|
|m_axi_w14_BID                      |   in|    1|       m_axi|                              w14|       pointer|
|m_axi_w14_BUSER                    |   in|    1|       m_axi|                              w14|       pointer|
|m_axi_w15_AWVALID                  |  out|    1|       m_axi|                              w15|       pointer|
|m_axi_w15_AWREADY                  |   in|    1|       m_axi|                              w15|       pointer|
|m_axi_w15_AWADDR                   |  out|   64|       m_axi|                              w15|       pointer|
|m_axi_w15_AWID                     |  out|    1|       m_axi|                              w15|       pointer|
|m_axi_w15_AWLEN                    |  out|    8|       m_axi|                              w15|       pointer|
|m_axi_w15_AWSIZE                   |  out|    3|       m_axi|                              w15|       pointer|
|m_axi_w15_AWBURST                  |  out|    2|       m_axi|                              w15|       pointer|
|m_axi_w15_AWLOCK                   |  out|    2|       m_axi|                              w15|       pointer|
|m_axi_w15_AWCACHE                  |  out|    4|       m_axi|                              w15|       pointer|
|m_axi_w15_AWPROT                   |  out|    3|       m_axi|                              w15|       pointer|
|m_axi_w15_AWQOS                    |  out|    4|       m_axi|                              w15|       pointer|
|m_axi_w15_AWREGION                 |  out|    4|       m_axi|                              w15|       pointer|
|m_axi_w15_AWUSER                   |  out|    1|       m_axi|                              w15|       pointer|
|m_axi_w15_WVALID                   |  out|    1|       m_axi|                              w15|       pointer|
|m_axi_w15_WREADY                   |   in|    1|       m_axi|                              w15|       pointer|
|m_axi_w15_WDATA                    |  out|  512|       m_axi|                              w15|       pointer|
|m_axi_w15_WSTRB                    |  out|   64|       m_axi|                              w15|       pointer|
|m_axi_w15_WLAST                    |  out|    1|       m_axi|                              w15|       pointer|
|m_axi_w15_WID                      |  out|    1|       m_axi|                              w15|       pointer|
|m_axi_w15_WUSER                    |  out|    1|       m_axi|                              w15|       pointer|
|m_axi_w15_ARVALID                  |  out|    1|       m_axi|                              w15|       pointer|
|m_axi_w15_ARREADY                  |   in|    1|       m_axi|                              w15|       pointer|
|m_axi_w15_ARADDR                   |  out|   64|       m_axi|                              w15|       pointer|
|m_axi_w15_ARID                     |  out|    1|       m_axi|                              w15|       pointer|
|m_axi_w15_ARLEN                    |  out|    8|       m_axi|                              w15|       pointer|
|m_axi_w15_ARSIZE                   |  out|    3|       m_axi|                              w15|       pointer|
|m_axi_w15_ARBURST                  |  out|    2|       m_axi|                              w15|       pointer|
|m_axi_w15_ARLOCK                   |  out|    2|       m_axi|                              w15|       pointer|
|m_axi_w15_ARCACHE                  |  out|    4|       m_axi|                              w15|       pointer|
|m_axi_w15_ARPROT                   |  out|    3|       m_axi|                              w15|       pointer|
|m_axi_w15_ARQOS                    |  out|    4|       m_axi|                              w15|       pointer|
|m_axi_w15_ARREGION                 |  out|    4|       m_axi|                              w15|       pointer|
|m_axi_w15_ARUSER                   |  out|    1|       m_axi|                              w15|       pointer|
|m_axi_w15_RVALID                   |   in|    1|       m_axi|                              w15|       pointer|
|m_axi_w15_RREADY                   |  out|    1|       m_axi|                              w15|       pointer|
|m_axi_w15_RDATA                    |   in|  512|       m_axi|                              w15|       pointer|
|m_axi_w15_RLAST                    |   in|    1|       m_axi|                              w15|       pointer|
|m_axi_w15_RID                      |   in|    1|       m_axi|                              w15|       pointer|
|m_axi_w15_RUSER                    |   in|    1|       m_axi|                              w15|       pointer|
|m_axi_w15_RRESP                    |   in|    2|       m_axi|                              w15|       pointer|
|m_axi_w15_BVALID                   |   in|    1|       m_axi|                              w15|       pointer|
|m_axi_w15_BREADY                   |  out|    1|       m_axi|                              w15|       pointer|
|m_axi_w15_BRESP                    |   in|    2|       m_axi|                              w15|       pointer|
|m_axi_w15_BID                      |   in|    1|       m_axi|                              w15|       pointer|
|m_axi_w15_BUSER                    |   in|    1|       m_axi|                              w15|       pointer|
|m_axi_w2_AWVALID                   |  out|    1|       m_axi|                               w2|       pointer|
|m_axi_w2_AWREADY                   |   in|    1|       m_axi|                               w2|       pointer|
|m_axi_w2_AWADDR                    |  out|   64|       m_axi|                               w2|       pointer|
|m_axi_w2_AWID                      |  out|    1|       m_axi|                               w2|       pointer|
|m_axi_w2_AWLEN                     |  out|    8|       m_axi|                               w2|       pointer|
|m_axi_w2_AWSIZE                    |  out|    3|       m_axi|                               w2|       pointer|
|m_axi_w2_AWBURST                   |  out|    2|       m_axi|                               w2|       pointer|
|m_axi_w2_AWLOCK                    |  out|    2|       m_axi|                               w2|       pointer|
|m_axi_w2_AWCACHE                   |  out|    4|       m_axi|                               w2|       pointer|
|m_axi_w2_AWPROT                    |  out|    3|       m_axi|                               w2|       pointer|
|m_axi_w2_AWQOS                     |  out|    4|       m_axi|                               w2|       pointer|
|m_axi_w2_AWREGION                  |  out|    4|       m_axi|                               w2|       pointer|
|m_axi_w2_AWUSER                    |  out|    1|       m_axi|                               w2|       pointer|
|m_axi_w2_WVALID                    |  out|    1|       m_axi|                               w2|       pointer|
|m_axi_w2_WREADY                    |   in|    1|       m_axi|                               w2|       pointer|
|m_axi_w2_WDATA                     |  out|  512|       m_axi|                               w2|       pointer|
|m_axi_w2_WSTRB                     |  out|   64|       m_axi|                               w2|       pointer|
|m_axi_w2_WLAST                     |  out|    1|       m_axi|                               w2|       pointer|
|m_axi_w2_WID                       |  out|    1|       m_axi|                               w2|       pointer|
|m_axi_w2_WUSER                     |  out|    1|       m_axi|                               w2|       pointer|
|m_axi_w2_ARVALID                   |  out|    1|       m_axi|                               w2|       pointer|
|m_axi_w2_ARREADY                   |   in|    1|       m_axi|                               w2|       pointer|
|m_axi_w2_ARADDR                    |  out|   64|       m_axi|                               w2|       pointer|
|m_axi_w2_ARID                      |  out|    1|       m_axi|                               w2|       pointer|
|m_axi_w2_ARLEN                     |  out|    8|       m_axi|                               w2|       pointer|
|m_axi_w2_ARSIZE                    |  out|    3|       m_axi|                               w2|       pointer|
|m_axi_w2_ARBURST                   |  out|    2|       m_axi|                               w2|       pointer|
|m_axi_w2_ARLOCK                    |  out|    2|       m_axi|                               w2|       pointer|
|m_axi_w2_ARCACHE                   |  out|    4|       m_axi|                               w2|       pointer|
|m_axi_w2_ARPROT                    |  out|    3|       m_axi|                               w2|       pointer|
|m_axi_w2_ARQOS                     |  out|    4|       m_axi|                               w2|       pointer|
|m_axi_w2_ARREGION                  |  out|    4|       m_axi|                               w2|       pointer|
|m_axi_w2_ARUSER                    |  out|    1|       m_axi|                               w2|       pointer|
|m_axi_w2_RVALID                    |   in|    1|       m_axi|                               w2|       pointer|
|m_axi_w2_RREADY                    |  out|    1|       m_axi|                               w2|       pointer|
|m_axi_w2_RDATA                     |   in|  512|       m_axi|                               w2|       pointer|
|m_axi_w2_RLAST                     |   in|    1|       m_axi|                               w2|       pointer|
|m_axi_w2_RID                       |   in|    1|       m_axi|                               w2|       pointer|
|m_axi_w2_RUSER                     |   in|    1|       m_axi|                               w2|       pointer|
|m_axi_w2_RRESP                     |   in|    2|       m_axi|                               w2|       pointer|
|m_axi_w2_BVALID                    |   in|    1|       m_axi|                               w2|       pointer|
|m_axi_w2_BREADY                    |  out|    1|       m_axi|                               w2|       pointer|
|m_axi_w2_BRESP                     |   in|    2|       m_axi|                               w2|       pointer|
|m_axi_w2_BID                       |   in|    1|       m_axi|                               w2|       pointer|
|m_axi_w2_BUSER                     |   in|    1|       m_axi|                               w2|       pointer|
|m_axi_w3_AWVALID                   |  out|    1|       m_axi|                               w3|       pointer|
|m_axi_w3_AWREADY                   |   in|    1|       m_axi|                               w3|       pointer|
|m_axi_w3_AWADDR                    |  out|   64|       m_axi|                               w3|       pointer|
|m_axi_w3_AWID                      |  out|    1|       m_axi|                               w3|       pointer|
|m_axi_w3_AWLEN                     |  out|    8|       m_axi|                               w3|       pointer|
|m_axi_w3_AWSIZE                    |  out|    3|       m_axi|                               w3|       pointer|
|m_axi_w3_AWBURST                   |  out|    2|       m_axi|                               w3|       pointer|
|m_axi_w3_AWLOCK                    |  out|    2|       m_axi|                               w3|       pointer|
|m_axi_w3_AWCACHE                   |  out|    4|       m_axi|                               w3|       pointer|
|m_axi_w3_AWPROT                    |  out|    3|       m_axi|                               w3|       pointer|
|m_axi_w3_AWQOS                     |  out|    4|       m_axi|                               w3|       pointer|
|m_axi_w3_AWREGION                  |  out|    4|       m_axi|                               w3|       pointer|
|m_axi_w3_AWUSER                    |  out|    1|       m_axi|                               w3|       pointer|
|m_axi_w3_WVALID                    |  out|    1|       m_axi|                               w3|       pointer|
|m_axi_w3_WREADY                    |   in|    1|       m_axi|                               w3|       pointer|
|m_axi_w3_WDATA                     |  out|  512|       m_axi|                               w3|       pointer|
|m_axi_w3_WSTRB                     |  out|   64|       m_axi|                               w3|       pointer|
|m_axi_w3_WLAST                     |  out|    1|       m_axi|                               w3|       pointer|
|m_axi_w3_WID                       |  out|    1|       m_axi|                               w3|       pointer|
|m_axi_w3_WUSER                     |  out|    1|       m_axi|                               w3|       pointer|
|m_axi_w3_ARVALID                   |  out|    1|       m_axi|                               w3|       pointer|
|m_axi_w3_ARREADY                   |   in|    1|       m_axi|                               w3|       pointer|
|m_axi_w3_ARADDR                    |  out|   64|       m_axi|                               w3|       pointer|
|m_axi_w3_ARID                      |  out|    1|       m_axi|                               w3|       pointer|
|m_axi_w3_ARLEN                     |  out|    8|       m_axi|                               w3|       pointer|
|m_axi_w3_ARSIZE                    |  out|    3|       m_axi|                               w3|       pointer|
|m_axi_w3_ARBURST                   |  out|    2|       m_axi|                               w3|       pointer|
|m_axi_w3_ARLOCK                    |  out|    2|       m_axi|                               w3|       pointer|
|m_axi_w3_ARCACHE                   |  out|    4|       m_axi|                               w3|       pointer|
|m_axi_w3_ARPROT                    |  out|    3|       m_axi|                               w3|       pointer|
|m_axi_w3_ARQOS                     |  out|    4|       m_axi|                               w3|       pointer|
|m_axi_w3_ARREGION                  |  out|    4|       m_axi|                               w3|       pointer|
|m_axi_w3_ARUSER                    |  out|    1|       m_axi|                               w3|       pointer|
|m_axi_w3_RVALID                    |   in|    1|       m_axi|                               w3|       pointer|
|m_axi_w3_RREADY                    |  out|    1|       m_axi|                               w3|       pointer|
|m_axi_w3_RDATA                     |   in|  512|       m_axi|                               w3|       pointer|
|m_axi_w3_RLAST                     |   in|    1|       m_axi|                               w3|       pointer|
|m_axi_w3_RID                       |   in|    1|       m_axi|                               w3|       pointer|
|m_axi_w3_RUSER                     |   in|    1|       m_axi|                               w3|       pointer|
|m_axi_w3_RRESP                     |   in|    2|       m_axi|                               w3|       pointer|
|m_axi_w3_BVALID                    |   in|    1|       m_axi|                               w3|       pointer|
|m_axi_w3_BREADY                    |  out|    1|       m_axi|                               w3|       pointer|
|m_axi_w3_BRESP                     |   in|    2|       m_axi|                               w3|       pointer|
|m_axi_w3_BID                       |   in|    1|       m_axi|                               w3|       pointer|
|m_axi_w3_BUSER                     |   in|    1|       m_axi|                               w3|       pointer|
|m_axi_w4_AWVALID                   |  out|    1|       m_axi|                               w4|       pointer|
|m_axi_w4_AWREADY                   |   in|    1|       m_axi|                               w4|       pointer|
|m_axi_w4_AWADDR                    |  out|   64|       m_axi|                               w4|       pointer|
|m_axi_w4_AWID                      |  out|    1|       m_axi|                               w4|       pointer|
|m_axi_w4_AWLEN                     |  out|    8|       m_axi|                               w4|       pointer|
|m_axi_w4_AWSIZE                    |  out|    3|       m_axi|                               w4|       pointer|
|m_axi_w4_AWBURST                   |  out|    2|       m_axi|                               w4|       pointer|
|m_axi_w4_AWLOCK                    |  out|    2|       m_axi|                               w4|       pointer|
|m_axi_w4_AWCACHE                   |  out|    4|       m_axi|                               w4|       pointer|
|m_axi_w4_AWPROT                    |  out|    3|       m_axi|                               w4|       pointer|
|m_axi_w4_AWQOS                     |  out|    4|       m_axi|                               w4|       pointer|
|m_axi_w4_AWREGION                  |  out|    4|       m_axi|                               w4|       pointer|
|m_axi_w4_AWUSER                    |  out|    1|       m_axi|                               w4|       pointer|
|m_axi_w4_WVALID                    |  out|    1|       m_axi|                               w4|       pointer|
|m_axi_w4_WREADY                    |   in|    1|       m_axi|                               w4|       pointer|
|m_axi_w4_WDATA                     |  out|  512|       m_axi|                               w4|       pointer|
|m_axi_w4_WSTRB                     |  out|   64|       m_axi|                               w4|       pointer|
|m_axi_w4_WLAST                     |  out|    1|       m_axi|                               w4|       pointer|
|m_axi_w4_WID                       |  out|    1|       m_axi|                               w4|       pointer|
|m_axi_w4_WUSER                     |  out|    1|       m_axi|                               w4|       pointer|
|m_axi_w4_ARVALID                   |  out|    1|       m_axi|                               w4|       pointer|
|m_axi_w4_ARREADY                   |   in|    1|       m_axi|                               w4|       pointer|
|m_axi_w4_ARADDR                    |  out|   64|       m_axi|                               w4|       pointer|
|m_axi_w4_ARID                      |  out|    1|       m_axi|                               w4|       pointer|
|m_axi_w4_ARLEN                     |  out|    8|       m_axi|                               w4|       pointer|
|m_axi_w4_ARSIZE                    |  out|    3|       m_axi|                               w4|       pointer|
|m_axi_w4_ARBURST                   |  out|    2|       m_axi|                               w4|       pointer|
|m_axi_w4_ARLOCK                    |  out|    2|       m_axi|                               w4|       pointer|
|m_axi_w4_ARCACHE                   |  out|    4|       m_axi|                               w4|       pointer|
|m_axi_w4_ARPROT                    |  out|    3|       m_axi|                               w4|       pointer|
|m_axi_w4_ARQOS                     |  out|    4|       m_axi|                               w4|       pointer|
|m_axi_w4_ARREGION                  |  out|    4|       m_axi|                               w4|       pointer|
|m_axi_w4_ARUSER                    |  out|    1|       m_axi|                               w4|       pointer|
|m_axi_w4_RVALID                    |   in|    1|       m_axi|                               w4|       pointer|
|m_axi_w4_RREADY                    |  out|    1|       m_axi|                               w4|       pointer|
|m_axi_w4_RDATA                     |   in|  512|       m_axi|                               w4|       pointer|
|m_axi_w4_RLAST                     |   in|    1|       m_axi|                               w4|       pointer|
|m_axi_w4_RID                       |   in|    1|       m_axi|                               w4|       pointer|
|m_axi_w4_RUSER                     |   in|    1|       m_axi|                               w4|       pointer|
|m_axi_w4_RRESP                     |   in|    2|       m_axi|                               w4|       pointer|
|m_axi_w4_BVALID                    |   in|    1|       m_axi|                               w4|       pointer|
|m_axi_w4_BREADY                    |  out|    1|       m_axi|                               w4|       pointer|
|m_axi_w4_BRESP                     |   in|    2|       m_axi|                               w4|       pointer|
|m_axi_w4_BID                       |   in|    1|       m_axi|                               w4|       pointer|
|m_axi_w4_BUSER                     |   in|    1|       m_axi|                               w4|       pointer|
|m_axi_w5_AWVALID                   |  out|    1|       m_axi|                               w5|       pointer|
|m_axi_w5_AWREADY                   |   in|    1|       m_axi|                               w5|       pointer|
|m_axi_w5_AWADDR                    |  out|   64|       m_axi|                               w5|       pointer|
|m_axi_w5_AWID                      |  out|    1|       m_axi|                               w5|       pointer|
|m_axi_w5_AWLEN                     |  out|    8|       m_axi|                               w5|       pointer|
|m_axi_w5_AWSIZE                    |  out|    3|       m_axi|                               w5|       pointer|
|m_axi_w5_AWBURST                   |  out|    2|       m_axi|                               w5|       pointer|
|m_axi_w5_AWLOCK                    |  out|    2|       m_axi|                               w5|       pointer|
|m_axi_w5_AWCACHE                   |  out|    4|       m_axi|                               w5|       pointer|
|m_axi_w5_AWPROT                    |  out|    3|       m_axi|                               w5|       pointer|
|m_axi_w5_AWQOS                     |  out|    4|       m_axi|                               w5|       pointer|
|m_axi_w5_AWREGION                  |  out|    4|       m_axi|                               w5|       pointer|
|m_axi_w5_AWUSER                    |  out|    1|       m_axi|                               w5|       pointer|
|m_axi_w5_WVALID                    |  out|    1|       m_axi|                               w5|       pointer|
|m_axi_w5_WREADY                    |   in|    1|       m_axi|                               w5|       pointer|
|m_axi_w5_WDATA                     |  out|  512|       m_axi|                               w5|       pointer|
|m_axi_w5_WSTRB                     |  out|   64|       m_axi|                               w5|       pointer|
|m_axi_w5_WLAST                     |  out|    1|       m_axi|                               w5|       pointer|
|m_axi_w5_WID                       |  out|    1|       m_axi|                               w5|       pointer|
|m_axi_w5_WUSER                     |  out|    1|       m_axi|                               w5|       pointer|
|m_axi_w5_ARVALID                   |  out|    1|       m_axi|                               w5|       pointer|
|m_axi_w5_ARREADY                   |   in|    1|       m_axi|                               w5|       pointer|
|m_axi_w5_ARADDR                    |  out|   64|       m_axi|                               w5|       pointer|
|m_axi_w5_ARID                      |  out|    1|       m_axi|                               w5|       pointer|
|m_axi_w5_ARLEN                     |  out|    8|       m_axi|                               w5|       pointer|
|m_axi_w5_ARSIZE                    |  out|    3|       m_axi|                               w5|       pointer|
|m_axi_w5_ARBURST                   |  out|    2|       m_axi|                               w5|       pointer|
|m_axi_w5_ARLOCK                    |  out|    2|       m_axi|                               w5|       pointer|
|m_axi_w5_ARCACHE                   |  out|    4|       m_axi|                               w5|       pointer|
|m_axi_w5_ARPROT                    |  out|    3|       m_axi|                               w5|       pointer|
|m_axi_w5_ARQOS                     |  out|    4|       m_axi|                               w5|       pointer|
|m_axi_w5_ARREGION                  |  out|    4|       m_axi|                               w5|       pointer|
|m_axi_w5_ARUSER                    |  out|    1|       m_axi|                               w5|       pointer|
|m_axi_w5_RVALID                    |   in|    1|       m_axi|                               w5|       pointer|
|m_axi_w5_RREADY                    |  out|    1|       m_axi|                               w5|       pointer|
|m_axi_w5_RDATA                     |   in|  512|       m_axi|                               w5|       pointer|
|m_axi_w5_RLAST                     |   in|    1|       m_axi|                               w5|       pointer|
|m_axi_w5_RID                       |   in|    1|       m_axi|                               w5|       pointer|
|m_axi_w5_RUSER                     |   in|    1|       m_axi|                               w5|       pointer|
|m_axi_w5_RRESP                     |   in|    2|       m_axi|                               w5|       pointer|
|m_axi_w5_BVALID                    |   in|    1|       m_axi|                               w5|       pointer|
|m_axi_w5_BREADY                    |  out|    1|       m_axi|                               w5|       pointer|
|m_axi_w5_BRESP                     |   in|    2|       m_axi|                               w5|       pointer|
|m_axi_w5_BID                       |   in|    1|       m_axi|                               w5|       pointer|
|m_axi_w5_BUSER                     |   in|    1|       m_axi|                               w5|       pointer|
|m_axi_w6_AWVALID                   |  out|    1|       m_axi|                               w6|       pointer|
|m_axi_w6_AWREADY                   |   in|    1|       m_axi|                               w6|       pointer|
|m_axi_w6_AWADDR                    |  out|   64|       m_axi|                               w6|       pointer|
|m_axi_w6_AWID                      |  out|    1|       m_axi|                               w6|       pointer|
|m_axi_w6_AWLEN                     |  out|    8|       m_axi|                               w6|       pointer|
|m_axi_w6_AWSIZE                    |  out|    3|       m_axi|                               w6|       pointer|
|m_axi_w6_AWBURST                   |  out|    2|       m_axi|                               w6|       pointer|
|m_axi_w6_AWLOCK                    |  out|    2|       m_axi|                               w6|       pointer|
|m_axi_w6_AWCACHE                   |  out|    4|       m_axi|                               w6|       pointer|
|m_axi_w6_AWPROT                    |  out|    3|       m_axi|                               w6|       pointer|
|m_axi_w6_AWQOS                     |  out|    4|       m_axi|                               w6|       pointer|
|m_axi_w6_AWREGION                  |  out|    4|       m_axi|                               w6|       pointer|
|m_axi_w6_AWUSER                    |  out|    1|       m_axi|                               w6|       pointer|
|m_axi_w6_WVALID                    |  out|    1|       m_axi|                               w6|       pointer|
|m_axi_w6_WREADY                    |   in|    1|       m_axi|                               w6|       pointer|
|m_axi_w6_WDATA                     |  out|  512|       m_axi|                               w6|       pointer|
|m_axi_w6_WSTRB                     |  out|   64|       m_axi|                               w6|       pointer|
|m_axi_w6_WLAST                     |  out|    1|       m_axi|                               w6|       pointer|
|m_axi_w6_WID                       |  out|    1|       m_axi|                               w6|       pointer|
|m_axi_w6_WUSER                     |  out|    1|       m_axi|                               w6|       pointer|
|m_axi_w6_ARVALID                   |  out|    1|       m_axi|                               w6|       pointer|
|m_axi_w6_ARREADY                   |   in|    1|       m_axi|                               w6|       pointer|
|m_axi_w6_ARADDR                    |  out|   64|       m_axi|                               w6|       pointer|
|m_axi_w6_ARID                      |  out|    1|       m_axi|                               w6|       pointer|
|m_axi_w6_ARLEN                     |  out|    8|       m_axi|                               w6|       pointer|
|m_axi_w6_ARSIZE                    |  out|    3|       m_axi|                               w6|       pointer|
|m_axi_w6_ARBURST                   |  out|    2|       m_axi|                               w6|       pointer|
|m_axi_w6_ARLOCK                    |  out|    2|       m_axi|                               w6|       pointer|
|m_axi_w6_ARCACHE                   |  out|    4|       m_axi|                               w6|       pointer|
|m_axi_w6_ARPROT                    |  out|    3|       m_axi|                               w6|       pointer|
|m_axi_w6_ARQOS                     |  out|    4|       m_axi|                               w6|       pointer|
|m_axi_w6_ARREGION                  |  out|    4|       m_axi|                               w6|       pointer|
|m_axi_w6_ARUSER                    |  out|    1|       m_axi|                               w6|       pointer|
|m_axi_w6_RVALID                    |   in|    1|       m_axi|                               w6|       pointer|
|m_axi_w6_RREADY                    |  out|    1|       m_axi|                               w6|       pointer|
|m_axi_w6_RDATA                     |   in|  512|       m_axi|                               w6|       pointer|
|m_axi_w6_RLAST                     |   in|    1|       m_axi|                               w6|       pointer|
|m_axi_w6_RID                       |   in|    1|       m_axi|                               w6|       pointer|
|m_axi_w6_RUSER                     |   in|    1|       m_axi|                               w6|       pointer|
|m_axi_w6_RRESP                     |   in|    2|       m_axi|                               w6|       pointer|
|m_axi_w6_BVALID                    |   in|    1|       m_axi|                               w6|       pointer|
|m_axi_w6_BREADY                    |  out|    1|       m_axi|                               w6|       pointer|
|m_axi_w6_BRESP                     |   in|    2|       m_axi|                               w6|       pointer|
|m_axi_w6_BID                       |   in|    1|       m_axi|                               w6|       pointer|
|m_axi_w6_BUSER                     |   in|    1|       m_axi|                               w6|       pointer|
|m_axi_w7_AWVALID                   |  out|    1|       m_axi|                               w7|       pointer|
|m_axi_w7_AWREADY                   |   in|    1|       m_axi|                               w7|       pointer|
|m_axi_w7_AWADDR                    |  out|   64|       m_axi|                               w7|       pointer|
|m_axi_w7_AWID                      |  out|    1|       m_axi|                               w7|       pointer|
|m_axi_w7_AWLEN                     |  out|    8|       m_axi|                               w7|       pointer|
|m_axi_w7_AWSIZE                    |  out|    3|       m_axi|                               w7|       pointer|
|m_axi_w7_AWBURST                   |  out|    2|       m_axi|                               w7|       pointer|
|m_axi_w7_AWLOCK                    |  out|    2|       m_axi|                               w7|       pointer|
|m_axi_w7_AWCACHE                   |  out|    4|       m_axi|                               w7|       pointer|
|m_axi_w7_AWPROT                    |  out|    3|       m_axi|                               w7|       pointer|
|m_axi_w7_AWQOS                     |  out|    4|       m_axi|                               w7|       pointer|
|m_axi_w7_AWREGION                  |  out|    4|       m_axi|                               w7|       pointer|
|m_axi_w7_AWUSER                    |  out|    1|       m_axi|                               w7|       pointer|
|m_axi_w7_WVALID                    |  out|    1|       m_axi|                               w7|       pointer|
|m_axi_w7_WREADY                    |   in|    1|       m_axi|                               w7|       pointer|
|m_axi_w7_WDATA                     |  out|  512|       m_axi|                               w7|       pointer|
|m_axi_w7_WSTRB                     |  out|   64|       m_axi|                               w7|       pointer|
|m_axi_w7_WLAST                     |  out|    1|       m_axi|                               w7|       pointer|
|m_axi_w7_WID                       |  out|    1|       m_axi|                               w7|       pointer|
|m_axi_w7_WUSER                     |  out|    1|       m_axi|                               w7|       pointer|
|m_axi_w7_ARVALID                   |  out|    1|       m_axi|                               w7|       pointer|
|m_axi_w7_ARREADY                   |   in|    1|       m_axi|                               w7|       pointer|
|m_axi_w7_ARADDR                    |  out|   64|       m_axi|                               w7|       pointer|
|m_axi_w7_ARID                      |  out|    1|       m_axi|                               w7|       pointer|
|m_axi_w7_ARLEN                     |  out|    8|       m_axi|                               w7|       pointer|
|m_axi_w7_ARSIZE                    |  out|    3|       m_axi|                               w7|       pointer|
|m_axi_w7_ARBURST                   |  out|    2|       m_axi|                               w7|       pointer|
|m_axi_w7_ARLOCK                    |  out|    2|       m_axi|                               w7|       pointer|
|m_axi_w7_ARCACHE                   |  out|    4|       m_axi|                               w7|       pointer|
|m_axi_w7_ARPROT                    |  out|    3|       m_axi|                               w7|       pointer|
|m_axi_w7_ARQOS                     |  out|    4|       m_axi|                               w7|       pointer|
|m_axi_w7_ARREGION                  |  out|    4|       m_axi|                               w7|       pointer|
|m_axi_w7_ARUSER                    |  out|    1|       m_axi|                               w7|       pointer|
|m_axi_w7_RVALID                    |   in|    1|       m_axi|                               w7|       pointer|
|m_axi_w7_RREADY                    |  out|    1|       m_axi|                               w7|       pointer|
|m_axi_w7_RDATA                     |   in|  512|       m_axi|                               w7|       pointer|
|m_axi_w7_RLAST                     |   in|    1|       m_axi|                               w7|       pointer|
|m_axi_w7_RID                       |   in|    1|       m_axi|                               w7|       pointer|
|m_axi_w7_RUSER                     |   in|    1|       m_axi|                               w7|       pointer|
|m_axi_w7_RRESP                     |   in|    2|       m_axi|                               w7|       pointer|
|m_axi_w7_BVALID                    |   in|    1|       m_axi|                               w7|       pointer|
|m_axi_w7_BREADY                    |  out|    1|       m_axi|                               w7|       pointer|
|m_axi_w7_BRESP                     |   in|    2|       m_axi|                               w7|       pointer|
|m_axi_w7_BID                       |   in|    1|       m_axi|                               w7|       pointer|
|m_axi_w7_BUSER                     |   in|    1|       m_axi|                               w7|       pointer|
|m_axi_w8_AWVALID                   |  out|    1|       m_axi|                               w8|       pointer|
|m_axi_w8_AWREADY                   |   in|    1|       m_axi|                               w8|       pointer|
|m_axi_w8_AWADDR                    |  out|   64|       m_axi|                               w8|       pointer|
|m_axi_w8_AWID                      |  out|    1|       m_axi|                               w8|       pointer|
|m_axi_w8_AWLEN                     |  out|    8|       m_axi|                               w8|       pointer|
|m_axi_w8_AWSIZE                    |  out|    3|       m_axi|                               w8|       pointer|
|m_axi_w8_AWBURST                   |  out|    2|       m_axi|                               w8|       pointer|
|m_axi_w8_AWLOCK                    |  out|    2|       m_axi|                               w8|       pointer|
|m_axi_w8_AWCACHE                   |  out|    4|       m_axi|                               w8|       pointer|
|m_axi_w8_AWPROT                    |  out|    3|       m_axi|                               w8|       pointer|
|m_axi_w8_AWQOS                     |  out|    4|       m_axi|                               w8|       pointer|
|m_axi_w8_AWREGION                  |  out|    4|       m_axi|                               w8|       pointer|
|m_axi_w8_AWUSER                    |  out|    1|       m_axi|                               w8|       pointer|
|m_axi_w8_WVALID                    |  out|    1|       m_axi|                               w8|       pointer|
|m_axi_w8_WREADY                    |   in|    1|       m_axi|                               w8|       pointer|
|m_axi_w8_WDATA                     |  out|  512|       m_axi|                               w8|       pointer|
|m_axi_w8_WSTRB                     |  out|   64|       m_axi|                               w8|       pointer|
|m_axi_w8_WLAST                     |  out|    1|       m_axi|                               w8|       pointer|
|m_axi_w8_WID                       |  out|    1|       m_axi|                               w8|       pointer|
|m_axi_w8_WUSER                     |  out|    1|       m_axi|                               w8|       pointer|
|m_axi_w8_ARVALID                   |  out|    1|       m_axi|                               w8|       pointer|
|m_axi_w8_ARREADY                   |   in|    1|       m_axi|                               w8|       pointer|
|m_axi_w8_ARADDR                    |  out|   64|       m_axi|                               w8|       pointer|
|m_axi_w8_ARID                      |  out|    1|       m_axi|                               w8|       pointer|
|m_axi_w8_ARLEN                     |  out|    8|       m_axi|                               w8|       pointer|
|m_axi_w8_ARSIZE                    |  out|    3|       m_axi|                               w8|       pointer|
|m_axi_w8_ARBURST                   |  out|    2|       m_axi|                               w8|       pointer|
|m_axi_w8_ARLOCK                    |  out|    2|       m_axi|                               w8|       pointer|
|m_axi_w8_ARCACHE                   |  out|    4|       m_axi|                               w8|       pointer|
|m_axi_w8_ARPROT                    |  out|    3|       m_axi|                               w8|       pointer|
|m_axi_w8_ARQOS                     |  out|    4|       m_axi|                               w8|       pointer|
|m_axi_w8_ARREGION                  |  out|    4|       m_axi|                               w8|       pointer|
|m_axi_w8_ARUSER                    |  out|    1|       m_axi|                               w8|       pointer|
|m_axi_w8_RVALID                    |   in|    1|       m_axi|                               w8|       pointer|
|m_axi_w8_RREADY                    |  out|    1|       m_axi|                               w8|       pointer|
|m_axi_w8_RDATA                     |   in|  512|       m_axi|                               w8|       pointer|
|m_axi_w8_RLAST                     |   in|    1|       m_axi|                               w8|       pointer|
|m_axi_w8_RID                       |   in|    1|       m_axi|                               w8|       pointer|
|m_axi_w8_RUSER                     |   in|    1|       m_axi|                               w8|       pointer|
|m_axi_w8_RRESP                     |   in|    2|       m_axi|                               w8|       pointer|
|m_axi_w8_BVALID                    |   in|    1|       m_axi|                               w8|       pointer|
|m_axi_w8_BREADY                    |  out|    1|       m_axi|                               w8|       pointer|
|m_axi_w8_BRESP                     |   in|    2|       m_axi|                               w8|       pointer|
|m_axi_w8_BID                       |   in|    1|       m_axi|                               w8|       pointer|
|m_axi_w8_BUSER                     |   in|    1|       m_axi|                               w8|       pointer|
|m_axi_w9_AWVALID                   |  out|    1|       m_axi|                               w9|       pointer|
|m_axi_w9_AWREADY                   |   in|    1|       m_axi|                               w9|       pointer|
|m_axi_w9_AWADDR                    |  out|   64|       m_axi|                               w9|       pointer|
|m_axi_w9_AWID                      |  out|    1|       m_axi|                               w9|       pointer|
|m_axi_w9_AWLEN                     |  out|    8|       m_axi|                               w9|       pointer|
|m_axi_w9_AWSIZE                    |  out|    3|       m_axi|                               w9|       pointer|
|m_axi_w9_AWBURST                   |  out|    2|       m_axi|                               w9|       pointer|
|m_axi_w9_AWLOCK                    |  out|    2|       m_axi|                               w9|       pointer|
|m_axi_w9_AWCACHE                   |  out|    4|       m_axi|                               w9|       pointer|
|m_axi_w9_AWPROT                    |  out|    3|       m_axi|                               w9|       pointer|
|m_axi_w9_AWQOS                     |  out|    4|       m_axi|                               w9|       pointer|
|m_axi_w9_AWREGION                  |  out|    4|       m_axi|                               w9|       pointer|
|m_axi_w9_AWUSER                    |  out|    1|       m_axi|                               w9|       pointer|
|m_axi_w9_WVALID                    |  out|    1|       m_axi|                               w9|       pointer|
|m_axi_w9_WREADY                    |   in|    1|       m_axi|                               w9|       pointer|
|m_axi_w9_WDATA                     |  out|  512|       m_axi|                               w9|       pointer|
|m_axi_w9_WSTRB                     |  out|   64|       m_axi|                               w9|       pointer|
|m_axi_w9_WLAST                     |  out|    1|       m_axi|                               w9|       pointer|
|m_axi_w9_WID                       |  out|    1|       m_axi|                               w9|       pointer|
|m_axi_w9_WUSER                     |  out|    1|       m_axi|                               w9|       pointer|
|m_axi_w9_ARVALID                   |  out|    1|       m_axi|                               w9|       pointer|
|m_axi_w9_ARREADY                   |   in|    1|       m_axi|                               w9|       pointer|
|m_axi_w9_ARADDR                    |  out|   64|       m_axi|                               w9|       pointer|
|m_axi_w9_ARID                      |  out|    1|       m_axi|                               w9|       pointer|
|m_axi_w9_ARLEN                     |  out|    8|       m_axi|                               w9|       pointer|
|m_axi_w9_ARSIZE                    |  out|    3|       m_axi|                               w9|       pointer|
|m_axi_w9_ARBURST                   |  out|    2|       m_axi|                               w9|       pointer|
|m_axi_w9_ARLOCK                    |  out|    2|       m_axi|                               w9|       pointer|
|m_axi_w9_ARCACHE                   |  out|    4|       m_axi|                               w9|       pointer|
|m_axi_w9_ARPROT                    |  out|    3|       m_axi|                               w9|       pointer|
|m_axi_w9_ARQOS                     |  out|    4|       m_axi|                               w9|       pointer|
|m_axi_w9_ARREGION                  |  out|    4|       m_axi|                               w9|       pointer|
|m_axi_w9_ARUSER                    |  out|    1|       m_axi|                               w9|       pointer|
|m_axi_w9_RVALID                    |   in|    1|       m_axi|                               w9|       pointer|
|m_axi_w9_RREADY                    |  out|    1|       m_axi|                               w9|       pointer|
|m_axi_w9_RDATA                     |   in|  512|       m_axi|                               w9|       pointer|
|m_axi_w9_RLAST                     |   in|    1|       m_axi|                               w9|       pointer|
|m_axi_w9_RID                       |   in|    1|       m_axi|                               w9|       pointer|
|m_axi_w9_RUSER                     |   in|    1|       m_axi|                               w9|       pointer|
|m_axi_w9_RRESP                     |   in|    2|       m_axi|                               w9|       pointer|
|m_axi_w9_BVALID                    |   in|    1|       m_axi|                               w9|       pointer|
|m_axi_w9_BREADY                    |  out|    1|       m_axi|                               w9|       pointer|
|m_axi_w9_BRESP                     |   in|    2|       m_axi|                               w9|       pointer|
|m_axi_w9_BID                       |   in|    1|       m_axi|                               w9|       pointer|
|m_axi_w9_BUSER                     |   in|    1|       m_axi|                               w9|       pointer|
|core0_task_stream_TDATA            |  out|  160|        axis|                core0_task_stream|       pointer|
|core0_task_stream_TVALID           |  out|    1|        axis|                core0_task_stream|       pointer|
|core0_task_stream_TREADY           |   in|    1|        axis|                core0_task_stream|       pointer|
|core0_activation_stream_TDATA      |  out|  128|        axis|          core0_activation_stream|       pointer|
|core0_activation_stream_TVALID     |  out|    1|        axis|          core0_activation_stream|       pointer|
|core0_activation_stream_TREADY     |   in|    1|        axis|          core0_activation_stream|       pointer|
|core0_weight_stream0_TDATA         |  out|  256|        axis|             core0_weight_stream0|       pointer|
|core0_weight_stream0_TVALID        |  out|    1|        axis|             core0_weight_stream0|       pointer|
|core0_weight_stream0_TREADY        |   in|    1|        axis|             core0_weight_stream0|       pointer|
|core0_weight_stream1_TDATA         |  out|  256|        axis|             core0_weight_stream1|       pointer|
|core0_weight_stream1_TVALID        |  out|    1|        axis|             core0_weight_stream1|       pointer|
|core0_weight_stream1_TREADY        |   in|    1|        axis|             core0_weight_stream1|       pointer|
|core0_weight_stream2_TDATA         |  out|  256|        axis|             core0_weight_stream2|       pointer|
|core0_weight_stream2_TVALID        |  out|    1|        axis|             core0_weight_stream2|       pointer|
|core0_weight_stream2_TREADY        |   in|    1|        axis|             core0_weight_stream2|       pointer|
|core0_weight_stream3_TDATA         |  out|  256|        axis|             core0_weight_stream3|       pointer|
|core0_weight_stream3_TVALID        |  out|    1|        axis|             core0_weight_stream3|       pointer|
|core0_weight_stream3_TREADY        |   in|    1|        axis|             core0_weight_stream3|       pointer|
|core0_vector_input0_stream_TDATA   |  out|  416|        axis|       core0_vector_input0_stream|       pointer|
|core0_vector_input0_stream_TVALID  |  out|    1|        axis|       core0_vector_input0_stream|       pointer|
|core0_vector_input0_stream_TREADY  |   in|    1|        axis|       core0_vector_input0_stream|       pointer|
|core0_vector_input1_stream_TDATA   |  out|  416|        axis|       core0_vector_input1_stream|       pointer|
|core0_vector_input1_stream_TVALID  |  out|    1|        axis|       core0_vector_input1_stream|       pointer|
|core0_vector_input1_stream_TREADY  |   in|    1|        axis|       core0_vector_input1_stream|       pointer|
|core0_result_stream_TDATA          |   in|  416|        axis|              core0_result_stream|       pointer|
|core0_result_stream_TVALID         |   in|    1|        axis|              core0_result_stream|       pointer|
|core0_result_stream_TREADY         |  out|    1|        axis|              core0_result_stream|       pointer|
|core1_task_stream_TDATA            |  out|  160|        axis|                core1_task_stream|       pointer|
|core1_task_stream_TVALID           |  out|    1|        axis|                core1_task_stream|       pointer|
|core1_task_stream_TREADY           |   in|    1|        axis|                core1_task_stream|       pointer|
|core1_activation_stream_TDATA      |  out|  128|        axis|          core1_activation_stream|       pointer|
|core1_activation_stream_TVALID     |  out|    1|        axis|          core1_activation_stream|       pointer|
|core1_activation_stream_TREADY     |   in|    1|        axis|          core1_activation_stream|       pointer|
|core1_weight_stream0_TDATA         |  out|  256|        axis|             core1_weight_stream0|       pointer|
|core1_weight_stream0_TVALID        |  out|    1|        axis|             core1_weight_stream0|       pointer|
|core1_weight_stream0_TREADY        |   in|    1|        axis|             core1_weight_stream0|       pointer|
|core1_weight_stream1_TDATA         |  out|  256|        axis|             core1_weight_stream1|       pointer|
|core1_weight_stream1_TVALID        |  out|    1|        axis|             core1_weight_stream1|       pointer|
|core1_weight_stream1_TREADY        |   in|    1|        axis|             core1_weight_stream1|       pointer|
|core1_weight_stream2_TDATA         |  out|  256|        axis|             core1_weight_stream2|       pointer|
|core1_weight_stream2_TVALID        |  out|    1|        axis|             core1_weight_stream2|       pointer|
|core1_weight_stream2_TREADY        |   in|    1|        axis|             core1_weight_stream2|       pointer|
|core1_weight_stream3_TDATA         |  out|  256|        axis|             core1_weight_stream3|       pointer|
|core1_weight_stream3_TVALID        |  out|    1|        axis|             core1_weight_stream3|       pointer|
|core1_weight_stream3_TREADY        |   in|    1|        axis|             core1_weight_stream3|       pointer|
|core1_vector_input0_stream_TDATA   |  out|  416|        axis|       core1_vector_input0_stream|       pointer|
|core1_vector_input0_stream_TVALID  |  out|    1|        axis|       core1_vector_input0_stream|       pointer|
|core1_vector_input0_stream_TREADY  |   in|    1|        axis|       core1_vector_input0_stream|       pointer|
|core1_vector_input1_stream_TDATA   |  out|  416|        axis|       core1_vector_input1_stream|       pointer|
|core1_vector_input1_stream_TVALID  |  out|    1|        axis|       core1_vector_input1_stream|       pointer|
|core1_vector_input1_stream_TREADY  |   in|    1|        axis|       core1_vector_input1_stream|       pointer|
|core1_result_stream_TDATA          |   in|  416|        axis|              core1_result_stream|       pointer|
|core1_result_stream_TVALID         |   in|    1|        axis|              core1_result_stream|       pointer|
|core1_result_stream_TREADY         |  out|    1|        axis|              core1_result_stream|       pointer|
|status_stream_TDATA                |  out|   64|        axis|                    status_stream|       pointer|
|status_stream_TVALID               |  out|    1|        axis|                    status_stream|       pointer|
|status_stream_TREADY               |   in|    1|        axis|                    status_stream|       pointer|
+-----------------------------------+-----+-----+------------+---------------------------------+--------------+

